case_id,curve_id,curve_label,solver_model,transverse_equation,p,a_over_A5,sample_index,c_over_a,c_over_A5,kx_A5_over_pi,sqrt_one_minus_kx_A5_over_pi_squared,normalized_coupling,domain_valid,status
CP-010-FIG10-EQ20,a_over_A5=0.5,0.5,exact,eq20,1,0.5,0,0,0,0.92924316284511965,0.36946873251413087,0.63806722185683573,1,ok
CP-010-FIG10-EQ20,a_over_A5=0.5,0.5,exact,eq20,1,0.5,1,0.02,0.01,0.92924316284511965,0.36946873251413087,0.63070386303598669,1,ok
CP-010-FIG10-EQ20,a_over_A5=0.5,0.5,exact,eq20,1,0.5,2,0.040000000000000001,0.02,0.92924316284511965,0.36946873251413087,0.62342547810388693,1,ok
CP-010-FIG10-EQ20,a_over_A5=0.5,0.5,exact,eq20,1,0.5,3,0.059999999999999998,0.029999999999999999,0.92924316284511965,0.36946873251413087,0.61623108645345948,1,ok
CP-010-FIG10-EQ20,a_over_A5=0.5,0.5,exact,eq20,1,0.5,4,0.080000000000000002,0.040000000000000001,0.92924316284511965,0.36946873251413087,0.60911971879393001,1,ok
CP-010-FIG10-EQ20,a_over_A5=0.5,0.5,exact,eq20,1,0.5,5,0.10000000000000001,0.050000000000000003,0.92924316284511965,0.36946873251413087,0.6020904170202358,1,ok
CP-010-FIG10-EQ20,a_over_A5=0.5,0.5,exact,eq20,1,0.5,6,0.12,0.059999999999999998,0.92924316284511965,0.36946873251413087,0.59514223408394118,1,ok
CP-010-FIG10-EQ20,a_over_A5=0.5,0.5,exact,eq20,1,0.5,7,0.14000000000000001,0.070000000000000007,0.92924316284511965,0.36946873251413087,0.58827423386564281,1,ok
CP-010-FIG10-EQ20,a_over_A5=0.5,0.5,exact,eq20,1,0.5,8,0.16,0.080000000000000002,0.92924316284511965,0.36946873251413087,0.58148549104884806,1,ok
CP-010-FIG10-EQ20,a_over_A5=0.5,0.5,exact,eq20,1,0.5,9,0.17999999999999999,0.089999999999999997,0.92924316284511965,0.36946873251413087,0.57477509099530799,1,ok
CP-010-FIG10-EQ20,a_over_A5=0.5,0.5,exact,eq20,1,0.5,10,0.20000000000000001,0.10000000000000001,0.92924316284511965,0.36946873251413087,0.56814212962178956,1,ok
CP-010-FIG10-EQ20,a_over_A5=0.5,0.5,exact,eq20,1,0.5,11,0.22,0.11,0.92924316284511965,0.36946873251413087,0.56158571327826956,1,ok
CP-010-FIG10-EQ20,a_over_A5=0.5,0.5,exact,eq20,1,0.5,12,0.23999999999999999,0.12,0.92924316284511965,0.36946873251413087,0.55510495862753439,1,ok
CP-010-FIG10-EQ20,a_over_A5=0.5,0.5,exact,eq20,1,0.5,13,0.26000000000000001,0.13,0.92924316284511965,0.36946873251413087,0.54869899252616927,1,ok
CP-010-FIG10-EQ20,a_over_A5=0.5,0.5,exact,eq20,1,0.5,14,0.28000000000000003,0.14000000000000001,0.92924316284511965,0.36946873251413087,0.54236695190692086,1,ok
CP-010-FIG10-EQ20,a_over_A5=0.5,0.5,exact,eq20,1,0.5,15,0.29999999999999999,0.14999999999999999,0.92924316284511965,0.36946873251413087,0.53610798366241685,1,ok
CP-010-FIG10-EQ20,a_over_A5=0.5,0.5,exact,eq20,1,0.5,16,0.32000000000000001,0.16,0.92924316284511965,0.36946873251413087,0.52992124453022871,1,ok
CP-010-FIG10-EQ20,a_over_A5=0.5,0.5,exact,eq20,1,0.5,17,0.34000000000000002,0.17000000000000001,0.92924316284511965,0.36946873251413087,0.52380590097925961,1,ok
CP-010-FIG10-EQ20,a_over_A5=0.5,0.5,exact,eq20,1,0.5,18,0.35999999999999999,0.17999999999999999,0.92924316284511965,0.36946873251413087,0.51776112909744409,1,ok
CP-010-FIG10-EQ20,a_over_A5=0.5,0.5,exact,eq20,1,0.5,19,0.38,0.19,0.92924316284511965,0.36946873251413087,0.51178611448074296,1,ok
CP-010-FIG10-EQ20,a_over_A5=0.5,0.5,exact,eq20,1,0.5,20,0.40000000000000002,0.20000000000000001,0.92924316284511965,0.36946873251413087,0.5058800521234208,1,ok
CP-010-FIG10-EQ20,a_over_A5=0.5,0.5,exact,eq20,1,0.5,21,0.41999999999999998,0.20999999999999999,0.92924316284511965,0.36946873251413087,0.50004214630958732,1,ok
CP-010-FIG10-EQ20,a_over_A5=0.5,0.5,exact,eq20,1,0.5,22,0.44,0.22,0.92924316284511965,0.36946873251413087,0.49427161050599278,1,ok
CP-010-FIG10-EQ20,a_over_A5=0.5,0.5,exact,eq20,1,0.5,23,0.46000000000000002,0.23000000000000001,0.92924316284511965,0.36946873251413087,0.4885676672560586,1,ok
CP-010-FIG10-EQ20,a_over_A5=0.5,0.5,exact,eq20,1,0.5,24,0.47999999999999998,0.23999999999999999,0.92924316284511965,0.36946873251413087,0.48292954807513211,1,ok
CP-010-FIG10-EQ20,a_over_A5=0.5,0.5,exact,eq20,1,0.5,25,0.5,0.25,0.92924316284511965,0.36946873251413087,0.47735649334694941,1,ok
CP-010-FIG10-EQ20,a_over_A5=0.5,0.5,exact,eq20,1,0.5,26,0.52000000000000002,0.26000000000000001,0.92924316284511965,0.36946873251413087,0.47184775222129333,1,ok
CP-010-FIG10-EQ20,a_over_A5=0.5,0.5,exact,eq20,1,0.5,27,0.54000000000000004,0.27000000000000002,0.92924316284511965,0.36946873251413087,0.46640258251283279,1,ok
CP-010-FIG10-EQ20,a_over_A5=0.5,0.5,exact,eq20,1,0.5,28,0.56000000000000005,0.28000000000000003,0.92924316284511965,0.36946873251413087,0.46102025060112828,1,ok
CP-010-FIG10-EQ20,a_over_A5=0.5,0.5,exact,eq20,1,0.5,29,0.57999999999999996,0.28999999999999998,0.92924316284511965,0.36946873251413087,0.45570003133179326,1,ok
CP-010-FIG10-EQ20,a_over_A5=0.5,0.5,exact,eq20,1,0.5,30,0.59999999999999998,0.29999999999999999,0.92924316284511965,0.36946873251413087,0.450441207918794,1,ok
CP-010-FIG10-EQ20,a_over_A5=0.5,0.5,exact,eq20,1,0.5,31,0.62,0.31,0.92924316284511965,0.36946873251413087,0.4452430718478787,1,ok
CP-010-FIG10-EQ20,a_over_A5=0.5,0.5,exact,eq20,1,0.5,32,0.64000000000000001,0.32000000000000001,0.92924316284511965,0.36946873251413087,0.44010492278111996,1,ok
CP-010-FIG10-EQ20,a_over_A5=0.5,0.5,exact,eq20,1,0.5,33,0.66000000000000003,0.33000000000000002,0.92924316284511965,0.36946873251413087,0.43502606846255953,1,ok
CP-010-FIG10-EQ20,a_over_A5=0.5,0.5,exact,eq20,1,0.5,34,0.68000000000000005,0.34000000000000002,0.92924316284511965,0.36946873251413087,0.43000582462494114,1,ok
CP-010-FIG10-EQ20,a_over_A5=0.5,0.5,exact,eq20,1,0.5,35,0.70000000000000007,0.35000000000000003,0.92924316284511965,0.36946873251413087,0.42504351489752046,1,ok
CP-010-FIG10-EQ20,a_over_A5=0.5,0.5,exact,eq20,1,0.5,36,0.71999999999999997,0.35999999999999999,0.92924316284511965,0.36946873251413087,0.42013847071493809,1,ok
CP-010-FIG10-EQ20,a_over_A5=0.5,0.5,exact,eq20,1,0.5,37,0.73999999999999999,0.37,0.92924316284511965,0.36946873251413087,0.41529003122714542,1,ok
CP-010-FIG10-EQ20,a_over_A5=0.5,0.5,exact,eq20,1,0.5,38,0.76000000000000001,0.38,0.92924316284511965,0.36946873251413087,0.41049754321036847,1,ok
CP-010-FIG10-EQ20,a_over_A5=0.5,0.5,exact,eq20,1,0.5,39,0.78000000000000003,0.39000000000000001,0.92924316284511965,0.36946873251413087,0.40576036097910018,1,ok
CP-010-FIG10-EQ20,a_over_A5=0.5,0.5,exact,eq20,1,0.5,40,0.80000000000000004,0.40000000000000002,0.92924316284511965,0.36946873251413087,0.40107784629910814,1,ok
CP-010-FIG10-EQ20,a_over_A5=0.5,0.5,exact,eq20,1,0.5,41,0.82000000000000006,0.41000000000000003,0.92924316284511965,0.36946873251413087,0.39644936830144617,1,ok
CP-010-FIG10-EQ20,a_over_A5=0.5,0.5,exact,eq20,1,0.5,42,0.83999999999999997,0.41999999999999998,0.92924316284511965,0.36946873251413087,0.39187430339745799,1,ok
CP-010-FIG10-EQ20,a_over_A5=0.5,0.5,exact,eq20,1,0.5,43,0.85999999999999999,0.42999999999999999,0.92924316284511965,0.36946873251413087,0.38735203519476197,1,ok
CP-010-FIG10-EQ20,a_over_A5=0.5,0.5,exact,eq20,1,0.5,44,0.88,0.44,0.92924316284511965,0.36946873251413087,0.38288195441420569,1,ok
CP-010-FIG10-EQ20,a_over_A5=0.5,0.5,exact,eq20,1,0.5,45,0.90000000000000002,0.45000000000000001,0.92924316284511965,0.36946873251413087,0.37846345880777832,1,ok
CP-010-FIG10-EQ20,a_over_A5=0.5,0.5,exact,eq20,1,0.5,46,0.92000000000000004,0.46000000000000002,0.92924316284511965,0.36946873251413087,0.37409595307747051,1,ok
CP-010-FIG10-EQ20,a_over_A5=0.5,0.5,exact,eq20,1,0.5,47,0.94000000000000006,0.47000000000000003,0.92924316284511965,0.36946873251413087,0.369778848795071,1,ok
CP-010-FIG10-EQ20,a_over_A5=0.5,0.5,exact,eq20,1,0.5,48,0.95999999999999996,0.47999999999999998,0.92924316284511965,0.36946873251413087,0.36551156432288806,1,ok
CP-010-FIG10-EQ20,a_over_A5=0.5,0.5,exact,eq20,1,0.5,49,0.97999999999999998,0.48999999999999999,0.92924316284511965,0.36946873251413087,0.36129352473538651,1,ok
CP-010-FIG10-EQ20,a_over_A5=0.5,0.5,exact,eq20,1,0.5,50,1,0.5,0.92924316284511965,0.36946873251413087,0.35712416174172873,1,ok
CP-010-FIG10-EQ20,a_over_A5=0.5,0.5,exact,eq20,1,0.5,51,1.02,0.51000000000000001,0.92924316284511965,0.36946873251413087,0.35300291360920943,1,ok
CP-010-FIG10-EQ20,a_over_A5=0.5,0.5,exact,eq20,1,0.5,52,1.04,0.52000000000000002,0.92924316284511965,0.36946873251413087,0.34892922508757429,1,ok
CP-010-FIG10-EQ20,a_over_A5=0.5,0.5,exact,eq20,1,0.5,53,1.0600000000000001,0.53000000000000003,0.92924316284511965,0.36946873251413087,0.344902547334212,1,ok
CP-010-FIG10-EQ20,a_over_A5=0.5,0.5,exact,eq20,1,0.5,54,1.0800000000000001,0.54000000000000004,0.92924316284511965,0.36946873251413087,0.34092233784020903,1,ok
CP-010-FIG10-EQ20,a_over_A5=0.5,0.5,exact,eq20,1,0.5,55,1.1000000000000001,0.55000000000000004,0.92924316284511965,0.36946873251413087,0.33698806035725842,1,ok
CP-010-FIG10-EQ20,a_over_A5=0.5,0.5,exact,eq20,1,0.5,56,1.1200000000000001,0.56000000000000005,0.92924316284511965,0.36946873251413087,0.33309918482541179,1,ok
CP-010-FIG10-EQ20,a_over_A5=0.5,0.5,exact,eq20,1,0.5,57,1.1400000000000001,0.57000000000000006,0.92924316284511965,0.36946873251413087,0.32925518730166481,1,ok
CP-010-FIG10-EQ20,a_over_A5=0.5,0.5,exact,eq20,1,0.5,58,1.1599999999999999,0.57999999999999996,0.92924316284511965,0.36946873251413087,0.32545554988936726,1,ok
CP-010-FIG10-EQ20,a_over_A5=0.5,0.5,exact,eq20,1,0.5,59,1.1799999999999999,0.58999999999999997,0.92924316284511965,0.36946873251413087,0.32169976066844741,1,ok
CP-010-FIG10-EQ20,a_over_A5=0.5,0.5,exact,eq20,1,0.5,60,1.2,0.59999999999999998,0.92924316284511965,0.36946873251413087,0.31798731362644206,1,ok
CP-010-FIG10-EQ20,a_over_A5=0.5,0.5,exact,eq20,1,0.5,61,1.22,0.60999999999999999,0.92924316284511965,0.36946873251413087,0.31431770859032138,1,ok
CP-010-FIG10-EQ20,a_over_A5=0.5,0.5,exact,eq20,1,0.5,62,1.24,0.62,0.92924316284511965,0.36946873251413087,0.31069045115910215,1,ok
CP-010-FIG10-EQ20,a_over_A5=0.5,0.5,exact,eq20,1,0.5,63,1.26,0.63,0.92924316284511965,0.36946873251413087,0.30710505263723731,1,ok
CP-010-FIG10-EQ20,a_over_A5=0.5,0.5,exact,eq20,1,0.5,64,1.28,0.64000000000000001,0.92924316284511965,0.36946873251413087,0.30356102996877449,1,ok
CP-010-FIG10-EQ20,a_over_A5=0.5,0.5,exact,eq20,1,0.5,65,1.3,0.65000000000000002,0.92924316284511965,0.36946873251413087,0.30005790567227503,1,ok
CP-010-FIG10-EQ20,a_over_A5=0.5,0.5,exact,eq20,1,0.5,66,1.3200000000000001,0.66000000000000003,0.92924316284511965,0.36946873251413087,0.29659520777648313,1,ok
CP-010-FIG10-EQ20,a_over_A5=0.5,0.5,exact,eq20,1,0.5,67,1.3400000000000001,0.67000000000000004,0.92924316284511965,0.36946873251413087,0.29317246975673805,1,ok
CP-010-FIG10-EQ20,a_over_A5=0.5,0.5,exact,eq20,1,0.5,68,1.3600000000000001,0.68000000000000005,0.92924316284511965,0.36946873251413087,0.28978923047211963,1,ok
CP-010-FIG10-EQ20,a_over_A5=0.5,0.5,exact,eq20,1,0.5,69,1.3800000000000001,0.69000000000000006,0.92924316284511965,0.36946873251413087,0.28644503410331967,1,ok
CP-010-FIG10-EQ20,a_over_A5=0.5,0.5,exact,eq20,1,0.5,70,1.4000000000000001,0.70000000000000007,0.92924316284511965,0.36946873251413087,0.28313943009122966,1,ok
CP-010-FIG10-EQ20,a_over_A5=0.5,0.5,exact,eq20,1,0.5,71,1.4199999999999999,0.70999999999999996,0.92924316284511965,0.36946873251413087,0.27987197307623796,1,ok
CP-010-FIG10-EQ20,a_over_A5=0.5,0.5,exact,eq20,1,0.5,72,1.4399999999999999,0.71999999999999997,0.92924316284511965,0.36946873251413087,0.27664222283822659,1,ok
CP-010-FIG10-EQ20,a_over_A5=0.5,0.5,exact,eq20,1,0.5,73,1.46,0.72999999999999998,0.92924316284511965,0.36946873251413087,0.27344974423726159,1,ok
CP-010-FIG10-EQ20,a_over_A5=0.5,0.5,exact,eq20,1,0.5,74,1.48,0.73999999999999999,0.92924316284511965,0.36946873251413087,0.2702941071549666,1,ok
CP-010-FIG10-EQ20,a_over_A5=0.5,0.5,exact,eq20,1,0.5,75,1.5,0.75,0.92924316284511965,0.36946873251413087,0.26717488643657406,1,ok
CP-010-FIG10-EQ20,a_over_A5=0.5,0.5,exact,eq20,1,0.5,76,1.52,0.76000000000000001,0.92924316284511965,0.36946873251413087,0.26409166183364424,1,ok
CP-010-FIG10-EQ20,a_over_A5=0.5,0.5,exact,eq20,1,0.5,77,1.54,0.77000000000000002,0.92924316284511965,0.36946873251413087,0.26104401794744603,1,ok
CP-010-FIG10-EQ20,a_over_A5=0.5,0.5,exact,eq20,1,0.5,78,1.5600000000000001,0.78000000000000003,0.92924316284511965,0.36946873251413087,0.25803154417299085,1,ok
CP-010-FIG10-EQ20,a_over_A5=0.5,0.5,exact,eq20,1,0.5,79,1.5800000000000001,0.79000000000000004,0.92924316284511965,0.36946873251413087,0.25505383464371212,1,ok
CP-010-FIG10-EQ20,a_over_A5=0.5,0.5,exact,eq20,1,0.5,80,1.6000000000000001,0.80000000000000004,0.92924316284511965,0.36946873251413087,0.25211048817678372,1,ok
CP-010-FIG10-EQ20,a_over_A5=0.5,0.5,exact,eq20,1,0.5,81,1.6200000000000001,0.81000000000000005,0.92924316284511965,0.36946873251413087,0.24920110821906888,1,ok
CP-010-FIG10-EQ20,a_over_A5=0.5,0.5,exact,eq20,1,0.5,82,1.6400000000000001,0.82000000000000006,0.92924316284511965,0.36946873251413087,0.24632530279369327,1,ok
CP-010-FIG10-EQ20,a_over_A5=0.5,0.5,exact,eq20,1,0.5,83,1.6600000000000001,0.83000000000000007,0.92924316284511965,0.36946873251413087,0.24348268444723442,1,ok
CP-010-FIG10-EQ20,a_over_A5=0.5,0.5,exact,eq20,1,0.5,84,1.6799999999999999,0.83999999999999997,0.92924316284511965,0.36946873251413087,0.24067287019752082,1,ok
CP-010-FIG10-EQ20,a_over_A5=0.5,0.5,exact,eq20,1,0.5,85,1.7,0.84999999999999998,0.92924316284511965,0.36946873251413087,0.23789548148203279,1,ok
CP-010-FIG10-EQ20,a_over_A5=0.5,0.5,exact,eq20,1,0.5,86,1.72,0.85999999999999999,0.92924316284511965,0.36946873251413087,0.2351501441068998,1,ok
CP-010-FIG10-EQ20,a_over_A5=0.5,0.5,exact,eq20,1,0.5,87,1.74,0.87,0.92924316284511965,0.36946873251413087,0.23243648819648546,1,ok
CP-010-FIG10-EQ20,a_over_A5=0.5,0.5,exact,eq20,1,0.5,88,1.76,0.88,0.92924316284511965,0.36946873251413087,0.22975414814355485,1,ok
CP-010-FIG10-EQ20,a_over_A5=0.5,0.5,exact,eq20,1,0.5,89,1.78,0.89000000000000001,0.92924316284511965,0.36946873251413087,0.2271027625600166,1,ok
CP-010-FIG10-EQ20,a_over_A5=0.5,0.5,exact,eq20,1,0.5,90,1.8,0.90000000000000002,0.92924316284511965,0.36946873251413087,0.22448197422823377,1,ok
CP-010-FIG10-EQ20,a_over_A5=0.5,0.5,exact,eq20,1,0.5,91,1.8200000000000001,0.91000000000000003,0.92924316284511965,0.36946873251413087,0.22189143005289613,1,ok
CP-010-FIG10-EQ20,a_over_A5=0.5,0.5,exact,eq20,1,0.5,92,1.8400000000000001,0.92000000000000004,0.92924316284511965,0.36946873251413087,0.21933078101344838,1,ok
CP-010-FIG10-EQ20,a_over_A5=0.5,0.5,exact,eq20,1,0.5,93,1.8600000000000001,0.93000000000000005,0.92924316284511965,0.36946873251413087,0.21679968211706682,1,ok
CP-010-FIG10-EQ20,a_over_A5=0.5,0.5,exact,eq20,1,0.5,94,1.8800000000000001,0.94000000000000006,0.92924316284511965,0.36946873251413087,0.21429779235217913,1,ok
CP-010-FIG10-EQ20,a_over_A5=0.5,0.5,exact,eq20,1,0.5,95,1.9000000000000001,0.95000000000000007,0.92924316284511965,0.36946873251413087,0.21182477464252011,1,ok
CP-010-FIG10-EQ20,a_over_A5=0.5,0.5,exact,eq20,1,0.5,96,1.9199999999999999,0.95999999999999996,0.92924316284511965,0.36946873251413087,0.2093802958017181,1,ok
CP-010-FIG10-EQ20,a_over_A5=0.5,0.5,exact,eq20,1,0.5,97,1.9399999999999999,0.96999999999999997,0.92924316284511965,0.36946873251413087,0.20696402648840506,1,ok
CP-010-FIG10-EQ20,a_over_A5=0.5,0.5,exact,eq20,1,0.5,98,1.96,0.97999999999999998,0.92924316284511965,0.36946873251413087,0.20457564116184498,1,ok
CP-010-FIG10-EQ20,a_over_A5=0.5,0.5,exact,eq20,1,0.5,99,1.98,0.98999999999999999,0.92924316284511965,0.36946873251413087,0.20221481803807403,1,ok
CP-010-FIG10-EQ20,a_over_A5=0.5,0.5,exact,eq20,1,0.5,100,2,1,0.92924316284511965,0.36946873251413087,0.19988123904654714,1,ok
CP-010-FIG10-EQ20,a_over_A5=0.5,0.5,exact,eq20,1,0.5,101,2.02,1.01,0.92924316284511965,0.36946873251413087,0.19757458978728487,1,ok
CP-010-FIG10-EQ20,a_over_A5=0.5,0.5,exact,eq20,1,0.5,102,2.04,1.02,0.92924316284511965,0.36946873251413087,0.19529455948851446,1,ok
CP-010-FIG10-EQ20,a_over_A5=0.5,0.5,exact,eq20,1,0.5,103,2.0600000000000001,1.03,0.92924316284511965,0.36946873251413087,0.19304084096480029,1,ok
CP-010-FIG10-EQ20,a_over_A5=0.5,0.5,exact,eq20,1,0.5,104,2.0800000000000001,1.04,0.92924316284511965,0.36946873251413087,0.19081313057565699,1,ok
CP-010-FIG10-EQ20,a_over_A5=0.5,0.5,exact,eq20,1,0.5,105,2.1000000000000001,1.05,0.92924316284511965,0.36946873251413087,0.18861112818464038,1,ok
CP-010-FIG10-EQ20,a_over_A5=0.5,0.5,exact,eq20,1,0.5,106,2.1200000000000001,1.0600000000000001,0.92924316284511965,0.36946873251413087,0.18643453711891053,1,ok
CP-010-FIG10-EQ20,a_over_A5=0.5,0.5,exact,eq20,1,0.5,107,2.1400000000000001,1.0700000000000001,0.92924316284511965,0.36946873251413087,0.1842830641292614,1,ok
CP-010-FIG10-EQ20,a_over_A5=0.5,0.5,exact,eq20,1,0.5,108,2.1600000000000001,1.0800000000000001,0.92924316284511965,0.36946873251413087,0.1821564193506118,1,ok
CP-010-FIG10-EQ20,a_over_A5=0.5,0.5,exact,eq20,1,0.5,109,2.1800000000000002,1.0900000000000001,0.92924316284511965,0.36946873251413087,0.18005431626295226,1,ok
CP-010-FIG10-EQ20,a_over_A5=0.5,0.5,exact,eq20,1,0.5,110,2.2000000000000002,1.1000000000000001,0.92924316284511965,0.36946873251413087,0.17797647165274247,1,ok
CP-010-FIG10-EQ20,a_over_A5=0.5,0.5,exact,eq20,1,0.5,111,2.2200000000000002,1.1100000000000001,0.92924316284511965,0.36946873251413087,0.17592260557475448,1,ok
CP-010-FIG10-EQ20,a_over_A5=0.5,0.5,exact,eq20,1,0.5,112,2.2400000000000002,1.1200000000000001,0.92924316284511965,0.36946873251413087,0.1738924413143558,1,ok
CP-010-FIG10-EQ20,a_over_A5=0.5,0.5,exact,eq20,1,0.5,113,2.2600000000000002,1.1300000000000001,0.92924316284511965,0.36946873251413087,0.17188570535022832,1,ok
CP-010-FIG10-EQ20,a_over_A5=0.5,0.5,exact,eq20,1,0.5,114,2.2800000000000002,1.1400000000000001,0.92924316284511965,0.36946873251413087,0.16990212731751683,1,ok
CP-010-FIG10-EQ20,a_over_A5=0.5,0.5,exact,eq20,1,0.5,115,2.3000000000000003,1.1500000000000001,0.92924316284511965,0.36946873251413087,0.16794143997140337,1,ok
CP-010-FIG10-EQ20,a_over_A5=0.5,0.5,exact,eq20,1,0.5,116,2.3199999999999998,1.1599999999999999,0.92924316284511965,0.36946873251413087,0.16600337915110169,1,ok
CP-010-FIG10-EQ20,a_over_A5=0.5,0.5,exact,eq20,1,0.5,117,2.3399999999999999,1.1699999999999999,0.92924316284511965,0.36946873251413087,0.16408768374426683,1,ok
CP-010-FIG10-EQ20,a_over_A5=0.5,0.5,exact,eq20,1,0.5,118,2.3599999999999999,1.1799999999999999,0.92924316284511965,0.36946873251413087,0.16219409565181639,1,ok
CP-010-FIG10-EQ20,a_over_A5=0.5,0.5,exact,eq20,1,0.5,119,2.3799999999999999,1.1899999999999999,0.92924316284511965,0.36946873251413087,0.16032235975315678,1,ok
CP-010-FIG10-EQ20,a_over_A5=0.5,0.5,exact,eq20,1,0.5,120,2.3999999999999999,1.2,0.92924316284511965,0.36946873251413087,0.15847222387181134,1,ok
CP-010-FIG10-EQ20,a_over_A5=0.5,0.5,exact,eq20,1,0.5,121,2.4199999999999999,1.21,0.92924316284511965,0.36946873251413087,0.15664343874144485,1,ok
CP-010-FIG10-EQ20,a_over_A5=0.5,0.5,exact,eq20,1,0.5,122,2.4399999999999999,1.22,0.92924316284511965,0.36946873251413087,0.15483575797228011,1,ok
CP-010-FIG10-EQ20,a_over_A5=0.5,0.5,exact,eq20,1,0.5,123,2.46,1.23,0.92924316284511965,0.36946873251413087,0.15304893801790259,1,ok
CP-010-FIG10-EQ20,a_over_A5=0.5,0.5,exact,eq20,1,0.5,124,2.48,1.24,0.92924316284511965,0.36946873251413087,0.15128273814244722,1,ok
CP-010-FIG10-EQ20,a_over_A5=0.5,0.5,exact,eq20,1,0.5,125,2.5,1.25,0.92924316284511965,0.36946873251413087,0.14953692038816474,1,ok
CP-010-FIG10-EQ20,a_over_A5=0.5,0.5,exact,eq20,1,0.5,126,2.52,1.26,0.92924316284511965,0.36946873251413087,0.14781124954336172,1,ok
CP-010-FIG10-EQ20,a_over_A5=0.5,0.5,exact,eq20,1,0.5,127,2.54,1.27,0.92924316284511965,0.36946873251413087,0.14610549311071105,1,ok
CP-010-FIG10-EQ20,a_over_A5=0.5,0.5,exact,eq20,1,0.5,128,2.5600000000000001,1.28,0.92924316284511965,0.36946873251413087,0.14441942127592769,1,ok
CP-010-FIG10-EQ20,a_over_A5=0.5,0.5,exact,eq20,1,0.5,129,2.5800000000000001,1.29,0.92924316284511965,0.36946873251413087,0.14275280687680628,1,ok
CP-010-FIG10-EQ20,a_over_A5=0.5,0.5,exact,eq20,1,0.5,130,2.6000000000000001,1.3,0.92924316284511965,0.36946873251413087,0.14110542537261558,1,ok
CP-010-FIG10-EQ20,a_over_A5=0.5,0.5,exact,eq20,1,0.5,131,2.6200000000000001,1.3100000000000001,0.92924316284511965,0.36946873251413087,0.13947705481384676,1,ok
CP-010-FIG10-EQ20,a_over_A5=0.5,0.5,exact,eq20,1,0.5,132,2.6400000000000001,1.3200000000000001,0.92924316284511965,0.36946873251413087,0.1378674758123101,1,ok
CP-010-FIG10-EQ20,a_over_A5=0.5,0.5,exact,eq20,1,0.5,133,2.6600000000000001,1.3300000000000001,0.92924316284511965,0.36946873251413087,0.13627647151157746,1,ok
CP-010-FIG10-EQ20,a_over_A5=0.5,0.5,exact,eq20,1,0.5,134,2.6800000000000002,1.3400000000000001,0.92924316284511965,0.36946873251413087,0.13470382755776517,1,ok
CP-010-FIG10-EQ20,a_over_A5=0.5,0.5,exact,eq20,1,0.5,135,2.7000000000000002,1.3500000000000001,0.92924316284511965,0.36946873251413087,0.13314933207065466,1,ok
CP-010-FIG10-EQ20,a_over_A5=0.5,0.5,exact,eq20,1,0.5,136,2.7200000000000002,1.3600000000000001,0.92924316284511965,0.36946873251413087,0.13161277561514595,1,ok
CP-010-FIG10-EQ20,a_over_A5=0.5,0.5,exact,eq20,1,0.5,137,2.7400000000000002,1.3700000000000001,0.92924316284511965,0.36946873251413087,0.13009395117304096,1,ok
CP-010-FIG10-EQ20,a_over_A5=0.5,0.5,exact,eq20,1,0.5,138,2.7600000000000002,1.3800000000000001,0.92924316284511965,0.36946873251413087,0.12859265411515189,1,ok
CP-010-FIG10-EQ20,a_over_A5=0.5,0.5,exact,eq20,1,0.5,139,2.7800000000000002,1.3900000000000001,0.92924316284511965,0.36946873251413087,0.12710868217373214,1,ok
CP-010-FIG10-EQ20,a_over_A5=0.5,0.5,exact,eq20,1,0.5,140,2.8000000000000003,1.4000000000000001,0.92924316284511965,0.36946873251413087,0.12564183541522489,1,ok
CP-010-FIG10-EQ20,a_over_A5=0.5,0.5,exact,eq20,1,0.5,141,2.8199999999999998,1.4099999999999999,0.92924316284511965,0.36946873251413087,0.12419191621332623,1,ok
CP-010-FIG10-EQ20,a_over_A5=0.5,0.5,exact,eq20,1,0.5,142,2.8399999999999999,1.4199999999999999,0.92924316284511965,0.36946873251413087,0.12275872922235943,1,ok
CP-010-FIG10-EQ20,a_over_A5=0.5,0.5,exact,eq20,1,0.5,143,2.8599999999999999,1.4299999999999999,0.92924316284511965,0.36946873251413087,0.1213420813509562,1,ok
CP-010-FIG10-EQ20,a_over_A5=0.5,0.5,exact,eq20,1,0.5,144,2.8799999999999999,1.4399999999999999,0.92924316284511965,0.36946873251413087,0.11994178173604159,1,ok
CP-010-FIG10-EQ20,a_over_A5=0.5,0.5,exact,eq20,1,0.5,145,2.8999999999999999,1.45,0.92924316284511965,0.36946873251413087,0.11855764171711961,1,ok
CP-010-FIG10-EQ20,a_over_A5=0.5,0.5,exact,eq20,1,0.5,146,2.9199999999999999,1.46,0.92924316284511965,0.36946873251413087,0.11718947481085484,1,ok
CP-010-FIG10-EQ20,a_over_A5=0.5,0.5,exact,eq20,1,0.5,147,2.9399999999999999,1.47,0.92924316284511965,0.36946873251413087,0.11583709668594816,1,ok
CP-010-FIG10-EQ20,a_over_A5=0.5,0.5,exact,eq20,1,0.5,148,2.96,1.48,0.92924316284511965,0.36946873251413087,0.11450032513830169,1,ok
CP-010-FIG10-EQ20,a_over_A5=0.5,0.5,exact,eq20,1,0.5,149,2.98,1.49,0.92924316284511965,0.36946873251413087,0.11317898006647105,1,ok
CP-010-FIG10-EQ20,a_over_A5=0.5,0.5,exact,eq20,1,0.5,150,3,1.5,0.92924316284511965,0.36946873251413087,0.11187288344740021,1,ok
CP-010-FIG10-EQ20,a_over_A5=0.75,0.75,exact,eq20,1,0.75,0,0,0,0.83290701482089191,0.55341296033084597,0.76784287876672119,1,ok
CP-010-FIG10-EQ20,a_over_A5=0.75,0.75,exact,eq20,1,0.75,1,0.02,0.014999999999999999,0.83290701482089191,0.55341296033084597,0.74807718108450305,1,ok
CP-010-FIG10-EQ20,a_over_A5=0.75,0.75,exact,eq20,1,0.75,2,0.040000000000000001,0.029999999999999999,0.83290701482089191,0.55341296033084597,0.72882028906509488,1,ok
CP-010-FIG10-EQ20,a_over_A5=0.75,0.75,exact,eq20,1,0.75,3,0.059999999999999998,0.044999999999999998,0.83290701482089191,0.55341296033084597,0.71005910510846915,1,ok
CP-010-FIG10-EQ20,a_over_A5=0.75,0.75,exact,eq20,1,0.75,4,0.080000000000000002,0.059999999999999998,0.83290701482089191,0.55341296033084597,0.69178086877107869,1,ok
CP-010-FIG10-EQ20,a_over_A5=0.75,0.75,exact,eq20,1,0.75,5,0.10000000000000001,0.075000000000000011,0.83290701482089191,0.55341296033084597,0.67397314808682451,1,ok
CP-010-FIG10-EQ20,a_over_A5=0.75,0.75,exact,eq20,1,0.75,6,0.12,0.089999999999999997,0.83290701482089191,0.55341296033084597,0.65662383111143818,1,ok
CP-010-FIG10-EQ20,a_over_A5=0.75,0.75,exact,eq20,1,0.75,7,0.14000000000000001,0.10500000000000001,0.83290701482089191,0.55341296033084597,0.63972111768452666,1,ok
CP-010-FIG10-EQ20,a_over_A5=0.75,0.75,exact,eq20,1,0.75,8,0.16,0.12,0.83290701482089191,0.55341296033084597,0.62325351140367902,1,ok
CP-010-FIG10-EQ20,a_over_A5=0.75,0.75,exact,eq20,1,0.75,9,0.17999999999999999,0.13500000000000001,0.83290701482089191,0.55341296033084597,0.60720981180517208,1,ok
CP-010-FIG10-EQ20,a_over_A5=0.75,0.75,exact,eq20,1,0.75,10,0.20000000000000001,0.15000000000000002,0.83290701482089191,0.55341296033084597,0.5915791067459617,1,ok
CP-010-FIG10-EQ20,a_over_A5=0.75,0.75,exact,eq20,1,0.75,11,0.22,0.16500000000000001,0.83290701482089191,0.55341296033084597,0.57635076498177396,1,ok
CP-010-FIG10-EQ20,a_over_A5=0.75,0.75,exact,eq20,1,0.75,12,0.23999999999999999,0.17999999999999999,0.83290701482089191,0.55341296033084597,0.56151442893625103,1,ok
CP-010-FIG10-EQ20,a_over_A5=0.75,0.75,exact,eq20,1,0.75,13,0.26000000000000001,0.19500000000000001,0.83290701482089191,0.55341296033084597,0.5470600076562312,1,ok
CP-010-FIG10-EQ20,a_over_A5=0.75,0.75,exact,eq20,1,0.75,14,0.28000000000000003,0.21000000000000002,0.83290701482089191,0.55341296033084597,0.53297766994837559,1,ok
CP-010-FIG10-EQ20,a_over_A5=0.75,0.75,exact,eq20,1,0.75,15,0.29999999999999999,0.22499999999999998,0.83290701482089191,0.55341296033084597,0.51925783769246803,1,ok
CP-010-FIG10-EQ20,a_over_A5=0.75,0.75,exact,eq20,1,0.75,16,0.32000000000000001,0.23999999999999999,0.83290701482089191,0.55341296033084597,0.50589117932684446,1,ok
CP-010-FIG10-EQ20,a_over_A5=0.75,0.75,exact,eq20,1,0.75,17,0.34000000000000002,0.255,0.83290701482089191,0.55341296033084597,0.49286860350151973,1,ok
CP-010-FIG10-EQ20,a_over_A5=0.75,0.75,exact,eq20,1,0.75,18,0.35999999999999999,0.27000000000000002,0.83290701482089191,0.55341296033084597,0.48018125289469354,1,ok
CP-010-FIG10-EQ20,a_over_A5=0.75,0.75,exact,eq20,1,0.75,19,0.38,0.28500000000000003,0.83290701482089191,0.55341296033084597,0.46782049818843191,1,ok
CP-010-FIG10-EQ20,a_over_A5=0.75,0.75,exact,eq20,1,0.75,20,0.40000000000000002,0.30000000000000004,0.83290701482089191,0.55341296033084597,0.45577793219942503,1,ok
CP-010-FIG10-EQ20,a_over_A5=0.75,0.75,exact,eq20,1,0.75,21,0.41999999999999998,0.315,0.83290701482089191,0.55341296033084597,0.44404536416083112,1,ok
CP-010-FIG10-EQ20,a_over_A5=0.75,0.75,exact,eq20,1,0.75,22,0.44,0.33000000000000002,0.83290701482089191,0.55341296033084597,0.43261481415131542,1,ok
CP-010-FIG10-EQ20,a_over_A5=0.75,0.75,exact,eq20,1,0.75,23,0.46000000000000002,0.34500000000000003,0.83290701482089191,0.55341296033084597,0.42147850766749673,1,ok
CP-010-FIG10-EQ20,a_over_A5=0.75,0.75,exact,eq20,1,0.75,24,0.47999999999999998,0.35999999999999999,0.83290701482089191,0.55341296033084597,0.41062887033610823,1,ok
CP-010-FIG10-EQ20,a_over_A5=0.75,0.75,exact,eq20,1,0.75,25,0.5,0.375,0.83290701482089191,0.55341296033084597,0.40005852276227849,1,ok
CP-010-FIG10-EQ20,a_over_A5=0.75,0.75,exact,eq20,1,0.75,26,0.52000000000000002,0.39000000000000001,0.83290701482089191,0.55341296033084597,0.38976027551042586,1,ok
CP-010-FIG10-EQ20,a_over_A5=0.75,0.75,exact,eq20,1,0.75,27,0.54000000000000004,0.40500000000000003,0.83290701482089191,0.55341296033084597,0.37972712421435489,1,ok
CP-010-FIG10-EQ20,a_over_A5=0.75,0.75,exact,eq20,1,0.75,28,0.56000000000000005,0.42000000000000004,0.83290701482089191,0.55341296033084597,0.36995224481322769,1,ok
CP-010-FIG10-EQ20,a_over_A5=0.75,0.75,exact,eq20,1,0.75,29,0.57999999999999996,0.43499999999999994,0.83290701482089191,0.55341296033084597,0.36042898891016978,1,ok
CP-010-FIG10-EQ20,a_over_A5=0.75,0.75,exact,eq20,1,0.75,30,0.59999999999999998,0.44999999999999996,0.83290701482089191,0.55341296033084597,0.35115087925035438,1,ok
CP-010-FIG10-EQ20,a_over_A5=0.75,0.75,exact,eq20,1,0.75,31,0.62,0.46499999999999997,0.83290701482089191,0.55341296033084597,0.34211160531548951,1,ok
CP-010-FIG10-EQ20,a_over_A5=0.75,0.75,exact,eq20,1,0.75,32,0.64000000000000001,0.47999999999999998,0.83290701482089191,0.55341296033084597,0.33330501903171056,1,ok
CP-010-FIG10-EQ20,a_over_A5=0.75,0.75,exact,eq20,1,0.75,33,0.66000000000000003,0.495,0.83290701482089191,0.55341296033084597,0.32472513058796004,1,ok
CP-010-FIG10-EQ20,a_over_A5=0.75,0.75,exact,eq20,1,0.75,34,0.68000000000000005,0.51000000000000001,0.83290701482089191,0.55341296033084597,0.3163661043620094,1,ok
CP-010-FIG10-EQ20,a_over_A5=0.75,0.75,exact,eq20,1,0.75,35,0.70000000000000007,0.52500000000000002,0.83290701482089191,0.55341296033084597,0.30822225495135369,1,ok
CP-010-FIG10-EQ20,a_over_A5=0.75,0.75,exact,eq20,1,0.75,36,0.71999999999999997,0.54000000000000004,0.83290701482089191,0.55341296033084597,0.30028804330627712,1,ok
CP-010-FIG10-EQ20,a_over_A5=0.75,0.75,exact,eq20,1,0.75,37,0.73999999999999999,0.55499999999999994,0.83290701482089191,0.55341296033084597,0.29255807296246156,1,ok
CP-010-FIG10-EQ20,a_over_A5=0.75,0.75,exact,eq20,1,0.75,38,0.76000000000000001,0.57000000000000006,0.83290701482089191,0.55341296033084597,0.28502708637057422,1,ok
CP-010-FIG10-EQ20,a_over_A5=0.75,0.75,exact,eq20,1,0.75,39,0.78000000000000003,0.58499999999999996,0.83290701482089191,0.55341296033084597,0.27768996132033874,1,ok
CP-010-FIG10-EQ20,a_over_A5=0.75,0.75,exact,eq20,1,0.75,40,0.80000000000000004,0.60000000000000009,0.83290701482089191,0.55341296033084597,0.27054170745665701,1,ok
CP-010-FIG10-EQ20,a_over_A5=0.75,0.75,exact,eq20,1,0.75,41,0.82000000000000006,0.61499999999999999,0.83290701482089191,0.55341296033084597,0.26357746288541323,1,ok
CP-010-FIG10-EQ20,a_over_A5=0.75,0.75,exact,eq20,1,0.75,42,0.83999999999999997,0.63,0.83290701482089191,0.55341296033084597,0.25679249086664951,1,ok
CP-010-FIG10-EQ20,a_over_A5=0.75,0.75,exact,eq20,1,0.75,43,0.85999999999999999,0.64500000000000002,0.83290701482089191,0.55341296033084597,0.2501821765928669,1,ok
CP-010-FIG10-EQ20,a_over_A5=0.75,0.75,exact,eq20,1,0.75,44,0.88,0.66000000000000003,0.83290701482089191,0.55341296033084597,0.24374202405025761,1,ok
CP-010-FIG10-EQ20,a_over_A5=0.75,0.75,exact,eq20,1,0.75,45,0.90000000000000002,0.67500000000000004,0.83290701482089191,0.55341296033084597,0.23746765296073555,1,ok
CP-010-FIG10-EQ20,a_over_A5=0.75,0.75,exact,eq20,1,0.75,46,0.92000000000000004,0.69000000000000006,0.83290701482089191,0.55341296033084597,0.23135479580268434,1,ok
CP-010-FIG10-EQ20,a_over_A5=0.75,0.75,exact,eq20,1,0.75,47,0.94000000000000006,0.70500000000000007,0.83290701482089191,0.55341296033084597,0.22539929490839722,1,ok
CP-010-FIG10-EQ20,a_over_A5=0.75,0.75,exact,eq20,1,0.75,48,0.95999999999999996,0.71999999999999997,0.83290701482089191,0.55341296033084597,0.21959709963623397,1,ok
CP-010-FIG10-EQ20,a_over_A5=0.75,0.75,exact,eq20,1,0.75,49,0.97999999999999998,0.73499999999999999,0.83290701482089191,0.55341296033084597,0.21394426361557145,1,ok
CP-010-FIG10-EQ20,a_over_A5=0.75,0.75,exact,eq20,1,0.75,50,1,0.75,0.83290701482089191,0.55341296033084597,0.20843694206267477,1,ok
CP-010-FIG10-EQ20,a_over_A5=0.75,0.75,exact,eq20,1,0.75,51,1.02,0.76500000000000001,0.83290701482089191,0.55341296033084597,0.2030713891656627,1,ok
CP-010-FIG10-EQ20,a_over_A5=0.75,0.75,exact,eq20,1,0.75,52,1.04,0.78000000000000003,0.83290701482089191,0.55341296033084597,0.1978439555367888,1,ok
CP-010-FIG10-EQ20,a_over_A5=0.75,0.75,exact,eq20,1,0.75,53,1.0600000000000001,0.79500000000000004,0.83290701482089191,0.55341296033084597,0.1927510857303053,1,ok
CP-010-FIG10-EQ20,a_over_A5=0.75,0.75,exact,eq20,1,0.75,54,1.0800000000000001,0.81000000000000005,0.83290701482089191,0.55341296033084597,0.1877893158242227,1,ok
CP-010-FIG10-EQ20,a_over_A5=0.75,0.75,exact,eq20,1,0.75,55,1.1000000000000001,0.82500000000000007,0.83290701482089191,0.55341296033084597,0.1829552710643183,1,ok
CP-010-FIG10-EQ20,a_over_A5=0.75,0.75,exact,eq20,1,0.75,56,1.1200000000000001,0.84000000000000008,0.83290701482089191,0.55341296033084597,0.17824566356879284,1,ok
CP-010-FIG10-EQ20,a_over_A5=0.75,0.75,exact,eq20,1,0.75,57,1.1400000000000001,0.85500000000000009,0.83290701482089191,0.55341296033084597,0.1736572900920135,1,ok
CP-010-FIG10-EQ20,a_over_A5=0.75,0.75,exact,eq20,1,0.75,58,1.1599999999999999,0.86999999999999988,0.83290701482089191,0.55341296033084597,0.16918702984582221,1,ok
CP-010-FIG10-EQ20,a_over_A5=0.75,0.75,exact,eq20,1,0.75,59,1.1799999999999999,0.88500000000000001,0.83290701482089191,0.55341296033084597,0.16483184237692736,1,ok
CP-010-FIG10-EQ20,a_over_A5=0.75,0.75,exact,eq20,1,0.75,60,1.2,0.89999999999999991,0.83290701482089191,0.55341296033084597,0.16058876549893605,1,ok
CP-010-FIG10-EQ20,a_over_A5=0.75,0.75,exact,eq20,1,0.75,61,1.22,0.91500000000000004,0.83290701482089191,0.55341296033084597,0.15645491327761851,1,ok
CP-010-FIG10-EQ20,a_over_A5=0.75,0.75,exact,eq20,1,0.75,62,1.24,0.92999999999999994,0.83290701482089191,0.55341296033084597,0.15242747406803697,1,ok
CP-010-FIG10-EQ20,a_over_A5=0.75,0.75,exact,eq20,1,0.75,63,1.26,0.94500000000000006,0.83290701482089191,0.55341296033084597,0.14850370860220094,1,ok
CP-010-FIG10-EQ20,a_over_A5=0.75,0.75,exact,eq20,1,0.75,64,1.28,0.95999999999999996,0.83290701482089191,0.55341296033084597,0.14468094812595111,1,ok
CP-010-FIG10-EQ20,a_over_A5=0.75,0.75,exact,eq20,1,0.75,65,1.3,0.97500000000000009,0.83290701482089191,0.55341296033084597,0.14095659258380239,1,ok
CP-010-FIG10-EQ20,a_over_A5=0.75,0.75,exact,eq20,1,0.75,66,1.3200000000000001,0.98999999999999999,0.83290701482089191,0.55341296033084597,0.13732810885051316,1,ok
CP-010-FIG10-EQ20,a_over_A5=0.75,0.75,exact,eq20,1,0.75,67,1.3400000000000001,1.0050000000000001,0.83290701482089191,0.55341296033084597,0.1337930290081765,1,ok
CP-010-FIG10-EQ20,a_over_A5=0.75,0.75,exact,eq20,1,0.75,68,1.3600000000000001,1.02,0.83290701482089191,0.55341296033084597,0.13034894866766286,1,ok
CP-010-FIG10-EQ20,a_over_A5=0.75,0.75,exact,eq20,1,0.75,69,1.3800000000000001,1.0350000000000001,0.83290701482089191,0.55341296033084597,0.12699352533327163,1,ok
CP-010-FIG10-EQ20,a_over_A5=0.75,0.75,exact,eq20,1,0.75,70,1.4000000000000001,1.05,0.83290701482089191,0.55341296033084597,0.12372447680947962,1,ok
CP-010-FIG10-EQ20,a_over_A5=0.75,0.75,exact,eq20,1,0.75,71,1.4199999999999999,1.0649999999999999,0.83290701482089191,0.55341296033084597,0.12053957964870288,1,ok
CP-010-FIG10-EQ20,a_over_A5=0.75,0.75,exact,eq20,1,0.75,72,1.4399999999999999,1.0800000000000001,0.83290701482089191,0.55341296033084597,0.11743666763901581,1,ok
CP-010-FIG10-EQ20,a_over_A5=0.75,0.75,exact,eq20,1,0.75,73,1.46,1.095,0.83290701482089191,0.55341296033084597,0.11441363033079964,1,ok
CP-010-FIG10-EQ20,a_over_A5=0.75,0.75,exact,eq20,1,0.75,74,1.48,1.1099999999999999,0.83290701482089191,0.55341296033084597,0.11146841160131697,1,ok
CP-010-FIG10-EQ20,a_over_A5=0.75,0.75,exact,eq20,1,0.75,75,1.5,1.125,0.83290701482089191,0.55341296033084597,0.10859900825623746,1,ok
CP-010-FIG10-EQ20,a_over_A5=0.75,0.75,exact,eq20,1,0.75,76,1.52,1.1400000000000001,0.83290701482089191,0.55341296033084597,0.1058034686671627,1,ok
CP-010-FIG10-EQ20,a_over_A5=0.75,0.75,exact,eq20,1,0.75,77,1.54,1.155,0.83290701482089191,0.55341296033084597,0.1030798914442234,1,ok
CP-010-FIG10-EQ20,a_over_A5=0.75,0.75,exact,eq20,1,0.75,78,1.5600000000000001,1.1699999999999999,0.83290701482089191,0.55341296033084597,0.10042642414284678,1,ok
CP-010-FIG10-EQ20,a_over_A5=0.75,0.75,exact,eq20,1,0.75,79,1.5800000000000001,1.1850000000000001,0.83290701482089191,0.55341296033084597,0.097841262003813892,1,ok
CP-010-FIG10-EQ20,a_over_A5=0.75,0.75,exact,eq20,1,0.75,80,1.6000000000000001,1.2000000000000002,0.83290701482089191,0.55341296033084597,0.095322646725750457,1,ok
CP-010-FIG10-EQ20,a_over_A5=0.75,0.75,exact,eq20,1,0.75,81,1.6200000000000001,1.2150000000000001,0.83290701482089191,0.55341296033084597,0.092868865269215686,1,ok
CP-010-FIG10-EQ20,a_over_A5=0.75,0.75,exact,eq20,1,0.75,82,1.6400000000000001,1.23,0.83290701482089191,0.55341296033084597,0.090478248691576446,1,ok
CP-010-FIG10-EQ20,a_over_A5=0.75,0.75,exact,eq20,1,0.75,83,1.6600000000000001,1.2450000000000001,0.83290701482089191,0.55341296033084597,0.088149171011873709,1,ok
CP-010-FIG10-EQ20,a_over_A5=0.75,0.75,exact,eq20,1,0.75,84,1.6799999999999999,1.26,0.83290701482089191,0.55341296033084597,0.085880048104909595,1,ok
CP-010-FIG10-EQ20,a_over_A5=0.75,0.75,exact,eq20,1,0.75,85,1.7,1.2749999999999999,0.83290701482089191,0.55341296033084597,0.083669336623802396,1,ok
CP-010-FIG10-EQ20,a_over_A5=0.75,0.75,exact,eq20,1,0.75,86,1.72,1.29,0.83290701482089191,0.55341296033084597,0.081515532950277303,1,ok
CP-010-FIG10-EQ20,a_over_A5=0.75,0.75,exact,eq20,1,0.75,87,1.74,1.3049999999999999,0.83290701482089191,0.55341296033084597,0.079417172171978592,1,ok
CP-010-FIG10-EQ20,a_over_A5=0.75,0.75,exact,eq20,1,0.75,88,1.76,1.3200000000000001,0.83290701482089191,0.55341296033084597,0.077372827086107293,1,ok
CP-010-FIG10-EQ20,a_over_A5=0.75,0.75,exact,eq20,1,0.75,89,1.78,1.335,0.83290701482089191,0.55341296033084597,0.075381107228707722,1,ok
CP-010-FIG10-EQ20,a_over_A5=0.75,0.75,exact,eq20,1,0.75,90,1.8,1.3500000000000001,0.83290701482089191,0.55341296033084597,0.073440657928941319,1,ok
CP-010-FIG10-EQ20,a_over_A5=0.75,0.75,exact,eq20,1,0.75,91,1.8200000000000001,1.365,0.83290701482089191,0.55341296033084597,0.071550159387705703,1,ok
CP-010-FIG10-EQ20,a_over_A5=0.75,0.75,exact,eq20,1,0.75,92,1.8400000000000001,1.3800000000000001,0.83290701482089191,0.55341296033084597,0.069708325779971492,1,ok
CP-010-FIG10-EQ20,a_over_A5=0.75,0.75,exact,eq20,1,0.75,93,1.8600000000000001,1.395,0.83290701482089191,0.55341296033084597,0.067913904380226917,1,ok
CP-010-FIG10-EQ20,a_over_A5=0.75,0.75,exact,eq20,1,0.75,94,1.8800000000000001,1.4100000000000001,0.83290701482089191,0.55341296033084597,0.066165674710434691,1,ok
CP-010-FIG10-EQ20,a_over_A5=0.75,0.75,exact,eq20,1,0.75,95,1.9000000000000001,1.425,0.83290701482089191,0.55341296033084597,0.064462447709922585,1,ok
CP-010-FIG10-EQ20,a_over_A5=0.75,0.75,exact,eq20,1,0.75,96,1.9199999999999999,1.4399999999999999,0.83290701482089191,0.55341296033084597,0.062803064926641963,1,ok
CP-010-FIG10-EQ20,a_over_A5=0.75,0.75,exact,eq20,1,0.75,97,1.9399999999999999,1.4550000000000001,0.83290701482089191,0.55341296033084597,0.06118639772924539,1,ok
CP-010-FIG10-EQ20,a_over_A5=0.75,0.75,exact,eq20,1,0.75,98,1.96,1.47,0.83290701482089191,0.55341296033084597,0.059611346539446379,1,ok
CP-010-FIG10-EQ20,a_over_A5=0.75,0.75,exact,eq20,1,0.75,99,1.98,1.4849999999999999,0.83290701482089191,0.55341296033084597,0.058076840084139915,1,ok
CP-010-FIG10-EQ20,a_over_A5=0.75,0.75,exact,eq20,1,0.75,100,2,1.5,0.83290701482089191,0.55341296033084597,0.056581834666774564,1,ok
CP-010-FIG10-EQ20,a_over_A5=0.75,0.75,exact,eq20,1,0.75,101,2.02,1.5150000000000001,0.83290701482089191,0.55341296033084597,0.055125313457481034,1,ok
CP-010-FIG10-EQ20,a_over_A5=0.75,0.75,exact,eq20,1,0.75,102,2.04,1.53,0.83290701482089191,0.55341296033084597,0.053706285801473949,1,ok
CP-010-FIG10-EQ20,a_over_A5=0.75,0.75,exact,eq20,1,0.75,103,2.0600000000000001,1.5449999999999999,0.83290701482089191,0.55341296033084597,0.052323786545256656,1,ok
CP-010-FIG10-EQ20,a_over_A5=0.75,0.75,exact,eq20,1,0.75,104,2.0800000000000001,1.5600000000000001,0.83290701482089191,0.55341296033084597,0.050976875380170941,1,ok
CP-010-FIG10-EQ20,a_over_A5=0.75,0.75,exact,eq20,1,0.75,105,2.1000000000000001,1.5750000000000002,0.83290701482089191,0.55341296033084597,0.049664636202844795,1,ok
CP-010-FIG10-EQ20,a_over_A5=0.75,0.75,exact,eq20,1,0.75,106,2.1200000000000001,1.5900000000000001,0.83290701482089191,0.55341296033084597,0.048386176492103618,1,ok
CP-010-FIG10-EQ20,a_over_A5=0.75,0.75,exact,eq20,1,0.75,107,2.1400000000000001,1.605,0.83290701482089191,0.55341296033084597,0.047140626701920665,1,ok
CP-010-FIG10-EQ20,a_over_A5=0.75,0.75,exact,eq20,1,0.75,108,2.1600000000000001,1.6200000000000001,0.83290701482089191,0.55341296033084597,0.045927139669994232,1,ok
CP-010-FIG10-EQ20,a_over_A5=0.75,0.75,exact,eq20,1,0.75,109,2.1800000000000002,1.6350000000000002,0.83290701482089191,0.55341296033084597,0.044744890041549197,1,ok
CP-010-FIG10-EQ20,a_over_A5=0.75,0.75,exact,eq20,1,0.75,110,2.2000000000000002,1.6500000000000001,0.83290701482089191,0.55341296033084597,0.043593073707970838,1,ok
CP-010-FIG10-EQ20,a_over_A5=0.75,0.75,exact,eq20,1,0.75,111,2.2200000000000002,1.665,0.83290701482089191,0.55341296033084597,0.042470907259889237,1,ok
CP-010-FIG10-EQ20,a_over_A5=0.75,0.75,exact,eq20,1,0.75,112,2.2400000000000002,1.6800000000000002,0.83290701482089191,0.55341296033084597,0.041377627454342529,1,ok
CP-010-FIG10-EQ20,a_over_A5=0.75,0.75,exact,eq20,1,0.75,113,2.2600000000000002,1.6950000000000003,0.83290701482089191,0.55341296033084597,0.040312490695656164,1,ok
CP-010-FIG10-EQ20,a_over_A5=0.75,0.75,exact,eq20,1,0.75,114,2.2800000000000002,1.7100000000000002,0.83290701482089191,0.55341296033084597,0.03927477252968533,1,ok
CP-010-FIG10-EQ20,a_over_A5=0.75,0.75,exact,eq20,1,0.75,115,2.3000000000000003,1.7250000000000001,0.83290701482089191,0.55341296033084597,0.038263767151076496,1,ok
CP-010-FIG10-EQ20,a_over_A5=0.75,0.75,exact,eq20,1,0.75,116,2.3199999999999998,1.7399999999999998,0.83290701482089191,0.55341296033084597,0.037278786923213077,1,ok
CP-010-FIG10-EQ20,a_over_A5=0.75,0.75,exact,eq20,1,0.75,117,2.3399999999999999,1.7549999999999999,0.83290701482089191,0.55341296033084597,0.036319161910518351,1,ok
CP-010-FIG10-EQ20,a_over_A5=0.75,0.75,exact,eq20,1,0.75,118,2.3599999999999999,1.77,0.83290701482089191,0.55341296033084597,0.035384239422798135,1,ok
CP-010-FIG10-EQ20,a_over_A5=0.75,0.75,exact,eq20,1,0.75,119,2.3799999999999999,1.7849999999999999,0.83290701482089191,0.55341296033084597,0.034473383571312494,1,ok
CP-010-FIG10-EQ20,a_over_A5=0.75,0.75,exact,eq20,1,0.75,120,2.3999999999999999,1.7999999999999998,0.83290701482089191,0.55341296033084597,0.033585974836275283,1,ok
CP-010-FIG10-EQ20,a_over_A5=0.75,0.75,exact,eq20,1,0.75,121,2.4199999999999999,1.8149999999999999,0.83290701482089191,0.55341296033084597,0.032721409645486949,1,ok
CP-010-FIG10-EQ20,a_over_A5=0.75,0.75,exact,eq20,1,0.75,122,2.4399999999999999,1.8300000000000001,0.83290701482089191,0.55341296033084597,0.031879099963814141,1,ok
CP-010-FIG10-EQ20,a_over_A5=0.75,0.75,exact,eq20,1,0.75,123,2.46,1.845,0.83290701482089191,0.55341296033084597,0.031058472893236863,1,ok
CP-010-FIG10-EQ20,a_over_A5=0.75,0.75,exact,eq20,1,0.75,124,2.48,1.8599999999999999,0.83290701482089191,0.55341296033084597,0.030258970283191054,1,ok
CP-010-FIG10-EQ20,a_over_A5=0.75,0.75,exact,eq20,1,0.75,125,2.5,1.875,0.83290701482089191,0.55341296033084597,0.029480048350941833,1,ok
CP-010-FIG10-EQ20,a_over_A5=0.75,0.75,exact,eq20,1,0.75,126,2.52,1.8900000000000001,0.83290701482089191,0.55341296033084597,0.02872117731172897,1,ok
CP-010-FIG10-EQ20,a_over_A5=0.75,0.75,exact,eq20,1,0.75,127,2.54,1.905,0.83290701482089191,0.55341296033084597,0.027981841018433106,1,ok
CP-010-FIG10-EQ20,a_over_A5=0.75,0.75,exact,eq20,1,0.75,128,2.5600000000000001,1.9199999999999999,0.83290701482089191,0.55341296033084597,0.027261536610517549,1,ok
CP-010-FIG10-EQ20,a_over_A5=0.75,0.75,exact,eq20,1,0.75,129,2.5800000000000001,1.9350000000000001,0.83290701482089191,0.55341296033084597,0.026559774172007101,1,ok
CP-010-FIG10-EQ20,a_over_A5=0.75,0.75,exact,eq20,1,0.75,130,2.6000000000000001,1.9500000000000002,0.83290701482089191,0.55341296033084597,0.025876076398271053,1,ok
CP-010-FIG10-EQ20,a_over_A5=0.75,0.75,exact,eq20,1,0.75,131,2.6200000000000001,1.9650000000000001,0.83290701482089191,0.55341296033084597,0.025209978271383833,1,ok
CP-010-FIG10-EQ20,a_over_A5=0.75,0.75,exact,eq20,1,0.75,132,2.6400000000000001,1.98,0.83290701482089191,0.55341296033084597,0.024561026743842421,1,ok
CP-010-FIG10-EQ20,a_over_A5=0.75,0.75,exact,eq20,1,0.75,133,2.6600000000000001,1.9950000000000001,0.83290701482089191,0.55341296033084597,0.023928780430425543,1,ok
CP-010-FIG10-EQ20,a_over_A5=0.75,0.75,exact,eq20,1,0.75,134,2.6800000000000002,2.0100000000000002,0.83290701482089191,0.55341296033084597,0.023312809307984919,1,ok
CP-010-FIG10-EQ20,a_over_A5=0.75,0.75,exact,eq20,1,0.75,135,2.7000000000000002,2.0250000000000004,0.83290701482089191,0.55341296033084597,0.022712694422964502,1,ok
CP-010-FIG10-EQ20,a_over_A5=0.75,0.75,exact,eq20,1,0.75,136,2.7200000000000002,2.04,0.83290701482089191,0.55341296033084597,0.02212802760644865,1,ok
CP-010-FIG10-EQ20,a_over_A5=0.75,0.75,exact,eq20,1,0.75,137,2.7400000000000002,2.0550000000000002,0.83290701482089191,0.55341296033084597,0.021558411196545436,1,ok
CP-010-FIG10-EQ20,a_over_A5=0.75,0.75,exact,eq20,1,0.75,138,2.7600000000000002,2.0700000000000003,0.83290701482089191,0.55341296033084597,0.021003457767916556,1,ok
CP-010-FIG10-EQ20,a_over_A5=0.75,0.75,exact,eq20,1,0.75,139,2.7800000000000002,2.085,0.83290701482089191,0.55341296033084597,0.020462789868269344,1,ok
CP-010-FIG10-EQ20,a_over_A5=0.75,0.75,exact,eq20,1,0.75,140,2.8000000000000003,2.1000000000000001,0.83290701482089191,0.55341296033084597,0.019936039761632166,1,ok
CP-010-FIG10-EQ20,a_over_A5=0.75,0.75,exact,eq20,1,0.75,141,2.8199999999999998,2.1149999999999998,0.83290701482089191,0.55341296033084597,0.019422849178238333,1,ok
CP-010-FIG10-EQ20,a_over_A5=0.75,0.75,exact,eq20,1,0.75,142,2.8399999999999999,2.1299999999999999,0.83290701482089191,0.55341296033084597,0.018922869070848395,1,ok
CP-010-FIG10-EQ20,a_over_A5=0.75,0.75,exact,eq20,1,0.75,143,2.8599999999999999,2.145,0.83290701482089191,0.55341296033084597,0.018435759377345304,1,ok
CP-010-FIG10-EQ20,a_over_A5=0.75,0.75,exact,eq20,1,0.75,144,2.8799999999999999,2.1600000000000001,0.83290701482089191,0.55341296033084597,0.017961188789440641,1,ok
CP-010-FIG10-EQ20,a_over_A5=0.75,0.75,exact,eq20,1,0.75,145,2.8999999999999999,2.1749999999999998,0.83290701482089191,0.55341296033084597,0.01749883452733492,1,ok
CP-010-FIG10-EQ20,a_over_A5=0.75,0.75,exact,eq20,1,0.75,146,2.9199999999999999,2.1899999999999999,0.83290701482089191,0.55341296033084597,0.017048382120178392,1,ok
CP-010-FIG10-EQ20,a_over_A5=0.75,0.75,exact,eq20,1,0.75,147,2.9399999999999999,2.2050000000000001,0.83290701482089191,0.55341296033084597,0.016609525192183422,1,ok
CP-010-FIG10-EQ20,a_over_A5=0.75,0.75,exact,eq20,1,0.75,148,2.96,2.2199999999999998,0.83290701482089191,0.55341296033084597,0.016181965254242495,1,ok
CP-010-FIG10-EQ20,a_over_A5=0.75,0.75,exact,eq20,1,0.75,149,2.98,2.2349999999999999,0.83290701482089191,0.55341296033084597,0.015765411500910508,1,ok
CP-010-FIG10-EQ20,a_over_A5=0.75,0.75,exact,eq20,1,0.75,150,3,2.25,0.83290701482089191,0.55341296033084597,0.015359580612613062,1,ok
CP-010-FIG10-EQ20,a_over_A5=1,1,exact,eq20,1,1,0,0,0,0.72290555158270742,0.69094686010640605,0.72216720624263586,1,ok
CP-010-FIG10-EQ20,a_over_A5=1,1,exact,eq20,1,1,1,0.02,0.02,0.72290555158270742,0.69094686010640605,0.69148622336531085,1,ok
CP-010-FIG10-EQ20,a_over_A5=1,1,exact,eq20,1,1,2,0.040000000000000001,0.040000000000000001,0.72290555158270742,0.69094686010640605,0.66210870968761393,1,ok
CP-010-FIG10-EQ20,a_over_A5=1,1,exact,eq20,1,1,3,0.059999999999999998,0.059999999999999998,0.72290555158270742,0.69094686010640605,0.63397928784561985,1,ok
CP-010-FIG10-EQ20,a_over_A5=1,1,exact,eq20,1,1,4,0.080000000000000002,0.080000000000000002,0.72290555158270742,0.69094686010640605,0.60704493316040464,1,ok
CP-010-FIG10-EQ20,a_over_A5=1,1,exact,eq20,1,1,5,0.10000000000000001,0.10000000000000001,0.72290555158270742,0.69094686010640605,0.58125487368517048,1,ok
CP-010-FIG10-EQ20,a_over_A5=1,1,exact,eq20,1,1,6,0.12,0.12,0.72290555158270742,0.69094686010640605,0.55656049449882916,1,ok
CP-010-FIG10-EQ20,a_over_A5=1,1,exact,eq20,1,1,7,0.14000000000000001,0.14000000000000001,0.72290555158270742,0.69094686010640605,0.53291524606563334,1,ok
CP-010-FIG10-EQ20,a_over_A5=1,1,exact,eq20,1,1,8,0.16,0.16,0.72290555158270742,0.69094686010640605,0.51027455648811226,1,ok
CP-010-FIG10-EQ20,a_over_A5=1,1,exact,eq20,1,1,9,0.17999999999999999,0.17999999999999999,0.72290555158270742,0.69094686010640605,0.48859574748790646,1,ok
CP-010-FIG10-EQ20,a_over_A5=1,1,exact,eq20,1,1,10,0.20000000000000001,0.20000000000000001,0.72290555158270742,0.69094686010640605,0.46783795395612199,1,ok
CP-010-FIG10-EQ20,a_over_A5=1,1,exact,eq20,1,1,11,0.22,0.22,0.72290555158270742,0.69094686010640605,0.44796204692155644,1,ok
CP-010-FIG10-EQ20,a_over_A5=1,1,exact,eq20,1,1,12,0.23999999999999999,0.23999999999999999,0.72290555158270742,0.69094686010640605,0.42893055979158839,1,ok
CP-010-FIG10-EQ20,a_over_A5=1,1,exact,eq20,1,1,13,0.26000000000000001,0.26000000000000001,0.72290555158270742,0.69094686010640605,0.41070761772669268,1,ok
CP-010-FIG10-EQ20,a_over_A5=1,1,exact,eq20,1,1,14,0.28000000000000003,0.28000000000000003,0.72290555158270742,0.69094686010640605,0.39325887001545157,1,ok
CP-010-FIG10-EQ20,a_over_A5=1,1,exact,eq20,1,1,15,0.29999999999999999,0.29999999999999999,0.72290555158270742,0.69094686010640605,0.37655142532258579,1,ok
CP-010-FIG10-EQ20,a_over_A5=1,1,exact,eq20,1,1,16,0.32000000000000001,0.32000000000000001,0.72290555158270742,0.69094686010640605,0.36055378968794716,1,ok
CP-010-FIG10-EQ20,a_over_A5=1,1,exact,eq20,1,1,17,0.34000000000000002,0.34000000000000002,0.72290555158270742,0.69094686010640605,0.34523580715959923,1,ok
CP-010-FIG10-EQ20,a_over_A5=1,1,exact,eq20,1,1,18,0.35999999999999999,0.35999999999999999,0.72290555158270742,0.69094686010640605,0.33056860294907686,1,ok
CP-010-FIG10-EQ20,a_over_A5=1,1,exact,eq20,1,1,19,0.38,0.38,0.72290555158270742,0.69094686010640605,0.31652452900167277,1,ok
CP-010-FIG10-EQ20,a_over_A5=1,1,exact,eq20,1,1,20,0.40000000000000002,0.40000000000000002,0.72290555158270742,0.69094686010640605,0.30307711187914721,1,ok
CP-010-FIG10-EQ20,a_over_A5=1,1,exact,eq20,1,1,21,0.41999999999999998,0.41999999999999998,0.72290555158270742,0.69094686010640605,0.29020100285662115,1,ok
CP-010-FIG10-EQ20,a_over_A5=1,1,exact,eq20,1,1,22,0.44,0.44,0.72290555158270742,0.69094686010640605,0.27787193013958189,1,ok
CP-010-FIG10-EQ20,a_over_A5=1,1,exact,eq20,1,1,23,0.46000000000000002,0.46000000000000002,0.72290555158270742,0.69094686010640605,0.2660666531109302,1,ok
CP-010-FIG10-EQ20,a_over_A5=1,1,exact,eq20,1,1,24,0.47999999999999998,0.47999999999999998,0.72290555158270742,0.69094686010640605,0.25476291852182326,1,ok
CP-010-FIG10-EQ20,a_over_A5=1,1,exact,eq20,1,1,25,0.5,0.5,0.72290555158270742,0.69094686010640605,0.24393941854373197,1,ok
CP-010-FIG10-EQ20,a_over_A5=1,1,exact,eq20,1,1,26,0.52000000000000002,0.52000000000000002,0.72290555158270742,0.69094686010640605,0.23357575060263991,1,ok
CP-010-FIG10-EQ20,a_over_A5=1,1,exact,eq20,1,1,27,0.54000000000000004,0.54000000000000004,0.72290555158270742,0.69094686010640605,0.22365237891966958,1,ok
CP-010-FIG10-EQ20,a_over_A5=1,1,exact,eq20,1,1,28,0.56000000000000005,0.56000000000000005,0.72290555158270742,0.69094686010640605,0.21415059768564063,1,ok
CP-010-FIG10-EQ20,a_over_A5=1,1,exact,eq20,1,1,29,0.57999999999999996,0.57999999999999996,0.72290555158270742,0.69094686010640605,0.20505249580014118,1,ok
CP-010-FIG10-EQ20,a_over_A5=1,1,exact,eq20,1,1,30,0.59999999999999998,0.59999999999999998,0.72290555158270742,0.69094686010640605,0.19634092310864573,1,ok
CP-010-FIG10-EQ20,a_over_A5=1,1,exact,eq20,1,1,31,0.62,0.62,0.72290555158270742,0.69094686010640605,0.18799945807403631,1,ok
CP-010-FIG10-EQ20,a_over_A5=1,1,exact,eq20,1,1,32,0.64000000000000001,0.64000000000000001,0.72290555158270742,0.69094686010640605,0.18001237682158469,1,ok
CP-010-FIG10-EQ20,a_over_A5=1,1,exact,eq20,1,1,33,0.66000000000000003,0.66000000000000003,0.72290555158270742,0.69094686010640605,0.17236462349904738,1,ok
CP-010-FIG10-EQ20,a_over_A5=1,1,exact,eq20,1,1,34,0.68000000000000005,0.68000000000000005,0.72290555158270742,0.69094686010640605,0.16504178189599894,1,ok
CP-010-FIG10-EQ20,a_over_A5=1,1,exact,eq20,1,1,35,0.70000000000000007,0.70000000000000007,0.72290555158270742,0.69094686010640605,0.15803004826890726,1,ok
CP-010-FIG10-EQ20,a_over_A5=1,1,exact,eq20,1,1,36,0.71999999999999997,0.71999999999999997,0.72290555158270742,0.69094686010640605,0.15131620532072418,1,ok
CP-010-FIG10-EQ20,a_over_A5=1,1,exact,eq20,1,1,37,0.73999999999999999,0.73999999999999999,0.72290555158270742,0.69094686010640605,0.14488759728594294,1,ok
CP-010-FIG10-EQ20,a_over_A5=1,1,exact,eq20,1,1,38,0.76000000000000001,0.76000000000000001,0.72290555158270742,0.69094686010640605,0.13873210607415673,1,ok
CP-010-FIG10-EQ20,a_over_A5=1,1,exact,eq20,1,1,39,0.78000000000000003,0.78000000000000003,0.72290555158270742,0.69094686010640605,0.13283812842714857,1,ok
CP-010-FIG10-EQ20,a_over_A5=1,1,exact,eq20,1,1,40,0.80000000000000004,0.80000000000000004,0.72290555158270742,0.69094686010640605,0.12719455404645327,1,ok
CP-010-FIG10-EQ20,a_over_A5=1,1,exact,eq20,1,1,41,0.82000000000000006,0.82000000000000006,0.72290555158270742,0.69094686010640605,0.12179074465016079,1,ok
CP-010-FIG10-EQ20,a_over_A5=1,1,exact,eq20,1,1,42,0.83999999999999997,0.83999999999999997,0.72290555158270742,0.69094686010640605,0.1166165139194832,1,ok
CP-010-FIG10-EQ20,a_over_A5=1,1,exact,eq20,1,1,43,0.85999999999999999,0.85999999999999999,0.72290555158270742,0.69094686010640605,0.11166210829728318,1,ok
CP-010-FIG10-EQ20,a_over_A5=1,1,exact,eq20,1,1,44,0.88,0.88,0.72290555158270742,0.69094686010640605,0.10691818860236989,1,ok
CP-010-FIG10-EQ20,a_over_A5=1,1,exact,eq20,1,1,45,0.90000000000000002,0.90000000000000002,0.72290555158270742,0.69094686010640605,0.10237581242490361,1,ok
CP-010-FIG10-EQ20,a_over_A5=1,1,exact,eq20,1,1,46,0.92000000000000004,0.92000000000000004,0.72290555158270742,0.69094686010640605,0.098026417269724858,1,ok
CP-010-FIG10-EQ20,a_over_A5=1,1,exact,eq20,1,1,47,0.94000000000000006,0.94000000000000006,0.72290555158270742,0.69094686010640605,0.093861804415832029,1,ok
CP-010-FIG10-EQ20,a_over_A5=1,1,exact,eq20,1,1,48,0.95999999999999996,0.95999999999999996,0.72290555158270742,0.69094686010640605,0.089874123461583036,1,ok
CP-010-FIG10-EQ20,a_over_A5=1,1,exact,eq20,1,1,49,0.97999999999999998,0.97999999999999998,0.72290555158270742,0.69094686010640605,0.086055857526487423,1,ok
CP-010-FIG10-EQ20,a_over_A5=1,1,exact,eq20,1,1,50,1,1,0.72290555158270742,0.69094686010640605,0.082399809081694725,1,ok
CP-010-FIG10-EQ20,a_over_A5=1,1,exact,eq20,1,1,51,1.02,1.02,0.72290555158270742,0.69094686010640605,0.078899086382468592,1,ok
CP-010-FIG10-EQ20,a_over_A5=1,1,exact,eq20,1,1,52,1.04,1.04,0.72290555158270742,0.69094686010640605,0.075547090477071865,1,ok
CP-010-FIG10-EQ20,a_over_A5=1,1,exact,eq20,1,1,53,1.0600000000000001,1.0600000000000001,0.72290555158270742,0.69094686010640605,0.072337502767574016,1,ok
CP-010-FIG10-EQ20,a_over_A5=1,1,exact,eq20,1,1,54,1.0800000000000001,1.0800000000000001,0.72290555158270742,0.69094686010640605,0.069264273099132481,1,ok
CP-010-FIG10-EQ20,a_over_A5=1,1,exact,eq20,1,1,55,1.1000000000000001,1.1000000000000001,0.72290555158270742,0.69094686010640605,0.066321608355296338,1,ok
CP-010-FIG10-EQ20,a_over_A5=1,1,exact,eq20,1,1,56,1.1200000000000001,1.1200000000000001,0.72290555158270742,0.69094686010640605,0.063503961537833636,1,ok
CP-010-FIG10-EQ20,a_over_A5=1,1,exact,eq20,1,1,57,1.1400000000000001,1.1400000000000001,0.72290555158270742,0.69094686010640605,0.060806021310498046,1,ok
CP-010-FIG10-EQ20,a_over_A5=1,1,exact,eq20,1,1,58,1.1599999999999999,1.1599999999999999,0.72290555158270742,0.69094686010640605,0.058222701987024311,1,ok
CP-010-FIG10-EQ20,a_over_A5=1,1,exact,eq20,1,1,59,1.1799999999999999,1.1799999999999999,0.72290555158270742,0.69094686010640605,0.055749133944479723,1,ok
CP-010-FIG10-EQ20,a_over_A5=1,1,exact,eq20,1,1,60,1.2,1.2,0.72290555158270742,0.69094686010640605,0.053380654443900458,1,ok
CP-010-FIG10-EQ20,a_over_A5=1,1,exact,eq20,1,1,61,1.22,1.22,0.72290555158270742,0.69094686010640605,0.051112798840909475,1,ok
CP-010-FIG10-EQ20,a_over_A5=1,1,exact,eq20,1,1,62,1.24,1.24,0.72290555158270742,0.69094686010640605,0.048941292169747762,1,ok
CP-010-FIG10-EQ20,a_over_A5=1,1,exact,eq20,1,1,63,1.26,1.26,0.72290555158270742,0.69094686010640605,0.0468620410848547,1,ok
CP-010-FIG10-EQ20,a_over_A5=1,1,exact,eq20,1,1,64,1.28,1.28,0.72290555158270742,0.69094686010640605,0.044871126144807046,1,ok
CP-010-FIG10-EQ20,a_over_A5=1,1,exact,eq20,1,1,65,1.3,1.3,0.72290555158270742,0.69094686010640605,0.042964794424071785,1,ok
CP-010-FIG10-EQ20,a_over_A5=1,1,exact,eq20,1,1,66,1.3200000000000001,1.3200000000000001,0.72290555158270742,0.69094686010640605,0.041139452438645419,1,ok
CP-010-FIG10-EQ20,a_over_A5=1,1,exact,eq20,1,1,67,1.3400000000000001,1.3400000000000001,0.72290555158270742,0.69094686010640605,0.03939165937224505,1,ok
CP-010-FIG10-EQ20,a_over_A5=1,1,exact,eq20,1,1,68,1.3600000000000001,1.3600000000000001,0.72290555158270742,0.69094686010640605,0.037718120590281567,1,ok
CP-010-FIG10-EQ20,a_over_A5=1,1,exact,eq20,1,1,69,1.3800000000000001,1.3800000000000001,0.72290555158270742,0.69094686010640605,0.036115681429389382,1,ok
CP-010-FIG10-EQ20,a_over_A5=1,1,exact,eq20,1,1,70,1.4000000000000001,1.4000000000000001,0.72290555158270742,0.69094686010640605,0.034581321250805312,1,ok
CP-010-FIG10-EQ20,a_over_A5=1,1,exact,eq20,1,1,71,1.4199999999999999,1.4199999999999999,0.72290555158270742,0.69094686010640605,0.033112147746387335,1,ok
CP-010-FIG10-EQ20,a_over_A5=1,1,exact,eq20,1,1,72,1.4399999999999999,1.4399999999999999,0.72290555158270742,0.69094686010640605,0.031705391486539877,1,ok
CP-010-FIG10-EQ20,a_over_A5=1,1,exact,eq20,1,1,73,1.46,1.46,0.72290555158270742,0.69094686010640605,0.030358400699768296,1,ok
CP-010-FIG10-EQ20,a_over_A5=1,1,exact,eq20,1,1,74,1.48,1.48,0.72290555158270742,0.69094686010640605,0.029068636274021682,1,ok
CP-010-FIG10-EQ20,a_over_A5=1,1,exact,eq20,1,1,75,1.5,1.5,0.72290555158270742,0.69094686010640605,0.027833666970401998,1,ok
CP-010-FIG10-EQ20,a_over_A5=1,1,exact,eq20,1,1,76,1.52,1.52,0.72290555158270742,0.69094686010640605,0.026651164840216443,1,ok
CP-010-FIG10-EQ20,a_over_A5=1,1,exact,eq20,1,1,77,1.54,1.54,0.72290555158270742,0.69094686010640605,0.025518900836734779,1,ok
CP-010-FIG10-EQ20,a_over_A5=1,1,exact,eq20,1,1,78,1.5600000000000001,1.5600000000000001,0.72290555158270742,0.69094686010640605,0.024434740613379319,1,ok
CP-010-FIG10-EQ20,a_over_A5=1,1,exact,eq20,1,1,79,1.5800000000000001,1.5800000000000001,0.72290555158270742,0.69094686010640605,0.023396640500426953,1,ok
CP-010-FIG10-EQ20,a_over_A5=1,1,exact,eq20,1,1,80,1.6000000000000001,1.6000000000000001,0.72290555158270742,0.69094686010640605,0.022402643652639682,1,ok
CP-010-FIG10-EQ20,a_over_A5=1,1,exact,eq20,1,1,81,1.6200000000000001,1.6200000000000001,0.72290555158270742,0.69094686010640605,0.021450876360561168,1,ok
CP-010-FIG10-EQ20,a_over_A5=1,1,exact,eq20,1,1,82,1.6400000000000001,1.6400000000000001,0.72290555158270742,0.69094686010640605,0.020539544518526694,1,ok
CP-010-FIG10-EQ20,a_over_A5=1,1,exact,eq20,1,1,83,1.6600000000000001,1.6600000000000001,0.72290555158270742,0.69094686010640605,0.019666930242728007,1,ok
CP-010-FIG10-EQ20,a_over_A5=1,1,exact,eq20,1,1,84,1.6799999999999999,1.6799999999999999,0.72290555158270742,0.69094686010640605,0.018831388632958568,1,ok
CP-010-FIG10-EQ20,a_over_A5=1,1,exact,eq20,1,1,85,1.7,1.7,0.72290555158270742,0.69094686010640605,0.018031344671934478,1,ok
CP-010-FIG10-EQ20,a_over_A5=1,1,exact,eq20,1,1,86,1.72,1.72,0.72290555158270742,0.69094686010640605,0.017265290256346839,1,ok
CP-010-FIG10-EQ20,a_over_A5=1,1,exact,eq20,1,1,87,1.74,1.74,0.72290555158270742,0.69094686010640605,0.016531781354048314,1,ok
CP-010-FIG10-EQ20,a_over_A5=1,1,exact,eq20,1,1,88,1.76,1.76,0.72290555158270742,0.69094686010640605,0.015829435282015768,1,ok
CP-010-FIG10-EQ20,a_over_A5=1,1,exact,eq20,1,1,89,1.78,1.78,0.72290555158270742,0.69094686010640605,0.015156928099957324,1,ok
CP-010-FIG10-EQ20,a_over_A5=1,1,exact,eq20,1,1,90,1.8,1.8,0.72290555158270742,0.69094686010640605,0.014512992114651182,1,ok
CP-010-FIG10-EQ20,a_over_A5=1,1,exact,eq20,1,1,91,1.8200000000000001,1.8200000000000001,0.72290555158270742,0.69094686010640605,0.013896413490311425,1,ok
CP-010-FIG10-EQ20,a_over_A5=1,1,exact,eq20,1,1,92,1.8400000000000001,1.8400000000000001,0.72290555158270742,0.69094686010640605,0.013306029960476619,1,ok
CP-010-FIG10-EQ20,a_over_A5=1,1,exact,eq20,1,1,93,1.8600000000000001,1.8600000000000001,0.72290555158270742,0.69094686010640605,0.01274072863710775,1,ok
CP-010-FIG10-EQ20,a_over_A5=1,1,exact,eq20,1,1,94,1.8800000000000001,1.8800000000000001,0.72290555158270742,0.69094686010640605,0.012199443912765937,1,ok
CP-010-FIG10-EQ20,a_over_A5=1,1,exact,eq20,1,1,95,1.9000000000000001,1.9000000000000001,0.72290555158270742,0.69094686010640605,0.011681155451915087,1,ok
CP-010-FIG10-EQ20,a_over_A5=1,1,exact,eq20,1,1,96,1.9199999999999999,1.9199999999999999,0.72290555158270742,0.69094686010640605,0.011184886267563383,1,ok
CP-010-FIG10-EQ20,a_over_A5=1,1,exact,eq20,1,1,97,1.9399999999999999,1.9399999999999999,0.72290555158270742,0.69094686010640605,0.010709700879617857,1,ok
CP-010-FIG10-EQ20,a_over_A5=1,1,exact,eq20,1,1,98,1.96,1.96,0.72290555158270742,0.69094686010640605,0.010254703551480494,1,ok
CP-010-FIG10-EQ20,a_over_A5=1,1,exact,eq20,1,1,99,1.98,1.98,0.72290555158270742,0.69094686010640605,0.0098190366015618175,1,ok
CP-010-FIG10-EQ20,a_over_A5=1,1,exact,eq20,1,1,100,2,2,0.72290555158270742,0.69094686010640605,0.0094018787865292625,1,ok
CP-010-FIG10-EQ20,a_over_A5=1,1,exact,eq20,1,1,101,2.02,2.02,0.72290555158270742,0.69094686010640605,0.0090024437532424291,1,ok
CP-010-FIG10-EQ20,a_over_A5=1,1,exact,eq20,1,1,102,2.04,2.04,0.72290555158270742,0.69094686010640605,0.0086199785564573597,1,ok
CP-010-FIG10-EQ20,a_over_A5=1,1,exact,eq20,1,1,103,2.0600000000000001,2.0600000000000001,0.72290555158270742,0.69094686010640605,0.0082537622395055243,1,ok
CP-010-FIG10-EQ20,a_over_A5=1,1,exact,eq20,1,1,104,2.0800000000000001,2.0800000000000001,0.72290555158270742,0.69094686010640605,0.0079031044752720415,1,ok
CP-010-FIG10-EQ20,a_over_A5=1,1,exact,eq20,1,1,105,2.1000000000000001,2.1000000000000001,0.72290555158270742,0.69094686010640605,0.0075673442649114757,1,ok
CP-010-FIG10-EQ20,a_over_A5=1,1,exact,eq20,1,1,106,2.1200000000000001,2.1200000000000001,0.72290555158270742,0.69094686010640605,0.0072458486918480711,1,ok
CP-010-FIG10-EQ20,a_over_A5=1,1,exact,eq20,1,1,107,2.1400000000000001,2.1400000000000001,0.72290555158270742,0.69094686010640605,0.0069380117287118799,1,ok
CP-010-FIG10-EQ20,a_over_A5=1,1,exact,eq20,1,1,108,2.1600000000000001,2.1600000000000001,0.72290555158270742,0.69094686010640605,0.0066432530949616618,1,ok
CP-010-FIG10-EQ20,a_over_A5=1,1,exact,eq20,1,1,109,2.1800000000000002,2.1800000000000002,0.72290555158270742,0.69094686010640605,0.0063610171630412472,1,ok
CP-010-FIG10-EQ20,a_over_A5=1,1,exact,eq20,1,1,110,2.2000000000000002,2.2000000000000002,0.72290555158270742,0.69094686010640605,0.0060907719110073711,1,ok
CP-010-FIG10-EQ20,a_over_A5=1,1,exact,eq20,1,1,111,2.2200000000000002,2.2200000000000002,0.72290555158270742,0.69094686010640605,0.0058320079196547622,1,ok
CP-010-FIG10-EQ20,a_over_A5=1,1,exact,eq20,1,1,112,2.2400000000000002,2.2400000000000002,0.72290555158270742,0.69094686010640605,0.0055842374122478736,1,ok
CP-010-FIG10-EQ20,a_over_A5=1,1,exact,eq20,1,1,113,2.2600000000000002,2.2600000000000002,0.72290555158270742,0.69094686010640605,0.0053469933350493186,1,ok
CP-010-FIG10-EQ20,a_over_A5=1,1,exact,eq20,1,1,114,2.2800000000000002,2.2800000000000002,0.72290555158270742,0.69094686010640605,0.0051198284769116047,1,ok
CP-010-FIG10-EQ20,a_over_A5=1,1,exact,eq20,1,1,115,2.3000000000000003,2.3000000000000003,0.72290555158270742,0.69094686010640605,0.0049023146262727113,1,ok
CP-010-FIG10-EQ20,a_over_A5=1,1,exact,eq20,1,1,116,2.3199999999999998,2.3199999999999998,0.72290555158270742,0.69094686010640605,0.0046940417639663654,1,ok
CP-010-FIG10-EQ20,a_over_A5=1,1,exact,eq20,1,1,117,2.3399999999999999,2.3399999999999999,0.72290555158270742,0.69094686010640605,0.0044946172903254072,1,ok
CP-010-FIG10-EQ20,a_over_A5=1,1,exact,eq20,1,1,118,2.3599999999999999,2.3599999999999999,0.72290555158270742,0.69094686010640605,0.0043036652851214047,1,ok
CP-010-FIG10-EQ20,a_over_A5=1,1,exact,eq20,1,1,119,2.3799999999999999,2.3799999999999999,0.72290555158270742,0.69094686010640605,0.0041208257989454244,1,ok
CP-010-FIG10-EQ20,a_over_A5=1,1,exact,eq20,1,1,120,2.3999999999999999,2.3999999999999999,0.72290555158270742,0.69094686010640605,0.0039457541746941759,1,ok
CP-010-FIG10-EQ20,a_over_A5=1,1,exact,eq20,1,1,121,2.4199999999999999,2.4199999999999999,0.72290555158270742,0.69094686010640605,0.00377812039788259,1,ok
CP-010-FIG10-EQ20,a_over_A5=1,1,exact,eq20,1,1,122,2.4399999999999999,2.4399999999999999,0.72290555158270742,0.69094686010640605,0.0036176084745580582,1,ok
CP-010-FIG10-EQ20,a_over_A5=1,1,exact,eq20,1,1,123,2.46,2.46,0.72290555158270742,0.69094686010640605,0.003463915835643783,1,ok
CP-010-FIG10-EQ20,a_over_A5=1,1,exact,eq20,1,1,124,2.48,2.48,0.72290555158270742,0.69094686010640605,0.0033167527665883107,1,ok
CP-010-FIG10-EQ20,a_over_A5=1,1,exact,eq20,1,1,125,2.5,2.5,0.72290555158270742,0.69094686010640605,0.0031758418612462215,1,ok
CP-010-FIG10-EQ20,a_over_A5=1,1,exact,eq20,1,1,126,2.52,2.52,0.72290555158270742,0.69094686010640605,0.0030409174989604478,1,ok
CP-010-FIG10-EQ20,a_over_A5=1,1,exact,eq20,1,1,127,2.54,2.54,0.72290555158270742,0.69094686010640605,0.002911725343860542,1,ok
CP-010-FIG10-EQ20,a_over_A5=1,1,exact,eq20,1,1,128,2.5600000000000001,2.5600000000000001,0.72290555158270742,0.69094686010640605,0.0027880218654330758,1,ok
CP-010-FIG10-EQ20,a_over_A5=1,1,exact,eq20,1,1,129,2.5800000000000001,2.5800000000000001,0.72290555158270742,0.69094686010640605,0.0026695738794603936,1,ok
CP-010-FIG10-EQ20,a_over_A5=1,1,exact,eq20,1,1,130,2.6000000000000001,2.6000000000000001,0.72290555158270742,0.69094686010640605,0.0025561581084623973,1,ok
CP-010-FIG10-EQ20,a_over_A5=1,1,exact,eq20,1,1,131,2.6200000000000001,2.6200000000000001,0.72290555158270742,0.69094686010640605,0.0024475607608128009,1,ok
CP-010-FIG10-EQ20,a_over_A5=1,1,exact,eq20,1,1,132,2.6400000000000001,2.6400000000000001,0.72290555158270742,0.69094686010640605,0.0023435771277364433,1,ok
CP-010-FIG10-EQ20,a_over_A5=1,1,exact,eq20,1,1,133,2.6600000000000001,2.6600000000000001,0.72290555158270742,0.69094686010640605,0.0022440111974280359,1,ok
CP-010-FIG10-EQ20,a_over_A5=1,1,exact,eq20,1,1,134,2.6800000000000002,2.6800000000000002,0.72290555158270742,0.69094686010640605,0.0021486752855648713,1,ok
CP-010-FIG10-EQ20,a_over_A5=1,1,exact,eq20,1,1,135,2.7000000000000002,2.7000000000000002,0.72290555158270742,0.69094686010640605,0.0020573896815171055,1,ok
CP-010-FIG10-EQ20,a_over_A5=1,1,exact,eq20,1,1,136,2.7200000000000002,2.7200000000000002,0.72290555158270742,0.69094686010640605,0.0019699823095886107,1,ok
CP-010-FIG10-EQ20,a_over_A5=1,1,exact,eq20,1,1,137,2.7400000000000002,2.7400000000000002,0.72290555158270742,0.69094686010640605,0.0018862884046499052,1,ok
CP-010-FIG10-EQ20,a_over_A5=1,1,exact,eq20,1,1,138,2.7600000000000002,2.7600000000000002,0.72290555158270742,0.69094686010640605,0.0018061502015516665,1,ok
CP-010-FIG10-EQ20,a_over_A5=1,1,exact,eq20,1,1,139,2.7800000000000002,2.7800000000000002,0.72290555158270742,0.69094686010640605,0.0017294166377333936,1,ok
CP-010-FIG10-EQ20,a_over_A5=1,1,exact,eq20,1,1,140,2.8000000000000003,2.8000000000000003,0.72290555158270742,0.69094686010640605,0.001655943068466623,1,ok
CP-010-FIG10-EQ20,a_over_A5=1,1,exact,eq20,1,1,141,2.8199999999999998,2.8199999999999998,0.72290555158270742,0.69094686010640605,0.0015855909941959172,1,ok
CP-010-FIG10-EQ20,a_over_A5=1,1,exact,eq20,1,1,142,2.8399999999999999,2.8399999999999999,0.72290555158270742,0.69094686010640605,0.0015182277994636709,1,ok
CP-010-FIG10-EQ20,a_over_A5=1,1,exact,eq20,1,1,143,2.8599999999999999,2.8599999999999999,0.72290555158270742,0.69094686010640605,0.0014537265029265735,1,ok
CP-010-FIG10-EQ20,a_over_A5=1,1,exact,eq20,1,1,144,2.8799999999999999,2.8799999999999999,0.72290555158270742,0.69094686010640605,0.0013919655179925393,1,ok
CP-010-FIG10-EQ20,a_over_A5=1,1,exact,eq20,1,1,145,2.8999999999999999,2.8999999999999999,0.72290555158270742,0.69094686010640605,0.0013328284236268798,1,ok
CP-010-FIG10-EQ20,a_over_A5=1,1,exact,eq20,1,1,146,2.9199999999999999,2.9199999999999999,0.72290555158270742,0.69094686010640605,0.0012762037448956654,1,ok
CP-010-FIG10-EQ20,a_over_A5=1,1,exact,eq20,1,1,147,2.9399999999999999,2.9399999999999999,0.72290555158270742,0.69094686010640605,0.0012219847428326361,1,ok
CP-010-FIG10-EQ20,a_over_A5=1,1,exact,eq20,1,1,148,2.96,2.96,0.72290555158270742,0.69094686010640605,0.0011700692132335187,1,ok
CP-010-FIG10-EQ20,a_over_A5=1,1,exact,eq20,1,1,149,2.98,2.98,0.72290555158270742,0.69094686010640605,0.0011203592939984974,1,ok
CP-010-FIG10-EQ20,a_over_A5=1,1,exact,eq20,1,1,150,3,3,0.72290555158270742,0.69094686010640605,0.0010727612806596439,1,ok
CP-010-FIG10-EQ20,a_over_A5=1.5,1.5,exact,eq20,1,1.5,0,0,0,0.54677837289400233,0.83727737992578499,0.50063592475473551,1,ok
CP-010-FIG10-EQ20,a_over_A5=1.5,1.5,exact,eq20,1,1.5,1,0.02,0.029999999999999999,0.54677837289400233,0.83727737992578499,0.46264850894965276,1,ok
CP-010-FIG10-EQ20,a_over_A5=1.5,1.5,exact,eq20,1,1.5,2,0.040000000000000001,0.059999999999999998,0.54677837289400233,0.83727737992578499,0.42754351465727941,1,ok
CP-010-FIG10-EQ20,a_over_A5=1.5,1.5,exact,eq20,1,1.5,3,0.059999999999999998,0.089999999999999997,0.54677837289400233,0.83727737992578499,0.39510222855898502,1,ok
CP-010-FIG10-EQ20,a_over_A5=1.5,1.5,exact,eq20,1,1.5,4,0.080000000000000002,0.12,0.54677837289400233,0.83727737992578499,0.36512253293658647,1,ok
CP-010-FIG10-EQ20,a_over_A5=1.5,1.5,exact,eq20,1,1.5,5,0.10000000000000001,0.15000000000000002,0.54677837289400233,0.83727737992578499,0.33741764642597061,1,ok
CP-010-FIG10-EQ20,a_over_A5=1.5,1.5,exact,eq20,1,1.5,6,0.12,0.17999999999999999,0.54677837289400233,0.83727737992578499,0.31181496032022393,1,ok
CP-010-FIG10-EQ20,a_over_A5=1.5,1.5,exact,eq20,1,1.5,7,0.14000000000000001,0.21000000000000002,0.54677837289400233,0.83727737992578499,0.2881549631721313,1,ok
CP-010-FIG10-EQ20,a_over_A5=1.5,1.5,exact,eq20,1,1.5,8,0.16,0.23999999999999999,0.54677837289400233,0.83727737992578499,0.26629024699603854,1,ok
CP-010-FIG10-EQ20,a_over_A5=1.5,1.5,exact,eq20,1,1.5,9,0.17999999999999999,0.27000000000000002,0.54677837289400233,0.83727737992578499,0.24608458887745172,1,ok
CP-010-FIG10-EQ20,a_over_A5=1.5,1.5,exact,eq20,1,1.5,10,0.20000000000000001,0.30000000000000004,0.54677837289400233,0.83727737992578499,0.22741210226856462,1,ok
CP-010-FIG10-EQ20,a_over_A5=1.5,1.5,exact,eq20,1,1.5,11,0.22,0.33000000000000002,0.54677837289400233,0.83727737992578499,0.2101564526820589,1,ok
CP-010-FIG10-EQ20,a_over_A5=1.5,1.5,exact,eq20,1,1.5,12,0.23999999999999999,0.35999999999999999,0.54677837289400233,0.83727737992578499,0.1942101328967466,1,ok
CP-010-FIG10-EQ20,a_over_A5=1.5,1.5,exact,eq20,1,1.5,13,0.26000000000000001,0.39000000000000001,0.54677837289400233,0.83727737992578499,0.17947379315939474,1,ok
CP-010-FIG10-EQ20,a_over_A5=1.5,1.5,exact,eq20,1,1.5,14,0.28000000000000003,0.42000000000000004,0.54677837289400233,0.83727737992578499,0.16585562220971428,1,ok
CP-010-FIG10-EQ20,a_over_A5=1.5,1.5,exact,eq20,1,1.5,15,0.29999999999999999,0.44999999999999996,0.54677837289400233,0.83727737992578499,0.15327077527213634,1,ok
CP-010-FIG10-EQ20,a_over_A5=1.5,1.5,exact,eq20,1,1.5,16,0.32000000000000001,0.47999999999999998,0.54677837289400233,0.83727737992578499,0.14164084545061498,1,ok
CP-010-FIG10-EQ20,a_over_A5=1.5,1.5,exact,eq20,1,1.5,17,0.34000000000000002,0.51000000000000001,0.54677837289400233,0.83727737992578499,0.13089337523310721,1,ok
CP-010-FIG10-EQ20,a_over_A5=1.5,1.5,exact,eq20,1,1.5,18,0.35999999999999999,0.54000000000000004,0.54677837289400233,0.83727737992578499,0.12096140506227548,1,ok
CP-010-FIG10-EQ20,a_over_A5=1.5,1.5,exact,eq20,1,1.5,19,0.38,0.57000000000000006,0.54677837289400233,0.83727737992578499,0.11178305615988936,1,ok
CP-010-FIG10-EQ20,a_over_A5=1.5,1.5,exact,eq20,1,1.5,20,0.40000000000000002,0.60000000000000009,0.54677837289400233,0.83727737992578499,0.10330114500581275,1,ok
CP-010-FIG10-EQ20,a_over_A5=1.5,1.5,exact,eq20,1,1.5,21,0.41999999999999998,0.63,0.54677837289400233,0.83727737992578499,0.095462827069681011,1,ok
CP-010-FIG10-EQ20,a_over_A5=1.5,1.5,exact,eq20,1,1.5,22,0.44,0.66000000000000003,0.54677837289400233,0.83727737992578499,0.088219267575620972,1,ok
CP-010-FIG10-EQ20,a_over_A5=1.5,1.5,exact,eq20,1,1.5,23,0.46000000000000002,0.69000000000000006,0.54677837289400233,0.83727737992578499,0.081525337248793642,1,ok
CP-010-FIG10-EQ20,a_over_A5=1.5,1.5,exact,eq20,1,1.5,24,0.47999999999999998,0.71999999999999997,0.54677837289400233,0.83727737992578499,0.075339331148179242,1,ok
CP-010-FIG10-EQ20,a_over_A5=1.5,1.5,exact,eq20,1,1.5,25,0.5,0.75,0.54677837289400233,0.83727737992578499,0.069622708833860139,1,ok
CP-010-FIG10-EQ20,a_over_A5=1.5,1.5,exact,eq20,1,1.5,26,0.52000000000000002,0.78000000000000003,0.54677837289400233,0.83727737992578499,0.064339854249975154,1,ok
CP-010-FIG10-EQ20,a_over_A5=1.5,1.5,exact,eq20,1,1.5,27,0.54000000000000004,0.81000000000000005,0.54677837289400233,0.83727737992578499,0.05945785382735342,1,ok
CP-010-FIG10-EQ20,a_over_A5=1.5,1.5,exact,eq20,1,1.5,28,0.56000000000000005,0.84000000000000008,0.54677837289400233,0.83727737992578499,0.054946291423348899,1,ok
CP-010-FIG10-EQ20,a_over_A5=1.5,1.5,exact,eq20,1,1.5,29,0.57999999999999996,0.86999999999999988,0.54677837289400233,0.83727737992578499,0.050777058821296704,1,ok
CP-010-FIG10-EQ20,a_over_A5=1.5,1.5,exact,eq20,1,1.5,30,0.59999999999999998,0.89999999999999991,0.54677837289400233,0.83727737992578499,0.046924180608953626,1,ok
CP-010-FIG10-EQ20,a_over_A5=1.5,1.5,exact,eq20,1,1.5,31,0.62,0.92999999999999994,0.54677837289400233,0.83727737992578499,0.043363652344869504,1,ok
CP-010-FIG10-EQ20,a_over_A5=1.5,1.5,exact,eq20,1,1.5,32,0.64000000000000001,0.95999999999999996,0.54677837289400233,0.83727737992578499,0.040073291004423119,1,ok
CP-010-FIG10-EQ20,a_over_A5=1.5,1.5,exact,eq20,1,1.5,33,0.66000000000000003,0.98999999999999999,0.54677837289400233,0.83727737992578499,0.037032596773762617,1,ok
CP-010-FIG10-EQ20,a_over_A5=1.5,1.5,exact,eq20,1,1.5,34,0.68000000000000005,1.02,0.54677837289400233,0.83727737992578499,0.034222625330590478,1,ok
CP-010-FIG10-EQ20,a_over_A5=1.5,1.5,exact,eq20,1,1.5,35,0.70000000000000007,1.05,0.54677837289400233,0.83727737992578499,0.031625869816068429,1,ok
CP-010-FIG10-EQ20,a_over_A5=1.5,1.5,exact,eq20,1,1.5,36,0.71999999999999997,1.0800000000000001,0.54677837289400233,0.83727737992578499,0.029226151762496912,1,ok
CP-010-FIG10-EQ20,a_over_A5=1.5,1.5,exact,eq20,1,1.5,37,0.73999999999999999,1.1099999999999999,0.54677837289400233,0.83727737992578499,0.027008520297219386,1,ok
CP-010-FIG10-EQ20,a_over_A5=1.5,1.5,exact,eq20,1,1.5,38,0.76000000000000001,1.1400000000000001,0.54677837289400233,0.83727737992578499,0.024959158994765654,1,ok
CP-010-FIG10-EQ20,a_over_A5=1.5,1.5,exact,eq20,1,1.5,39,0.78000000000000003,1.1699999999999999,0.54677837289400233,0.83727737992578499,0.023065299796898801,1,ok
CP-010-FIG10-EQ20,a_over_A5=1.5,1.5,exact,eq20,1,1.5,40,0.80000000000000004,1.2000000000000002,0.54677837289400233,0.83727737992578499,0.021315143464264576,1,ok
CP-010-FIG10-EQ20,a_over_A5=1.5,1.5,exact,eq20,1,1.5,41,0.82000000000000006,1.23,0.54677837289400233,0.83727737992578499,0.019697786064036684,1,ok
CP-010-FIG10-EQ20,a_over_A5=1.5,1.5,exact,eq20,1,1.5,42,0.83999999999999997,1.26,0.54677837289400233,0.83727737992578499,0.018203151035556246,1,ok
CP-010-FIG10-EQ20,a_over_A5=1.5,1.5,exact,eq20,1,1.5,43,0.85999999999999999,1.29,0.54677837289400233,0.83727737992578499,0.016821926410717017,1,ok
CP-010-FIG10-EQ20,a_over_A5=1.5,1.5,exact,eq20,1,1.5,44,0.88,1.3200000000000001,0.54677837289400233,0.83727737992578499,0.015545506797962553,1,ok
CP-010-FIG10-EQ20,a_over_A5=1.5,1.5,exact,eq20,1,1.5,45,0.90000000000000002,1.3500000000000001,0.54677837289400233,0.83727737992578499,0.014365939768440554,1,ok
CP-010-FIG10-EQ20,a_over_A5=1.5,1.5,exact,eq20,1,1.5,46,0.92000000000000004,1.3800000000000001,0.54677837289400233,0.83727737992578499,0.013275876310286044,1,ok
CP-010-FIG10-EQ20,a_over_A5=1.5,1.5,exact,eq20,1,1.5,47,0.94000000000000006,1.4100000000000001,0.54677837289400233,0.83727737992578499,0.012268525042350662,1,ok
CP-010-FIG10-EQ20,a_over_A5=1.5,1.5,exact,eq20,1,1.5,48,0.95999999999999996,1.4399999999999999,0.54677837289400233,0.83727737992578499,0.011337609902117443,1,ok
CP-010-FIG10-EQ20,a_over_A5=1.5,1.5,exact,eq20,1,1.5,49,0.97999999999999998,1.47,0.54677837289400233,0.83727737992578499,0.010477331044185795,1,ok
CP-010-FIG10-EQ20,a_over_A5=1.5,1.5,exact,eq20,1,1.5,50,1,1.5,0.54677837289400233,0.83727737992578499,0.0096823287057140311,1,ok
CP-010-FIG10-EQ20,a_over_A5=1.5,1.5,exact,eq20,1,1.5,51,1.02,1.53,0.54677837289400233,0.83727737992578499,0.0089476498136915675,1,ok
CP-010-FIG10-EQ20,a_over_A5=1.5,1.5,exact,eq20,1,1.5,52,1.04,1.5600000000000001,0.54677837289400233,0.83727737992578499,0.0082687171259954364,1,ok
CP-010-FIG10-EQ20,a_over_A5=1.5,1.5,exact,eq20,1,1.5,53,1.0600000000000001,1.5900000000000001,0.54677837289400233,0.83727737992578499,0.0076413007139717057,1,ok
CP-010-FIG10-EQ20,a_over_A5=1.5,1.5,exact,eq20,1,1.5,54,1.0800000000000001,1.6200000000000001,0.54677837289400233,0.83727737992578499,0.0070614916088709758,1,ok
CP-010-FIG10-EQ20,a_over_A5=1.5,1.5,exact,eq20,1,1.5,55,1.1000000000000001,1.6500000000000001,0.54677837289400233,0.83727737992578499,0.0065256774479481479,1,ok
CP-010-FIG10-EQ20,a_over_A5=1.5,1.5,exact,eq20,1,1.5,56,1.1200000000000001,1.6800000000000002,0.54677837289400233,0.83727737992578499,0.0060305199684953835,1,ok
CP-010-FIG10-EQ20,a_over_A5=1.5,1.5,exact,eq20,1,1.5,57,1.1400000000000001,1.7100000000000002,0.54677837289400233,0.83727737992578499,0.0055729342095902096,1,ok
CP-010-FIG10-EQ20,a_over_A5=1.5,1.5,exact,eq20,1,1.5,58,1.1599999999999999,1.7399999999999998,0.54677837289400233,0.83727737992578499,0.0051500692919801043,1,ok
CP-010-FIG10-EQ20,a_over_A5=1.5,1.5,exact,eq20,1,1.5,59,1.1799999999999999,1.77,0.54677837289400233,0.83727737992578499,0.0047592906563572552,1,ok
CP-010-FIG10-EQ20,a_over_A5=1.5,1.5,exact,eq20,1,1.5,60,1.2,1.7999999999999998,0.54677837289400233,0.83727737992578499,0.0043981636493633826,1,ok
CP-010-FIG10-EQ20,a_over_A5=1.5,1.5,exact,eq20,1,1.5,61,1.22,1.8300000000000001,0.54677837289400233,0.83727737992578499,0.0040644383550609009,1,ok
CP-010-FIG10-EQ20,a_over_A5=1.5,1.5,exact,eq20,1,1.5,62,1.24,1.8599999999999999,0.54677837289400233,0.83727737992578499,0.0037560355773667829,1,ok
CP-010-FIG10-EQ20,a_over_A5=1.5,1.5,exact,eq20,1,1.5,63,1.26,1.8900000000000001,0.54677837289400233,0.83727737992578499,0.0034710338861157659,1,ok
CP-010-FIG10-EQ20,a_over_A5=1.5,1.5,exact,eq20,1,1.5,64,1.28,1.9199999999999999,0.54677837289400233,0.83727737992578499,0.0032076576460466823,1,ok
CP-010-FIG10-EQ20,a_over_A5=1.5,1.5,exact,eq20,1,1.5,65,1.3,1.9500000000000002,0.54677837289400233,0.83727737992578499,0.0029642659541291969,1,ok
CP-010-FIG10-EQ20,a_over_A5=1.5,1.5,exact,eq20,1,1.5,66,1.3200000000000001,1.98,0.54677837289400233,0.83727737992578499,0.0027393424163077332,1,ok
CP-010-FIG10-EQ20,a_over_A5=1.5,1.5,exact,eq20,1,1.5,67,1.3400000000000001,2.0100000000000002,0.54677837289400233,0.83727737992578499,0.0025314856999688841,1,ok
CP-010-FIG10-EQ20,a_over_A5=1.5,1.5,exact,eq20,1,1.5,68,1.3600000000000001,2.04,0.54677837289400233,0.83727737992578499,0.0023394008032718485,1,ok
CP-010-FIG10-EQ20,a_over_A5=1.5,1.5,exact,eq20,1,1.5,69,1.3800000000000001,2.0700000000000003,0.54677837289400233,0.83727737992578499,0.0021618909869474019,1,ok
CP-010-FIG10-EQ20,a_over_A5=1.5,1.5,exact,eq20,1,1.5,70,1.4000000000000001,2.1000000000000001,0.54677837289400233,0.83727737992578499,0.001997850318298492,1,ok
CP-010-FIG10-EQ20,a_over_A5=1.5,1.5,exact,eq20,1,1.5,71,1.4199999999999999,2.1299999999999999,0.54677837289400233,0.83727737992578499,0.0018462567809495662,1,ok
CP-010-FIG10-EQ20,a_over_A5=1.5,1.5,exact,eq20,1,1.5,72,1.4399999999999999,2.1600000000000001,0.54677837289400233,0.83727737992578499,0.0017061659074165791,1,ok
CP-010-FIG10-EQ20,a_over_A5=1.5,1.5,exact,eq20,1,1.5,73,1.46,2.1899999999999999,0.54677837289400233,0.83727737992578499,0.0015767048948269579,1,ok
CP-010-FIG10-EQ20,a_over_A5=1.5,1.5,exact,eq20,1,1.5,74,1.48,2.2199999999999998,0.54677837289400233,0.83727737992578499,0.001457067167128844,1,ok
CP-010-FIG10-EQ20,a_over_A5=1.5,1.5,exact,eq20,1,1.5,75,1.5,2.25,0.54677837289400233,0.83727737992578499,0.0013465073499108247,1,ok
CP-010-FIG10-EQ20,a_over_A5=1.5,1.5,exact,eq20,1,1.5,76,1.52,2.2800000000000002,0.54677837289400233,0.83727737992578499,0.001244336626523921,1,ok
CP-010-FIG10-EQ20,a_over_A5=1.5,1.5,exact,eq20,1,1.5,77,1.54,2.3100000000000001,0.54677837289400233,0.83727737992578499,0.001149918446573261,1,ok
CP-010-FIG10-EQ20,a_over_A5=1.5,1.5,exact,eq20,1,1.5,78,1.5600000000000001,2.3399999999999999,0.54677837289400233,0.83727737992578499,0.001062664560042218,1,ok
CP-010-FIG10-EQ20,a_over_A5=1.5,1.5,exact,eq20,1,1.5,79,1.5800000000000001,2.3700000000000001,0.54677837289400233,0.83727737992578499,0.00098203135234058115,1,ok
CP-010-FIG10-EQ20,a_over_A5=1.5,1.5,exact,eq20,1,1.5,80,1.6000000000000001,2.4000000000000004,0.54677837289400233,0.83727737992578499,0.00090751645744312573,1,ok
CP-010-FIG10-EQ20,a_over_A5=1.5,1.5,exact,eq20,1,1.5,81,1.6200000000000001,2.4300000000000002,0.54677837289400233,0.83727737992578499,0.00083865562801755745,1,ok
CP-010-FIG10-EQ20,a_over_A5=1.5,1.5,exact,eq20,1,1.5,82,1.6400000000000001,2.46,0.54677837289400233,0.83727737992578499,0.00077501984304191248,1,ok
CP-010-FIG10-EQ20,a_over_A5=1.5,1.5,exact,eq20,1,1.5,83,1.6600000000000001,2.4900000000000002,0.54677837289400233,0.83727737992578499,0.00071621263489110543,1,ok
CP-010-FIG10-EQ20,a_over_A5=1.5,1.5,exact,eq20,1,1.5,84,1.6799999999999999,2.52,0.54677837289400233,0.83727737992578499,0.00066186761923968016,1,ok
CP-010-FIG10-EQ20,a_over_A5=1.5,1.5,exact,eq20,1,1.5,85,1.7,2.5499999999999998,0.54677837289400233,0.83727737992578499,0.00061164621239138972,1,ok
CP-010-FIG10-EQ20,a_over_A5=1.5,1.5,exact,eq20,1,1.5,86,1.72,2.5800000000000001,0.54677837289400233,0.83727737992578499,0.00056523552181400279,1,ok
CP-010-FIG10-EQ20,a_over_A5=1.5,1.5,exact,eq20,1,1.5,87,1.74,2.6099999999999999,0.54677837289400233,0.83727737992578499,0.00052234639673679069,1,ok
CP-010-FIG10-EQ20,a_over_A5=1.5,1.5,exact,eq20,1,1.5,88,1.76,2.6400000000000001,0.54677837289400233,0.83727737992578499,0.00048271162666540954,1,ok
CP-010-FIG10-EQ20,a_over_A5=1.5,1.5,exact,eq20,1,1.5,89,1.78,2.6699999999999999,0.54677837289400233,0.83727737992578499,0.00044608427659046187,1,ok
CP-010-FIG10-EQ20,a_over_A5=1.5,1.5,exact,eq20,1,1.5,90,1.8,2.7000000000000002,0.54677837289400233,0.83727737992578499,0.00041223614851764525,1,ok
CP-010-FIG10-EQ20,a_over_A5=1.5,1.5,exact,eq20,1,1.5,91,1.8200000000000001,2.73,0.54677837289400233,0.83727737992578499,0.00038095635973441446,1,ok
CP-010-FIG10-EQ20,a_over_A5=1.5,1.5,exact,eq20,1,1.5,92,1.8400000000000001,2.7600000000000002,0.54677837289400233,0.83727737992578499,0.00035205002895539219,1,ok
CP-010-FIG10-EQ20,a_over_A5=1.5,1.5,exact,eq20,1,1.5,93,1.8600000000000001,2.79,0.54677837289400233,0.83727737992578499,0.00032533706216086671,1,ok
CP-010-FIG10-EQ20,a_over_A5=1.5,1.5,exact,eq20,1,1.5,94,1.8800000000000001,2.8200000000000003,0.54677837289400233,0.83727737992578499,0.00030065103056382608,1,ok
CP-010-FIG10-EQ20,a_over_A5=1.5,1.5,exact,eq20,1,1.5,95,1.9000000000000001,2.8500000000000001,0.54677837289400233,0.83727737992578499,0.00027783813371498362,1,ok
CP-010-FIG10-EQ20,a_over_A5=1.5,1.5,exact,eq20,1,1.5,96,1.9199999999999999,2.8799999999999999,0.54677837289400233,0.83727737992578499,0.00025675624128565023,1,ok
CP-010-FIG10-EQ20,a_over_A5=1.5,1.5,exact,eq20,1,1.5,97,1.9399999999999999,2.9100000000000001,0.54677837289400233,0.83727737992578499,0.00023727400755852311,1,ok
CP-010-FIG10-EQ20,a_over_A5=1.5,1.5,exact,eq20,1,1.5,98,1.96,2.9399999999999999,0.54677837289400233,0.83727737992578499,0.00021927005310942992,1,ok
CP-010-FIG10-EQ20,a_over_A5=1.5,1.5,exact,eq20,1,1.5,99,1.98,2.9699999999999998,0.54677837289400233,0.83727737992578499,0.00020263220858169031,1,ok
CP-010-FIG10-EQ20,a_over_A5=1.5,1.5,exact,eq20,1,1.5,100,2,3,0.54677837289400233,0.83727737992578499,0.00018725681584161463,1,ok
CP-010-FIG10-EQ20,a_over_A5=1.5,1.5,exact,eq20,1,1.5,101,2.02,3.0300000000000002,0.54677837289400233,0.83727737992578499,0.00017304808216115369,1,ok
CP-010-FIG10-EQ20,a_over_A5=1.5,1.5,exact,eq20,1,1.5,102,2.04,3.0600000000000001,0.54677837289400233,0.83727737992578499,0.00015991748340408614,1,ok
CP-010-FIG10-EQ20,a_over_A5=1.5,1.5,exact,eq20,1,1.5,103,2.0600000000000001,3.0899999999999999,0.54677837289400233,0.83727737992578499,0.00014778321249743975,1,ok
CP-010-FIG10-EQ20,a_over_A5=1.5,1.5,exact,eq20,1,1.5,104,2.0800000000000001,3.1200000000000001,0.54677837289400233,0.83727737992578499,0.0001365696697519778,1,ok
CP-010-FIG10-EQ20,a_over_A5=1.5,1.5,exact,eq20,1,1.5,105,2.1000000000000001,3.1500000000000004,0.54677837289400233,0.83727737992578499,0.00012620699185631362,1,ok
CP-010-FIG10-EQ20,a_over_A5=1.5,1.5,exact,eq20,1,1.5,106,2.1200000000000001,3.1800000000000002,0.54677837289400233,0.83727737992578499,0.00011663061661016406,1,ok
CP-010-FIG10-EQ20,a_over_A5=1.5,1.5,exact,eq20,1,1.5,107,2.1400000000000001,3.21,0.54677837289400233,0.83727737992578499,0.00010778088068491263,1,ok
CP-010-FIG10-EQ20,a_over_A5=1.5,1.5,exact,eq20,1,1.5,108,2.1600000000000001,3.2400000000000002,0.54677837289400233,0.83727737992578499,9.9602647905429854e-05,1,ok
CP-010-FIG10-EQ20,a_over_A5=1.5,1.5,exact,eq20,1,1.5,109,2.1800000000000002,3.2700000000000005,0.54677837289400233,0.83727737992578499,9.2044965737246454e-05,1,ok
CP-010-FIG10-EQ20,a_over_A5=1.5,1.5,exact,eq20,1,1.5,110,2.2000000000000002,3.3000000000000003,0.54677837289400233,0.83727737992578499,8.5060747838903937e-05,1,ok
CP-010-FIG10-EQ20,a_over_A5=1.5,1.5,exact,eq20,1,1.5,111,2.2200000000000002,3.3300000000000001,0.54677837289400233,0.83727737992578499,7.8606480701700964e-05,1,ok
CP-010-FIG10-EQ20,a_over_A5=1.5,1.5,exact,eq20,1,1.5,112,2.2400000000000002,3.3600000000000003,0.54677837289400233,0.83727737992578499,7.2641952549126502e-05,1,ok
CP-010-FIG10-EQ20,a_over_A5=1.5,1.5,exact,eq20,1,1.5,113,2.2600000000000002,3.3900000000000006,0.54677837289400233,0.83727737992578499,6.7130002806948714e-05,1,ok
CP-010-FIG10-EQ20,a_over_A5=1.5,1.5,exact,eq20,1,1.5,114,2.2800000000000002,3.4200000000000004,0.54677837289400233,0.83727737992578499,6.2036290583094181e-05,1,ok
CP-010-FIG10-EQ20,a_over_A5=1.5,1.5,exact,eq20,1,1.5,115,2.3000000000000003,3.4500000000000002,0.54677837289400233,0.83727737992578499,5.7329080714886204e-05,1,ok
CP-010-FIG10-EQ20,a_over_A5=1.5,1.5,exact,eq20,1,1.5,116,2.3199999999999998,3.4799999999999995,0.54677837289400233,0.83727737992578499,5.2979046050661137e-05,1,ok
CP-010-FIG10-EQ20,a_over_A5=1.5,1.5,exact,eq20,1,1.5,117,2.3399999999999999,3.5099999999999998,0.54677837289400233,0.83727737992578499,4.8959084733923684e-05,1,ok
CP-010-FIG10-EQ20,a_over_A5=1.5,1.5,exact,eq20,1,1.5,118,2.3599999999999999,3.54,0.54677837289400233,0.83727737992578499,4.5244151351675878e-05,1,ok
CP-010-FIG10-EQ20,a_over_A5=1.5,1.5,exact,eq20,1,1.5,119,2.3799999999999999,3.5699999999999998,0.54677837289400233,0.83727737992578499,4.1811100894926897e-05,1,ok
CP-010-FIG10-EQ20,a_over_A5=1.5,1.5,exact,eq20,1,1.5,120,2.3999999999999999,3.5999999999999996,0.54677837289400233,0.83727737992578499,3.8638544559218551e-05,1,ok
CP-010-FIG10-EQ20,a_over_A5=1.5,1.5,exact,eq20,1,1.5,121,2.4199999999999999,3.6299999999999999,0.54677837289400233,0.83727737992578499,3.5706716486765805e-05,1,ok
CP-010-FIG10-EQ20,a_over_A5=1.5,1.5,exact,eq20,1,1.5,122,2.4399999999999999,3.6600000000000001,0.54677837289400233,0.83727737992578499,3.299735061998046e-05,1,ok
CP-010-FIG10-EQ20,a_over_A5=1.5,1.5,exact,eq20,1,1.5,123,2.46,3.6899999999999999,0.54677837289400233,0.83727737992578499,3.0493566899143044e-05,1,ok
CP-010-FIG10-EQ20,a_over_A5=1.5,1.5,exact,eq20,1,1.5,124,2.48,3.7199999999999998,0.54677837289400233,0.83727737992578499,2.8179766095204851e-05,1,ok
CP-010-FIG10-EQ20,a_over_A5=1.5,1.5,exact,eq20,1,1.5,125,2.5,3.75,0.54677837289400233,0.83727737992578499,2.6041532622501222e-05,1,ok
CP-010-FIG10-EQ20,a_over_A5=1.5,1.5,exact,eq20,1,1.5,126,2.52,3.7800000000000002,0.54677837289400233,0.83727737992578499,2.4065544725873076e-05,1,ok
CP-010-FIG10-EQ20,a_over_A5=1.5,1.5,exact,eq20,1,1.5,127,2.54,3.8100000000000001,0.54677837289400233,0.83727737992578499,2.2239491482639653e-05,1,ok
CP-010-FIG10-EQ20,a_over_A5=1.5,1.5,exact,eq20,1,1.5,128,2.5600000000000001,3.8399999999999999,0.54677837289400233,0.83727737992578499,2.05519961023221e-05,1,ok
CP-010-FIG10-EQ20,a_over_A5=1.5,1.5,exact,eq20,1,1.5,129,2.5800000000000001,3.8700000000000001,0.54677837289400233,0.83727737992578499,1.8992545046256078e-05,1,ok
CP-010-FIG10-EQ20,a_over_A5=1.5,1.5,exact,eq20,1,1.5,130,2.6000000000000001,3.9000000000000004,0.54677837289400233,0.83727737992578499,1.7551422525489394e-05,1,ok
CP-010-FIG10-EQ20,a_over_A5=1.5,1.5,exact,eq20,1,1.5,131,2.6200000000000001,3.9300000000000002,0.54677837289400233,0.83727737992578499,1.6219649968869347e-05,1,ok
CP-010-FIG10-EQ20,a_over_A5=1.5,1.5,exact,eq20,1,1.5,132,2.6400000000000001,3.96,0.54677837289400233,0.83727737992578499,1.4988930084190305e-05,1,ok
CP-010-FIG10-EQ20,a_over_A5=1.5,1.5,exact,eq20,1,1.5,133,2.6600000000000001,3.9900000000000002,0.54677837289400233,0.83727737992578499,1.3851595163887903e-05,1,ok
CP-010-FIG10-EQ20,a_over_A5=1.5,1.5,exact,eq20,1,1.5,134,2.6800000000000002,4.0200000000000005,0.54677837289400233,0.83727737992578499,1.2800559313210443e-05,1,ok
CP-010-FIG10-EQ20,a_over_A5=1.5,1.5,exact,eq20,1,1.5,135,2.7000000000000002,4.0500000000000007,0.54677837289400233,0.83727737992578499,1.182927430323682e-05,1,ok
CP-010-FIG10-EQ20,a_over_A5=1.5,1.5,exact,eq20,1,1.5,136,2.7200000000000002,4.0800000000000001,0.54677837289400233,0.83727737992578499,1.0931688773693429e-05,1,ok
CP-010-FIG10-EQ20,a_over_A5=1.5,1.5,exact,eq20,1,1.5,137,2.7400000000000002,4.1100000000000003,0.54677837289400233,0.83727737992578499,1.010221053139291e-05,1,ok
CP-010-FIG10-EQ20,a_over_A5=1.5,1.5,exact,eq20,1,1.5,138,2.7600000000000002,4.1400000000000006,0.54677837289400233,0.83727737992578499,9.3356717094046353e-06,1,ok
CP-010-FIG10-EQ20,a_over_A5=1.5,1.5,exact,eq20,1,1.5,139,2.7800000000000002,4.1699999999999999,0.54677837289400233,0.83727737992578499,8.627296569888536e-06,1,ok
CP-010-FIG10-EQ20,a_over_A5=1.5,1.5,exact,eq20,1,1.5,140,2.8000000000000003,4.2000000000000002,0.54677837289400233,0.83727737992578499,7.9726717499963681e-06,1,ok
CP-010-FIG10-EQ20,a_over_A5=1.5,1.5,exact,eq20,1,1.5,141,2.8199999999999998,4.2299999999999995,0.54677837289400233,0.83727737992578499,7.3677187654639182e-06,1,ok
CP-010-FIG10-EQ20,a_over_A5=1.5,1.5,exact,eq20,1,1.5,142,2.8399999999999999,4.2599999999999998,0.54677837289400233,0.83727737992578499,6.8086686005847045e-06,1,ok
CP-010-FIG10-EQ20,a_over_A5=1.5,1.5,exact,eq20,1,1.5,143,2.8599999999999999,4.29,0.54677837289400233,0.83727737992578499,6.2920382262540231e-06,1,ok
CP-010-FIG10-EQ20,a_over_A5=1.5,1.5,exact,eq20,1,1.5,144,2.8799999999999999,4.3200000000000003,0.54677837289400233,0.83727737992578499,5.8146088997843207e-06,1,ok
CP-010-FIG10-EQ20,a_over_A5=1.5,1.5,exact,eq20,1,1.5,145,2.8999999999999999,4.3499999999999996,0.54677837289400233,0.83727737992578499,5.3734061112943676e-06,1,ok
CP-010-FIG10-EQ20,a_over_A5=1.5,1.5,exact,eq20,1,1.5,146,2.9199999999999999,4.3799999999999999,0.54677837289400233,0.83727737992578499,4.9656810517327408e-06,1,ok
CP-010-FIG10-EQ20,a_over_A5=1.5,1.5,exact,eq20,1,1.5,147,2.9399999999999999,4.4100000000000001,0.54677837289400233,0.83727737992578499,4.5888934870768411e-06,1,ok
CP-010-FIG10-EQ20,a_over_A5=1.5,1.5,exact,eq20,1,1.5,148,2.96,4.4399999999999995,0.54677837289400233,0.83727737992578499,4.2406959320088074e-06,1,ok
CP-010-FIG10-EQ20,a_over_A5=1.5,1.5,exact,eq20,1,1.5,149,2.98,4.4699999999999998,0.54677837289400233,0.83727737992578499,3.9189190244665435e-06,1,ok
CP-010-FIG10-EQ20,a_over_A5=1.5,1.5,exact,eq20,1,1.5,150,3,4.5,0.54677837289400233,0.83727737992578499,3.6215580099492692e-06,1,ok
CP-010-FIG10-EQ20,a_over_A5=2,2,exact,eq20,1,2,0,0,0,0.43303978115604624,0.90137480990780061,0.33805783191430183,1,ok
CP-010-FIG10-EQ20,a_over_A5=2,2,exact,eq20,1,2,1,0.02,0.040000000000000001,0.43303978115604624,0.90137480990780061,0.30185503390546059,1,ok
CP-010-FIG10-EQ20,a_over_A5=2,2,exact,eq20,1,2,2,0.040000000000000001,0.080000000000000002,0.43303978115604624,0.90137480990780061,0.26952921332455604,1,ok
CP-010-FIG10-EQ20,a_over_A5=2,2,exact,eq20,1,2,3,0.059999999999999998,0.12,0.43303978115604624,0.90137480990780061,0.2406651825395974,1,ok
CP-010-FIG10-EQ20,a_over_A5=2,2,exact,eq20,1,2,4,0.080000000000000002,0.16,0.43303978115604624,0.90137480990780061,0.21489221658905364,1,ok
CP-010-FIG10-EQ20,a_over_A5=2,2,exact,eq20,1,2,5,0.10000000000000001,0.20000000000000001,0.43303978115604624,0.90137480990780061,0.19187929165016973,1,ok
CP-010-FIG10-EQ20,a_over_A5=2,2,exact,eq20,1,2,6,0.12,0.23999999999999999,0.43303978115604624,0.90137480990780061,0.17133083342231362,1,ok
CP-010-FIG10-EQ20,a_over_A5=2,2,exact,eq20,1,2,7,0.14000000000000001,0.28000000000000003,0.43303978115604624,0.90137480990780061,0.1529829208182748,1,ok
CP-010-FIG10-EQ20,a_over_A5=2,2,exact,eq20,1,2,8,0.16,0.32000000000000001,0.43303978115604624,0.90137480990780061,0.13659989620433668,1,ok
CP-010-FIG10-EQ20,a_over_A5=2,2,exact,eq20,1,2,9,0.17999999999999999,0.35999999999999999,0.43303978115604624,0.90137480990780061,0.12197133865159253,1,ok
CP-010-FIG10-EQ20,a_over_A5=2,2,exact,eq20,1,2,10,0.20000000000000001,0.40000000000000002,0.43303978115604624,0.90137480990780061,0.10890936132343243,1,ok
CP-010-FIG10-EQ20,a_over_A5=2,2,exact,eq20,1,2,11,0.22,0.44,0.43303978115604624,0.90137480990780061,0.097246198287281732,1,ok
CP-010-FIG10-EQ20,a_over_A5=2,2,exact,eq20,1,2,12,0.23999999999999999,0.47999999999999998,0.43303978115604624,0.90137480990780061,0.086832049755989418,1,ok
CP-010-FIG10-EQ20,a_over_A5=2,2,exact,eq20,1,2,13,0.26000000000000001,0.52000000000000002,0.43303978115604624,0.90137480990780061,0.077533158083494064,1,ok
CP-010-FIG10-EQ20,a_over_A5=2,2,exact,eq20,1,2,14,0.28000000000000003,0.56000000000000005,0.43303978115604624,0.90137480990780061,0.069230089803165459,1,ok
CP-010-FIG10-EQ20,a_over_A5=2,2,exact,eq20,1,2,15,0.29999999999999999,0.59999999999999998,0.43303978115604624,0.90137480990780061,0.061816201643599661,1,ok
CP-010-FIG10-EQ20,a_over_A5=2,2,exact,eq20,1,2,16,0.32000000000000001,0.64000000000000001,0.43303978115604624,0.90137480990780061,0.05519627081962053,1,ok
CP-010-FIG10-EQ20,a_over_A5=2,2,exact,eq20,1,2,17,0.34000000000000002,0.68000000000000005,0.43303978115604624,0.90137480990780061,0.049285272006167266,1,ok
CP-010-FIG10-EQ20,a_over_A5=2,2,exact,eq20,1,2,18,0.35999999999999999,0.71999999999999997,0.43303978115604624,0.90137480990780061,0.044007285286716311,1,ok
CP-010-FIG10-EQ20,a_over_A5=2,2,exact,eq20,1,2,19,0.38,0.76000000000000001,0.43303978115604624,0.90137480990780061,0.039294521050103941,1,ok
CP-010-FIG10-EQ20,a_over_A5=2,2,exact,eq20,1,2,20,0.40000000000000002,0.80000000000000004,0.43303978115604624,0.90137480990780061,0.035086449311681096,1,ok
CP-010-FIG10-EQ20,a_over_A5=2,2,exact,eq20,1,2,21,0.41999999999999998,0.83999999999999997,0.43303978115604624,0.90137480990780061,0.031329022275941719,1,ok
CP-010-FIG10-EQ20,a_over_A5=2,2,exact,eq20,1,2,22,0.44,0.88,0.43303978115604624,0.90137480990780061,0.027973980155344056,1,ok
CP-010-FIG10-EQ20,a_over_A5=2,2,exact,eq20,1,2,23,0.46000000000000002,0.92000000000000004,0.43303978115604624,0.90137480990780061,0.024978231329373993,1,ok
CP-010-FIG10-EQ20,a_over_A5=2,2,exact,eq20,1,2,24,0.47999999999999998,0.95999999999999996,0.43303978115604624,0.90137480990780061,0.022303298882712992,1,ok
CP-010-FIG10-EQ20,a_over_A5=2,2,exact,eq20,1,2,25,0.5,1,0.43303978115604624,0.90137480990780061,0.019914826413936229,1,ok
CP-010-FIG10-EQ20,a_over_A5=2,2,exact,eq20,1,2,26,0.52000000000000002,1.04,0.43303978115604624,0.90137480990780061,0.017782136767427351,1,ok
CP-010-FIG10-EQ20,a_over_A5=2,2,exact,eq20,1,2,27,0.54000000000000004,1.0800000000000001,0.43303978115604624,0.90137480990780061,0.015877838020933711,1,ok
CP-010-FIG10-EQ20,a_over_A5=2,2,exact,eq20,1,2,28,0.56000000000000005,1.1200000000000001,0.43303978115604624,0.90137480990780061,0.014177471668129667,1,ok
CP-010-FIG10-EQ20,a_over_A5=2,2,exact,eq20,1,2,29,0.57999999999999996,1.1599999999999999,0.43303978115604624,0.90137480990780061,0.012659198477501511,1,ok
CP-010-FIG10-EQ20,a_over_A5=2,2,exact,eq20,1,2,30,0.59999999999999998,1.2,0.43303978115604624,0.90137480990780061,0.011303517992776051,1,ok
CP-010-FIG10-EQ20,a_over_A5=2,2,exact,eq20,1,2,31,0.62,1.24,0.43303978115604624,0.90137480990780061,0.010093018072201776,1,ok
CP-010-FIG10-EQ20,a_over_A5=2,2,exact,eq20,1,2,32,0.64000000000000001,1.28,0.43303978115604624,0.90137480990780061,0.0090121512498051431,1,ok
CP-010-FIG10-EQ20,a_over_A5=2,2,exact,eq20,1,2,33,0.66000000000000003,1.3200000000000001,0.43303978115604624,0.90137480990780061,0.0080470350462422853,1,ok
CP-010-FIG10-EQ20,a_over_A5=2,2,exact,eq20,1,2,34,0.68000000000000005,1.3600000000000001,0.43303978115604624,0.90137480990780061,0.0071852736644706979,1,ok
CP-010-FIG10-EQ20,a_over_A5=2,2,exact,eq20,1,2,35,0.70000000000000007,1.4000000000000001,0.43303978115604624,0.90137480990780061,0.0064157987801289531,1,ok
CP-010-FIG10-EQ20,a_over_A5=2,2,exact,eq20,1,2,36,0.71999999999999997,1.4399999999999999,0.43303978115604624,0.90137480990780061,0.0057287273817616478,1,ok
CP-010-FIG10-EQ20,a_over_A5=2,2,exact,eq20,1,2,37,0.73999999999999999,1.48,0.43303978115604624,0.90137480990780061,0.0051152348350123958,1,ok
CP-010-FIG10-EQ20,a_over_A5=2,2,exact,eq20,1,2,38,0.76000000000000001,1.52,0.43303978115604624,0.90137480990780061,0.0045674415404417645,1,ok
CP-010-FIG10-EQ20,a_over_A5=2,2,exact,eq20,1,2,39,0.78000000000000003,1.5600000000000001,0.43303978115604624,0.90137480990780061,0.0040783117292214101,1,ok
CP-010-FIG10-EQ20,a_over_A5=2,2,exact,eq20,1,2,40,0.80000000000000004,1.6000000000000001,0.43303978115604624,0.90137480990780061,0.0036415630968527368,1,ok
CP-010-FIG10-EQ20,a_over_A5=2,2,exact,eq20,1,2,41,0.82000000000000006,1.6400000000000001,0.43303978115604624,0.90137480990780061,0.0032515861142599161,1,ok
CP-010-FIG10-EQ20,a_over_A5=2,2,exact,eq20,1,2,42,0.83999999999999997,1.6799999999999999,0.43303978115604624,0.90137480990780061,0.0029033719799021426,1,ok
CP-010-FIG10-EQ20,a_over_A5=2,2,exact,eq20,1,2,43,0.85999999999999999,1.72,0.43303978115604624,0.90137480990780061,0.0025924482875335185,1,ok
CP-010-FIG10-EQ20,a_over_A5=2,2,exact,eq20,1,2,44,0.88,1.76,0.43303978115604624,0.90137480990780061,0.0023148215833377261,1,ok
CP-010-FIG10-EQ20,a_over_A5=2,2,exact,eq20,1,2,45,0.90000000000000002,1.8,0.43303978115604624,0.90137480990780061,0.0020669260746505433,1,ok
CP-010-FIG10-EQ20,a_over_A5=2,2,exact,eq20,1,2,46,0.92000000000000004,1.8400000000000001,0.43303978115604624,0.90137480990780061,0.0018455778314932904,1,ok
CP-010-FIG10-EQ20,a_over_A5=2,2,exact,eq20,1,2,47,0.94000000000000006,1.8800000000000001,0.43303978115604624,0.90137480990780061,0.0016479338926891013,1,ok
CP-010-FIG10-EQ20,a_over_A5=2,2,exact,eq20,1,2,48,0.95999999999999996,1.9199999999999999,0.43303978115604624,0.90137480990780061,0.0014714557513275648,1,ok
CP-010-FIG10-EQ20,a_over_A5=2,2,exact,eq20,1,2,49,0.97999999999999998,1.96,0.43303978115604624,0.90137480990780061,0.001313876750590899,1,ok
CP-010-FIG10-EQ20,a_over_A5=2,2,exact,eq20,1,2,50,1,2,0.43303978115604624,0.90137480990780061,0.0011731729711789397,1,ok
CP-010-FIG10-EQ20,a_over_A5=2,2,exact,eq20,1,2,51,1.02,2.04,0.43303978115604624,0.90137480990780061,0.0010475372364156937,1,ok
CP-010-FIG10-EQ20,a_over_A5=2,2,exact,eq20,1,2,52,1.04,2.0800000000000001,0.43303978115604624,0.90137480990780061,0.00093535590116323617,1,ok
CP-010-FIG10-EQ20,a_over_A5=2,2,exact,eq20,1,2,53,1.0600000000000001,2.1200000000000001,0.43303978115604624,0.90137480990780061,0.00083518812642351462,1,ok
CP-010-FIG10-EQ20,a_over_A5=2,2,exact,eq20,1,2,54,1.0800000000000001,2.1600000000000001,0.43303978115604624,0.90137480990780061,0.00074574737343436964,1,ok
CP-010-FIG10-EQ20,a_over_A5=2,2,exact,eq20,1,2,55,1.1000000000000001,2.2000000000000002,0.43303978115604624,0.90137480990780061,0.00066588487957292713,1,ok
CP-010-FIG10-EQ20,a_over_A5=2,2,exact,eq20,1,2,56,1.1200000000000001,2.2400000000000002,0.43303978115604624,0.90137480990780061,0.00059457490383353509,1,ok
CP-010-FIG10-EQ20,a_over_A5=2,2,exact,eq20,1,2,57,1.1400000000000001,2.2800000000000002,0.43303978115604624,0.90137480990780061,0.00053090155237552734,1,ok
CP-010-FIG10-EQ20,a_over_A5=2,2,exact,eq20,1,2,58,1.1599999999999999,2.3199999999999998,0.43303978115604624,0.90137480990780061,0.00047404701493027822,1,ok
CP-010-FIG10-EQ20,a_over_A5=2,2,exact,eq20,1,2,59,1.1799999999999999,2.3599999999999999,0.43303978115604624,0.90137480990780061,0.0004232810609778621,1,ok
CP-010-FIG10-EQ20,a_over_A5=2,2,exact,eq20,1,2,60,1.2,2.3999999999999999,0.43303978115604624,0.90137480990780061,0.00037795166078389132,1,ok
CP-010-FIG10-EQ20,a_over_A5=2,2,exact,eq20,1,2,61,1.22,2.4399999999999999,0.43303978115604624,0.90137480990780061,0.00033747661083464471,1,ok
CP-010-FIG10-EQ20,a_over_A5=2,2,exact,eq20,1,2,62,1.24,2.48,0.43303978115604624,0.90137480990780061,0.00030133605610893112,1,ok
CP-010-FIG10-EQ20,a_over_A5=2,2,exact,eq20,1,2,63,1.26,2.52,0.43303978115604624,0.90137480990780061,0.00026906581314394061,1,ok
CP-010-FIG10-EQ20,a_over_A5=2,2,exact,eq20,1,2,64,1.28,2.5600000000000001,0.43303978115604624,0.90137480990780061,0.00024025140813762751,1,ok
CP-010-FIG10-EQ20,a_over_A5=2,2,exact,eq20,1,2,65,1.3,2.6000000000000001,0.43303978115604624,0.90137480990780061,0.00021452275351396827,1,ok
CP-010-FIG10-EQ20,a_over_A5=2,2,exact,eq20,1,2,66,1.3200000000000001,2.6400000000000001,0.43303978115604624,0.90137480990780061,0.00019154939457775085,1,ok
CP-010-FIG10-EQ20,a_over_A5=2,2,exact,eq20,1,2,67,1.3400000000000001,2.6800000000000002,0.43303978115604624,0.90137480990780061,0.00017103626520770845,1,ok
CP-010-FIG10-EQ20,a_over_A5=2,2,exact,eq20,1,2,68,1.3600000000000001,2.7200000000000002,0.43303978115604624,0.90137480990780061,0.0001527198980747885,1,ok
CP-010-FIG10-EQ20,a_over_A5=2,2,exact,eq20,1,2,69,1.3800000000000001,2.7600000000000002,0.43303978115604624,0.90137480990780061,0.00013636504071022387,1,ok
CP-010-FIG10-EQ20,a_over_A5=2,2,exact,eq20,1,2,70,1.4000000000000001,2.8000000000000003,0.43303978115604624,0.90137480990780061,0.00012176163396072097,1,ok
CP-010-FIG10-EQ20,a_over_A5=2,2,exact,eq20,1,2,71,1.4199999999999999,2.8399999999999999,0.43303978115604624,0.90137480990780061,0.00010872211402253518,1,ok
CP-010-FIG10-EQ20,a_over_A5=2,2,exact,eq20,1,2,72,1.4399999999999999,2.8799999999999999,0.43303978115604624,0.90137480990780061,9.7079003402190554e-05,1,ok
CP-010-FIG10-EQ20,a_over_A5=2,2,exact,eq20,1,2,73,1.46,2.9199999999999999,0.43303978115604624,0.90137480990780061,8.6682759862534759e-05,1,ok
CP-010-FIG10-EQ20,a_over_A5=2,2,exact,eq20,1,2,74,1.48,2.96,0.43303978115604624,0.90137480990780061,7.7399855726334175e-05,1,ok
CP-010-FIG10-EQ20,a_over_A5=2,2,exact,eq20,1,2,75,1.5,3,0.43303978115604624,0.90137480990780061,6.9111062868299714e-05,1,ok
CP-010-FIG10-EQ20,a_over_A5=2,2,exact,eq20,1,2,76,1.52,3.04,0.43303978115604624,0.90137480990780061,6.1709921368251173e-05,1,ok
CP-010-FIG10-EQ20,a_over_A5=2,2,exact,eq20,1,2,77,1.54,3.0800000000000001,0.43303978115604624,0.90137480990780061,5.510137215705396e-05,1,ok
CP-010-FIG10-EQ20,a_over_A5=2,2,exact,eq20,1,2,78,1.5600000000000001,3.1200000000000001,0.43303978115604624,0.90137480990780061,4.9200536093248471e-05,1,ok
CP-010-FIG10-EQ20,a_over_A5=2,2,exact,eq20,1,2,79,1.5800000000000001,3.1600000000000001,0.43303978115604624,0.90137480990780061,4.393162378903026e-05,1,ok
CP-010-FIG10-EQ20,a_over_A5=2,2,exact,eq20,1,2,80,1.6000000000000001,3.2000000000000002,0.43303978115604624,0.90137480990780061,3.9226962183563239e-05,1,ok
CP-010-FIG10-EQ20,a_over_A5=2,2,exact,eq20,1,2,81,1.6200000000000001,3.2400000000000002,0.43303978115604624,0.90137480990780061,3.5026125361087213e-05,1,ok
CP-010-FIG10-EQ20,a_over_A5=2,2,exact,eq20,1,2,82,1.6400000000000001,3.2800000000000002,0.43303978115604624,0.90137480990780061,3.1275158450191215e-05,1,ok
CP-010-FIG10-EQ20,a_over_A5=2,2,exact,eq20,1,2,83,1.6600000000000001,3.3200000000000003,0.43303978115604624,0.90137480990780061,2.792588463613618e-05,1,ok
CP-010-FIG10-EQ20,a_over_A5=2,2,exact,eq20,1,2,84,1.6799999999999999,3.3599999999999999,0.43303978115604624,0.90137480990780061,2.4935286385608114e-05,1,ok
CP-010-FIG10-EQ20,a_over_A5=2,2,exact,eq20,1,2,85,1.7,3.3999999999999999,0.43303978115604624,0.90137480990780061,2.2264952936449533e-05,1,ok
CP-010-FIG10-EQ20,a_over_A5=2,2,exact,eq20,1,2,86,1.72,3.4399999999999999,0.43303978115604624,0.90137480990780061,1.9880586956018822e-05,1,ok
CP-010-FIG10-EQ20,a_over_A5=2,2,exact,eq20,1,2,87,1.74,3.48,0.43303978115604624,0.90137480990780061,1.7751564031774265e-05,1,ok
CP-010-FIG10-EQ20,a_over_A5=2,2,exact,eq20,1,2,88,1.76,3.52,0.43303978115604624,0.90137480990780061,1.5850539336253391e-05,1,ok
CP-010-FIG10-EQ20,a_over_A5=2,2,exact,eq20,1,2,89,1.78,3.5600000000000001,0.43303978115604624,0.90137480990780061,1.4153096414513751e-05,1,ok
CP-010-FIG10-EQ20,a_over_A5=2,2,exact,eq20,1,2,90,1.8,3.6000000000000001,0.43303978115604624,0.90137480990780061,1.2637433583119315e-05,1,ok
CP-010-FIG10-EQ20,a_over_A5=2,2,exact,eq20,1,2,91,1.8200000000000001,3.6400000000000001,0.43303978115604624,0.90137480990780061,1.1284083912830376e-05,1,ok
CP-010-FIG10-EQ20,a_over_A5=2,2,exact,eq20,1,2,92,1.8400000000000001,3.6800000000000002,0.43303978115604624,0.90137480990780061,1.0075665198500543e-05,1,ok
CP-010-FIG10-EQ20,a_over_A5=2,2,exact,eq20,1,2,93,1.8600000000000001,3.7200000000000002,0.43303978115604624,0.90137480990780061,8.9966567048339923e-06,1,ok
CP-010-FIG10-EQ20,a_over_A5=2,2,exact,eq20,1,2,94,1.8800000000000001,3.7600000000000002,0.43303978115604624,0.90137480990780061,8.0331998205617245e-06,1,ok
CP-010-FIG10-EQ20,a_over_A5=2,2,exact,eq20,1,2,95,1.9000000000000001,3.8000000000000003,0.43303978115604624,0.90137480990780061,7.1729200606708813e-06,1,ok
CP-010-FIG10-EQ20,a_over_A5=2,2,exact,eq20,1,2,96,1.9199999999999999,3.8399999999999999,0.43303978115604624,0.90137480990780061,6.4047681305127847e-06,1,ok
CP-010-FIG10-EQ20,a_over_A5=2,2,exact,eq20,1,2,97,1.9399999999999999,3.8799999999999999,0.43303978115604624,0.90137480990780061,5.7188780104424503e-06,1,ok
CP-010-FIG10-EQ20,a_over_A5=2,2,exact,eq20,1,2,98,1.96,3.9199999999999999,0.43303978115604624,0.90137480990780061,5.1064402382516378e-06,1,ok
CP-010-FIG10-EQ20,a_over_A5=2,2,exact,eq20,1,2,99,1.98,3.96,0.43303978115604624,0.90137480990780061,4.5595887618554056e-06,1,ok
CP-010-FIG10-EQ20,a_over_A5=2,2,exact,eq20,1,2,100,2,4,0.43303978115604624,0.90137480990780061,4.0712999089863533e-06,1,ok
CP-010-FIG10-EQ20,a_over_A5=2,2,exact,eq20,1,2,101,2.02,4.04,0.43303978115604624,0.90137480990780061,3.6353021762794527e-06,1,ok
CP-010-FIG10-EQ20,a_over_A5=2,2,exact,eq20,1,2,102,2.04,4.0800000000000001,0.43303978115604624,0.90137480990780061,3.2459956790931715e-06,1,ok
CP-010-FIG10-EQ20,a_over_A5=2,2,exact,eq20,1,2,103,2.0600000000000001,4.1200000000000001,0.43303978115604624,0.90137480990780061,2.8983802274932476e-06,1,ok
CP-010-FIG10-EQ20,a_over_A5=2,2,exact,eq20,1,2,104,2.0800000000000001,4.1600000000000001,0.43303978115604624,0.90137480990780061,2.5879911046186788e-06,1,ok
CP-010-FIG10-EQ20,a_over_A5=2,2,exact,eq20,1,2,105,2.1000000000000001,4.2000000000000002,0.43303978115604624,0.90137480990780061,2.3108417225776239e-06,1,ok
CP-010-FIG10-EQ20,a_over_A5=2,2,exact,eq20,1,2,106,2.1200000000000001,4.2400000000000002,0.43303978115604624,0.90137480990780061,2.063372419354709e-06,1,ok
CP-010-FIG10-EQ20,a_over_A5=2,2,exact,eq20,1,2,107,2.1400000000000001,4.2800000000000002,0.43303978115604624,0.90137480990780061,1.8424047390855862e-06,1,ok
CP-010-FIG10-EQ20,a_over_A5=2,2,exact,eq20,1,2,108,2.1600000000000001,4.3200000000000003,0.43303978115604624,0.90137480990780061,1.6451006084818152e-06,1,ok
CP-010-FIG10-EQ20,a_over_A5=2,2,exact,eq20,1,2,109,2.1800000000000002,4.3600000000000003,0.43303978115604624,0.90137480990780061,1.4689258850747663e-06,1,ok
CP-010-FIG10-EQ20,a_over_A5=2,2,exact,eq20,1,2,110,2.2000000000000002,4.4000000000000004,0.43303978115604624,0.90137480990780061,1.3116178090979856e-06,1,ok
CP-010-FIG10-EQ20,a_over_A5=2,2,exact,eq20,1,2,111,2.2200000000000002,4.4400000000000004,0.43303978115604624,0.90137480990780061,1.1711559409652857e-06,1,ok
CP-010-FIG10-EQ20,a_over_A5=2,2,exact,eq20,1,2,112,2.2400000000000002,4.4800000000000004,0.43303978115604624,0.90137480990780061,1.0457362110701673e-06,1,ok
CP-010-FIG10-EQ20,a_over_A5=2,2,exact,eq20,1,2,113,2.2600000000000002,4.5200000000000005,0.43303978115604624,0.90137480990780061,9.3374774860644069e-07,1,ok
CP-010-FIG10-EQ20,a_over_A5=2,2,exact,eq20,1,2,114,2.2800000000000002,4.5600000000000005,0.43303978115604624,0.90137480990780061,8.337521918030754e-07,1,ok
CP-010-FIG10-EQ20,a_over_A5=2,2,exact,eq20,1,2,115,2.3000000000000003,4.6000000000000005,0.43303978115604624,0.90137480990780061,7.444652138373423e-07,1,ok
CP-010-FIG10-EQ20,a_over_A5=2,2,exact,eq20,1,2,116,2.3199999999999998,4.6399999999999997,0.43303978115604624,0.90137480990780061,6.6474002714800122e-07,1,ok
CP-010-FIG10-EQ20,a_over_A5=2,2,exact,eq20,1,2,117,2.3399999999999999,4.6799999999999997,0.43303978115604624,0.90137480990780061,5.9355265428059407e-07,1,ok
CP-010-FIG10-EQ20,a_over_A5=2,2,exact,eq20,1,2,118,2.3599999999999999,4.7199999999999998,0.43303978115604624,0.90137480990780061,5.2998877608599137e-07,1,ok
CP-010-FIG10-EQ20,a_over_A5=2,2,exact,eq20,1,2,119,2.3799999999999999,4.7599999999999998,0.43303978115604624,0.90137480990780061,4.7323198835253111e-07,1,ok
CP-010-FIG10-EQ20,a_over_A5=2,2,exact,eq20,1,2,120,2.3999999999999999,4.7999999999999998,0.43303978115604624,0.90137480990780061,4.2255331604183532e-07,1,ok
CP-010-FIG10-EQ20,a_over_A5=2,2,exact,eq20,1,2,121,2.4199999999999999,4.8399999999999999,0.43303978115604624,0.90137480990780061,3.7730185045086347e-07,1,ok
CP-010-FIG10-EQ20,a_over_A5=2,2,exact,eq20,1,2,122,2.4399999999999999,4.8799999999999999,0.43303978115604624,0.90137480990780061,3.3689638904537988e-07,1,ok
CP-010-FIG10-EQ20,a_over_A5=2,2,exact,eq20,1,2,123,2.46,4.9199999999999999,0.43303978115604624,0.90137480990780061,3.0081797058823941e-07,1,ok
CP-010-FIG10-EQ20,a_over_A5=2,2,exact,eq20,1,2,124,2.48,4.96,0.43303978115604624,0.90137480990780061,2.6860320968485563e-07,1,ok
CP-010-FIG10-EQ20,a_over_A5=2,2,exact,eq20,1,2,125,2.5,5,0.43303978115604624,0.90137480990780061,2.3983834513584464e-07,1,ok
CP-010-FIG10-EQ20,a_over_A5=2,2,exact,eq20,1,2,126,2.52,5.04,0.43303978115604624,0.90137480990780061,2.1415392565483457e-07,1,ok
CP-010-FIG10-EQ20,a_over_A5=2,2,exact,eq20,1,2,127,2.54,5.0800000000000001,0.43303978115604624,0.90137480990780061,1.9122006469566044e-07,1,ok
CP-010-FIG10-EQ20,a_over_A5=2,2,exact,eq20,1,2,128,2.5600000000000001,5.1200000000000001,0.43303978115604624,0.90137480990780061,1.7074220344270905e-07,1,ok
CP-010-FIG10-EQ20,a_over_A5=2,2,exact,eq20,1,2,129,2.5800000000000001,5.1600000000000001,0.43303978115604624,0.90137480990780061,1.5245732754494304e-07,1,ok
CP-010-FIG10-EQ20,a_over_A5=2,2,exact,eq20,1,2,130,2.6000000000000001,5.2000000000000002,0.43303978115604624,0.90137480990780061,1.3613058900194607e-07,1,ok
CP-010-FIG10-EQ20,a_over_A5=2,2,exact,eq20,1,2,131,2.6200000000000001,5.2400000000000002,0.43303978115604624,0.90137480990780061,1.2155228981403862e-07,1,ok
CP-010-FIG10-EQ20,a_over_A5=2,2,exact,eq20,1,2,132,2.6400000000000001,5.2800000000000002,0.43303978115604624,0.90137480990780061,1.0853518865495224e-07,1,ok
CP-010-FIG10-EQ20,a_over_A5=2,2,exact,eq20,1,2,133,2.6600000000000001,5.3200000000000003,0.43303978115604624,0.90137480990780061,9.6912095974399361e-08,1,ok
CP-010-FIG10-EQ20,a_over_A5=2,2,exact,eq20,1,2,134,2.6800000000000002,5.3600000000000003,0.43303978115604624,0.90137480990780061,8.6533726642420636e-08,1,ok
CP-010-FIG10-EQ20,a_over_A5=2,2,exact,eq20,1,2,135,2.7000000000000002,5.4000000000000004,0.43303978115604624,0.90137480990780061,7.7266782555226884e-08,1,ok
CP-010-FIG10-EQ20,a_over_A5=2,2,exact,eq20,1,2,136,2.7200000000000002,5.4400000000000004,0.43303978115604624,0.90137480990780061,6.8992240575826375e-08,1,ok
CP-010-FIG10-EQ20,a_over_A5=2,2,exact,eq20,1,2,137,2.7400000000000002,5.4800000000000004,0.43303978115604624,0.90137480990780061,6.1603823820029438e-08,1,ok
CP-010-FIG10-EQ20,a_over_A5=2,2,exact,eq20,1,2,138,2.7600000000000002,5.5200000000000005,0.43303978115604624,0.90137480990780061,5.5006636653266419e-08,1,ok
CP-010-FIG10-EQ20,a_over_A5=2,2,exact,eq20,1,2,139,2.7800000000000002,5.5600000000000005,0.43303978115604624,0.90137480990780061,4.9115945866345848e-08,1,ok
CP-010-FIG10-EQ20,a_over_A5=2,2,exact,eq20,1,2,140,2.8000000000000003,5.6000000000000005,0.43303978115604624,0.90137480990780061,4.3856092375765417e-08,1,ok
CP-010-FIG10-EQ20,a_over_A5=2,2,exact,eq20,1,2,141,2.8199999999999998,5.6399999999999997,0.43303978115604624,0.90137480990780061,3.9159519470631904e-08,1,ok
CP-010-FIG10-EQ20,a_over_A5=2,2,exact,eq20,1,2,142,2.8399999999999999,5.6799999999999997,0.43303978115604624,0.90137480990780061,3.4965905125149286e-08,1,ok
CP-010-FIG10-EQ20,a_over_A5=2,2,exact,eq20,1,2,143,2.8599999999999999,5.7199999999999998,0.43303978115604624,0.90137480990780061,3.1221387232237462e-08,1,ok
CP-010-FIG10-EQ20,a_over_A5=2,2,exact,eq20,1,2,144,2.8799999999999999,5.7599999999999998,0.43303978115604624,0.90137480990780061,2.7877871807305459e-08,1,ok
CP-010-FIG10-EQ20,a_over_A5=2,2,exact,eq20,1,2,145,2.8999999999999999,5.7999999999999998,0.43303978115604624,0.90137480990780061,2.4892415276861598e-08,1,ok
CP-010-FIG10-EQ20,a_over_A5=2,2,exact,eq20,1,2,146,2.9199999999999999,5.8399999999999999,0.43303978115604624,0.90137480990780061,2.2226672918172921e-08,1,ok
CP-010-FIG10-EQ20,a_over_A5=2,2,exact,eq20,1,2,147,2.9399999999999999,5.8799999999999999,0.43303978115604624,0.90137480990780061,1.9846406365824039e-08,1,ok
CP-010-FIG10-EQ20,a_over_A5=2,2,exact,eq20,1,2,148,2.96,5.9199999999999999,0.43303978115604624,0.90137480990780061,1.7721043859667202e-08,1,ok
CP-010-FIG10-EQ20,a_over_A5=2,2,exact,eq20,1,2,149,2.98,5.96,0.43303978115604624,0.90137480990780061,1.5823287586060261e-08,1,ok
CP-010-FIG10-EQ20,a_over_A5=2,2,exact,eq20,1,2,150,3,6,0.43303978115604624,0.90137480990780061,1.4128763069145178e-08,1,ok
CP-010-FIG10-EQ20,a_over_A5=3,3,exact,eq20,1,3,0,0,0,0.30349125797413967,0.95283422290200837,0.17552529618512747,1,ok
CP-010-FIG10-EQ20,a_over_A5=3,3,exact,eq20,1,3,1,0.02,0.059999999999999998,0.30349125797413967,0.95283422290200837,0.14666897116957489,1,ok
CP-010-FIG10-EQ20,a_over_A5=3,3,exact,eq20,1,3,2,0.040000000000000001,0.12,0.30349125797413967,0.95283422290200837,0.12255662045004041,1,ok
CP-010-FIG10-EQ20,a_over_A5=3,3,exact,eq20,1,3,3,0.059999999999999998,0.17999999999999999,0.30349125797413967,0.95283422290200837,0.10240833556246454,1,ok
CP-010-FIG10-EQ20,a_over_A5=3,3,exact,eq20,1,3,4,0.080000000000000002,0.23999999999999999,0.30349125797413967,0.95283422290200837,0.085572424844641531,1,ok
CP-010-FIG10-EQ20,a_over_A5=3,3,exact,eq20,1,3,5,0.10000000000000001,0.30000000000000004,0.30349125797413967,0.95283422290200837,0.071504334618594942,1,ok
CP-010-FIG10-EQ20,a_over_A5=3,3,exact,eq20,1,3,6,0.12,0.35999999999999999,0.30349125797413967,0.95283422290200837,0.059749035726526567,1,ok
CP-010-FIG10-EQ20,a_over_A5=3,3,exact,eq20,1,3,7,0.14000000000000001,0.42000000000000004,0.30349125797413967,0.95283422290200837,0.049926305716875681,1,ok
CP-010-FIG10-EQ20,a_over_A5=3,3,exact,eq20,1,3,8,0.16,0.47999999999999998,0.30349125797413967,0.95283422290200837,0.041718430636166502,1,ok
CP-010-FIG10-EQ20,a_over_A5=3,3,exact,eq20,1,3,9,0.17999999999999999,0.54000000000000004,0.30349125797413967,0.95283422290200837,0.03485992864391628,1,ok
CP-010-FIG10-EQ20,a_over_A5=3,3,exact,eq20,1,3,10,0.20000000000000001,0.60000000000000009,0.30349125797413967,0.95283422290200837,0.029128963063280767,1,ok
CP-010-FIG10-EQ20,a_over_A5=3,3,exact,eq20,1,3,11,0.22,0.66000000000000003,0.30349125797413967,0.95283422290200837,0.024340167124526062,1,ok
CP-010-FIG10-EQ20,a_over_A5=3,3,exact,eq20,1,3,12,0.23999999999999999,0.71999999999999997,0.30349125797413967,0.95283422290200837,0.020338648319296982,1,ok
CP-010-FIG10-EQ20,a_over_A5=3,3,exact,eq20,1,3,13,0.26000000000000001,0.78000000000000003,0.30349125797413967,0.95283422290200837,0.016994978437893393,1,ok
CP-010-FIG10-EQ20,a_over_A5=3,3,exact,eq20,1,3,14,0.28000000000000003,0.84000000000000008,0.30349125797413967,0.95283422290200837,0.014201007243457013,1,ok
CP-010-FIG10-EQ20,a_over_A5=3,3,exact,eq20,1,3,15,0.29999999999999999,0.89999999999999991,0.30349125797413967,0.95283422290200837,0.011866364377318767,1,ok
CP-010-FIG10-EQ20,a_over_A5=3,3,exact,eq20,1,3,16,0.32000000000000001,0.95999999999999996,0.30349125797413967,0.95283422290200837,0.009915536350435768,1,ok
CP-010-FIG10-EQ20,a_over_A5=3,3,exact,eq20,1,3,17,0.34000000000000002,1.02,0.30349125797413967,0.95283422290200837,0.0082854240768753668,1,ok
CP-010-FIG10-EQ20,a_over_A5=3,3,exact,eq20,1,3,18,0.35999999999999999,1.0800000000000001,0.30349125797413967,0.95283422290200837,0.006923301948325679,1,ok
CP-010-FIG10-EQ20,a_over_A5=3,3,exact,eq20,1,3,19,0.38,1.1400000000000001,0.30349125797413967,0.95283422290200837,0.0057851124363650563,1,ok
CP-010-FIG10-EQ20,a_over_A5=3,3,exact,eq20,1,3,20,0.40000000000000002,1.2000000000000002,0.30349125797413967,0.95283422290200837,0.0048340410617912395,1,ok
CP-010-FIG10-EQ20,a_over_A5=3,3,exact,eq20,1,3,21,0.41999999999999998,1.26,0.30349125797413967,0.95283422290200837,0.0040393256387193941,1,ok
CP-010-FIG10-EQ20,a_over_A5=3,3,exact,eq20,1,3,22,0.44,1.3200000000000001,0.30349125797413967,0.95283422290200837,0.0033752612787219332,1,ok
CP-010-FIG10-EQ20,a_over_A5=3,3,exact,eq20,1,3,23,0.46000000000000002,1.3800000000000001,0.30349125797413967,0.95283422290200837,0.002820368972096888,1,ok
CP-010-FIG10-EQ20,a_over_A5=3,3,exact,eq20,1,3,24,0.47999999999999998,1.4399999999999999,0.30349125797413967,0.95283422290200837,0.0023567008542162032,1,ok
CP-010-FIG10-EQ20,a_over_A5=3,3,exact,eq20,1,3,25,0.5,1.5,0.30349125797413967,0.95283422290200837,0.0019692596859530996,1,ok
CP-010-FIG10-EQ20,a_over_A5=3,3,exact,eq20,1,3,26,0.52000000000000002,1.5600000000000001,0.30349125797413967,0.95283422290200837,0.0016455137714157823,1,ok
CP-010-FIG10-EQ20,a_over_A5=3,3,exact,eq20,1,3,27,0.54000000000000004,1.6200000000000001,0.30349125797413967,0.95283422290200837,0.0013749916231126647,1,ok
CP-010-FIG10-EQ20,a_over_A5=3,3,exact,eq20,1,3,28,0.56000000000000005,1.6800000000000002,0.30349125797413967,0.95283422290200837,0.0011489432640866626,1,ok
CP-010-FIG10-EQ20,a_over_A5=3,3,exact,eq20,1,3,29,0.57999999999999996,1.7399999999999998,0.30349125797413967,0.95283422290200837,0.00096005721191361052,1,ok
CP-010-FIG10-EQ20,a_over_A5=3,3,exact,eq20,1,3,30,0.59999999999999998,1.7999999999999998,0.30349125797413967,0.95283422290200837,0.00080222399047705413,1,ok
CP-010-FIG10-EQ20,a_over_A5=3,3,exact,eq20,1,3,31,0.62,1.8599999999999999,0.30349125797413967,0.95283422290200837,0.00067033852036188686,1,ok
CP-010-FIG10-EQ20,a_over_A5=3,3,exact,eq20,1,3,32,0.64000000000000001,1.9199999999999999,0.30349125797413967,0.95283422290200837,0.00056013499622935671,1,ok
CP-010-FIG10-EQ20,a_over_A5=3,3,exact,eq20,1,3,33,0.66000000000000003,1.98,0.30349125797413967,0.95283422290200837,0.00046804891031993861,1,ok
CP-010-FIG10-EQ20,a_over_A5=3,3,exact,eq20,1,3,34,0.68000000000000005,2.04,0.30349125797413967,0.95283422290200837,0.00039110175926586869,1,ok
CP-010-FIG10-EQ20,a_over_A5=3,3,exact,eq20,1,3,35,0.70000000000000007,2.1000000000000001,0.30349125797413967,0.95283422290200837,0.00032680470508156956,1,ok
CP-010-FIG10-EQ20,a_over_A5=3,3,exact,eq20,1,3,36,0.71999999999999997,2.1600000000000001,0.30349125797413967,0.95283422290200837,0.00027307807426877039,1,ok
CP-010-FIG10-EQ20,a_over_A5=3,3,exact,eq20,1,3,37,0.73999999999999999,2.2199999999999998,0.30349125797413967,0.95283422290200837,0.00022818409125329838,1,ok
CP-010-FIG10-EQ20,a_over_A5=3,3,exact,eq20,1,3,38,0.76000000000000001,2.2800000000000002,0.30349125797413967,0.95283422290200837,0.00019067067043195449,1,ok
CP-010-FIG10-EQ20,a_over_A5=3,3,exact,eq20,1,3,39,0.78000000000000003,2.3399999999999999,0.30349125797413967,0.95283422290200837,0.00015932444879610141,1,ok
CP-010-FIG10-EQ20,a_over_A5=3,3,exact,eq20,1,3,40,0.80000000000000004,2.4000000000000004,0.30349125797413967,0.95283422290200837,0.00013313153998291771,1,ok
CP-010-FIG10-EQ20,a_over_A5=3,3,exact,eq20,1,3,41,0.82000000000000006,2.46,0.30349125797413967,0.95283422290200837,0.00011124474035310118,1,ok
CP-010-FIG10-EQ20,a_over_A5=3,3,exact,eq20,1,3,42,0.83999999999999997,2.52,0.30349125797413967,0.95283422290200837,9.2956126383100419e-05,1,ok
CP-010-FIG10-EQ20,a_over_A5=3,3,exact,eq20,1,3,43,0.85999999999999999,2.5800000000000001,0.30349125797413967,0.95283422290200837,7.767415704081014e-05,1,ok
CP-010-FIG10-EQ20,a_over_A5=3,3,exact,eq20,1,3,44,0.88,2.6400000000000001,0.30349125797413967,0.95283422290200837,6.4904540526306833e-05,1,ok
CP-010-FIG10-EQ20,a_over_A5=3,3,exact,eq20,1,3,45,0.90000000000000002,2.7000000000000002,0.30349125797413967,0.95283422290200837,5.4234246516736565e-05,1,ok
CP-010-FIG10-EQ20,a_over_A5=3,3,exact,eq20,1,3,46,0.92000000000000004,2.7600000000000002,0.30349125797413967,0.95283422290200837,4.5318146795076307e-05,1,ok
CP-010-FIG10-EQ20,a_over_A5=3,3,exact,eq20,1,3,47,0.94000000000000006,2.8200000000000003,0.30349125797413967,0.95283422290200837,3.7867852156963288e-05,1,ok
CP-010-FIG10-EQ20,a_over_A5=3,3,exact,eq20,1,3,48,0.95999999999999996,2.8799999999999999,0.30349125797413967,0.95283422290200837,3.1642384527900237e-05,1,ok
CP-010-FIG10-EQ20,a_over_A5=3,3,exact,eq20,1,3,49,0.97999999999999998,2.9399999999999999,0.30349125797413967,0.95283422290200837,2.6440382582601485e-05,1,ok
CP-010-FIG10-EQ20,a_over_A5=3,3,exact,eq20,1,3,50,1,3,0.30349125797413967,0.95283422290200837,2.2093588759024054e-05,1,ok
CP-010-FIG10-EQ20,a_over_A5=3,3,exact,eq20,1,3,51,1.02,3.0600000000000001,0.30349125797413967,0.95283422290200837,1.8461407006042196e-05,1,ok
CP-010-FIG10-EQ20,a_over_A5=3,3,exact,eq20,1,3,52,1.04,3.1200000000000001,0.30349125797413967,0.95283422290200837,1.5426355236359488e-05,1,ok
CP-010-FIG10-EQ20,a_over_A5=3,3,exact,eq20,1,3,53,1.0600000000000001,3.1800000000000002,0.30349125797413967,0.95283422290200837,1.2890265395290307e-05,1,ok
CP-010-FIG10-EQ20,a_over_A5=3,3,exact,eq20,1,3,54,1.0800000000000001,3.2400000000000002,0.30349125797413967,0.95283422290200837,1.0771108237504252e-05,1,ok
CP-010-FIG10-EQ20,a_over_A5=3,3,exact,eq20,1,3,55,1.1000000000000001,3.3000000000000003,0.30349125797413967,0.95283422290200837,9.0003401098647035e-06,1,ok
CP-010-FIG10-EQ20,a_over_A5=3,3,exact,eq20,1,3,56,1.1200000000000001,3.3600000000000003,0.30349125797413967,0.95283422290200837,7.5206859226594281e-06,1,ok
CP-010-FIG10-EQ20,a_over_A5=3,3,exact,eq20,1,3,57,1.1400000000000001,3.4200000000000004,0.30349125797413967,0.95283422290200837,6.284286599935815e-06,1,ok
CP-010-FIG10-EQ20,a_over_A5=3,3,exact,eq20,1,3,58,1.1599999999999999,3.4799999999999995,0.30349125797413967,0.95283422290200837,5.2511510886453826e-06,1,ok
CP-010-FIG10-EQ20,a_over_A5=3,3,exact,eq20,1,3,59,1.1799999999999999,3.54,0.30349125797413967,0.95283422290200837,4.3878628571878103e-06,1,ok
CP-010-FIG10-EQ20,a_over_A5=3,3,exact,eq20,1,3,60,1.2,3.5999999999999996,0.30349125797413967,0.95283422290200837,3.6664990453464841e-06,1,ok
CP-010-FIG10-EQ20,a_over_A5=3,3,exact,eq20,1,3,61,1.22,3.6600000000000001,0.30349125797413967,0.95283422290200837,3.0637273057668869e-06,1,ok
CP-010-FIG10-EQ20,a_over_A5=3,3,exact,eq20,1,3,62,1.24,3.7199999999999998,0.30349125797413967,0.95283422290200837,2.5600511245229747e-06,1,ok
CP-010-FIG10-EQ20,a_over_A5=3,3,exact,eq20,1,3,63,1.26,3.7800000000000002,0.30349125797413967,0.95283422290200837,2.1391792108373742e-06,1,ok
CP-010-FIG10-EQ20,a_over_A5=3,3,exact,eq20,1,3,64,1.28,3.8399999999999999,0.30349125797413967,0.95283422290200837,1.7874985590108124e-06,1,ok
CP-010-FIG10-EQ20,a_over_A5=3,3,exact,eq20,1,3,65,1.3,3.9000000000000004,0.30349125797413967,0.95283422290200837,1.4936341388690799e-06,1,ok
CP-010-FIG10-EQ20,a_over_A5=3,3,exact,eq20,1,3,66,1.3200000000000001,3.96,0.30349125797413967,0.95283422290200837,1.2480809730161507e-06,1,ok
CP-010-FIG10-EQ20,a_over_A5=3,3,exact,eq20,1,3,67,1.3400000000000001,4.0200000000000005,0.30349125797413967,0.95283422290200837,1.042896700516215e-06,1,ok
CP-010-FIG10-EQ20,a_over_A5=3,3,exact,eq20,1,3,68,1.3600000000000001,4.0800000000000001,0.30349125797413967,0.95283422290200837,8.7144468304744625e-07,1,ok
CP-010-FIG10-EQ20,a_over_A5=3,3,exact,eq20,1,3,69,1.3800000000000001,4.1400000000000006,0.30349125797413967,0.95283422290200837,7.2817934435478303e-07,1,ok
CP-010-FIG10-EQ20,a_over_A5=3,3,exact,eq20,1,3,70,1.4000000000000001,4.2000000000000002,0.30349125797413967,0.95283422290200837,6.084667998554905e-07,1,ok
CP-010-FIG10-EQ20,a_over_A5=3,3,exact,eq20,1,3,71,1.4199999999999999,4.2599999999999998,0.30349125797413967,0.95283422290200837,5.0843497470315233e-07,1,ok
CP-010-FIG10-EQ20,a_over_A5=3,3,exact,eq20,1,3,72,1.4399999999999999,4.3200000000000003,0.30349125797413967,0.95283422290200837,4.2484836241318149e-07,1,ok
CP-010-FIG10-EQ20,a_over_A5=3,3,exact,eq20,1,3,73,1.46,4.3799999999999999,0.30349125797413967,0.95283422290200837,3.5500337314627946e-07,1,ok
CP-010-FIG10-EQ20,a_over_A5=3,3,exact,eq20,1,3,74,1.48,4.4399999999999995,0.30349125797413967,0.95283422290200837,2.9664088671399946e-07,1,ok
CP-010-FIG10-EQ20,a_over_A5=3,3,exact,eq20,1,3,75,1.5,4.5,0.30349125797413967,0.95283422290200837,2.4787318185342646e-07,1,ok
CP-010-FIG10-EQ20,a_over_A5=3,3,exact,eq20,1,3,76,1.52,4.5600000000000005,0.30349125797413967,0.95283422290200837,2.0712287831508273e-07,1,ok
CP-010-FIG10-EQ20,a_over_A5=3,3,exact,eq20,1,3,77,1.54,4.6200000000000001,0.30349125797413967,0.95283422290200837,1.7307191685985747e-07,1,ok
CP-010-FIG10-EQ20,a_over_A5=3,3,exact,eq20,1,3,78,1.5600000000000001,4.6799999999999997,0.30349125797413967,0.95283422290200837,1.4461892693466023e-07,1,ok
CP-010-FIG10-EQ20,a_over_A5=3,3,exact,eq20,1,3,79,1.5800000000000001,4.7400000000000002,0.30349125797413967,0.95283422290200837,1.2084360309401214e-07,1,ok
CP-010-FIG10-EQ20,a_over_A5=3,3,exact,eq20,1,3,80,1.6000000000000001,4.8000000000000007,0.30349125797413967,0.95283422290200837,1.0097693793109807e-07,1,ok
CP-010-FIG10-EQ20,a_over_A5=3,3,exact,eq20,1,3,81,1.6200000000000001,4.8600000000000003,0.30349125797413967,0.95283422290200837,8.4376348709235754e-08,1,ok
CP-010-FIG10-EQ20,a_over_A5=3,3,exact,eq20,1,3,82,1.6400000000000001,4.9199999999999999,0.30349125797413967,0.95283422290200837,7.0504893170363913e-08,1,ok
CP-010-FIG10-EQ20,a_over_A5=3,3,exact,eq20,1,3,83,1.6600000000000001,4.9800000000000004,0.30349125797413967,0.95283422290200837,5.8913902260626091e-08,1,ok
CP-010-FIG10-EQ20,a_over_A5=3,3,exact,eq20,1,3,84,1.6799999999999999,5.04,0.30349125797413967,0.95283422290200837,4.9228468032535872e-08,1,ok
CP-010-FIG10-EQ20,a_over_A5=3,3,exact,eq20,1,3,85,1.7,5.0999999999999996,0.30349125797413967,0.95283422290200837,4.1135317333241127e-08,1,ok
CP-010-FIG10-EQ20,a_over_A5=3,3,exact,eq20,1,3,86,1.72,5.1600000000000001,0.30349125797413967,0.95283422290200837,3.4372679056112286e-08,1,ok
CP-010-FIG10-EQ20,a_over_A5=3,3,exact,eq20,1,3,87,1.74,5.2199999999999998,0.30349125797413967,0.95283422290200837,2.8721817214225321e-08,1,ok
CP-010-FIG10-EQ20,a_over_A5=3,3,exact,eq20,1,3,88,1.76,5.2800000000000002,0.30349125797413967,0.95283422290200837,2.3999955974937972e-08,1,ok
CP-010-FIG10-EQ20,a_over_A5=3,3,exact,eq20,1,3,89,1.78,5.3399999999999999,0.30349125797413967,0.95283422290200837,2.0054367817426327e-08,1,ok
CP-010-FIG10-EQ20,a_over_A5=3,3,exact,eq20,1,3,90,1.8,5.4000000000000004,0.30349125797413967,0.95283422290200837,1.6757433595986594e-08,1,ok
CP-010-FIG10-EQ20,a_over_A5=3,3,exact,eq20,1,3,91,1.8200000000000001,5.46,0.30349125797413967,0.95283422290200837,1.4002514727983014e-08,1,ok
CP-010-FIG10-EQ20,a_over_A5=3,3,exact,eq20,1,3,92,1.8400000000000001,5.5200000000000005,0.30349125797413967,0.95283422290200837,1.1700503993304763e-08,1,ok
CP-010-FIG10-EQ20,a_over_A5=3,3,exact,eq20,1,3,93,1.8600000000000001,5.5800000000000001,0.30349125797413967,0.95283422290200837,9.7769433817307705e-09,1,ok
CP-010-FIG10-EQ20,a_over_A5=3,3,exact,eq20,1,3,94,1.8800000000000001,5.6400000000000006,0.30349125797413967,0.95283422290200837,8.1696157656341955e-09,1,ok
CP-010-FIG10-EQ20,a_over_A5=3,3,exact,eq20,1,3,95,1.9000000000000001,5.7000000000000002,0.30349125797413967,0.95283422290200837,6.8265325012329271e-09,1,ok
CP-010-FIG10-EQ20,a_over_A5=3,3,exact,eq20,1,3,96,1.9199999999999999,5.7599999999999998,0.30349125797413967,0.95283422290200837,5.7042518678076263e-09,1,ok
CP-010-FIG10-EQ20,a_over_A5=3,3,exact,eq20,1,3,97,1.9399999999999999,5.8200000000000003,0.30349125797413967,0.95283422290200837,4.766473955190292e-09,1,ok
CP-010-FIG10-EQ20,a_over_A5=3,3,exact,eq20,1,3,98,1.96,5.8799999999999999,0.30349125797413967,0.95283422290200837,3.9828665514798382e-09,1,ok
CP-010-FIG10-EQ20,a_over_A5=3,3,exact,eq20,1,3,99,1.98,5.9399999999999995,0.30349125797413967,0.95283422290200837,3.3280840545919935e-09,1,ok
CP-010-FIG10-EQ20,a_over_A5=3,3,exact,eq20,1,3,100,2,6,0.30349125797413967,0.95283422290200837,2.7809476745622143e-09,1,ok
CP-010-FIG10-EQ20,a_over_A5=3,3,exact,eq20,1,3,101,2.02,6.0600000000000005,0.30349125797413967,0.95283422290200837,2.3237604104326322e-09,1,ok
CP-010-FIG10-EQ20,a_over_A5=3,3,exact,eq20,1,3,102,2.04,6.1200000000000001,0.30349125797413967,0.95283422290200837,1.9417346448074096e-09,1,ok
CP-010-FIG10-EQ20,a_over_A5=3,3,exact,eq20,1,3,103,2.0600000000000001,6.1799999999999997,0.30349125797413967,0.95283422290200837,1.6225138417533298e-09,1,ok
CP-010-FIG10-EQ20,a_over_A5=3,3,exact,eq20,1,3,104,2.0800000000000001,6.2400000000000002,0.30349125797413967,0.95283422290200837,1.3557728774738255e-09,1,ok
CP-010-FIG10-EQ20,a_over_A5=3,3,exact,eq20,1,3,105,2.1000000000000001,6.3000000000000007,0.30349125797413967,0.95283422290200837,1.1328840765434278e-09,1,ok
CP-010-FIG10-EQ20,a_over_A5=3,3,exact,eq20,1,3,106,2.1200000000000001,6.3600000000000003,0.30349125797413967,0.95283422290200837,9.4663815172127722e-10,1,ok
CP-010-FIG10-EQ20,a_over_A5=3,3,exact,eq20,1,3,107,2.1400000000000001,6.4199999999999999,0.30349125797413967,0.95283422290200837,7.9101102120568464e-10,1,ok
CP-010-FIG10-EQ20,a_over_A5=3,3,exact,eq20,1,3,108,2.1600000000000001,6.4800000000000004,0.30349125797413967,0.95283422290200837,6.6096896108734346e-10,1,ok
CP-010-FIG10-EQ20,a_over_A5=3,3,exact,eq20,1,3,109,2.1800000000000002,6.5400000000000009,0.30349125797413967,0.95283422290200837,5.5230579070185023e-10,1,ok
CP-010-FIG10-EQ20,a_over_A5=3,3,exact,eq20,1,3,110,2.2000000000000002,6.6000000000000005,0.30349125797413967,0.95283422290200837,4.6150682467900115e-10,1,ok
CP-010-FIG10-EQ20,a_over_A5=3,3,exact,eq20,1,3,111,2.2200000000000002,6.6600000000000001,0.30349125797413967,0.95283422290200837,3.8563519124910022e-10,1,ok
CP-010-FIG10-EQ20,a_over_A5=3,3,exact,eq20,1,3,112,2.2400000000000002,6.7200000000000006,0.30349125797413967,0.95283422290200837,3.2223683979791037e-10,1,ok
CP-010-FIG10-EQ20,a_over_A5=3,3,exact,eq20,1,3,113,2.2600000000000002,6.7800000000000011,0.30349125797413967,0.95283422290200837,2.6926116516132672e-10,1,ok
CP-010-FIG10-EQ20,a_over_A5=3,3,exact,eq20,1,3,114,2.2800000000000002,6.8400000000000007,0.30349125797413967,0.95283422290200837,2.2499468127078473e-10,1,ok
CP-010-FIG10-EQ20,a_over_A5=3,3,exact,eq20,1,3,115,2.3000000000000003,6.9000000000000004,0.30349125797413967,0.95283422290200837,1.8800559883862826e-10,1,ok
CP-010-FIG10-EQ20,a_over_A5=3,3,exact,eq20,1,3,116,2.3199999999999998,6.9599999999999991,0.30349125797413967,0.95283422290200837,1.5709751446138289e-10,1,ok
CP-010-FIG10-EQ20,a_over_A5=3,3,exact,eq20,1,3,117,2.3399999999999999,7.0199999999999996,0.30349125797413967,0.95283422290200837,1.3127071322555418e-10,1,ok
CP-010-FIG10-EQ20,a_over_A5=3,3,exact,eq20,1,3,118,2.3599999999999999,7.0800000000000001,0.30349125797413967,0.95283422290200837,1.0968983315761948e-10,1,ok
CP-010-FIG10-EQ20,a_over_A5=3,3,exact,eq20,1,3,119,2.3799999999999999,7.1399999999999997,0.30349125797413967,0.95283422290200837,9.1656845632222729e-11,1,ok
CP-010-FIG10-EQ20,a_over_A5=3,3,exact,eq20,1,3,120,2.3999999999999999,7.1999999999999993,0.30349125797413967,0.95283422290200837,7.6588477796089553e-11,1,ok
CP-010-FIG10-EQ20,a_over_A5=3,3,exact,eq20,1,3,121,2.4199999999999999,7.2599999999999998,0.30349125797413967,0.95283422290200837,6.3997346741113599e-11,1,ok
CP-010-FIG10-EQ20,a_over_A5=3,3,exact,eq20,1,3,122,2.4399999999999999,7.3200000000000003,0.30349125797413967,0.95283422290200837,5.3476195215769449e-11,1,ok
CP-010-FIG10-EQ20,a_over_A5=3,3,exact,eq20,1,3,123,2.46,7.3799999999999999,0.30349125797413967,0.95283422290200837,4.4684718982544225e-11,1,ok
CP-010-FIG10-EQ20,a_over_A5=3,3,exact,eq20,1,3,124,2.48,7.4399999999999995,0.30349125797413967,0.95283422290200837,3.7338559755278551e-11,1,ok
CP-010-FIG10-EQ20,a_over_A5=3,3,exact,eq20,1,3,125,2.5,7.5,0.30349125797413967,0.95283422290200837,3.1200107695499408e-11,1,ok
CP-010-FIG10-EQ20,a_over_A5=3,3,exact,eq20,1,3,126,2.52,7.5600000000000005,0.30349125797413967,0.95283422290200837,2.6070815976589418e-11,1,ok
CP-010-FIG10-EQ20,a_over_A5=3,3,exact,eq20,1,3,127,2.54,7.6200000000000001,0.30349125797413967,0.95283422290200837,2.1784778832133302e-11,1,ok
CP-010-FIG10-EQ20,a_over_A5=3,3,exact,eq20,1,3,128,2.5600000000000001,7.6799999999999997,0.30349125797413967,0.95283422290200837,1.8203365371882283e-11,1,ok
CP-010-FIG10-EQ20,a_over_A5=3,3,exact,eq20,1,3,129,2.5800000000000001,7.7400000000000002,0.30349125797413967,0.95283422290200837,1.5210735597346101e-11,1,ok
CP-010-FIG10-EQ20,a_over_A5=3,3,exact,eq20,1,3,130,2.6000000000000001,7.8000000000000007,0.30349125797413967,0.95283422290200837,1.271009358356069e-11,1,ok
CP-010-FIG10-EQ20,a_over_A5=3,3,exact,eq20,1,3,131,2.6200000000000001,7.8600000000000003,0.30349125797413967,0.95283422290200837,1.0620556637054191e-11,1,ok
CP-010-FIG10-EQ20,a_over_A5=3,3,exact,eq20,1,3,132,2.6400000000000001,7.9199999999999999,0.30349125797413967,0.95283422290200837,8.8745391636429457e-12,1,ok
CP-010-FIG10-EQ20,a_over_A5=3,3,exact,eq20,1,3,133,2.6600000000000001,7.9800000000000004,0.30349125797413967,0.95283422290200837,7.4155666278596548e-12,1,ok
CP-010-FIG10-EQ20,a_over_A5=3,3,exact,eq20,1,3,134,2.6800000000000002,8.0400000000000009,0.30349125797413967,0.95283422290200837,6.196448897032339e-12,1,ok
CP-010-FIG10-EQ20,a_over_A5=3,3,exact,eq20,1,3,135,2.7000000000000002,8.1000000000000014,0.30349125797413967,0.95283422290200837,5.1777538872461683e-12,1,ok
CP-010-FIG10-EQ20,a_over_A5=3,3,exact,eq20,1,3,136,2.7200000000000002,8.1600000000000001,0.30349125797413967,0.95283422290200837,4.3265321416162379e-12,1,ok
CP-010-FIG10-EQ20,a_over_A5=3,3,exact,eq20,1,3,137,2.7400000000000002,8.2200000000000006,0.30349125797413967,0.95283422290200837,3.6152510876476047e-12,1,ok
CP-010-FIG10-EQ20,a_over_A5=3,3,exact,eq20,1,3,138,2.7600000000000002,8.2800000000000011,0.30349125797413967,0.95283422290200837,3.0209045024809949e-12,1,ok
CP-010-FIG10-EQ20,a_over_A5=3,3,exact,eq20,1,3,139,2.7800000000000002,8.3399999999999999,0.30349125797413967,0.95283422290200837,2.5242683818810566e-12,1,ok
CP-010-FIG10-EQ20,a_over_A5=3,3,exact,eq20,1,3,140,2.8000000000000003,8.4000000000000004,0.30349125797413967,0.95283422290200837,2.1092791442203065e-12,1,ok
CP-010-FIG10-EQ20,a_over_A5=3,3,exact,eq20,1,3,141,2.8199999999999998,8.4599999999999991,0.30349125797413967,0.95283422290200837,1.7625140576087999e-12,1,ok
CP-010-FIG10-EQ20,a_over_A5=3,3,exact,eq20,1,3,142,2.8399999999999999,8.5199999999999996,0.30349125797413967,0.95283422290200837,1.4727570847038898e-12,1,ok
CP-010-FIG10-EQ20,a_over_A5=3,3,exact,eq20,1,3,143,2.8599999999999999,8.5800000000000001,0.30349125797413967,0.95283422290200837,1.2306361025501252e-12,1,ok
CP-010-FIG10-EQ20,a_over_A5=3,3,exact,eq20,1,3,144,2.8799999999999999,8.6400000000000006,0.30349125797413967,0.95283422290200837,1.02831976340773e-12,1,ok
CP-010-FIG10-EQ20,a_over_A5=3,3,exact,eq20,1,3,145,2.8999999999999999,8.6999999999999993,0.30349125797413967,0.95283422290200837,8.5926419160278364e-13,1,ok
CP-010-FIG10-EQ20,a_over_A5=3,3,exact,eq20,1,3,146,2.9199999999999999,8.7599999999999998,0.30349125797413967,0.95283422290200837,7.1800132336660347e-13,1,ok
CP-010-FIG10-EQ20,a_over_A5=3,3,exact,eq20,1,3,147,2.9399999999999999,8.8200000000000003,0.30349125797413967,0.95283422290200837,5.9996204356495557e-13,1,ok
CP-010-FIG10-EQ20,a_over_A5=3,3,exact,eq20,1,3,148,2.96,8.879999999999999,0.30349125797413967,0.95283422290200837,5.0132839871501039e-13,1,ok
CP-010-FIG10-EQ20,a_over_A5=3,3,exact,eq20,1,3,149,2.98,8.9399999999999995,0.30349125797413967,0.95283422290200837,4.1891010615398196e-13,1,ok
CP-010-FIG10-EQ20,a_over_A5=3,3,exact,eq20,1,3,150,3,9,0.30349125797413967,0.95283422290200837,3.5004136507674407e-13,1,ok
CP-010-FIG10-EQ20,a_over_A5=4,4,exact,eq20,1,4,0,0,0,0.23310760475813996,0.97245094714536773,0.10568432626398919,1,ok
CP-010-FIG10-EQ20,a_over_A5=4,4,exact,eq20,1,4,1,0.02,0.080000000000000002,0.23310760475813996,0.97245094714536773,0.082768952117939151,1,ok
CP-010-FIG10-EQ20,a_over_A5=4,4,exact,eq20,1,4,2,0.040000000000000001,0.16,0.23310760475813996,0.97245094714536773,0.064822284220172069,1,ok
CP-010-FIG10-EQ20,a_over_A5=4,4,exact,eq20,1,4,3,0.059999999999999998,0.23999999999999999,0.23310760475813996,0.97245094714536773,0.050766965438119323,1,ok
CP-010-FIG10-EQ20,a_over_A5=4,4,exact,eq20,1,4,4,0.080000000000000002,0.32000000000000001,0.23310760475813996,0.97245094714536773,0.039759240372359089,1,ok
CP-010-FIG10-EQ20,a_over_A5=4,4,exact,eq20,1,4,5,0.10000000000000001,0.40000000000000002,0.23310760475813996,0.97245094714536773,0.0311383038427595,1,ok
CP-010-FIG10-EQ20,a_over_A5=4,4,exact,eq20,1,4,6,0.12,0.47999999999999998,0.23310760475813996,0.97245094714536773,0.024386632066493896,1,ok
CP-010-FIG10-EQ20,a_over_A5=4,4,exact,eq20,1,4,7,0.14000000000000001,0.56000000000000005,0.23310760475813996,0.97245094714536773,0.019098915167302336,1,ok
CP-010-FIG10-EQ20,a_over_A5=4,4,exact,eq20,1,4,8,0.16,0.64000000000000001,0.23310760475813996,0.97245094714536773,0.014957726002229993,1,ok
CP-010-FIG10-EQ20,a_over_A5=4,4,exact,eq20,1,4,9,0.17999999999999999,0.71999999999999997,0.23310760475813996,0.97245094714536773,0.011714464680215076,1,ok
CP-010-FIG10-EQ20,a_over_A5=4,4,exact,eq20,1,4,10,0.20000000000000001,0.80000000000000004,0.23310760475813996,0.97245094714536773,0.0091744348521658678,1,ok
CP-010-FIG10-EQ20,a_over_A5=4,4,exact,eq20,1,4,11,0.22,0.88,0.23310760475813996,0.97245094714536773,0.0071851558867041957,1,ok
CP-010-FIG10-EQ20,a_over_A5=4,4,exact,eq20,1,4,12,0.23999999999999999,0.95999999999999996,0.23310760475813996,0.97245094714536773,0.0056272092993338105,1,ok
CP-010-FIG10-EQ20,a_over_A5=4,4,exact,eq20,1,4,13,0.26000000000000001,1.04,0.23310760475813996,0.97245094714536773,0.004407069936659889,1,ok
CP-010-FIG10-EQ20,a_over_A5=4,4,exact,eq20,1,4,14,0.28000000000000003,1.1200000000000001,0.23310760475813996,0.97245094714536773,0.0034514915641951937,1,ok
CP-010-FIG10-EQ20,a_over_A5=4,4,exact,eq20,1,4,15,0.29999999999999999,1.2,0.23310760475813996,0.97245094714536773,0.0027031098187516602,1,ok
CP-010-FIG10-EQ20,a_over_A5=4,4,exact,eq20,1,4,16,0.32000000000000001,1.28,0.23310760475813996,0.97245094714536773,0.0021169985660780244,1,ok
CP-010-FIG10-EQ20,a_over_A5=4,4,exact,eq20,1,4,17,0.34000000000000002,1.3600000000000001,0.23310760475813996,0.97245094714536773,0.0016579729383122608,1,ok
CP-010-FIG10-EQ20,a_over_A5=4,4,exact,eq20,1,4,18,0.35999999999999999,1.4399999999999999,0.23310760475813996,0.97245094714536773,0.0012984771497830489,1,ok
CP-010-FIG10-EQ20,a_over_A5=4,4,exact,eq20,1,4,19,0.38,1.52,0.23310760475813996,0.97245094714536773,0.0010169302945469204,1,ok
CP-010-FIG10-EQ20,a_over_A5=4,4,exact,eq20,1,4,20,0.40000000000000002,1.6000000000000001,0.23310760475813996,0.97245094714536773,0.00079643082216739134,1,ok
CP-010-FIG10-EQ20,a_over_A5=4,4,exact,eq20,1,4,21,0.41999999999999998,1.6799999999999999,0.23310760475813996,0.97245094714536773,0.00062374192007017817,1,ok
CP-010-FIG10-EQ20,a_over_A5=4,4,exact,eq20,1,4,22,0.44,1.76,0.23310760475813996,0.97245094714536773,0.00048849689392239731,1,ok
CP-010-FIG10-EQ20,a_over_A5=4,4,exact,eq20,1,4,23,0.46000000000000002,1.8400000000000001,0.23310760475813996,0.97245094714536773,0.00038257684419379986,1,ok
CP-010-FIG10-EQ20,a_over_A5=4,4,exact,eq20,1,4,24,0.47999999999999998,1.9199999999999999,0.23310760475813996,0.97245094714536773,0.0002996232801769641,1,ok
CP-010-FIG10-EQ20,a_over_A5=4,4,exact,eq20,1,4,25,0.5,2,0.23310760475813996,0.97245094714536773,0.00023465641317937938,1,ok
CP-010-FIG10-EQ20,a_over_A5=4,4,exact,eq20,1,4,26,0.52000000000000002,2.0800000000000001,0.23310760475813996,0.97245094714536773,0.00018377621463088538,1,ok
CP-010-FIG10-EQ20,a_over_A5=4,4,exact,eq20,1,4,27,0.54000000000000004,2.1600000000000001,0.23310760475813996,0.97245094714536773,0.00014392829331384813,1,ok
CP-010-FIG10-EQ20,a_over_A5=4,4,exact,eq20,1,4,28,0.56000000000000005,2.2400000000000002,0.23310760475813996,0.97245094714536773,0.00011272053708279866,1,ok
CP-010-FIG10-EQ20,a_over_A5=4,4,exact,eq20,1,4,29,0.57999999999999996,2.3199999999999998,0.23310760475813996,0.97245094714536773,8.8279511885326566e-05,1,ok
CP-010-FIG10-EQ20,a_over_A5=4,4,exact,eq20,1,4,30,0.59999999999999998,2.3999999999999999,0.23310760475813996,0.97245094714536773,6.9137997568153583e-05,1,ok
CP-010-FIG10-EQ20,a_over_A5=4,4,exact,eq20,1,4,31,0.62,2.48,0.23310760475813996,0.97245094714536773,5.4146909125904759e-05,1,ok
CP-010-FIG10-EQ20,a_over_A5=4,4,exact,eq20,1,4,32,0.64000000000000001,2.5600000000000001,0.23310760475813996,0.97245094714536773,4.2406315933562406e-05,1,ok
CP-010-FIG10-EQ20,a_over_A5=4,4,exact,eq20,1,4,33,0.66000000000000003,2.6400000000000001,0.23310760475813996,0.97245094714536773,3.3211417975412661e-05,1,ok
CP-010-FIG10-EQ20,a_over_A5=4,4,exact,eq20,1,4,34,0.68000000000000005,2.7200000000000002,0.23310760475813996,0.97245094714536773,2.6010235967340797e-05,1,ok
CP-010-FIG10-EQ20,a_over_A5=4,4,exact,eq20,1,4,35,0.70000000000000007,2.8000000000000003,0.23310760475813996,0.97245094714536773,2.0370475466528023e-05,1,ok
CP-010-FIG10-EQ20,a_over_A5=4,4,exact,eq20,1,4,36,0.71999999999999997,2.8799999999999999,0.23310760475813996,0.97245094714536773,1.5953575786603768e-05,1,ok
CP-010-FIG10-EQ20,a_over_A5=4,4,exact,eq20,1,4,37,0.73999999999999999,2.96,0.23310760475813996,0.97245094714536773,1.2494385847651018e-05,1,ok
CP-010-FIG10-EQ20,a_over_A5=4,4,exact,eq20,1,4,38,0.76000000000000001,3.04,0.23310760475813996,0.97245094714536773,9.7852468812081652e-06,1,ok
CP-010-FIG10-EQ20,a_over_A5=4,4,exact,eq20,1,4,39,0.78000000000000003,3.1200000000000001,0.23310760475813996,0.97245094714536773,7.6635264585009806e-06,1,ok
CP-010-FIG10-EQ20,a_over_A5=4,4,exact,eq20,1,4,40,0.80000000000000004,3.2000000000000002,0.23310760475813996,0.97245094714536773,6.0018554966590022e-06,1,ok
CP-010-FIG10-EQ20,a_over_A5=4,4,exact,eq20,1,4,41,0.82000000000000006,3.2800000000000002,0.23310760475813996,0.97245094714536773,4.7004821602484625e-06,1,ok
CP-010-FIG10-EQ20,a_over_A5=4,4,exact,eq20,1,4,42,0.83999999999999997,3.3599999999999999,0.23310760475813996,0.97245094714536773,3.6812836548819307e-06,1,ok
CP-010-FIG10-EQ20,a_over_A5=4,4,exact,eq20,1,4,43,0.85999999999999999,3.4399999999999999,0.23310760475813996,0.97245094714536773,2.8830764346491007e-06,1,ok
CP-010-FIG10-EQ20,a_over_A5=4,4,exact,eq20,1,4,44,0.88,3.52,0.23310760475813996,0.97245094714536773,2.2579432902449252e-06,1,ok
CP-010-FIG10-EQ20,a_over_A5=4,4,exact,eq20,1,4,45,0.90000000000000002,3.6000000000000001,0.23310760475813996,0.97245094714536773,1.7683568290767855e-06,1,ok
CP-010-FIG10-EQ20,a_over_A5=4,4,exact,eq20,1,4,46,0.92000000000000004,3.6800000000000002,0.23310760475813996,0.97245094714536773,1.3849266668709356e-06,1,ok
CP-010-FIG10-EQ20,a_over_A5=4,4,exact,eq20,1,4,47,0.94000000000000006,3.7600000000000002,0.23310760475813996,0.97245094714536773,1.084635092348185e-06,1,ok
CP-010-FIG10-EQ20,a_over_A5=4,4,exact,eq20,1,4,48,0.95999999999999996,3.8399999999999999,0.23310760475813996,0.97245094714536773,8.4945529008489388e-07,1,ok
CP-010-FIG10-EQ20,a_over_A5=4,4,exact,eq20,1,4,49,0.97999999999999998,3.9199999999999999,0.23310760475813996,0.97245094714536773,6.6526917204110999e-07,1,ok
CP-010-FIG10-EQ20,a_over_A5=4,4,exact,eq20,1,4,50,1,4,0.23310760475813996,0.97245094714536773,5.2101985405733671e-07,1,ok
CP-010-FIG10-EQ20,a_over_A5=4,4,exact,eq20,1,4,51,1.02,4.0800000000000001,0.23310760475813996,0.97245094714536773,4.0804789960289048e-07,1,ok
CP-010-FIG10-EQ20,a_over_A5=4,4,exact,eq20,1,4,52,1.04,4.1600000000000001,0.23310760475813996,0.97245094714536773,3.1957148479798072e-07,1,ok
CP-010-FIG10-EQ20,a_over_A5=4,4,exact,eq20,1,4,53,1.0600000000000001,4.2400000000000002,0.23310760475813996,0.97245094714536773,2.5027927847533167e-07,1,ok
CP-010-FIG10-EQ20,a_over_A5=4,4,exact,eq20,1,4,54,1.0800000000000001,4.3200000000000003,0.23310760475813996,0.97245094714536773,1.9601159744816049e-07,1,ok
CP-010-FIG10-EQ20,a_over_A5=4,4,exact,eq20,1,4,55,1.1000000000000001,4.4000000000000004,0.23310760475813996,0.97245094714536773,1.535106964037636e-07,1,ok
CP-010-FIG10-EQ20,a_over_A5=4,4,exact,eq20,1,4,56,1.1200000000000001,4.4800000000000004,0.23310760475813996,0.97245094714536773,1.2022520206540786e-07,1,ok
CP-010-FIG10-EQ20,a_over_A5=4,4,exact,eq20,1,4,57,1.1400000000000001,4.5600000000000005,0.23310760475813996,0.97245094714536773,9.4156951601933014e-08,1,ok
CP-010-FIG10-EQ20,a_over_A5=4,4,exact,eq20,1,4,58,1.1599999999999999,4.6399999999999997,0.23310760475813996,0.97245094714536773,7.3741040835560387e-08,1,ok
CP-010-FIG10-EQ20,a_over_A5=4,4,exact,eq20,1,4,59,1.1799999999999999,4.7199999999999998,0.23310760475813996,0.97245094714536773,5.7751881417113982e-08,1,ok
CP-010-FIG10-EQ20,a_over_A5=4,4,exact,eq20,1,4,60,1.2,4.7999999999999998,0.23310760475813996,0.97245094714536773,4.5229627483207659e-08,1,ok
CP-010-FIG10-EQ20,a_over_A5=4,4,exact,eq20,1,4,61,1.22,4.8799999999999999,0.23310760475813996,0.97245094714536773,3.5422555111139795e-08,1,ok
CP-010-FIG10-EQ20,a_over_A5=4,4,exact,eq20,1,4,62,1.24,4.96,0.23310760475813996,0.97245094714536773,2.774193555026709e-08,1,ok
CP-010-FIG10-EQ20,a_over_A5=4,4,exact,eq20,1,4,63,1.26,5.04,0.23310760475813996,0.97245094714536773,2.1726693223017804e-08,1,ok
CP-010-FIG10-EQ20,a_over_A5=4,4,exact,eq20,1,4,64,1.28,5.1200000000000001,0.23310760475813996,0.97245094714536773,1.7015726878602047e-08,1,ok
CP-010-FIG10-EQ20,a_over_A5=4,4,exact,eq20,1,4,65,1.3,5.2000000000000002,0.23310760475813996,0.97245094714536773,1.3326232309500301e-08,1,ok
CP-010-FIG10-EQ20,a_over_A5=4,4,exact,eq20,1,4,66,1.3200000000000001,5.2800000000000002,0.23310760475813996,0.97245094714536773,1.0436725320861491e-08,1,ok
CP-010-FIG10-EQ20,a_over_A5=4,4,exact,eq20,1,4,67,1.3400000000000001,5.3600000000000003,0.23310760475813996,0.97245094714536773,8.1737458040153441e-09,1,ok
CP-010-FIG10-EQ20,a_over_A5=4,4,exact,eq20,1,4,68,1.3600000000000001,5.4400000000000004,0.23310760475813996,0.97245094714536773,6.4014447458068346e-09,1,ok
CP-010-FIG10-EQ20,a_over_A5=4,4,exact,eq20,1,4,69,1.3800000000000001,5.5200000000000005,0.23310760475813996,0.97245094714536773,5.0134290710982956e-09,1,ok
CP-010-FIG10-EQ20,a_over_A5=4,4,exact,eq20,1,4,70,1.4000000000000001,5.6000000000000005,0.23310760475813996,0.97245094714536773,3.9263747558545207e-09,1,ok
CP-010-FIG10-EQ20,a_over_A5=4,4,exact,eq20,1,4,71,1.4199999999999999,5.6799999999999997,0.23310760475813996,0.97245094714536773,3.0750247993504187e-09,1,ok
CP-010-FIG10-EQ20,a_over_A5=4,4,exact,eq20,1,4,72,1.4399999999999999,5.7599999999999998,0.23310760475813996,0.97245094714536773,2.4082717785715195e-09,1,ok
CP-010-FIG10-EQ20,a_over_A5=4,4,exact,eq20,1,4,73,1.46,5.8399999999999999,0.23310760475813996,0.97245094714536773,1.8860898164753727e-09,1,ok
CP-010-FIG10-EQ20,a_over_A5=4,4,exact,eq20,1,4,74,1.48,5.9199999999999999,0.23310760475813996,0.97245094714536773,1.4771317869788489e-09,1,ok
CP-010-FIG10-EQ20,a_over_A5=4,4,exact,eq20,1,4,75,1.5,6,0.23310760475813996,0.97245094714536773,1.1568475143886835e-09,1,ok
CP-010-FIG10-EQ20,a_over_A5=4,4,exact,eq20,1,4,76,1.52,6.0800000000000001,0.23310760475813996,0.97245094714536773,9.0601000083037173e-10,1,ok
CP-010-FIG10-EQ20,a_over_A5=4,4,exact,eq20,1,4,77,1.54,6.1600000000000001,0.23310760475813996,0.97245094714536773,7.0956120957601823e-10,1,ok
CP-010-FIG10-EQ20,a_over_A5=4,4,exact,eq20,1,4,78,1.5600000000000001,6.2400000000000002,0.23310760475813996,0.97245094714536773,5.5570811544413552e-10,1,ok
CP-010-FIG10-EQ20,a_over_A5=4,4,exact,eq20,1,4,79,1.5800000000000001,6.3200000000000003,0.23310760475813996,0.97245094714536773,4.3521475723707432e-10,1,ok
CP-010-FIG10-EQ20,a_over_A5=4,4,exact,eq20,1,4,80,1.6000000000000001,6.4000000000000004,0.23310760475813996,0.97245094714536773,3.4084779338797834e-10,1,ok
CP-010-FIG10-EQ20,a_over_A5=4,4,exact,eq20,1,4,81,1.6200000000000001,6.4800000000000004,0.23310760475813996,0.97245094714536773,2.669422769462039e-10,1,ok
CP-010-FIG10-EQ20,a_over_A5=4,4,exact,eq20,1,4,82,1.6400000000000001,6.5600000000000005,0.23310760475813996,0.97245094714536773,2.0906158292218339e-10,1,ok
CP-010-FIG10-EQ20,a_over_A5=4,4,exact,eq20,1,4,83,1.6600000000000001,6.6400000000000006,0.23310760475813996,0.97245094714536773,1.6373107307665897e-10,1,ok
CP-010-FIG10-EQ20,a_over_A5=4,4,exact,eq20,1,4,84,1.6799999999999999,6.7199999999999998,0.23310760475813996,0.97245094714536773,1.2822950977470076e-10,1,ok
CP-010-FIG10-EQ20,a_over_A5=4,4,exact,eq20,1,4,85,1.7,6.7999999999999998,0.23310760475813996,0.97245094714536773,1.0042569726127326e-10,1,ok
CP-010-FIG10-EQ20,a_over_A5=4,4,exact,eq20,1,4,86,1.72,6.8799999999999999,0.23310760475813996,0.97245094714536773,7.8650543764323938e-11,1,ok
CP-010-FIG10-EQ20,a_over_A5=4,4,exact,eq20,1,4,87,1.74,6.96,0.23310760475813996,0.97245094714536773,6.1596864180392206e-11,1,ok
CP-010-FIG10-EQ20,a_over_A5=4,4,exact,eq20,1,4,88,1.76,7.04,0.23310760475813996,0.97245094714536773,4.824090839380478e-11,1,ok
CP-010-FIG10-EQ20,a_over_A5=4,4,exact,eq20,1,4,89,1.78,7.1200000000000001,0.23310760475813996,0.97245094714536773,3.7780904492866446e-11,1,ok
CP-010-FIG10-EQ20,a_over_A5=4,4,exact,eq20,1,4,90,1.8,7.2000000000000002,0.23310760475813996,0.97245094714536773,2.9588927568420564e-11,1,ok
CP-010-FIG10-EQ20,a_over_A5=4,4,exact,eq20,1,4,91,1.8200000000000001,7.2800000000000002,0.23310760475813996,0.97245094714536773,2.3173204728715343e-11,1,ok
CP-010-FIG10-EQ20,a_over_A5=4,4,exact,eq20,1,4,92,1.8400000000000001,7.3600000000000003,0.23310760475813996,0.97245094714536773,1.8148593461429717e-11,1,ok
CP-010-FIG10-EQ20,a_over_A5=4,4,exact,eq20,1,4,93,1.8600000000000001,7.4400000000000004,0.23310760475813996,0.97245094714536773,1.4213461128235975e-11,1,ok
CP-010-FIG10-EQ20,a_over_A5=4,4,exact,eq20,1,4,94,1.8800000000000001,7.5200000000000005,0.23310760475813996,0.97245094714536773,1.1131577643921765e-11,1,ok
CP-010-FIG10-EQ20,a_over_A5=4,4,exact,eq20,1,4,95,1.9000000000000001,7.6000000000000005,0.23310760475813996,0.97245094714536773,8.7179343387726306e-12,1,ok
CP-010-FIG10-EQ20,a_over_A5=4,4,exact,eq20,1,4,96,1.9199999999999999,7.6799999999999997,0.23310760475813996,0.97245094714536773,6.8276376957808171e-12,1,ok
CP-010-FIG10-EQ20,a_over_A5=4,4,exact,eq20,1,4,97,1.9399999999999999,7.7599999999999998,0.23310760475813996,0.97245094714536773,5.3472112421771071e-12,1,ok
CP-010-FIG10-EQ20,a_over_A5=4,4,exact,eq20,1,4,98,1.96,7.8399999999999999,0.23310760475813996,0.97245094714536773,4.1877834387923761e-12,1,ok
CP-010-FIG10-EQ20,a_over_A5=4,4,exact,eq20,1,4,99,1.98,7.9199999999999999,0.23310760475813996,0.97245094714536773,3.2797526291636204e-12,1,ok
CP-010-FIG10-EQ20,a_over_A5=4,4,exact,eq20,1,4,100,2,8,0.23310760475813996,0.97245094714536773,2.5686087797337474e-12,1,ok
CP-010-FIG10-EQ20,a_over_A5=4,4,exact,eq20,1,4,101,2.02,8.0800000000000001,0.23310760475813996,0.97245094714536773,2.0116611858644432e-12,1,ok
CP-010-FIG10-EQ20,a_over_A5=4,4,exact,eq20,1,4,102,2.04,8.1600000000000001,0.23310760475813996,0.97245094714536773,1.5754757044523524e-12,1,ok
CP-010-FIG10-EQ20,a_over_A5=4,4,exact,eq20,1,4,103,2.0600000000000001,8.2400000000000002,0.23310760475813996,0.97245094714536773,1.2338676675580573e-12,1,ok
CP-010-FIG10-EQ20,a_over_A5=4,4,exact,eq20,1,4,104,2.0800000000000001,8.3200000000000003,0.23310760475813996,0.97245094714536773,9.663299895661477e-13,1,ok
CP-010-FIG10-EQ20,a_over_A5=4,4,exact,eq20,1,4,105,2.1000000000000001,8.4000000000000004,0.23310760475813996,0.97245094714536773,7.5680210551507655e-13,1,ok
CP-010-FIG10-EQ20,a_over_A5=4,4,exact,eq20,1,4,106,2.1200000000000001,8.4800000000000004,0.23310760475813996,0.97245094714536773,5.9270583868477035e-13,1,ok
CP-010-FIG10-EQ20,a_over_A5=4,4,exact,eq20,1,4,107,2.1400000000000001,8.5600000000000005,0.23310760475813996,0.97245094714536773,4.6419031957096105e-13,1,ok
CP-010-FIG10-EQ20,a_over_A5=4,4,exact,eq20,1,4,108,2.1600000000000001,8.6400000000000006,0.23310760475813996,0.97245094714536773,3.6354062794712733e-13,1,ok
CP-010-FIG10-EQ20,a_over_A5=4,4,exact,eq20,1,4,109,2.1800000000000002,8.7200000000000006,0.23310760475813996,0.97245094714536773,2.8471465818232781e-13,1,ok
CP-010-FIG10-EQ20,a_over_A5=4,4,exact,eq20,1,4,110,2.2000000000000002,8.8000000000000007,0.23310760475813996,0.97245094714536773,2.2298040535835048e-13,1,ok
CP-010-FIG10-EQ20,a_over_A5=4,4,exact,eq20,1,4,111,2.2200000000000002,8.8800000000000008,0.23310760475813996,0.97245094714536773,1.7463189809473819e-13,1,ok
CP-010-FIG10-EQ20,a_over_A5=4,4,exact,eq20,1,4,112,2.2400000000000002,8.9600000000000009,0.23310760475813996,0.97245094714536773,1.3676672523381768e-13,1,ok
CP-010-FIG10-EQ20,a_over_A5=4,4,exact,eq20,1,4,113,2.2600000000000002,9.0400000000000009,0.23310760475813996,0.97245094714536773,1.0711180108135304e-13,1,ok
CP-010-FIG10-EQ20,a_over_A5=4,4,exact,eq20,1,4,114,2.2800000000000002,9.120000000000001,0.23310760475813996,0.97245094714536773,8.3886909709047282e-14,1,ok
CP-010-FIG10-EQ20,a_over_A5=4,4,exact,eq20,1,4,115,2.3000000000000003,9.2000000000000011,0.23310760475813996,0.97245094714536773,6.5697836741528442e-14,1,ok
CP-010-FIG10-EQ20,a_over_A5=4,4,exact,eq20,1,4,116,2.3199999999999998,9.2799999999999994,0.23310760475813996,0.97245094714536773,5.1452673217869936e-14,1,ok
CP-010-FIG10-EQ20,a_over_A5=4,4,exact,eq20,1,4,117,2.3399999999999999,9.3599999999999994,0.23310760475813996,0.97245094714536773,4.0296267161433934e-14,1,ok
CP-010-FIG10-EQ20,a_over_A5=4,4,exact,eq20,1,4,118,2.3599999999999999,9.4399999999999995,0.23310760475813996,0.97245094714536773,3.1558887917638698e-14,1,ok
CP-010-FIG10-EQ20,a_over_A5=4,4,exact,eq20,1,4,119,2.3799999999999999,9.5199999999999996,0.23310760475813996,0.97245094714536773,2.4716021526462589e-14,1,ok
CP-010-FIG10-EQ20,a_over_A5=4,4,exact,eq20,1,4,120,2.3999999999999999,9.5999999999999996,0.23310760475813996,0.97245094714536773,1.935688360409968e-14,1,ok
CP-010-FIG10-EQ20,a_over_A5=4,4,exact,eq20,1,4,121,2.4199999999999999,9.6799999999999997,0.23310760475813996,0.97245094714536773,1.5159759529319739e-14,1,ok
CP-010-FIG10-EQ20,a_over_A5=4,4,exact,eq20,1,4,122,2.4399999999999999,9.7599999999999998,0.23310760475813996,0.97245094714536773,1.1872691580277228e-14,1,ok
CP-010-FIG10-EQ20,a_over_A5=4,4,exact,eq20,1,4,123,2.46,9.8399999999999999,0.23310760475813996,0.97245094714536773,9.2983536505154309e-15,1,ok
CP-010-FIG10-EQ20,a_over_A5=4,4,exact,eq20,1,4,124,2.48,9.9199999999999999,0.23310760475813996,0.97245094714536773,7.2822055576410587e-15,1,ok
CP-010-FIG10-EQ20,a_over_A5=4,4,exact,eq20,1,4,125,2.5,10,0.23310760475813996,0.97245094714536773,5.7032158355042868e-15,1,ok
CP-010-FIG10-EQ20,a_over_A5=4,4,exact,eq20,1,4,126,2.52,10.08,0.23310760475813996,0.97245094714536773,4.4665960894522311e-15,1,ok
CP-010-FIG10-EQ20,a_over_A5=4,4,exact,eq20,1,4,127,2.54,10.16,0.23310760475813996,0.97245094714536773,3.4981107504492285e-15,1,ok
CP-010-FIG10-EQ20,a_over_A5=4,4,exact,eq20,1,4,128,2.5600000000000001,10.24,0.23310760475813996,0.97245094714536773,2.7396206366869376e-15,1,ok
CP-010-FIG10-EQ20,a_over_A5=4,4,exact,eq20,1,4,129,2.5800000000000001,10.32,0.23310760475813996,0.97245094714536773,2.1455927980545232e-15,1,ok
CP-010-FIG10-EQ20,a_over_A5=4,4,exact,eq20,1,4,130,2.6000000000000001,10.4,0.23310760475813996,0.97245094714536773,1.6803671258041706e-15,1,ok
CP-010-FIG10-EQ20,a_over_A5=4,4,exact,eq20,1,4,131,2.6200000000000001,10.48,0.23310760475813996,0.97245094714536773,1.3160156391481494e-15,1,ok
CP-010-FIG10-EQ20,a_over_A5=4,4,exact,eq20,1,4,132,2.6400000000000001,10.56,0.23310760475813996,0.97245094714536773,1.030665939536074e-15,1,ok
CP-010-FIG10-EQ20,a_over_A5=4,4,exact,eq20,1,4,133,2.6600000000000001,10.640000000000001,0.23310760475813996,0.97245094714536773,8.0718818782988727e-16,1,ok
CP-010-FIG10-EQ20,a_over_A5=4,4,exact,eq20,1,4,134,2.6800000000000002,10.720000000000001,0.23310760475813996,0.97245094714536773,6.3216678225088203e-16,1,ok
CP-010-FIG10-EQ20,a_over_A5=4,4,exact,eq20,1,4,135,2.7000000000000002,10.800000000000001,0.23310760475813996,0.97245094714536773,4.9509500585711395e-16,1,ok
CP-010-FIG10-EQ20,a_over_A5=4,4,exact,eq20,1,4,136,2.7200000000000002,10.880000000000001,0.23310760475813996,0.97245094714536773,3.8774429740184591e-16,1,ok
CP-010-FIG10-EQ20,a_over_A5=4,4,exact,eq20,1,4,137,2.7400000000000002,10.960000000000001,0.23310760475813996,0.97245094714536773,3.0367028224688556e-16,1,ok
CP-010-FIG10-EQ20,a_over_A5=4,4,exact,eq20,1,4,138,2.7600000000000002,11.040000000000001,0.23310760475813996,0.97245094714536773,2.378259098529904e-16,1,ok
CP-010-FIG10-EQ20,a_over_A5=4,4,exact,eq20,1,4,139,2.7800000000000002,11.120000000000001,0.23310760475813996,0.97245094714536773,1.8625847408874264e-16,1,ok
CP-010-FIG10-EQ20,a_over_A5=4,4,exact,eq20,1,4,140,2.8000000000000003,11.200000000000001,0.23310760475813996,0.97245094714536773,1.4587232817194602e-16,1,ok
CP-010-FIG10-EQ20,a_over_A5=4,4,exact,eq20,1,4,141,2.8199999999999998,11.279999999999999,0.23310760475813996,0.97245094714536773,1.1424304977482816e-16,1,ok
CP-010-FIG10-EQ20,a_over_A5=4,4,exact,eq20,1,4,142,2.8399999999999999,11.359999999999999,0.23310760475813996,0.97245094714536773,8.9471900431105242e-17,1,ok
CP-010-FIG10-EQ20,a_over_A5=4,4,exact,eq20,1,4,143,2.8599999999999999,11.44,0.23310760475813996,0.97245094714536773,7.0071842291779448e-17,1,ok
CP-010-FIG10-EQ20,a_over_A5=4,4,exact,eq20,1,4,144,2.8799999999999999,11.52,0.23310760475813996,0.97245094714536773,5.487826969702925e-17,1,ok
CP-010-FIG10-EQ20,a_over_A5=4,4,exact,eq20,1,4,145,2.8999999999999999,11.6,0.23310760475813996,0.97245094714536773,4.297909668764641e-17,1,ok
CP-010-FIG10-EQ20,a_over_A5=4,4,exact,eq20,1,4,146,2.9199999999999999,11.68,0.23310760475813996,0.97245094714536773,3.3660003536628767e-17,1,ok
CP-010-FIG10-EQ20,a_over_A5=4,4,exact,eq20,1,4,147,2.9399999999999999,11.76,0.23310760475813996,0.97245094714536773,2.6361555393310836e-17,1,ok
CP-010-FIG10-EQ20,a_over_A5=4,4,exact,eq20,1,4,148,2.96,11.84,0.23310760475813996,0.97245094714536773,2.0645618827650069e-17,1,ok
CP-010-FIG10-EQ20,a_over_A5=4,4,exact,eq20,1,4,149,2.98,11.92,0.23310760475813996,0.97245094714536773,1.6169060224905488e-17,1,ok
CP-010-FIG10-EQ20,a_over_A5=4,4,exact,eq20,1,4,150,3,12,0.23310760475813996,0.97245094714536773,1.266314711799687e-17,1,ok
CP-010-FIG10-EQ20,a_over_A5=0.5,0.5,closed_form,eq20,1,0.5,0,0,0,nan,nan,nan,0,outside_transverse_domain
CP-010-FIG10-EQ20,a_over_A5=0.5,0.5,closed_form,eq20,1,0.5,1,0.02,0.01,nan,nan,nan,0,outside_transverse_domain
CP-010-FIG10-EQ20,a_over_A5=0.5,0.5,closed_form,eq20,1,0.5,2,0.040000000000000001,0.02,nan,nan,nan,0,outside_transverse_domain
CP-010-FIG10-EQ20,a_over_A5=0.5,0.5,closed_form,eq20,1,0.5,3,0.059999999999999998,0.029999999999999999,nan,nan,nan,0,outside_transverse_domain
CP-010-FIG10-EQ20,a_over_A5=0.5,0.5,closed_form,eq20,1,0.5,4,0.080000000000000002,0.040000000000000001,nan,nan,nan,0,outside_transverse_domain
CP-010-FIG10-EQ20,a_over_A5=0.5,0.5,closed_form,eq20,1,0.5,5,0.10000000000000001,0.050000000000000003,nan,nan,nan,0,outside_transverse_domain
CP-010-FIG10-EQ20,a_over_A5=0.5,0.5,closed_form,eq20,1,0.5,6,0.12,0.059999999999999998,nan,nan,nan,0,outside_transverse_domain
CP-010-FIG10-EQ20,a_over_A5=0.5,0.5,closed_form,eq20,1,0.5,7,0.14000000000000001,0.070000000000000007,nan,nan,nan,0,outside_transverse_domain
CP-010-FIG10-EQ20,a_over_A5=0.5,0.5,closed_form,eq20,1,0.5,8,0.16,0.080000000000000002,nan,nan,nan,0,outside_transverse_domain
CP-010-FIG10-EQ20,a_over_A5=0.5,0.5,closed_form,eq20,1,0.5,9,0.17999999999999999,0.089999999999999997,nan,nan,nan,0,outside_transverse_domain
CP-010-FIG10-EQ20,a_over_A5=0.5,0.5,closed_form,eq20,1,0.5,10,0.20000000000000001,0.10000000000000001,nan,nan,nan,0,outside_transverse_domain
CP-010-FIG10-EQ20,a_over_A5=0.5,0.5,closed_form,eq20,1,0.5,11,0.22,0.11,nan,nan,nan,0,outside_transverse_domain
CP-010-FIG10-EQ20,a_over_A5=0.5,0.5,closed_form,eq20,1,0.5,12,0.23999999999999999,0.12,nan,nan,nan,0,outside_transverse_domain
CP-010-FIG10-EQ20,a_over_A5=0.5,0.5,closed_form,eq20,1,0.5,13,0.26000000000000001,0.13,nan,nan,nan,0,outside_transverse_domain
CP-010-FIG10-EQ20,a_over_A5=0.5,0.5,closed_form,eq20,1,0.5,14,0.28000000000000003,0.14000000000000001,nan,nan,nan,0,outside_transverse_domain
CP-010-FIG10-EQ20,a_over_A5=0.5,0.5,closed_form,eq20,1,0.5,15,0.29999999999999999,0.14999999999999999,nan,nan,nan,0,outside_transverse_domain
CP-010-FIG10-EQ20,a_over_A5=0.5,0.5,closed_form,eq20,1,0.5,16,0.32000000000000001,0.16,nan,nan,nan,0,outside_transverse_domain
CP-010-FIG10-EQ20,a_over_A5=0.5,0.5,closed_form,eq20,1,0.5,17,0.34000000000000002,0.17000000000000001,nan,nan,nan,0,outside_transverse_domain
CP-010-FIG10-EQ20,a_over_A5=0.5,0.5,closed_form,eq20,1,0.5,18,0.35999999999999999,0.17999999999999999,nan,nan,nan,0,outside_transverse_domain
CP-010-FIG10-EQ20,a_over_A5=0.5,0.5,closed_form,eq20,1,0.5,19,0.38,0.19,nan,nan,nan,0,outside_transverse_domain
CP-010-FIG10-EQ20,a_over_A5=0.5,0.5,closed_form,eq20,1,0.5,20,0.40000000000000002,0.20000000000000001,nan,nan,nan,0,outside_transverse_domain
CP-010-FIG10-EQ20,a_over_A5=0.5,0.5,closed_form,eq20,1,0.5,21,0.41999999999999998,0.20999999999999999,nan,nan,nan,0,outside_transverse_domain
CP-010-FIG10-EQ20,a_over_A5=0.5,0.5,closed_form,eq20,1,0.5,22,0.44,0.22,nan,nan,nan,0,outside_transverse_domain
CP-010-FIG10-EQ20,a_over_A5=0.5,0.5,closed_form,eq20,1,0.5,23,0.46000000000000002,0.23000000000000001,nan,nan,nan,0,outside_transverse_domain
CP-010-FIG10-EQ20,a_over_A5=0.5,0.5,closed_form,eq20,1,0.5,24,0.47999999999999998,0.23999999999999999,nan,nan,nan,0,outside_transverse_domain
CP-010-FIG10-EQ20,a_over_A5=0.5,0.5,closed_form,eq20,1,0.5,25,0.5,0.25,nan,nan,nan,0,outside_transverse_domain
CP-010-FIG10-EQ20,a_over_A5=0.5,0.5,closed_form,eq20,1,0.5,26,0.52000000000000002,0.26000000000000001,nan,nan,nan,0,outside_transverse_domain
CP-010-FIG10-EQ20,a_over_A5=0.5,0.5,closed_form,eq20,1,0.5,27,0.54000000000000004,0.27000000000000002,nan,nan,nan,0,outside_transverse_domain
CP-010-FIG10-EQ20,a_over_A5=0.5,0.5,closed_form,eq20,1,0.5,28,0.56000000000000005,0.28000000000000003,nan,nan,nan,0,outside_transverse_domain
CP-010-FIG10-EQ20,a_over_A5=0.5,0.5,closed_form,eq20,1,0.5,29,0.57999999999999996,0.28999999999999998,nan,nan,nan,0,outside_transverse_domain
CP-010-FIG10-EQ20,a_over_A5=0.5,0.5,closed_form,eq20,1,0.5,30,0.59999999999999998,0.29999999999999999,nan,nan,nan,0,outside_transverse_domain
CP-010-FIG10-EQ20,a_over_A5=0.5,0.5,closed_form,eq20,1,0.5,31,0.62,0.31,nan,nan,nan,0,outside_transverse_domain
CP-010-FIG10-EQ20,a_over_A5=0.5,0.5,closed_form,eq20,1,0.5,32,0.64000000000000001,0.32000000000000001,nan,nan,nan,0,outside_transverse_domain
CP-010-FIG10-EQ20,a_over_A5=0.5,0.5,closed_form,eq20,1,0.5,33,0.66000000000000003,0.33000000000000002,nan,nan,nan,0,outside_transverse_domain
CP-010-FIG10-EQ20,a_over_A5=0.5,0.5,closed_form,eq20,1,0.5,34,0.68000000000000005,0.34000000000000002,nan,nan,nan,0,outside_transverse_domain
CP-010-FIG10-EQ20,a_over_A5=0.5,0.5,closed_form,eq20,1,0.5,35,0.70000000000000007,0.35000000000000003,nan,nan,nan,0,outside_transverse_domain
CP-010-FIG10-EQ20,a_over_A5=0.5,0.5,closed_form,eq20,1,0.5,36,0.71999999999999997,0.35999999999999999,nan,nan,nan,0,outside_transverse_domain
CP-010-FIG10-EQ20,a_over_A5=0.5,0.5,closed_form,eq20,1,0.5,37,0.73999999999999999,0.37,nan,nan,nan,0,outside_transverse_domain
CP-010-FIG10-EQ20,a_over_A5=0.5,0.5,closed_form,eq20,1,0.5,38,0.76000000000000001,0.38,nan,nan,nan,0,outside_transverse_domain
CP-010-FIG10-EQ20,a_over_A5=0.5,0.5,closed_form,eq20,1,0.5,39,0.78000000000000003,0.39000000000000001,nan,nan,nan,0,outside_transverse_domain
CP-010-FIG10-EQ20,a_over_A5=0.5,0.5,closed_form,eq20,1,0.5,40,0.80000000000000004,0.40000000000000002,nan,nan,nan,0,outside_transverse_domain
CP-010-FIG10-EQ20,a_over_A5=0.5,0.5,closed_form,eq20,1,0.5,41,0.82000000000000006,0.41000000000000003,nan,nan,nan,0,outside_transverse_domain
CP-010-FIG10-EQ20,a_over_A5=0.5,0.5,closed_form,eq20,1,0.5,42,0.83999999999999997,0.41999999999999998,nan,nan,nan,0,outside_transverse_domain
CP-010-FIG10-EQ20,a_over_A5=0.5,0.5,closed_form,eq20,1,0.5,43,0.85999999999999999,0.42999999999999999,nan,nan,nan,0,outside_transverse_domain
CP-010-FIG10-EQ20,a_over_A5=0.5,0.5,closed_form,eq20,1,0.5,44,0.88,0.44,nan,nan,nan,0,outside_transverse_domain
CP-010-FIG10-EQ20,a_over_A5=0.5,0.5,closed_form,eq20,1,0.5,45,0.90000000000000002,0.45000000000000001,nan,nan,nan,0,outside_transverse_domain
CP-010-FIG10-EQ20,a_over_A5=0.5,0.5,closed_form,eq20,1,0.5,46,0.92000000000000004,0.46000000000000002,nan,nan,nan,0,outside_transverse_domain
CP-010-FIG10-EQ20,a_over_A5=0.5,0.5,closed_form,eq20,1,0.5,47,0.94000000000000006,0.47000000000000003,nan,nan,nan,0,outside_transverse_domain
CP-010-FIG10-EQ20,a_over_A5=0.5,0.5,closed_form,eq20,1,0.5,48,0.95999999999999996,0.47999999999999998,nan,nan,nan,0,outside_transverse_domain
CP-010-FIG10-EQ20,a_over_A5=0.5,0.5,closed_form,eq20,1,0.5,49,0.97999999999999998,0.48999999999999999,nan,nan,nan,0,outside_transverse_domain
CP-010-FIG10-EQ20,a_over_A5=0.5,0.5,closed_form,eq20,1,0.5,50,1,0.5,nan,nan,nan,0,outside_transverse_domain
CP-010-FIG10-EQ20,a_over_A5=0.5,0.5,closed_form,eq20,1,0.5,51,1.02,0.51000000000000001,nan,nan,nan,0,outside_transverse_domain
CP-010-FIG10-EQ20,a_over_A5=0.5,0.5,closed_form,eq20,1,0.5,52,1.04,0.52000000000000002,nan,nan,nan,0,outside_transverse_domain
CP-010-FIG10-EQ20,a_over_A5=0.5,0.5,closed_form,eq20,1,0.5,53,1.0600000000000001,0.53000000000000003,nan,nan,nan,0,outside_transverse_domain
CP-010-FIG10-EQ20,a_over_A5=0.5,0.5,closed_form,eq20,1,0.5,54,1.0800000000000001,0.54000000000000004,nan,nan,nan,0,outside_transverse_domain
CP-010-FIG10-EQ20,a_over_A5=0.5,0.5,closed_form,eq20,1,0.5,55,1.1000000000000001,0.55000000000000004,nan,nan,nan,0,outside_transverse_domain
CP-010-FIG10-EQ20,a_over_A5=0.5,0.5,closed_form,eq20,1,0.5,56,1.1200000000000001,0.56000000000000005,nan,nan,nan,0,outside_transverse_domain
CP-010-FIG10-EQ20,a_over_A5=0.5,0.5,closed_form,eq20,1,0.5,57,1.1400000000000001,0.57000000000000006,nan,nan,nan,0,outside_transverse_domain
CP-010-FIG10-EQ20,a_over_A5=0.5,0.5,closed_form,eq20,1,0.5,58,1.1599999999999999,0.57999999999999996,nan,nan,nan,0,outside_transverse_domain
CP-010-FIG10-EQ20,a_over_A5=0.5,0.5,closed_form,eq20,1,0.5,59,1.1799999999999999,0.58999999999999997,nan,nan,nan,0,outside_transverse_domain
CP-010-FIG10-EQ20,a_over_A5=0.5,0.5,closed_form,eq20,1,0.5,60,1.2,0.59999999999999998,nan,nan,nan,0,outside_transverse_domain
CP-010-FIG10-EQ20,a_over_A5=0.5,0.5,closed_form,eq20,1,0.5,61,1.22,0.60999999999999999,nan,nan,nan,0,outside_transverse_domain
CP-010-FIG10-EQ20,a_over_A5=0.5,0.5,closed_form,eq20,1,0.5,62,1.24,0.62,nan,nan,nan,0,outside_transverse_domain
CP-010-FIG10-EQ20,a_over_A5=0.5,0.5,closed_form,eq20,1,0.5,63,1.26,0.63,nan,nan,nan,0,outside_transverse_domain
CP-010-FIG10-EQ20,a_over_A5=0.5,0.5,closed_form,eq20,1,0.5,64,1.28,0.64000000000000001,nan,nan,nan,0,outside_transverse_domain
CP-010-FIG10-EQ20,a_over_A5=0.5,0.5,closed_form,eq20,1,0.5,65,1.3,0.65000000000000002,nan,nan,nan,0,outside_transverse_domain
CP-010-FIG10-EQ20,a_over_A5=0.5,0.5,closed_form,eq20,1,0.5,66,1.3200000000000001,0.66000000000000003,nan,nan,nan,0,outside_transverse_domain
CP-010-FIG10-EQ20,a_over_A5=0.5,0.5,closed_form,eq20,1,0.5,67,1.3400000000000001,0.67000000000000004,nan,nan,nan,0,outside_transverse_domain
CP-010-FIG10-EQ20,a_over_A5=0.5,0.5,closed_form,eq20,1,0.5,68,1.3600000000000001,0.68000000000000005,nan,nan,nan,0,outside_transverse_domain
CP-010-FIG10-EQ20,a_over_A5=0.5,0.5,closed_form,eq20,1,0.5,69,1.3800000000000001,0.69000000000000006,nan,nan,nan,0,outside_transverse_domain
CP-010-FIG10-EQ20,a_over_A5=0.5,0.5,closed_form,eq20,1,0.5,70,1.4000000000000001,0.70000000000000007,nan,nan,nan,0,outside_transverse_domain
CP-010-FIG10-EQ20,a_over_A5=0.5,0.5,closed_form,eq20,1,0.5,71,1.4199999999999999,0.70999999999999996,nan,nan,nan,0,outside_transverse_domain
CP-010-FIG10-EQ20,a_over_A5=0.5,0.5,closed_form,eq20,1,0.5,72,1.4399999999999999,0.71999999999999997,nan,nan,nan,0,outside_transverse_domain
CP-010-FIG10-EQ20,a_over_A5=0.5,0.5,closed_form,eq20,1,0.5,73,1.46,0.72999999999999998,nan,nan,nan,0,outside_transverse_domain
CP-010-FIG10-EQ20,a_over_A5=0.5,0.5,closed_form,eq20,1,0.5,74,1.48,0.73999999999999999,nan,nan,nan,0,outside_transverse_domain
CP-010-FIG10-EQ20,a_over_A5=0.5,0.5,closed_form,eq20,1,0.5,75,1.5,0.75,nan,nan,nan,0,outside_transverse_domain
CP-010-FIG10-EQ20,a_over_A5=0.5,0.5,closed_form,eq20,1,0.5,76,1.52,0.76000000000000001,nan,nan,nan,0,outside_transverse_domain
CP-010-FIG10-EQ20,a_over_A5=0.5,0.5,closed_form,eq20,1,0.5,77,1.54,0.77000000000000002,nan,nan,nan,0,outside_transverse_domain
CP-010-FIG10-EQ20,a_over_A5=0.5,0.5,closed_form,eq20,1,0.5,78,1.5600000000000001,0.78000000000000003,nan,nan,nan,0,outside_transverse_domain
CP-010-FIG10-EQ20,a_over_A5=0.5,0.5,closed_form,eq20,1,0.5,79,1.5800000000000001,0.79000000000000004,nan,nan,nan,0,outside_transverse_domain
CP-010-FIG10-EQ20,a_over_A5=0.5,0.5,closed_form,eq20,1,0.5,80,1.6000000000000001,0.80000000000000004,nan,nan,nan,0,outside_transverse_domain
CP-010-FIG10-EQ20,a_over_A5=0.5,0.5,closed_form,eq20,1,0.5,81,1.6200000000000001,0.81000000000000005,nan,nan,nan,0,outside_transverse_domain
CP-010-FIG10-EQ20,a_over_A5=0.5,0.5,closed_form,eq20,1,0.5,82,1.6400000000000001,0.82000000000000006,nan,nan,nan,0,outside_transverse_domain
CP-010-FIG10-EQ20,a_over_A5=0.5,0.5,closed_form,eq20,1,0.5,83,1.6600000000000001,0.83000000000000007,nan,nan,nan,0,outside_transverse_domain
CP-010-FIG10-EQ20,a_over_A5=0.5,0.5,closed_form,eq20,1,0.5,84,1.6799999999999999,0.83999999999999997,nan,nan,nan,0,outside_transverse_domain
CP-010-FIG10-EQ20,a_over_A5=0.5,0.5,closed_form,eq20,1,0.5,85,1.7,0.84999999999999998,nan,nan,nan,0,outside_transverse_domain
CP-010-FIG10-EQ20,a_over_A5=0.5,0.5,closed_form,eq20,1,0.5,86,1.72,0.85999999999999999,nan,nan,nan,0,outside_transverse_domain
CP-010-FIG10-EQ20,a_over_A5=0.5,0.5,closed_form,eq20,1,0.5,87,1.74,0.87,nan,nan,nan,0,outside_transverse_domain
CP-010-FIG10-EQ20,a_over_A5=0.5,0.5,closed_form,eq20,1,0.5,88,1.76,0.88,nan,nan,nan,0,outside_transverse_domain
CP-010-FIG10-EQ20,a_over_A5=0.5,0.5,closed_form,eq20,1,0.5,89,1.78,0.89000000000000001,nan,nan,nan,0,outside_transverse_domain
CP-010-FIG10-EQ20,a_over_A5=0.5,0.5,closed_form,eq20,1,0.5,90,1.8,0.90000000000000002,nan,nan,nan,0,outside_transverse_domain
CP-010-FIG10-EQ20,a_over_A5=0.5,0.5,closed_form,eq20,1,0.5,91,1.8200000000000001,0.91000000000000003,nan,nan,nan,0,outside_transverse_domain
CP-010-FIG10-EQ20,a_over_A5=0.5,0.5,closed_form,eq20,1,0.5,92,1.8400000000000001,0.92000000000000004,nan,nan,nan,0,outside_transverse_domain
CP-010-FIG10-EQ20,a_over_A5=0.5,0.5,closed_form,eq20,1,0.5,93,1.8600000000000001,0.93000000000000005,nan,nan,nan,0,outside_transverse_domain
CP-010-FIG10-EQ20,a_over_A5=0.5,0.5,closed_form,eq20,1,0.5,94,1.8800000000000001,0.94000000000000006,nan,nan,nan,0,outside_transverse_domain
CP-010-FIG10-EQ20,a_over_A5=0.5,0.5,closed_form,eq20,1,0.5,95,1.9000000000000001,0.95000000000000007,nan,nan,nan,0,outside_transverse_domain
CP-010-FIG10-EQ20,a_over_A5=0.5,0.5,closed_form,eq20,1,0.5,96,1.9199999999999999,0.95999999999999996,nan,nan,nan,0,outside_transverse_domain
CP-010-FIG10-EQ20,a_over_A5=0.5,0.5,closed_form,eq20,1,0.5,97,1.9399999999999999,0.96999999999999997,nan,nan,nan,0,outside_transverse_domain
CP-010-FIG10-EQ20,a_over_A5=0.5,0.5,closed_form,eq20,1,0.5,98,1.96,0.97999999999999998,nan,nan,nan,0,outside_transverse_domain
CP-010-FIG10-EQ20,a_over_A5=0.5,0.5,closed_form,eq20,1,0.5,99,1.98,0.98999999999999999,nan,nan,nan,0,outside_transverse_domain
CP-010-FIG10-EQ20,a_over_A5=0.5,0.5,closed_form,eq20,1,0.5,100,2,1,nan,nan,nan,0,outside_transverse_domain
CP-010-FIG10-EQ20,a_over_A5=0.5,0.5,closed_form,eq20,1,0.5,101,2.02,1.01,nan,nan,nan,0,outside_transverse_domain
CP-010-FIG10-EQ20,a_over_A5=0.5,0.5,closed_form,eq20,1,0.5,102,2.04,1.02,nan,nan,nan,0,outside_transverse_domain
CP-010-FIG10-EQ20,a_over_A5=0.5,0.5,closed_form,eq20,1,0.5,103,2.0600000000000001,1.03,nan,nan,nan,0,outside_transverse_domain
CP-010-FIG10-EQ20,a_over_A5=0.5,0.5,closed_form,eq20,1,0.5,104,2.0800000000000001,1.04,nan,nan,nan,0,outside_transverse_domain
CP-010-FIG10-EQ20,a_over_A5=0.5,0.5,closed_form,eq20,1,0.5,105,2.1000000000000001,1.05,nan,nan,nan,0,outside_transverse_domain
CP-010-FIG10-EQ20,a_over_A5=0.5,0.5,closed_form,eq20,1,0.5,106,2.1200000000000001,1.0600000000000001,nan,nan,nan,0,outside_transverse_domain
CP-010-FIG10-EQ20,a_over_A5=0.5,0.5,closed_form,eq20,1,0.5,107,2.1400000000000001,1.0700000000000001,nan,nan,nan,0,outside_transverse_domain
CP-010-FIG10-EQ20,a_over_A5=0.5,0.5,closed_form,eq20,1,0.5,108,2.1600000000000001,1.0800000000000001,nan,nan,nan,0,outside_transverse_domain
CP-010-FIG10-EQ20,a_over_A5=0.5,0.5,closed_form,eq20,1,0.5,109,2.1800000000000002,1.0900000000000001,nan,nan,nan,0,outside_transverse_domain
CP-010-FIG10-EQ20,a_over_A5=0.5,0.5,closed_form,eq20,1,0.5,110,2.2000000000000002,1.1000000000000001,nan,nan,nan,0,outside_transverse_domain
CP-010-FIG10-EQ20,a_over_A5=0.5,0.5,closed_form,eq20,1,0.5,111,2.2200000000000002,1.1100000000000001,nan,nan,nan,0,outside_transverse_domain
CP-010-FIG10-EQ20,a_over_A5=0.5,0.5,closed_form,eq20,1,0.5,112,2.2400000000000002,1.1200000000000001,nan,nan,nan,0,outside_transverse_domain
CP-010-FIG10-EQ20,a_over_A5=0.5,0.5,closed_form,eq20,1,0.5,113,2.2600000000000002,1.1300000000000001,nan,nan,nan,0,outside_transverse_domain
CP-010-FIG10-EQ20,a_over_A5=0.5,0.5,closed_form,eq20,1,0.5,114,2.2800000000000002,1.1400000000000001,nan,nan,nan,0,outside_transverse_domain
CP-010-FIG10-EQ20,a_over_A5=0.5,0.5,closed_form,eq20,1,0.5,115,2.3000000000000003,1.1500000000000001,nan,nan,nan,0,outside_transverse_domain
CP-010-FIG10-EQ20,a_over_A5=0.5,0.5,closed_form,eq20,1,0.5,116,2.3199999999999998,1.1599999999999999,nan,nan,nan,0,outside_transverse_domain
CP-010-FIG10-EQ20,a_over_A5=0.5,0.5,closed_form,eq20,1,0.5,117,2.3399999999999999,1.1699999999999999,nan,nan,nan,0,outside_transverse_domain
CP-010-FIG10-EQ20,a_over_A5=0.5,0.5,closed_form,eq20,1,0.5,118,2.3599999999999999,1.1799999999999999,nan,nan,nan,0,outside_transverse_domain
CP-010-FIG10-EQ20,a_over_A5=0.5,0.5,closed_form,eq20,1,0.5,119,2.3799999999999999,1.1899999999999999,nan,nan,nan,0,outside_transverse_domain
CP-010-FIG10-EQ20,a_over_A5=0.5,0.5,closed_form,eq20,1,0.5,120,2.3999999999999999,1.2,nan,nan,nan,0,outside_transverse_domain
CP-010-FIG10-EQ20,a_over_A5=0.5,0.5,closed_form,eq20,1,0.5,121,2.4199999999999999,1.21,nan,nan,nan,0,outside_transverse_domain
CP-010-FIG10-EQ20,a_over_A5=0.5,0.5,closed_form,eq20,1,0.5,122,2.4399999999999999,1.22,nan,nan,nan,0,outside_transverse_domain
CP-010-FIG10-EQ20,a_over_A5=0.5,0.5,closed_form,eq20,1,0.5,123,2.46,1.23,nan,nan,nan,0,outside_transverse_domain
CP-010-FIG10-EQ20,a_over_A5=0.5,0.5,closed_form,eq20,1,0.5,124,2.48,1.24,nan,nan,nan,0,outside_transverse_domain
CP-010-FIG10-EQ20,a_over_A5=0.5,0.5,closed_form,eq20,1,0.5,125,2.5,1.25,nan,nan,nan,0,outside_transverse_domain
CP-010-FIG10-EQ20,a_over_A5=0.5,0.5,closed_form,eq20,1,0.5,126,2.52,1.26,nan,nan,nan,0,outside_transverse_domain
CP-010-FIG10-EQ20,a_over_A5=0.5,0.5,closed_form,eq20,1,0.5,127,2.54,1.27,nan,nan,nan,0,outside_transverse_domain
CP-010-FIG10-EQ20,a_over_A5=0.5,0.5,closed_form,eq20,1,0.5,128,2.5600000000000001,1.28,nan,nan,nan,0,outside_transverse_domain
CP-010-FIG10-EQ20,a_over_A5=0.5,0.5,closed_form,eq20,1,0.5,129,2.5800000000000001,1.29,nan,nan,nan,0,outside_transverse_domain
CP-010-FIG10-EQ20,a_over_A5=0.5,0.5,closed_form,eq20,1,0.5,130,2.6000000000000001,1.3,nan,nan,nan,0,outside_transverse_domain
CP-010-FIG10-EQ20,a_over_A5=0.5,0.5,closed_form,eq20,1,0.5,131,2.6200000000000001,1.3100000000000001,nan,nan,nan,0,outside_transverse_domain
CP-010-FIG10-EQ20,a_over_A5=0.5,0.5,closed_form,eq20,1,0.5,132,2.6400000000000001,1.3200000000000001,nan,nan,nan,0,outside_transverse_domain
CP-010-FIG10-EQ20,a_over_A5=0.5,0.5,closed_form,eq20,1,0.5,133,2.6600000000000001,1.3300000000000001,nan,nan,nan,0,outside_transverse_domain
CP-010-FIG10-EQ20,a_over_A5=0.5,0.5,closed_form,eq20,1,0.5,134,2.6800000000000002,1.3400000000000001,nan,nan,nan,0,outside_transverse_domain
CP-010-FIG10-EQ20,a_over_A5=0.5,0.5,closed_form,eq20,1,0.5,135,2.7000000000000002,1.3500000000000001,nan,nan,nan,0,outside_transverse_domain
CP-010-FIG10-EQ20,a_over_A5=0.5,0.5,closed_form,eq20,1,0.5,136,2.7200000000000002,1.3600000000000001,nan,nan,nan,0,outside_transverse_domain
CP-010-FIG10-EQ20,a_over_A5=0.5,0.5,closed_form,eq20,1,0.5,137,2.7400000000000002,1.3700000000000001,nan,nan,nan,0,outside_transverse_domain
CP-010-FIG10-EQ20,a_over_A5=0.5,0.5,closed_form,eq20,1,0.5,138,2.7600000000000002,1.3800000000000001,nan,nan,nan,0,outside_transverse_domain
CP-010-FIG10-EQ20,a_over_A5=0.5,0.5,closed_form,eq20,1,0.5,139,2.7800000000000002,1.3900000000000001,nan,nan,nan,0,outside_transverse_domain
CP-010-FIG10-EQ20,a_over_A5=0.5,0.5,closed_form,eq20,1,0.5,140,2.8000000000000003,1.4000000000000001,nan,nan,nan,0,outside_transverse_domain
CP-010-FIG10-EQ20,a_over_A5=0.5,0.5,closed_form,eq20,1,0.5,141,2.8199999999999998,1.4099999999999999,nan,nan,nan,0,outside_transverse_domain
CP-010-FIG10-EQ20,a_over_A5=0.5,0.5,closed_form,eq20,1,0.5,142,2.8399999999999999,1.4199999999999999,nan,nan,nan,0,outside_transverse_domain
CP-010-FIG10-EQ20,a_over_A5=0.5,0.5,closed_form,eq20,1,0.5,143,2.8599999999999999,1.4299999999999999,nan,nan,nan,0,outside_transverse_domain
CP-010-FIG10-EQ20,a_over_A5=0.5,0.5,closed_form,eq20,1,0.5,144,2.8799999999999999,1.4399999999999999,nan,nan,nan,0,outside_transverse_domain
CP-010-FIG10-EQ20,a_over_A5=0.5,0.5,closed_form,eq20,1,0.5,145,2.8999999999999999,1.45,nan,nan,nan,0,outside_transverse_domain
CP-010-FIG10-EQ20,a_over_A5=0.5,0.5,closed_form,eq20,1,0.5,146,2.9199999999999999,1.46,nan,nan,nan,0,outside_transverse_domain
CP-010-FIG10-EQ20,a_over_A5=0.5,0.5,closed_form,eq20,1,0.5,147,2.9399999999999999,1.47,nan,nan,nan,0,outside_transverse_domain
CP-010-FIG10-EQ20,a_over_A5=0.5,0.5,closed_form,eq20,1,0.5,148,2.96,1.48,nan,nan,nan,0,outside_transverse_domain
CP-010-FIG10-EQ20,a_over_A5=0.5,0.5,closed_form,eq20,1,0.5,149,2.98,1.49,nan,nan,nan,0,outside_transverse_domain
CP-010-FIG10-EQ20,a_over_A5=0.5,0.5,closed_form,eq20,1,0.5,150,3,1.5,nan,nan,nan,0,outside_transverse_domain
CP-010-FIG10-EQ20,a_over_A5=0.75,0.75,closed_form,eq20,1,0.75,0,0,0,0.96810845411289825,0.25053147721421037,0.4696132264707974,1,ok
CP-010-FIG10-EQ20,a_over_A5=0.75,0.75,closed_form,eq20,1,0.75,1,0.02,0.014999999999999999,0.96810845411289825,0.25053147721421037,0.46410156380766238,1,ok
CP-010-FIG10-EQ20,a_over_A5=0.75,0.75,closed_form,eq20,1,0.75,2,0.040000000000000001,0.029999999999999999,0.96810845411289825,0.25053147721421037,0.4586545893253533,1,ok
CP-010-FIG10-EQ20,a_over_A5=0.75,0.75,closed_form,eq20,1,0.75,3,0.059999999999999998,0.044999999999999998,0.96810845411289825,0.25053147721421037,0.45327154380455742,1,ok
CP-010-FIG10-EQ20,a_over_A5=0.75,0.75,closed_form,eq20,1,0.75,4,0.080000000000000002,0.059999999999999998,0.96810845411289825,0.25053147721421037,0.44795167693661581,1,ok
CP-010-FIG10-EQ20,a_over_A5=0.75,0.75,closed_form,eq20,1,0.75,5,0.10000000000000001,0.075000000000000011,0.96810845411289825,0.25053147721421037,0.44269424721894196,1,ok
CP-010-FIG10-EQ20,a_over_A5=0.75,0.75,closed_form,eq20,1,0.75,6,0.12,0.089999999999999997,0.96810845411289825,0.25053147721421037,0.43749852185166876,1,ok
CP-010-FIG10-EQ20,a_over_A5=0.75,0.75,closed_form,eq20,1,0.75,7,0.14000000000000001,0.10500000000000001,0.96810845411289825,0.25053147721421037,0.43236377663550835,1,ok
CP-010-FIG10-EQ20,a_over_A5=0.75,0.75,closed_form,eq20,1,0.75,8,0.16,0.12,0.96810845411289825,0.25053147721421037,0.42728929587080999,1,ok
CP-010-FIG10-EQ20,a_over_A5=0.75,0.75,closed_form,eq20,1,0.75,9,0.17999999999999999,0.13500000000000001,0.96810845411289825,0.25053147721421037,0.42227437225780379,1,ok
CP-010-FIG10-EQ20,a_over_A5=0.75,0.75,closed_form,eq20,1,0.75,10,0.20000000000000001,0.15000000000000002,0.96810845411289825,0.25053147721421037,0.41731830679801452,1,ok
CP-010-FIG10-EQ20,a_over_A5=0.75,0.75,closed_form,eq20,1,0.75,11,0.22,0.16500000000000001,0.96810845411289825,0.25053147721421037,0.41242040869683239,1,ok
CP-010-FIG10-EQ20,a_over_A5=0.75,0.75,closed_form,eq20,1,0.75,12,0.23999999999999999,0.17999999999999999,0.96810845411289825,0.25053147721421037,0.40757999526722771,1,ok
CP-010-FIG10-EQ20,a_over_A5=0.75,0.75,closed_form,eq20,1,0.75,13,0.26000000000000001,0.19500000000000001,0.96810845411289825,0.25053147721421037,0.40279639183459559,1,ok
CP-010-FIG10-EQ20,a_over_A5=0.75,0.75,closed_form,eq20,1,0.75,14,0.28000000000000003,0.21000000000000002,0.96810845411289825,0.25053147721421037,0.39806893164271728,1,ok
CP-010-FIG10-EQ20,a_over_A5=0.75,0.75,closed_form,eq20,1,0.75,15,0.29999999999999999,0.22499999999999998,0.96810845411289825,0.25053147721421037,0.3933969557608249,1,ok
CP-010-FIG10-EQ20,a_over_A5=0.75,0.75,closed_form,eq20,1,0.75,16,0.32000000000000001,0.23999999999999999,0.96810845411289825,0.25053147721421037,0.38877981299175773,1,ok
CP-010-FIG10-EQ20,a_over_A5=0.75,0.75,closed_form,eq20,1,0.75,17,0.34000000000000002,0.255,0.96810845411289825,0.25053147721421037,0.3842168597811958,1,ok
CP-010-FIG10-EQ20,a_over_A5=0.75,0.75,closed_form,eq20,1,0.75,18,0.35999999999999999,0.27000000000000002,0.96810845411289825,0.25053147721421037,0.37970746012795858,1,ok
CP-010-FIG10-EQ20,a_over_A5=0.75,0.75,closed_form,eq20,1,0.75,19,0.38,0.28500000000000003,0.96810845411289825,0.25053147721421037,0.37525098549535735,1,ok
CP-010-FIG10-EQ20,a_over_A5=0.75,0.75,closed_form,eq20,1,0.75,20,0.40000000000000002,0.30000000000000004,0.96810845411289825,0.25053147721421037,0.37084681472358716,1,ok
CP-010-FIG10-EQ20,a_over_A5=0.75,0.75,closed_form,eq20,1,0.75,21,0.41999999999999998,0.315,0.96810845411289825,0.25053147721421037,0.36649433394314723,1,ok
CP-010-FIG10-EQ20,a_over_A5=0.75,0.75,closed_form,eq20,1,0.75,22,0.44,0.33000000000000002,0.96810845411289825,0.25053147721421037,0.36219293648927758,1,ok
CP-010-FIG10-EQ20,a_over_A5=0.75,0.75,closed_form,eq20,1,0.75,23,0.46000000000000002,0.34500000000000003,0.96810845411289825,0.25053147721421037,0.35794202281740012,1,ok
CP-010-FIG10-EQ20,a_over_A5=0.75,0.75,closed_form,eq20,1,0.75,24,0.47999999999999998,0.35999999999999999,0.96810845411289825,0.25053147721421037,0.35374100041955164,1,ok
CP-010-FIG10-EQ20,a_over_A5=0.75,0.75,closed_form,eq20,1,0.75,25,0.5,0.375,0.96810845411289825,0.25053147721421037,0.3495892837417981,1,ok
CP-010-FIG10-EQ20,a_over_A5=0.75,0.75,closed_form,eq20,1,0.75,26,0.52000000000000002,0.39000000000000001,0.96810845411289825,0.25053147721421037,0.34548629410261761,1,ok
CP-010-FIG10-EQ20,a_over_A5=0.75,0.75,closed_form,eq20,1,0.75,27,0.54000000000000004,0.40500000000000003,0.96810845411289825,0.25053147721421037,0.34143145961224219,1,ok
CP-010-FIG10-EQ20,a_over_A5=0.75,0.75,closed_form,eq20,1,0.75,28,0.56000000000000005,0.42000000000000004,0.96810845411289825,0.25053147721421037,0.33742421509294512,1,ok
CP-010-FIG10-EQ20,a_over_A5=0.75,0.75,closed_form,eq20,1,0.75,29,0.57999999999999996,0.43499999999999994,0.96810845411289825,0.25053147721421037,0.33346400200026494,1,ok
CP-010-FIG10-EQ20,a_over_A5=0.75,0.75,closed_form,eq20,1,0.75,30,0.59999999999999998,0.44999999999999996,0.96810845411289825,0.25053147721421037,0.32955026834515305,1,ok
CP-010-FIG10-EQ20,a_over_A5=0.75,0.75,closed_form,eq20,1,0.75,31,0.62,0.46499999999999997,0.96810845411289825,0.25053147721421037,0.32568246861703559,1,ok
CP-010-FIG10-EQ20,a_over_A5=0.75,0.75,closed_form,eq20,1,0.75,32,0.64000000000000001,0.47999999999999998,0.96810845411289825,0.25053147721421037,0.32186006370777825,1,ok
CP-010-FIG10-EQ20,a_over_A5=0.75,0.75,closed_form,eq20,1,0.75,33,0.66000000000000003,0.495,0.96810845411289825,0.25053147721421037,0.3180825208365432,1,ok
CP-010-FIG10-EQ20,a_over_A5=0.75,0.75,closed_form,eq20,1,0.75,34,0.68000000000000005,0.51000000000000001,0.96810845411289825,0.25053147721421037,0.31434931347552847,1,ok
CP-010-FIG10-EQ20,a_over_A5=0.75,0.75,closed_form,eq20,1,0.75,35,0.70000000000000007,0.52500000000000002,0.96810845411289825,0.25053147721421037,0.31065992127657827,1,ok
CP-010-FIG10-EQ20,a_over_A5=0.75,0.75,closed_form,eq20,1,0.75,36,0.71999999999999997,0.54000000000000004,0.96810845411289825,0.25053147721421037,0.30701382999865495,1,ok
CP-010-FIG10-EQ20,a_over_A5=0.75,0.75,closed_form,eq20,1,0.75,37,0.73999999999999999,0.55499999999999994,0.96810845411289825,0.25053147721421037,0.30341053143616253,1,ok
CP-010-FIG10-EQ20,a_over_A5=0.75,0.75,closed_form,eq20,1,0.75,38,0.76000000000000001,0.57000000000000006,0.96810845411289825,0.25053147721421037,0.29984952334811066,1,ok
CP-010-FIG10-EQ20,a_over_A5=0.75,0.75,closed_form,eq20,1,0.75,39,0.78000000000000003,0.58499999999999996,0.96810845411289825,0.25053147721421037,0.29633030938811072,1,ok
CP-010-FIG10-EQ20,a_over_A5=0.75,0.75,closed_form,eq20,1,0.75,40,0.80000000000000004,0.60000000000000009,0.96810845411289825,0.25053147721421037,0.29285239903519333,1,ok
CP-010-FIG10-EQ20,a_over_A5=0.75,0.75,closed_form,eq20,1,0.75,41,0.82000000000000006,0.61499999999999999,0.96810845411289825,0.25053147721421037,0.28941530752543759,1,ok
CP-010-FIG10-EQ20,a_over_A5=0.75,0.75,closed_form,eq20,1,0.75,42,0.83999999999999997,0.63,0.96810845411289825,0.25053147721421037,0.28601855578440266,1,ok
CP-010-FIG10-EQ20,a_over_A5=0.75,0.75,closed_form,eq20,1,0.75,43,0.85999999999999999,0.64500000000000002,0.96810845411289825,0.25053147721421037,0.28266167036035311,1,ok
CP-010-FIG10-EQ20,a_over_A5=0.75,0.75,closed_form,eq20,1,0.75,44,0.88,0.66000000000000003,0.96810845411289825,0.25053147721421037,0.27934418335826711,1,ok
CP-010-FIG10-EQ20,a_over_A5=0.75,0.75,closed_form,eq20,1,0.75,45,0.90000000000000002,0.67500000000000004,0.96810845411289825,0.25053147721421037,0.27606563237461962,1,ok
CP-010-FIG10-EQ20,a_over_A5=0.75,0.75,closed_form,eq20,1,0.75,46,0.92000000000000004,0.69000000000000006,0.96810845411289825,0.25053147721421037,0.27282556043293088,1,ok
CP-010-FIG10-EQ20,a_over_A5=0.75,0.75,closed_form,eq20,1,0.75,47,0.94000000000000006,0.70500000000000007,0.96810845411289825,0.25053147721421037,0.26962351592007133,1,ok
CP-010-FIG10-EQ20,a_over_A5=0.75,0.75,closed_form,eq20,1,0.75,48,0.95999999999999996,0.71999999999999997,0.96810845411289825,0.25053147721421037,0.2664590525233142,1,ok
CP-010-FIG10-EQ20,a_over_A5=0.75,0.75,closed_form,eq20,1,0.75,49,0.97999999999999998,0.73499999999999999,0.96810845411289825,0.25053147721421037,0.26333172916812669,1,ok
CP-010-FIG10-EQ20,a_over_A5=0.75,0.75,closed_form,eq20,1,0.75,50,1,0.75,0.96810845411289825,0.25053147721421037,0.26024110995669142,1,ok
CP-010-FIG10-EQ20,a_over_A5=0.75,0.75,closed_form,eq20,1,0.75,51,1.02,0.76500000000000001,0.96810845411289825,0.25053147721421037,0.25718676410714941,1,ok
CP-010-FIG10-EQ20,a_over_A5=0.75,0.75,closed_form,eq20,1,0.75,52,1.04,0.78000000000000003,0.96810845411289825,0.25053147721421037,0.25416826589355607,1,ok
CP-010-FIG10-EQ20,a_over_A5=0.75,0.75,closed_form,eq20,1,0.75,53,1.0600000000000001,0.79500000000000004,0.96810845411289825,0.25053147721421037,0.25118519458654209,1,ok
CP-010-FIG10-EQ20,a_over_A5=0.75,0.75,closed_form,eq20,1,0.75,54,1.0800000000000001,0.81000000000000005,0.96810845411289825,0.25053147721421037,0.24823713439467046,1,ok
CP-010-FIG10-EQ20,a_over_A5=0.75,0.75,closed_form,eq20,1,0.75,55,1.1000000000000001,0.82500000000000007,0.96810845411289825,0.25053147721421037,0.24532367440648203,1,ok
CP-010-FIG10-EQ20,a_over_A5=0.75,0.75,closed_form,eq20,1,0.75,56,1.1200000000000001,0.84000000000000008,0.96810845411289825,0.25053147721421037,0.24244440853322111,1,ok
CP-010-FIG10-EQ20,a_over_A5=0.75,0.75,closed_form,eq20,1,0.75,57,1.1400000000000001,0.85500000000000009,0.96810845411289825,0.25053147721421037,0.23959893545223343,1,ok
CP-010-FIG10-EQ20,a_over_A5=0.75,0.75,closed_form,eq20,1,0.75,58,1.1599999999999999,0.86999999999999988,0.96810845411289825,0.25053147721421037,0.2367868585510283,1,ok
CP-010-FIG10-EQ20,a_over_A5=0.75,0.75,closed_form,eq20,1,0.75,59,1.1799999999999999,0.88500000000000001,0.96810845411289825,0.25053147721421037,0.23400778587199694,1,ok
CP-010-FIG10-EQ20,a_over_A5=0.75,0.75,closed_form,eq20,1,0.75,60,1.2,0.89999999999999991,0.96810845411289825,0.25053147721421037,0.23126133005778068,1,ok
CP-010-FIG10-EQ20,a_over_A5=0.75,0.75,closed_form,eq20,1,0.75,61,1.22,0.91500000000000004,0.96810845411289825,0.25053147721421037,0.22854710829727903,1,ok
CP-010-FIG10-EQ20,a_over_A5=0.75,0.75,closed_form,eq20,1,0.75,62,1.24,0.92999999999999994,0.96810845411289825,0.25053147721421037,0.22586474227229247,1,ok
CP-010-FIG10-EQ20,a_over_A5=0.75,0.75,closed_form,eq20,1,0.75,63,1.26,0.94500000000000006,0.96810845411289825,0.25053147721421037,0.2232138581047908,1,ok
CP-010-FIG10-EQ20,a_over_A5=0.75,0.75,closed_form,eq20,1,0.75,64,1.28,0.95999999999999996,0.96810845411289825,0.25053147721421037,0.22059408630480085,1,ok
CP-010-FIG10-EQ20,a_over_A5=0.75,0.75,closed_form,eq20,1,0.75,65,1.3,0.97500000000000009,0.96810845411289825,0.25053147721421037,0.21800506171890538,1,ok
CP-010-FIG10-EQ20,a_over_A5=0.75,0.75,closed_form,eq20,1,0.75,66,1.3200000000000001,0.98999999999999999,0.96810845411289825,0.25053147721421037,0.21544642347934709,1,ok
CP-010-FIG10-EQ20,a_over_A5=0.75,0.75,closed_form,eq20,1,0.75,67,1.3400000000000001,1.0050000000000001,0.96810845411289825,0.25053147721421037,0.21291781495372894,1,ok
CP-010-FIG10-EQ20,a_over_A5=0.75,0.75,closed_form,eq20,1,0.75,68,1.3600000000000001,1.02,0.96810845411289825,0.25053147721421037,0.21041888369530592,1,ok
CP-010-FIG10-EQ20,a_over_A5=0.75,0.75,closed_form,eq20,1,0.75,69,1.3800000000000001,1.0350000000000001,0.96810845411289825,0.25053147721421037,0.20794928139385949,1,ok
CP-010-FIG10-EQ20,a_over_A5=0.75,0.75,closed_form,eq20,1,0.75,70,1.4000000000000001,1.05,0.96810845411289825,0.25053147721421037,0.20550866382714883,1,ok
CP-010-FIG10-EQ20,a_over_A5=0.75,0.75,closed_form,eq20,1,0.75,71,1.4199999999999999,1.0649999999999999,0.96810845411289825,0.25053147721421037,0.20309669081293202,1,ok
CP-010-FIG10-EQ20,a_over_A5=0.75,0.75,closed_form,eq20,1,0.75,72,1.4399999999999999,1.0800000000000001,0.96810845411289825,0.25053147721421037,0.20071302616154993,1,ok
CP-010-FIG10-EQ20,a_over_A5=0.75,0.75,closed_form,eq20,1,0.75,73,1.46,1.095,0.96810845411289825,0.25053147721421037,0.19835733762906721,1,ok
CP-010-FIG10-EQ20,a_over_A5=0.75,0.75,closed_form,eq20,1,0.75,74,1.48,1.1099999999999999,0.96810845411289825,0.25053147721421037,0.19602929687096268,1,ok
CP-010-FIG10-EQ20,a_over_A5=0.75,0.75,closed_form,eq20,1,0.75,75,1.5,1.125,0.96810845411289825,0.25053147721421037,0.1937285793963634,1,ok
CP-010-FIG10-EQ20,a_over_A5=0.75,0.75,closed_form,eq20,1,0.75,76,1.52,1.1400000000000001,0.96810845411289825,0.25053147721421037,0.19145486452281624,1,ok
CP-010-FIG10-EQ20,a_over_A5=0.75,0.75,closed_form,eq20,1,0.75,77,1.54,1.155,0.96810845411289825,0.25053147721421037,0.18920783533158966,1,ok
CP-010-FIG10-EQ20,a_over_A5=0.75,0.75,closed_form,eq20,1,0.75,78,1.5600000000000001,1.1699999999999999,0.96810845411289825,0.25053147721421037,0.18698717862350062,1,ok
CP-010-FIG10-EQ20,a_over_A5=0.75,0.75,closed_form,eq20,1,0.75,79,1.5800000000000001,1.1850000000000001,0.96810845411289825,0.25053147721421037,0.18479258487525957,1,ok
CP-010-FIG10-EQ20,a_over_A5=0.75,0.75,closed_form,eq20,1,0.75,80,1.6000000000000001,1.2000000000000002,0.96810845411289825,0.25053147721421037,0.18262374819632815,1,ok
CP-010-FIG10-EQ20,a_over_A5=0.75,0.75,closed_form,eq20,1,0.75,81,1.6200000000000001,1.2150000000000001,0.96810845411289825,0.25053147721421037,0.18048036628628294,1,ok
CP-010-FIG10-EQ20,a_over_A5=0.75,0.75,closed_form,eq20,1,0.75,82,1.6400000000000001,1.23,0.96810845411289825,0.25053147721421037,0.17836214039267961,1,ok
CP-010-FIG10-EQ20,a_over_A5=0.75,0.75,closed_form,eq20,1,0.75,83,1.6600000000000001,1.2450000000000001,0.96810845411289825,0.25053147721421037,0.1762687752694119,1,ok
CP-010-FIG10-EQ20,a_over_A5=0.75,0.75,closed_form,eq20,1,0.75,84,1.6799999999999999,1.26,0.96810845411289825,0.25053147721421037,0.17419997913555904,1,ok
CP-010-FIG10-EQ20,a_over_A5=0.75,0.75,closed_form,eq20,1,0.75,85,1.7,1.2749999999999999,0.96810845411289825,0.25053147721421037,0.17215546363471623,1,ok
CP-010-FIG10-EQ20,a_over_A5=0.75,0.75,closed_form,eq20,1,0.75,86,1.72,1.29,0.96810845411289825,0.25053147721421037,0.17013494379480243,1,ok
CP-010-FIG10-EQ20,a_over_A5=0.75,0.75,closed_form,eq20,1,0.75,87,1.74,1.3049999999999999,0.96810845411289825,0.25053147721421037,0.16813813798834013,1,ok
CP-010-FIG10-EQ20,a_over_A5=0.75,0.75,closed_form,eq20,1,0.75,88,1.76,1.3200000000000001,0.96810845411289825,0.25053147721421037,0.16616476789320073,1,ok
CP-010-FIG10-EQ20,a_over_A5=0.75,0.75,closed_form,eq20,1,0.75,89,1.78,1.335,0.96810845411289825,0.25053147721421037,0.16421455845381133,1,ok
CP-010-FIG10-EQ20,a_over_A5=0.75,0.75,closed_form,eq20,1,0.75,90,1.8,1.3500000000000001,0.96810845411289825,0.25053147721421037,0.16228723784281626,1,ok
CP-010-FIG10-EQ20,a_over_A5=0.75,0.75,closed_form,eq20,1,0.75,91,1.8200000000000001,1.365,0.96810845411289825,0.25053147721421037,0.16038253742318875,1,ok
CP-010-FIG10-EQ20,a_over_A5=0.75,0.75,closed_form,eq20,1,0.75,92,1.8400000000000001,1.3800000000000001,0.96810845411289825,0.25053147721421037,0.15850019171078741,1,ok
CP-010-FIG10-EQ20,a_over_A5=0.75,0.75,closed_form,eq20,1,0.75,93,1.8600000000000001,1.395,0.96810845411289825,0.25053147721421037,0.15663993833735218,1,ok
CP-010-FIG10-EQ20,a_over_A5=0.75,0.75,closed_form,eq20,1,0.75,94,1.8800000000000001,1.4100000000000001,0.96810845411289825,0.25053147721421037,0.1548015180139343,1,ok
CP-010-FIG10-EQ20,a_over_A5=0.75,0.75,closed_form,eq20,1,0.75,95,1.9000000000000001,1.425,0.96810845411289825,0.25053147721421037,0.1529846744947557,1,ok
CP-010-FIG10-EQ20,a_over_A5=0.75,0.75,closed_form,eq20,1,0.75,96,1.9199999999999999,1.4399999999999999,0.96810845411289825,0.25053147721421037,0.15118915454149251,1,ok
CP-010-FIG10-EQ20,a_over_A5=0.75,0.75,closed_form,eq20,1,0.75,97,1.9399999999999999,1.4550000000000001,0.96810845411289825,0.25053147721421037,0.14941470788797795,1,ok
CP-010-FIG10-EQ20,a_over_A5=0.75,0.75,closed_form,eq20,1,0.75,98,1.96,1.47,0.96810845411289825,0.25053147721421037,0.14766108720531898,1,ok
CP-010-FIG10-EQ20,a_over_A5=0.75,0.75,closed_form,eq20,1,0.75,99,1.98,1.4849999999999999,0.96810845411289825,0.25053147721421037,0.14592804806742304,1,ok
CP-010-FIG10-EQ20,a_over_A5=0.75,0.75,closed_form,eq20,1,0.75,100,2,1.5,0.96810845411289825,0.25053147721421037,0.1442153489169288,1,ok
CP-010-FIG10-EQ20,a_over_A5=0.75,0.75,closed_form,eq20,1,0.75,101,2.02,1.5150000000000001,0.96810845411289825,0.25053147721421037,0.14252275103153711,1,ok
CP-010-FIG10-EQ20,a_over_A5=0.75,0.75,closed_form,eq20,1,0.75,102,2.04,1.53,0.96810845411289825,0.25053147721421037,0.14085001849073708,1,ok
CP-010-FIG10-EQ20,a_over_A5=0.75,0.75,closed_form,eq20,1,0.75,103,2.0600000000000001,1.5449999999999999,0.96810845411289825,0.25053147721421037,0.13919691814292232,1,ok
CP-010-FIG10-EQ20,a_over_A5=0.75,0.75,closed_form,eq20,1,0.75,104,2.0800000000000001,1.5600000000000001,0.96810845411289825,0.25053147721421037,0.13756321957289383,1,ok
CP-010-FIG10-EQ20,a_over_A5=0.75,0.75,closed_form,eq20,1,0.75,105,2.1000000000000001,1.5750000000000002,0.96810845411289825,0.25053147721421037,0.13594869506974355,1,ok
CP-010-FIG10-EQ20,a_over_A5=0.75,0.75,closed_form,eq20,1,0.75,106,2.1200000000000001,1.5900000000000001,0.96810845411289825,0.25053147721421037,0.13435311959511531,1,ok
CP-010-FIG10-EQ20,a_over_A5=0.75,0.75,closed_form,eq20,1,0.75,107,2.1400000000000001,1.605,0.96810845411289825,0.25053147721421037,0.1327762707518382,1,ok
CP-010-FIG10-EQ20,a_over_A5=0.75,0.75,closed_form,eq20,1,0.75,108,2.1600000000000001,1.6200000000000001,0.96810845411289825,0.25053147721421037,0.13121792875292787,1,ok
CP-010-FIG10-EQ20,a_over_A5=0.75,0.75,closed_form,eq20,1,0.75,109,2.1800000000000002,1.6350000000000002,0.96810845411289825,0.25053147721421037,0.12967787639095207,1,ok
CP-010-FIG10-EQ20,a_over_A5=0.75,0.75,closed_form,eq20,1,0.75,110,2.2000000000000002,1.6500000000000001,0.96810845411289825,0.25053147721421037,0.12815589900775526,1,ok
CP-010-FIG10-EQ20,a_over_A5=0.75,0.75,closed_form,eq20,1,0.75,111,2.2200000000000002,1.665,0.96810845411289825,0.25053147721421037,0.12665178446453876,1,ok
CP-010-FIG10-EQ20,a_over_A5=0.75,0.75,closed_form,eq20,1,0.75,112,2.2400000000000002,1.6800000000000002,0.96810845411289825,0.25053147721421037,0.12516532311229225,1,ok
CP-010-FIG10-EQ20,a_over_A5=0.75,0.75,closed_form,eq20,1,0.75,113,2.2600000000000002,1.6950000000000003,0.96810845411289825,0.25053147721421037,0.12369630776257196,1,ok
CP-010-FIG10-EQ20,a_over_A5=0.75,0.75,closed_form,eq20,1,0.75,114,2.2800000000000002,1.7100000000000002,0.96810845411289825,0.25053147721421037,0.12224453365862215,1,ok
CP-010-FIG10-EQ20,a_over_A5=0.75,0.75,closed_form,eq20,1,0.75,115,2.3000000000000003,1.7250000000000001,0.96810845411289825,0.25053147721421037,0.12080979844683511,1,ok
CP-010-FIG10-EQ20,a_over_A5=0.75,0.75,closed_form,eq20,1,0.75,116,2.3199999999999998,1.7399999999999998,0.96810845411289825,0.25053147721421037,0.11939190214854654,1,ok
CP-010-FIG10-EQ20,a_over_A5=0.75,0.75,closed_form,eq20,1,0.75,117,2.3399999999999999,1.7549999999999999,0.96810845411289825,0.25053147721421037,0.11799064713216184,1,ok
CP-010-FIG10-EQ20,a_over_A5=0.75,0.75,closed_form,eq20,1,0.75,118,2.3599999999999999,1.77,0.96810845411289825,0.25053147721421037,0.11660583808560933,1,ok
CP-010-FIG10-EQ20,a_over_A5=0.75,0.75,closed_form,eq20,1,0.75,119,2.3799999999999999,1.7849999999999999,0.96810845411289825,0.25053147721421037,0.11523728198911705,1,ok
CP-010-FIG10-EQ20,a_over_A5=0.75,0.75,closed_form,eq20,1,0.75,120,2.3999999999999999,1.7999999999999998,0.96810845411289825,0.25053147721421037,0.1138847880883089,1,ok
CP-010-FIG10-EQ20,a_over_A5=0.75,0.75,closed_form,eq20,1,0.75,121,2.4199999999999999,1.8149999999999999,0.96810845411289825,0.25053147721421037,0.11254816786761669,1,ok
CP-010-FIG10-EQ20,a_over_A5=0.75,0.75,closed_form,eq20,1,0.75,122,2.4399999999999999,1.8300000000000001,0.96810845411289825,0.25053147721421037,0.111227235024004,1,ok
CP-010-FIG10-EQ20,a_over_A5=0.75,0.75,closed_form,eq20,1,0.75,123,2.46,1.845,0.96810845411289825,0.25053147721421037,0.10992180544099868,1,ok
CP-010-FIG10-EQ20,a_over_A5=0.75,0.75,closed_form,eq20,1,0.75,124,2.48,1.8599999999999999,0.96810845411289825,0.25053147721421037,0.10863169716303003,1,ok
CP-010-FIG10-EQ20,a_over_A5=0.75,0.75,closed_form,eq20,1,0.75,125,2.5,1.875,0.96810845411289825,0.25053147721421037,0.10735673037006707,1,ok
CP-010-FIG10-EQ20,a_over_A5=0.75,0.75,closed_form,eq20,1,0.75,126,2.52,1.8900000000000001,0.96810845411289825,0.25053147721421037,0.1060967273525546,1,ok
CP-010-FIG10-EQ20,a_over_A5=0.75,0.75,closed_form,eq20,1,0.75,127,2.54,1.905,0.96810845411289825,0.25053147721421037,0.10485151248664357,1,ok
CP-010-FIG10-EQ20,a_over_A5=0.75,0.75,closed_form,eq20,1,0.75,128,2.5600000000000001,1.9199999999999999,0.96810845411289825,0.25053147721421037,0.10362091220971163,1,ok
CP-010-FIG10-EQ20,a_over_A5=0.75,0.75,closed_form,eq20,1,0.75,129,2.5800000000000001,1.9350000000000001,0.96810845411289825,0.25053147721421037,0.1024047549961716,1,ok
CP-010-FIG10-EQ20,a_over_A5=0.75,0.75,closed_form,eq20,1,0.75,130,2.6000000000000001,1.9500000000000002,0.96810845411289825,0.25053147721421037,0.10120287133356355,1,ok
CP-010-FIG10-EQ20,a_over_A5=0.75,0.75,closed_form,eq20,1,0.75,131,2.6200000000000001,1.9650000000000001,0.96810845411289825,0.25053147721421037,0.10001509369892757,1,ok
CP-010-FIG10-EQ20,a_over_A5=0.75,0.75,closed_form,eq20,1,0.75,132,2.6400000000000001,1.98,0.96810845411289825,0.25053147721421037,0.098841256535453628,1,ok
CP-010-FIG10-EQ20,a_over_A5=0.75,0.75,closed_form,eq20,1,0.75,133,2.6600000000000001,1.9950000000000001,0.96810845411289825,0.25053147721421037,0.097681196229405798,1,ok
CP-010-FIG10-EQ20,a_over_A5=0.75,0.75,closed_form,eq20,1,0.75,134,2.6800000000000002,2.0100000000000002,0.96810845411289825,0.25053147721421037,0.096534751087317225,1,ok
CP-010-FIG10-EQ20,a_over_A5=0.75,0.75,closed_form,eq20,1,0.75,135,2.7000000000000002,2.0250000000000004,0.96810845411289825,0.25053147721421037,0.095401761313452571,1,ok
CP-010-FIG10-EQ20,a_over_A5=0.75,0.75,closed_form,eq20,1,0.75,136,2.7200000000000002,2.04,0.96810845411289825,0.25053147721421037,0.094282068987535148,1,ok
CP-010-FIG10-EQ20,a_over_A5=0.75,0.75,closed_form,eq20,1,0.75,137,2.7400000000000002,2.0550000000000002,0.96810845411289825,0.25053147721421037,0.093175518042735384,1,ok
CP-010-FIG10-EQ20,a_over_A5=0.75,0.75,closed_form,eq20,1,0.75,138,2.7600000000000002,2.0700000000000003,0.96810845411289825,0.25053147721421037,0.092081954243917755,1,ok
CP-010-FIG10-EQ20,a_over_A5=0.75,0.75,closed_form,eq20,1,0.75,139,2.7800000000000002,2.085,0.96810845411289825,0.25053147721421037,0.091001225166142813,1,ok
CP-010-FIG10-EQ20,a_over_A5=0.75,0.75,closed_form,eq20,1,0.75,140,2.8000000000000003,2.1000000000000001,0.96810845411289825,0.25053147721421037,0.089933180173421626,1,ok
CP-010-FIG10-EQ20,a_over_A5=0.75,0.75,closed_form,eq20,1,0.75,141,2.8199999999999998,2.1149999999999998,0.96810845411289825,0.25053147721421037,0.088877670397719724,1,ok
CP-010-FIG10-EQ20,a_over_A5=0.75,0.75,closed_form,eq20,1,0.75,142,2.8399999999999999,2.1299999999999999,0.96810845411289825,0.25053147721421037,0.087834548718207159,1,ok
CP-010-FIG10-EQ20,a_over_A5=0.75,0.75,closed_form,eq20,1,0.75,143,2.8599999999999999,2.145,0.96810845411289825,0.25053147721421037,0.086803669740752348,1,ok
CP-010-FIG10-EQ20,a_over_A5=0.75,0.75,closed_form,eq20,1,0.75,144,2.8799999999999999,2.1600000000000001,0.96810845411289825,0.25053147721421037,0.085784889777656567,1,ok
CP-010-FIG10-EQ20,a_over_A5=0.75,0.75,closed_form,eq20,1,0.75,145,2.8999999999999999,2.1749999999999998,0.96810845411289825,0.25053147721421037,0.084778066827626092,1,ok
CP-010-FIG10-EQ20,a_over_A5=0.75,0.75,closed_form,eq20,1,0.75,146,2.9199999999999999,2.1899999999999999,0.96810845411289825,0.25053147721421037,0.08378306055597956,1,ok
CP-010-FIG10-EQ20,a_over_A5=0.75,0.75,closed_form,eq20,1,0.75,147,2.9399999999999999,2.2050000000000001,0.96810845411289825,0.25053147721421037,0.082799732275087787,1,ok
CP-010-FIG10-EQ20,a_over_A5=0.75,0.75,closed_form,eq20,1,0.75,148,2.96,2.2199999999999998,0.96810845411289825,0.25053147721421037,0.081827944925042709,1,ok
CP-010-FIG10-EQ20,a_over_A5=0.75,0.75,closed_form,eq20,1,0.75,149,2.98,2.2349999999999999,0.96810845411289825,0.25053147721421037,0.080867563054553657,1,ok
CP-010-FIG10-EQ20,a_over_A5=0.75,0.75,closed_form,eq20,1,0.75,150,3,2.25,0.96810845411289825,0.25053147721421037,0.079918452802067552,1,ok
CP-010-FIG10-EQ20,a_over_A5=1,1,closed_form,eq20,1,1,0,0,0,0.77945838989198402,0.62645400344079205,0.76121100219681292,1,ok
CP-010-FIG10-EQ20,a_over_A5=1,1,closed_form,eq20,1,1,1,0.02,0.02,0.77945838989198402,0.62645400344079205,0.73183078790176159,1,ok
CP-010-FIG10-EQ20,a_over_A5=1,1,closed_form,eq20,1,1,2,0.040000000000000001,0.040000000000000001,0.77945838989198402,0.62645400344079205,0.70358455221386651,1,ok
CP-010-FIG10-EQ20,a_over_A5=1,1,closed_form,eq20,1,1,3,0.059999999999999998,0.059999999999999998,0.77945838989198402,0.62645400344079205,0.67642852732842162,1,ok
CP-010-FIG10-EQ20,a_over_A5=1,1,closed_form,eq20,1,1,4,0.080000000000000002,0.080000000000000002,0.77945838989198402,0.62645400344079205,0.65032063473249113,1,ok
CP-010-FIG10-EQ20,a_over_A5=1,1,closed_form,eq20,1,1,5,0.10000000000000001,0.10000000000000001,0.77945838989198402,0.62645400344079205,0.62522042000386291,1,ok
CP-010-FIG10-EQ20,a_over_A5=1,1,closed_form,eq20,1,1,6,0.12,0.12,0.77945838989198402,0.62645400344079205,0.60108899012654471,1,ok
CP-010-FIG10-EQ20,a_over_A5=1,1,closed_form,eq20,1,1,7,0.14000000000000001,0.14000000000000001,0.77945838989198402,0.62645400344079205,0.57788895322567524,1,ok
CP-010-FIG10-EQ20,a_over_A5=1,1,closed_form,eq20,1,1,8,0.16,0.16,0.77945838989198402,0.62645400344079205,0.55558436062846617,1,ok
CP-010-FIG10-EQ20,a_over_A5=1,1,closed_form,eq20,1,1,9,0.17999999999999999,0.17999999999999999,0.77945838989198402,0.62645400344079205,0.53414065116139908,1,ok
CP-010-FIG10-EQ20,a_over_A5=1,1,closed_form,eq20,1,1,10,0.20000000000000001,0.20000000000000001,0.77945838989198402,0.62645400344079205,0.51352459759736679,1,ok
CP-010-FIG10-EQ20,a_over_A5=1,1,closed_form,eq20,1,1,11,0.22,0.22,0.77945838989198402,0.62645400344079205,0.49370425516977579,1,ok
CP-010-FIG10-EQ20,a_over_A5=1,1,closed_form,eq20,1,1,12,0.23999999999999999,0.23999999999999999,0.77945838989198402,0.62645400344079205,0.47464891207383303,1,ok
CP-010-FIG10-EQ20,a_over_A5=1,1,closed_form,eq20,1,1,13,0.26000000000000001,0.26000000000000001,0.77945838989198402,0.62645400344079205,0.45632904187831969,1,ok
CP-010-FIG10-EQ20,a_over_A5=1,1,closed_form,eq20,1,1,14,0.28000000000000003,0.28000000000000003,0.77945838989198402,0.62645400344079205,0.43871625777411138,1,ok
CP-010-FIG10-EQ20,a_over_A5=1,1,closed_form,eq20,1,1,15,0.29999999999999999,0.29999999999999999,0.77945838989198402,0.62645400344079205,0.42178326858855353,1,ok
CP-010-FIG10-EQ20,a_over_A5=1,1,closed_form,eq20,1,1,16,0.32000000000000001,0.32000000000000001,0.77945838989198402,0.62645400344079205,0.40550383649753541,1,ok
CP-010-FIG10-EQ20,a_over_A5=1,1,closed_form,eq20,1,1,17,0.34000000000000002,0.34000000000000002,0.77945838989198402,0.62645400344079205,0.38985273636973838,1,ok
CP-010-FIG10-EQ20,a_over_A5=1,1,closed_form,eq20,1,1,18,0.35999999999999999,0.35999999999999999,0.77945838989198402,0.62645400344079205,0.37480571668006024,1,ok
CP-010-FIG10-EQ20,a_over_A5=1,1,closed_form,eq20,1,1,19,0.38,0.38,0.77945838989198402,0.62645400344079205,0.36033946193165173,1,ok
CP-010-FIG10-EQ20,a_over_A5=1,1,closed_form,eq20,1,1,20,0.40000000000000002,0.40000000000000002,0.77945838989198402,0.62645400344079205,0.34643155652833735,1,ok
CP-010-FIG10-EQ20,a_over_A5=1,1,closed_form,eq20,1,1,21,0.41999999999999998,0.41999999999999998,0.77945838989198402,0.62645400344079205,0.33306045004144103,1,ok
CP-010-FIG10-EQ20,a_over_A5=1,1,closed_form,eq20,1,1,22,0.44,0.44,0.77945838989198402,0.62645400344079205,0.32020542381719608,1,ok
CP-010-FIG10-EQ20,a_over_A5=1,1,closed_form,eq20,1,1,23,0.46000000000000002,0.46000000000000002,0.77945838989198402,0.62645400344079205,0.3078465588729995,1,ok
CP-010-FIG10-EQ20,a_over_A5=1,1,closed_form,eq20,1,1,24,0.47999999999999998,0.47999999999999998,0.77945838989198402,0.62645400344079205,0.29596470503276251,1,ok
CP-010-FIG10-EQ20,a_over_A5=1,1,closed_form,eq20,1,1,25,0.5,0.5,0.77945838989198402,0.62645400344079205,0.28454145125353508,1,ok
CP-010-FIG10-EQ20,a_over_A5=1,1,closed_form,eq20,1,1,26,0.52000000000000002,0.52000000000000002,0.77945838989198402,0.62645400344079205,0.27355909709742388,1,ok
CP-010-FIG10-EQ20,a_over_A5=1,1,closed_form,eq20,1,1,27,0.54000000000000004,0.54000000000000004,0.77945838989198402,0.62645400344079205,0.26300062530459895,1,ok
CP-010-FIG10-EQ20,a_over_A5=1,1,closed_form,eq20,1,1,28,0.56000000000000005,0.56000000000000005,0.77945838989198402,0.62645400344079205,0.25284967542489162,1,ok
CP-010-FIG10-EQ20,a_over_A5=1,1,closed_form,eq20,1,1,29,0.57999999999999996,0.57999999999999996,0.77945838989198402,0.62645400344079205,0.24309051846712509,1,ok
CP-010-FIG10-EQ20,a_over_A5=1,1,closed_form,eq20,1,1,30,0.59999999999999998,0.59999999999999998,0.77945838989198402,0.62645400344079205,0.23370803252689606,1,ok
CP-010-FIG10-EQ20,a_over_A5=1,1,closed_form,eq20,1,1,31,0.62,0.62,0.77945838989198402,0.62645400344079205,0.22468767935504355,1,ok
CP-010-FIG10-EQ20,a_over_A5=1,1,closed_form,eq20,1,1,32,0.64000000000000001,0.64000000000000001,0.77945838989198402,0.62645400344079205,0.21601548183049685,1,ok
CP-010-FIG10-EQ20,a_over_A5=1,1,closed_form,eq20,1,1,33,0.66000000000000003,0.66000000000000003,0.77945838989198402,0.62645400344079205,0.20767800230259603,1,ok
CP-010-FIG10-EQ20,a_over_A5=1,1,closed_form,eq20,1,1,34,0.68000000000000005,0.68000000000000005,0.77945838989198402,0.62645400344079205,0.19966232176932799,1,ok
CP-010-FIG10-EQ20,a_over_A5=1,1,closed_form,eq20,1,1,35,0.70000000000000007,0.70000000000000007,0.77945838989198402,0.62645400344079205,0.19195601985921237,1,ok
CP-010-FIG10-EQ20,a_over_A5=1,1,closed_form,eq20,1,1,36,0.71999999999999997,0.71999999999999997,0.77945838989198402,0.62645400344079205,0.18454715558582052,1,ok
CP-010-FIG10-EQ20,a_over_A5=1,1,closed_form,eq20,1,1,37,0.73999999999999999,0.73999999999999999,0.77945838989198402,0.62645400344079205,0.17742424884510621,1,ok
CP-010-FIG10-EQ20,a_over_A5=1,1,closed_form,eq20,1,1,38,0.76000000000000001,0.76000000000000001,0.77945838989198402,0.62645400344079205,0.17057626262687767,1,ok
CP-010-FIG10-EQ20,a_over_A5=1,1,closed_form,eq20,1,1,39,0.78000000000000003,0.78000000000000003,0.77945838989198402,0.62645400344079205,0.16399258591284765,1,ok
CP-010-FIG10-EQ20,a_over_A5=1,1,closed_form,eq20,1,1,40,0.80000000000000004,0.80000000000000004,0.77945838989198402,0.62645400344079205,0.15766301723476206,1,ok
CP-010-FIG10-EQ20,a_over_A5=1,1,closed_form,eq20,1,1,41,0.82000000000000006,0.82000000000000006,0.77945838989198402,0.62645400344079205,0.1515777488671301,1,ok
CP-010-FIG10-EQ20,a_over_A5=1,1,closed_form,eq20,1,1,42,0.83999999999999997,0.83999999999999997,0.77945838989198402,0.62645400344079205,0.14572735163006248,1,ok
CP-010-FIG10-EQ20,a_over_A5=1,1,closed_form,eq20,1,1,43,0.85999999999999999,0.85999999999999999,0.77945838989198402,0.62645400344079205,0.14010276027866927,1,ok
CP-010-FIG10-EQ20,a_over_A5=1,1,closed_form,eq20,1,1,44,0.88,0.88,0.77945838989198402,0.62645400344079205,0.13469525945637922,1,ok
CP-010-FIG10-EQ20,a_over_A5=1,1,closed_form,eq20,1,1,45,0.90000000000000002,0.90000000000000002,0.77945838989198402,0.62645400344079205,0.12949647019041327,1,ok
CP-010-FIG10-EQ20,a_over_A5=1,1,closed_form,eq20,1,1,46,0.92000000000000004,0.92000000000000004,0.77945838989198402,0.62645400344079205,0.12449833690848869,1,ok
CP-010-FIG10-EQ20,a_over_A5=1,1,closed_form,eq20,1,1,47,0.94000000000000006,0.94000000000000006,0.77945838989198402,0.62645400344079205,0.11969311495663468,1,ok
CP-010-FIG10-EQ20,a_over_A5=1,1,closed_form,eq20,1,1,48,0.95999999999999996,0.95999999999999996,0.77945838989198402,0.62645400344079205,0.1150733585987794,1,ok
CP-010-FIG10-EQ20,a_over_A5=1,1,closed_form,eq20,1,1,49,0.97999999999999998,0.97999999999999998,0.77945838989198402,0.62645400344079205,0.11063190947951237,1,ok
CP-010-FIG10-EQ20,a_over_A5=1,1,closed_form,eq20,1,1,50,1,1,0.77945838989198402,0.62645400344079205,0.10636188553214646,1,ok
CP-010-FIG10-EQ20,a_over_A5=1,1,closed_form,eq20,1,1,51,1.02,1.02,0.77945838989198402,0.62645400344079205,0.10225667031489158,1,ok
CP-010-FIG10-EQ20,a_over_A5=1,1,closed_form,eq20,1,1,52,1.04,1.04,0.77945838989198402,0.62645400344079205,0.098309902758616632,1,ok
CP-010-FIG10-EQ20,a_over_A5=1,1,closed_form,eq20,1,1,53,1.0600000000000001,1.0600000000000001,0.77945838989198402,0.62645400344079205,0.094515467310313669,1,ok
CP-010-FIG10-EQ20,a_over_A5=1,1,closed_form,eq20,1,1,54,1.0800000000000001,1.0800000000000001,0.77945838989198402,0.62645400344079205,0.09086748445699179,1,ok
CP-010-FIG10-EQ20,a_over_A5=1,1,closed_form,eq20,1,1,55,1.1000000000000001,1.1000000000000001,0.77945838989198402,0.62645400344079205,0.087360301615317063,1,ok
CP-010-FIG10-EQ20,a_over_A5=1,1,closed_form,eq20,1,1,56,1.1200000000000001,1.1200000000000001,0.77945838989198402,0.62645400344079205,0.083988484372882213,1,ok
CP-010-FIG10-EQ20,a_over_A5=1,1,closed_form,eq20,1,1,57,1.1400000000000001,1.1400000000000001,0.77945838989198402,0.62645400344079205,0.080746808067533954,1,ok
CP-010-FIG10-EQ20,a_over_A5=1,1,closed_form,eq20,1,1,58,1.1599999999999999,1.1599999999999999,0.77945838989198402,0.62645400344079205,0.077630249691710396,1,ok
CP-010-FIG10-EQ20,a_over_A5=1,1,closed_form,eq20,1,1,59,1.1799999999999999,1.1799999999999999,0.77945838989198402,0.62645400344079205,0.074633980109244366,1,ok
CP-010-FIG10-EQ20,a_over_A5=1,1,closed_form,eq20,1,1,60,1.2,1.2,0.77945838989198402,0.62645400344079205,0.071753356572571883,1,ok
CP-010-FIG10-EQ20,a_over_A5=1,1,closed_form,eq20,1,1,61,1.22,1.22,0.77945838989198402,0.62645400344079205,0.068983915528751619,1,ok
CP-010-FIG10-EQ20,a_over_A5=1,1,closed_form,eq20,1,1,62,1.24,1.24,0.77945838989198402,0.62645400344079205,0.066321365703148324,1,ok
CP-010-FIG10-EQ20,a_over_A5=1,1,closed_form,eq20,1,1,63,1.26,1.26,0.77945838989198402,0.62645400344079205,0.063761581450062652,1,ok
CP-010-FIG10-EQ20,a_over_A5=1,1,closed_form,eq20,1,1,64,1.28,1.28,0.77945838989198402,0.62645400344079205,0.061300596360004997,1,ok
CP-010-FIG10-EQ20,a_over_A5=1,1,closed_form,eq20,1,1,65,1.3,1.3,0.77945838989198402,0.62645400344079205,0.058934597113707021,1,ok
CP-010-FIG10-EQ20,a_over_A5=1,1,closed_form,eq20,1,1,66,1.3200000000000001,1.3200000000000001,0.77945838989198402,0.62645400344079205,0.05665991757334804,1,ok
CP-010-FIG10-EQ20,a_over_A5=1,1,closed_form,eq20,1,1,67,1.3400000000000001,1.3400000000000001,0.77945838989198402,0.62645400344079205,0.054473033101840519,1,ok
CP-010-FIG10-EQ20,a_over_A5=1,1,closed_form,eq20,1,1,68,1.3600000000000001,1.3600000000000001,0.77945838989198402,0.62645400344079205,0.052370555101371848,1,ok
CP-010-FIG10-EQ20,a_over_A5=1,1,closed_form,eq20,1,1,69,1.3800000000000001,1.3800000000000001,0.77945838989198402,0.62645400344079205,0.050349225762740882,1,ok
CP-010-FIG10-EQ20,a_over_A5=1,1,closed_form,eq20,1,1,70,1.4000000000000001,1.4000000000000001,0.77945838989198402,0.62645400344079205,0.048405913017352094,1,ok
CP-010-FIG10-EQ20,a_over_A5=1,1,closed_form,eq20,1,1,71,1.4199999999999999,1.4199999999999999,0.77945838989198402,0.62645400344079205,0.046537605684046239,1,ok
CP-010-FIG10-EQ20,a_over_A5=1,1,closed_form,eq20,1,1,72,1.4399999999999999,1.4399999999999999,0.77945838989198402,0.62645400344079205,0.044741408803247118,1,ok
CP-010-FIG10-EQ20,a_over_A5=1,1,closed_form,eq20,1,1,73,1.46,1.46,0.77945838989198402,0.62645400344079205,0.04301453915119495,1,ok
CP-010-FIG10-EQ20,a_over_A5=1,1,closed_form,eq20,1,1,74,1.48,1.48,0.77945838989198402,0.62645400344079205,0.041354320927315114,1,ok
CP-010-FIG10-EQ20,a_over_A5=1,1,closed_form,eq20,1,1,75,1.5,1.5,0.77945838989198402,0.62645400344079205,0.039758181608040406,1,ok
CP-010-FIG10-EQ20,a_over_A5=1,1,closed_form,eq20,1,1,76,1.52,1.52,0.77945838989198402,0.62645400344079205,0.038223647960661813,1,ok
CP-010-FIG10-EQ20,a_over_A5=1,1,closed_form,eq20,1,1,77,1.54,1.54,0.77945838989198402,0.62645400344079205,0.036748342211031439,1,ok
CP-010-FIG10-EQ20,a_over_A5=1,1,closed_form,eq20,1,1,78,1.5600000000000001,1.5600000000000001,0.77945838989198402,0.62645400344079205,0.035329978359179469,1,ok
CP-010-FIG10-EQ20,a_over_A5=1,1,closed_form,eq20,1,1,79,1.5800000000000001,1.5800000000000001,0.77945838989198402,0.62645400344079205,0.033966358637135763,1,ok
CP-010-FIG10-EQ20,a_over_A5=1,1,closed_form,eq20,1,1,80,1.6000000000000001,1.6000000000000001,0.77945838989198402,0.62645400344079205,0.032655370103468202,1,ok
CP-010-FIG10-EQ20,a_over_A5=1,1,closed_form,eq20,1,1,81,1.6200000000000001,1.6200000000000001,0.77945838989198402,0.62645400344079205,0.031394981369260118,1,ok
CP-010-FIG10-EQ20,a_over_A5=1,1,closed_form,eq20,1,1,82,1.6400000000000001,1.6400000000000001,0.77945838989198402,0.62645400344079205,0.030183239450454383,1,ok
CP-010-FIG10-EQ20,a_over_A5=1,1,closed_form,eq20,1,1,83,1.6600000000000001,1.6600000000000001,0.77945838989198402,0.62645400344079205,0.029018266741686411,1,ok
CP-010-FIG10-EQ20,a_over_A5=1,1,closed_form,eq20,1,1,84,1.6799999999999999,1.6799999999999999,0.77945838989198402,0.62645400344079205,0.027898258106917293,1,ok
CP-010-FIG10-EQ20,a_over_A5=1,1,closed_form,eq20,1,1,85,1.7,1.7,0.77945838989198402,0.62645400344079205,0.026821478082358522,1,ok
CP-010-FIG10-EQ20,a_over_A5=1,1,closed_form,eq20,1,1,86,1.72,1.72,0.77945838989198402,0.62645400344079205,0.025786258187354992,1,ok
CP-010-FIG10-EQ20,a_over_A5=1,1,closed_form,eq20,1,1,87,1.74,1.74,0.77945838989198402,0.62645400344079205,0.024790994339058518,1,ok
CP-010-FIG10-EQ20,a_over_A5=1,1,closed_form,eq20,1,1,88,1.76,1.76,0.77945838989198402,0.62645400344079205,0.023834144366886658,1,ok
CP-010-FIG10-EQ20,a_over_A5=1,1,closed_form,eq20,1,1,89,1.78,1.78,0.77945838989198402,0.62645400344079205,0.022914225622914963,1,ok
CP-010-FIG10-EQ20,a_over_A5=1,1,closed_form,eq20,1,1,90,1.8,1.8,0.77945838989198402,0.62645400344079205,0.022029812684500376,1,ok
CP-010-FIG10-EQ20,a_over_A5=1,1,closed_form,eq20,1,1,91,1.8200000000000001,1.8200000000000001,0.77945838989198402,0.62645400344079205,0.021179535145575471,1,ok
CP-010-FIG10-EQ20,a_over_A5=1,1,closed_form,eq20,1,1,92,1.8400000000000001,1.8400000000000001,0.77945838989198402,0.62645400344079205,0.02036207549319162,1,ok
CP-010-FIG10-EQ20,a_over_A5=1,1,closed_form,eq20,1,1,93,1.8600000000000001,1.8600000000000001,0.77945838989198402,0.62645400344079205,0.01957616706602032,1,ok
CP-010-FIG10-EQ20,a_over_A5=1,1,closed_form,eq20,1,1,94,1.8800000000000001,1.8800000000000001,0.77945838989198402,0.62645400344079205,0.018820592091649817,1,ok
CP-010-FIG10-EQ20,a_over_A5=1,1,closed_form,eq20,1,1,95,1.9000000000000001,1.9000000000000001,0.77945838989198402,0.62645400344079205,0.018094179799635353,1,ok
CP-010-FIG10-EQ20,a_over_A5=1,1,closed_form,eq20,1,1,96,1.9199999999999999,1.9199999999999999,0.77945838989198402,0.62645400344079205,0.017395804607379491,1,ok
CP-010-FIG10-EQ20,a_over_A5=1,1,closed_form,eq20,1,1,97,1.9399999999999999,1.9399999999999999,0.77945838989198402,0.62645400344079205,0.016724384376031458,1,ok
CP-010-FIG10-EQ20,a_over_A5=1,1,closed_form,eq20,1,1,98,1.96,1.96,0.77945838989198402,0.62645400344079205,0.016078878733702916,1,ok
CP-010-FIG10-EQ20,a_over_A5=1,1,closed_form,eq20,1,1,99,1.98,1.98,0.77945838989198402,0.62645400344079205,0.015458287463402019,1,ok
CP-010-FIG10-EQ20,a_over_A5=1,1,closed_form,eq20,1,1,100,2,2,0.77945838989198402,0.62645400344079205,0.014861648953187961,1,ok
CP-010-FIG10-EQ20,a_over_A5=1,1,closed_form,eq20,1,1,101,2.02,2.02,0.77945838989198402,0.62645400344079205,0.01428803870614428,1,ok
CP-010-FIG10-EQ20,a_over_A5=1,1,closed_form,eq20,1,1,102,2.04,2.04,0.77945838989198402,0.62645400344079205,0.013736567907862283,1,ok
CP-010-FIG10-EQ20,a_over_A5=1,1,closed_form,eq20,1,1,103,2.0600000000000001,2.0600000000000001,0.77945838989198402,0.62645400344079205,0.013206382049214959,1,ok
CP-010-FIG10-EQ20,a_over_A5=1,1,closed_form,eq20,1,1,104,2.0800000000000001,2.0800000000000001,0.77945838989198402,0.62645400344079205,0.012696659602286976,1,ok
CP-010-FIG10-EQ20,a_over_A5=1,1,closed_form,eq20,1,1,105,2.1000000000000001,2.1000000000000001,0.77945838989198402,0.62645400344079205,0.012206610747409726,1,ok
CP-010-FIG10-EQ20,a_over_A5=1,1,closed_form,eq20,1,1,106,2.1200000000000001,2.1200000000000001,0.77945838989198402,0.62645400344079205,0.011735476149328275,1,ok
CP-010-FIG10-EQ20,a_over_A5=1,1,closed_form,eq20,1,1,107,2.1400000000000001,2.1400000000000001,0.77945838989198402,0.62645400344079205,0.011282525780604385,1,ok
CP-010-FIG10-EQ20,a_over_A5=1,1,closed_form,eq20,1,1,108,2.1600000000000001,2.1600000000000001,0.77945838989198402,0.62645400344079205,0.010847057790432204,1,ok
CP-010-FIG10-EQ20,a_over_A5=1,1,closed_form,eq20,1,1,109,2.1800000000000002,2.1800000000000002,0.77945838989198402,0.62645400344079205,0.010428397417113921,1,ok
CP-010-FIG10-EQ20,a_over_A5=1,1,closed_form,eq20,1,1,110,2.2000000000000002,2.2000000000000002,0.77945838989198402,0.62645400344079205,0.010025895942510228,1,ok
CP-010-FIG10-EQ20,a_over_A5=1,1,closed_form,eq20,1,1,111,2.2200000000000002,2.2200000000000002,0.77945838989198402,0.62645400344079205,0.0096389296868455866,1,ok
CP-010-FIG10-EQ20,a_over_A5=1,1,closed_form,eq20,1,1,112,2.2400000000000002,2.2400000000000002,0.77945838989198402,0.62645400344079205,0.0092668990423105235,1,ok
CP-010-FIG10-EQ20,a_over_A5=1,1,closed_form,eq20,1,1,113,2.2600000000000002,2.2600000000000002,0.77945838989198402,0.62645400344079205,0.0089092275439638744,1,ok
CP-010-FIG10-EQ20,a_over_A5=1,1,closed_form,eq20,1,1,114,2.2800000000000002,2.2800000000000002,0.77945838989198402,0.62645400344079205,0.0085653609764949137,1,ok
CP-010-FIG10-EQ20,a_over_A5=1,1,closed_form,eq20,1,1,115,2.3000000000000003,2.3000000000000003,0.77945838989198402,0.62645400344079205,0.0082347665154615841,1,ok
CP-010-FIG10-EQ20,a_over_A5=1,1,closed_form,eq20,1,1,116,2.3199999999999998,2.3199999999999998,0.77945838989198402,0.62645400344079205,0.0079169319016741523,1,ok
CP-010-FIG10-EQ20,a_over_A5=1,1,closed_form,eq20,1,1,117,2.3399999999999999,2.3399999999999999,0.77945838989198402,0.62645400344079205,0.0076113646474447209,1,ok
CP-010-FIG10-EQ20,a_over_A5=1,1,closed_form,eq20,1,1,118,2.3599999999999999,2.3599999999999999,0.77945838989198402,0.62645400344079205,0.0073175912734730645,1,ok
CP-010-FIG10-EQ20,a_over_A5=1,1,closed_form,eq20,1,1,119,2.3799999999999999,2.3799999999999999,0.77945838989198402,0.62645400344079205,0.0070351565751860202,1,ok
CP-010-FIG10-EQ20,a_over_A5=1,1,closed_form,eq20,1,1,120,2.3999999999999999,2.3999999999999999,0.77945838989198402,0.62645400344079205,0.0067636229173937716,1,ok
CP-010-FIG10-EQ20,a_over_A5=1,1,closed_form,eq20,1,1,121,2.4199999999999999,2.4199999999999999,0.77945838989198402,0.62645400344079205,0.0065025695561700594,1,ok
CP-010-FIG10-EQ20,a_over_A5=1,1,closed_form,eq20,1,1,122,2.4399999999999999,2.4399999999999999,0.77945838989198402,0.62645400344079205,0.0062515919869055494,1,ok
CP-010-FIG10-EQ20,a_over_A5=1,1,closed_form,eq20,1,1,123,2.46,2.46,0.77945838989198402,0.62645400344079205,0.0060103013175242144,1,ok
CP-010-FIG10-EQ20,a_over_A5=1,1,closed_form,eq20,1,1,124,2.48,2.48,0.77945838989198402,0.62645400344079205,0.0057783236658913786,1,ok
CP-010-FIG10-EQ20,a_over_A5=1,1,closed_form,eq20,1,1,125,2.5,2.5,0.77945838989198402,0.62645400344079205,0.005555299580479958,1,ok
CP-010-FIG10-EQ20,a_over_A5=1,1,closed_form,eq20,1,1,126,2.52,2.52,0.77945838989198402,0.62645400344079205,0.0053408834833969182,1,ok
CP-010-FIG10-EQ20,a_over_A5=1,1,closed_form,eq20,1,1,127,2.54,2.54,0.77945838989198402,0.62645400344079205,0.0051347431349071443,1,ok
CP-010-FIG10-EQ20,a_over_A5=1,1,closed_form,eq20,1,1,128,2.5600000000000001,2.5600000000000001,0.77945838989198402,0.62645400344079205,0.0049365591186248756,1,ok
CP-010-FIG10-EQ20,a_over_A5=1,1,closed_form,eq20,1,1,129,2.5800000000000001,2.5800000000000001,0.77945838989198402,0.62645400344079205,0.0047460243465750514,1,ok
CP-010-FIG10-EQ20,a_over_A5=1,1,closed_form,eq20,1,1,130,2.6000000000000001,2.6000000000000001,0.77945838989198402,0.62645400344079205,0.0045628435833576361,1,ok
CP-010-FIG10-EQ20,a_over_A5=1,1,closed_form,eq20,1,1,131,2.6200000000000001,2.6200000000000001,0.77945838989198402,0.62645400344079205,0.0043867329886776267,1,ok
CP-010-FIG10-EQ20,a_over_A5=1,1,closed_form,eq20,1,1,132,2.6400000000000001,2.6400000000000001,0.77945838989198402,0.62645400344079205,0.00421741967753187,1,ok
CP-010-FIG10-EQ20,a_over_A5=1,1,closed_form,eq20,1,1,133,2.6600000000000001,2.6600000000000001,0.77945838989198402,0.62645400344079205,0.0040546412973712321,1,ok
CP-010-FIG10-EQ20,a_over_A5=1,1,closed_form,eq20,1,1,134,2.6800000000000002,2.6800000000000002,0.77945838989198402,0.62645400344079205,0.0038981456215828676,1,ok
CP-010-FIG10-EQ20,a_over_A5=1,1,closed_form,eq20,1,1,135,2.7000000000000002,2.7000000000000002,0.77945838989198402,0.62645400344079205,0.0037476901586627337,1,ok
CP-010-FIG10-EQ20,a_over_A5=1,1,closed_form,eq20,1,1,136,2.7200000000000002,2.7200000000000002,0.77945838989198402,0.62645400344079205,0.0036030417764727728,1,ok
CP-010-FIG10-EQ20,a_over_A5=1,1,closed_form,eq20,1,1,137,2.7400000000000002,2.7400000000000002,0.77945838989198402,0.62645400344079205,0.0034639763410004901,1,ok
CP-010-FIG10-EQ20,a_over_A5=1,1,closed_form,eq20,1,1,138,2.7600000000000002,2.7600000000000002,0.77945838989198402,0.62645400344079205,0.0033302783690612081,1,ok
CP-010-FIG10-EQ20,a_over_A5=1,1,closed_form,eq20,1,1,139,2.7800000000000002,2.7800000000000002,0.77945838989198402,0.62645400344079205,0.0032017406944048793,1,ok
CP-010-FIG10-EQ20,a_over_A5=1,1,closed_form,eq20,1,1,140,2.8000000000000003,2.8000000000000003,0.77945838989198402,0.62645400344079205,0.0030781641467100521,1,ok
CP-010-FIG10-EQ20,a_over_A5=1,1,closed_form,eq20,1,1,141,2.8199999999999998,2.8199999999999998,0.77945838989198402,0.62645400344079205,0.0029593572429676123,1,ok
CP-010-FIG10-EQ20,a_over_A5=1,1,closed_form,eq20,1,1,142,2.8399999999999999,2.8399999999999999,0.77945838989198402,0.62645400344079205,0.0028451358907760683,1,ok
CP-010-FIG10-EQ20,a_over_A5=1,1,closed_form,eq20,1,1,143,2.8599999999999999,2.8599999999999999,0.77945838989198402,0.62645400344079205,0.0027353231030886804,1,ok
CP-010-FIG10-EQ20,a_over_A5=1,1,closed_form,eq20,1,1,144,2.8799999999999999,2.8799999999999999,0.77945838989198402,0.62645400344079205,0.0026297487239703749,1,ok
CP-010-FIG10-EQ20,a_over_A5=1,1,closed_form,eq20,1,1,145,2.8999999999999999,2.8999999999999999,0.77945838989198402,0.62645400344079205,0.0025282491649395518,1,ok
CP-010-FIG10-EQ20,a_over_A5=1,1,closed_form,eq20,1,1,146,2.9199999999999999,2.9199999999999999,0.77945838989198402,0.62645400344079205,0.0024306671514862004,1,ok
CP-010-FIG10-EQ20,a_over_A5=1,1,closed_form,eq20,1,1,147,2.9399999999999999,2.9399999999999999,0.77945838989198402,0.62645400344079205,0.0023368514793735938,1,ok
CP-010-FIG10-EQ20,a_over_A5=1,1,closed_form,eq20,1,1,148,2.96,2.96,0.77945838989198402,0.62645400344079205,0.0022466567803459073,1,ok
CP-010-FIG10-EQ20,a_over_A5=1,1,closed_form,eq20,1,1,149,2.98,2.98,0.77945838989198402,0.62645400344079205,0.0021599432968787747,1,ok
CP-010-FIG10-EQ20,a_over_A5=1,1,closed_form,eq20,1,1,150,3,3,0.77945838989198402,0.62645400344079205,0.0020765766656236865,1,ok
CP-010-FIG10-EQ20,a_over_A5=1.5,1.5,closed_form,eq20,1,1.5,0,0,0,0.56087070252724702,0.82790340924928707,0.52087699458948444,1,ok
CP-010-FIG10-EQ20,a_over_A5=1.5,1.5,closed_form,eq20,1,1.5,1,0.02,0.029999999999999999,0.56087070252724702,0.82790340924928707,0.48177917262575976,1,ok
CP-010-FIG10-EQ20,a_over_A5=1.5,1.5,closed_form,eq20,1,1.5,2,0.040000000000000001,0.059999999999999998,0.56087070252724702,0.82790340924928707,0.44561609283376769,1,ok
CP-010-FIG10-EQ20,a_over_A5=1.5,1.5,closed_form,eq20,1,1.5,3,0.059999999999999998,0.089999999999999997,0.56087070252724702,0.82790340924928707,0.41216746898829254,1,ok
CP-010-FIG10-EQ20,a_over_A5=1.5,1.5,closed_form,eq20,1,1.5,4,0.080000000000000002,0.12,0.56087070252724702,0.82790340924928707,0.38122954988429419,1,ok
CP-010-FIG10-EQ20,a_over_A5=1.5,1.5,closed_form,eq20,1,1.5,5,0.10000000000000001,0.15000000000000002,0.56087070252724702,0.82790340924928707,0.35261387819306456,1,ok
CP-010-FIG10-EQ20,a_over_A5=1.5,1.5,closed_form,eq20,1,1.5,6,0.12,0.17999999999999999,0.56087070252724702,0.82790340924928707,0.32614614248053542,1,ok
CP-010-FIG10-EQ20,a_over_A5=1.5,1.5,closed_form,eq20,1,1.5,7,0.14000000000000001,0.21000000000000002,0.56087070252724702,0.82790340924928707,0.30166511539484236,1,ok
CP-010-FIG10-EQ20,a_over_A5=1.5,1.5,closed_form,eq20,1,1.5,8,0.16,0.23999999999999999,0.56087070252724702,0.82790340924928707,0.27902167155515145,1,ok
CP-010-FIG10-EQ20,a_over_A5=1.5,1.5,closed_form,eq20,1,1.5,9,0.17999999999999999,0.27000000000000002,0.56087070252724702,0.82790340924928707,0.25807787915924818,1,ok
CP-010-FIG10-EQ20,a_over_A5=1.5,1.5,closed_form,eq20,1,1.5,10,0.20000000000000001,0.30000000000000004,0.56087070252724702,0.82790340924928707,0.23870615977644774,1,ok
CP-010-FIG10-EQ20,a_over_A5=1.5,1.5,closed_form,eq20,1,1.5,11,0.22,0.33000000000000002,0.56087070252724702,0.82790340924928707,0.22078851120773055,1,ok
CP-010-FIG10-EQ20,a_over_A5=1.5,1.5,closed_form,eq20,1,1.5,12,0.23999999999999999,0.35999999999999999,0.56087070252724702,0.82790340924928707,0.20421578867918228,1,ok
CP-010-FIG10-EQ20,a_over_A5=1.5,1.5,closed_form,eq20,1,1.5,13,0.26000000000000001,0.39000000000000001,0.56087070252724702,0.82790340924928707,0.18888703999015066,1,ok
CP-010-FIG10-EQ20,a_over_A5=1.5,1.5,closed_form,eq20,1,1.5,14,0.28000000000000003,0.42000000000000004,0.56087070252724702,0.82790340924928707,0.17470889056619654,1,ok
CP-010-FIG10-EQ20,a_over_A5=1.5,1.5,closed_form,eq20,1,1.5,15,0.29999999999999999,0.44999999999999996,0.56087070252724702,0.82790340924928707,0.16159497467090828,1,ok
CP-010-FIG10-EQ20,a_over_A5=1.5,1.5,closed_form,eq20,1,1.5,16,0.32000000000000001,0.47999999999999998,0.56087070252724702,0.82790340924928707,0.1494654093118255,1,ok
CP-010-FIG10-EQ20,a_over_A5=1.5,1.5,closed_form,eq20,1,1.5,17,0.34000000000000002,0.51000000000000001,0.56087070252724702,0.82790340924928707,0.13824630763578657,1,ok
CP-010-FIG10-EQ20,a_over_A5=1.5,1.5,closed_form,eq20,1,1.5,18,0.35999999999999999,0.54000000000000004,0.56087070252724702,0.82790340924928707,0.12786932884956428,1,ok
CP-010-FIG10-EQ20,a_over_A5=1.5,1.5,closed_form,eq20,1,1.5,19,0.38,0.57000000000000006,0.56087070252724702,0.82790340924928707,0.11827126192414479,1,ok
CP-010-FIG10-EQ20,a_over_A5=1.5,1.5,closed_form,eq20,1,1.5,20,0.40000000000000002,0.60000000000000009,0.56087070252724702,0.82790340924928707,0.10939364054679894,1,ok
CP-010-FIG10-EQ20,a_over_A5=1.5,1.5,closed_form,eq20,1,1.5,21,0.41999999999999998,0.63,0.56087070252724702,0.82790340924928707,0.10118238697543844,1,ok
CP-010-FIG10-EQ20,a_over_A5=1.5,1.5,closed_form,eq20,1,1.5,22,0.44,0.66000000000000003,0.56087070252724702,0.82790340924928707,0.093587482625807433,1,ok
CP-010-FIG10-EQ20,a_over_A5=1.5,1.5,closed_form,eq20,1,1.5,23,0.46000000000000002,0.69000000000000006,0.56087070252724702,0.82790340924928707,0.086562663384902414,1,ok
CP-010-FIG10-EQ20,a_over_A5=1.5,1.5,closed_form,eq20,1,1.5,24,0.47999999999999998,0.71999999999999997,0.56087070252724702,0.82790340924928707,0.080065137794631189,1,ok
CP-010-FIG10-EQ20,a_over_A5=1.5,1.5,closed_form,eq20,1,1.5,25,0.5,0.75,0.56087070252724702,0.82790340924928707,0.074055326389036877,1,ok
CP-010-FIG10-EQ20,a_over_A5=1.5,1.5,closed_form,eq20,1,1.5,26,0.52000000000000002,0.78000000000000003,0.56087070252724702,0.82790340924928707,0.068496620597267327,1,ok
CP-010-FIG10-EQ20,a_over_A5=1.5,1.5,closed_form,eq20,1,1.5,27,0.54000000000000004,0.81000000000000005,0.56087070252724702,0.82790340924928707,0.063355159743655576,1,ok
CP-010-FIG10-EQ20,a_over_A5=1.5,1.5,closed_form,eq20,1,1.5,28,0.56000000000000005,0.84000000000000008,0.56087070252724702,0.82790340924928707,0.058599624786514697,1,ok
CP-010-FIG10-EQ20,a_over_A5=1.5,1.5,closed_form,eq20,1,1.5,29,0.57999999999999996,0.86999999999999988,0.56087070252724702,0.82790340924928707,0.054201047539212968,1,ok
CP-010-FIG10-EQ20,a_over_A5=1.5,1.5,closed_form,eq20,1,1.5,30,0.59999999999999998,0.89999999999999991,0.56087070252724702,0.82790340924928707,0.050132634211406707,1,ok
CP-010-FIG10-EQ20,a_over_A5=1.5,1.5,closed_form,eq20,1,1.5,31,0.62,0.92999999999999994,0.56087070252724702,0.82790340924928707,0.0463696021955372,1,ok
CP-010-FIG10-EQ20,a_over_A5=1.5,1.5,closed_form,eq20,1,1.5,32,0.64000000000000001,0.95999999999999996,0.56087070252724702,0.82790340924928707,0.042889029104382206,1,ok
CP-010-FIG10-EQ20,a_over_A5=1.5,1.5,closed_form,eq20,1,1.5,33,0.66000000000000003,0.98999999999999999,0.56087070252724702,0.82790340924928707,0.039669713140079096,1,ok
CP-010-FIG10-EQ20,a_over_A5=1.5,1.5,closed_form,eq20,1,1.5,34,0.68000000000000005,1.02,0.56087070252724702,0.82790340924928707,0.036692043944062454,1,ok
CP-010-FIG10-EQ20,a_over_A5=1.5,1.5,closed_form,eq20,1,1.5,35,0.70000000000000007,1.05,0.56087070252724702,0.82790340924928707,0.03393788314120199,1,ok
CP-010-FIG10-EQ20,a_over_A5=1.5,1.5,closed_form,eq20,1,1.5,36,0.71999999999999997,1.0800000000000001,0.56087070252724702,0.82790340924928707,0.031390453850480157,1,ok
CP-010-FIG10-EQ20,a_over_A5=1.5,1.5,closed_form,eq20,1,1.5,37,0.73999999999999999,1.1099999999999999,0.56087070252724702,0.82790340924928707,0.029034238489166593,1,ok
CP-010-FIG10-EQ20,a_over_A5=1.5,1.5,closed_form,eq20,1,1.5,38,0.76000000000000001,1.1400000000000001,0.56087070252724702,0.82790340924928707,0.026854884247967239,1,ok
CP-010-FIG10-EQ20,a_over_A5=1.5,1.5,closed_form,eq20,1,1.5,39,0.78000000000000003,1.1699999999999999,0.56087070252724702,0.82790340924928707,0.024839115661353134,1,ok
CP-010-FIG10-EQ20,a_over_A5=1.5,1.5,closed_form,eq20,1,1.5,40,0.80000000000000004,1.2000000000000002,0.56087070252724702,0.82790340924928707,0.022974653740493386,1,ok
CP-010-FIG10-EQ20,a_over_A5=1.5,1.5,closed_form,eq20,1,1.5,41,0.82000000000000006,1.23,0.56087070252724702,0.82790340924928707,0.021250141176194087,1,ok
CP-010-FIG10-EQ20,a_over_A5=1.5,1.5,closed_form,eq20,1,1.5,42,0.83999999999999997,1.26,0.56087070252724702,0.82790340924928707,0.019655073156218176,1,ok
CP-010-FIG10-EQ20,a_over_A5=1.5,1.5,closed_form,eq20,1,1.5,43,0.85999999999999999,1.29,0.56087070252724702,0.82790340924928707,0.018179733375563334,1,ok
CP-010-FIG10-EQ20,a_over_A5=1.5,1.5,closed_form,eq20,1,1.5,44,0.88,1.3200000000000001,0.56087070252724702,0.82790340924928707,0.016815134849905749,1,ok
CP-010-FIG10-EQ20,a_over_A5=1.5,1.5,closed_form,eq20,1,1.5,45,0.90000000000000002,1.3500000000000001,0.56087070252724702,0.82790340924928707,0.015552965171677261,1,ok
CP-010-FIG10-EQ20,a_over_A5=1.5,1.5,closed_form,eq20,1,1.5,46,0.92000000000000004,1.3800000000000001,0.56087070252724702,0.82790340924928707,0.014385535875304707,1,ok
CP-010-FIG10-EQ20,a_over_A5=1.5,1.5,closed_form,eq20,1,1.5,47,0.94000000000000006,1.4100000000000001,0.56087070252724702,0.82790340924928707,0.013305735603171911,1,ok
CP-010-FIG10-EQ20,a_over_A5=1.5,1.5,closed_form,eq20,1,1.5,48,0.95999999999999996,1.4399999999999999,0.56087070252724702,0.82790340924928707,0.012306986787015788,1,ok
CP-010-FIG10-EQ20,a_over_A5=1.5,1.5,closed_form,eq20,1,1.5,49,0.97999999999999998,1.47,0.56087070252724702,0.82790340924928707,0.011383205580883082,1,ok
CP-010-FIG10-EQ20,a_over_A5=1.5,1.5,closed_form,eq20,1,1.5,50,1,1.5,0.56087070252724702,0.82790340924928707,0.010528764801580463,1,ok
CP-010-FIG10-EQ20,a_over_A5=1.5,1.5,closed_form,eq20,1,1.5,51,1.02,1.53,0.56087070252724702,0.82790340924928707,0.0097384596508710165,1,ok
CP-010-FIG10-EQ20,a_over_A5=1.5,1.5,closed_form,eq20,1,1.5,52,1.04,1.5600000000000001,0.56087070252724702,0.82790340924928707,0.0090074760106149347,1,ok
CP-010-FIG10-EQ20,a_over_A5=1.5,1.5,closed_form,eq20,1,1.5,53,1.0600000000000001,1.5900000000000001,0.56087070252724702,0.82790340924928707,0.0083313611177252955,1,ok
CP-010-FIG10-EQ20,a_over_A5=1.5,1.5,closed_form,eq20,1,1.5,54,1.0800000000000001,1.6200000000000001,0.56087070252724702,0.82790340924928707,0.007705996440306501,1,ok
CP-010-FIG10-EQ20,a_over_A5=1.5,1.5,closed_form,eq20,1,1.5,55,1.1000000000000001,1.6500000000000001,0.56087070252724702,0.82790340924928707,0.00712757258975106,1,ok
CP-010-FIG10-EQ20,a_over_A5=1.5,1.5,closed_form,eq20,1,1.5,56,1.1200000000000001,1.6800000000000002,0.56087070252724702,0.82790340924928707,0.0065925661159726553,1,ok
CP-010-FIG10-EQ20,a_over_A5=1.5,1.5,closed_form,eq20,1,1.5,57,1.1400000000000001,1.7100000000000002,0.56087070252724702,0.82790340924928707,0.0060977180444245407,1,ok
CP-010-FIG10-EQ20,a_over_A5=1.5,1.5,closed_form,eq20,1,1.5,58,1.1599999999999999,1.7399999999999998,0.56087070252724702,0.82790340924928707,0.0056400140241619576,1,ok
CP-010-FIG10-EQ20,a_over_A5=1.5,1.5,closed_form,eq20,1,1.5,59,1.1799999999999999,1.77,0.56087070252724702,0.82790340924928707,0.0052166659660213069,1,ok
CP-010-FIG10-EQ20,a_over_A5=1.5,1.5,closed_form,eq20,1,1.5,60,1.2,1.7999999999999998,0.56087070252724702,0.82790340924928707,0.004825095059065687,1,ok
CP-010-FIG10-EQ20,a_over_A5=1.5,1.5,closed_form,eq20,1,1.5,61,1.22,1.8300000000000001,0.56087070252724702,0.82790340924928707,0.0044629160618418241,1,ok
CP-010-FIG10-EQ20,a_over_A5=1.5,1.5,closed_form,eq20,1,1.5,62,1.24,1.8599999999999999,0.56087070252724702,0.82790340924928707,0.0041279227727593244,1,ok
CP-010-FIG10-EQ20,a_over_A5=1.5,1.5,closed_form,eq20,1,1.5,63,1.26,1.8900000000000001,0.56087070252724702,0.82790340924928707,0.0038180745910853628,1,ok
CP-010-FIG10-EQ20,a_over_A5=1.5,1.5,closed_form,eq20,1,1.5,64,1.28,1.9199999999999999,0.56087070252724702,0.82790340924928707,0.0035314840866916639,1,ok
CP-010-FIG10-EQ20,a_over_A5=1.5,1.5,closed_form,eq20,1,1.5,65,1.3,1.9500000000000002,0.56087070252724702,0.82790340924928707,0.0032664055028351837,1,ok
CP-010-FIG10-EQ20,a_over_A5=1.5,1.5,closed_form,eq20,1,1.5,66,1.3200000000000001,1.98,0.56087070252724702,0.82790340924928707,0.0030212241219377016,1,ok
CP-010-FIG10-EQ20,a_over_A5=1.5,1.5,closed_form,eq20,1,1.5,67,1.3400000000000001,2.0100000000000002,0.56087070252724702,0.82790340924928707,0.0027944464295861179,1,ok
CP-010-FIG10-EQ20,a_over_A5=1.5,1.5,closed_form,eq20,1,1.5,68,1.3600000000000001,2.04,0.56087070252724702,0.82790340924928707,0.0025846910168379885,1,ok
CP-010-FIG10-EQ20,a_over_A5=1.5,1.5,closed_form,eq20,1,1.5,69,1.3800000000000001,2.0700000000000003,0.56087070252724702,0.82790340924928707,0.0023906801654138142,1,ok
CP-010-FIG10-EQ20,a_over_A5=1.5,1.5,closed_form,eq20,1,1.5,70,1.4000000000000001,2.1000000000000001,0.56087070252724702,0.82790340924928707,0.0022112320645177033,1,ok
CP-010-FIG10-EQ20,a_over_A5=1.5,1.5,closed_form,eq20,1,1.5,71,1.4199999999999999,2.1299999999999999,0.56087070252724702,0.82790340924928707,0.0020452536118752921,1,ok
CP-010-FIG10-EQ20,a_over_A5=1.5,1.5,closed_form,eq20,1,1.5,72,1.4399999999999999,2.1600000000000001,0.56087070252724702,0.82790340924928707,0.0018917337551367778,1,ok
CP-010-FIG10-EQ20,a_over_A5=1.5,1.5,closed_form,eq20,1,1.5,73,1.46,2.1899999999999999,0.56087070252724702,0.82790340924928707,0.0017497373330843935,1,ok
CP-010-FIG10-EQ20,a_over_A5=1.5,1.5,closed_form,eq20,1,1.5,74,1.48,2.2199999999999998,0.56087070252724702,0.82790340924928707,0.0016183993791282355,1,ok
CP-010-FIG10-EQ20,a_over_A5=1.5,1.5,closed_form,eq20,1,1.5,75,1.5,2.25,0.56087070252724702,0.82790340924928707,0.0014969198523903959,1,ok
CP-010-FIG10-EQ20,a_over_A5=1.5,1.5,closed_form,eq20,1,1.5,76,1.52,2.2800000000000002,0.56087070252724702,0.82790340924928707,0.0013845587642819623,1,ok
CP-010-FIG10-EQ20,a_over_A5=1.5,1.5,closed_form,eq20,1,1.5,77,1.54,2.3100000000000001,0.56087070252724702,0.82790340924928707,0.0012806316708865748,1,ok
CP-010-FIG10-EQ20,a_over_A5=1.5,1.5,closed_form,eq20,1,1.5,78,1.5600000000000001,2.3399999999999999,0.56087070252724702,0.82790340924928707,0.0011845055036925492,1,ok
CP-010-FIG10-EQ20,a_over_A5=1.5,1.5,closed_form,eq20,1,1.5,79,1.5800000000000001,2.3700000000000001,0.56087070252724702,0.82790340924928707,0.0010955947132766212,1,ok
CP-010-FIG10-EQ20,a_over_A5=1.5,1.5,closed_form,eq20,1,1.5,80,1.6000000000000001,2.4000000000000004,0.56087070252724702,0.82790340924928707,0.001013357702448667,1,ok
CP-010-FIG10-EQ20,a_over_A5=1.5,1.5,closed_form,eq20,1,1.5,81,1.6200000000000001,2.4300000000000002,0.56087070252724702,0.82790340924928707,0.00093729352713001624,1,ok
CP-010-FIG10-EQ20,a_over_A5=1.5,1.5,closed_form,eq20,1,1.5,82,1.6400000000000001,2.46,0.56087070252724702,0.82790340924928707,0.00086693884486887607,1,ok
CP-010-FIG10-EQ20,a_over_A5=1.5,1.5,closed_form,eq20,1,1.5,83,1.6600000000000001,2.4900000000000002,0.56087070252724702,0.82790340924928707,0.0008018650924048517,1,ok
CP-010-FIG10-EQ20,a_over_A5=1.5,1.5,closed_form,eq20,1,1.5,84,1.6799999999999999,2.52,0.56087070252724702,0.82790340924928707,0.00074167587508977583,1,ok
CP-010-FIG10-EQ20,a_over_A5=1.5,1.5,closed_form,eq20,1,1.5,85,1.7,2.5499999999999998,0.56087070252724702,0.82790340924928707,0.00068600455226258206,1,ok
CP-010-FIG10-EQ20,a_over_A5=1.5,1.5,closed_form,eq20,1,1.5,86,1.72,2.5800000000000001,0.56087070252724702,0.82790340924928707,0.00063451200386964381,1,ok
CP-010-FIG10-EQ20,a_over_A5=1.5,1.5,closed_form,eq20,1,1.5,87,1.74,2.6099999999999999,0.56087070252724702,0.82790340924928707,0.00058688456472598719,1,ok
CP-010-FIG10-EQ20,a_over_A5=1.5,1.5,closed_form,eq20,1,1.5,88,1.76,2.6400000000000001,0.56087070252724702,0.82790340924928707,0.00054283211383400769,1,ok
CP-010-FIG10-EQ20,a_over_A5=1.5,1.5,closed_form,eq20,1,1.5,89,1.78,2.6699999999999999,0.56087070252724702,0.82790340924928707,0.00050208630712084872,1,ok
CP-010-FIG10-EQ20,a_over_A5=1.5,1.5,closed_form,eq20,1,1.5,90,1.8,2.7000000000000002,0.56087070252724702,0.82790340924928707,0.00046439894282919691,1,ok
CP-010-FIG10-EQ20,a_over_A5=1.5,1.5,closed_form,eq20,1,1.5,91,1.8200000000000001,2.73,0.56087070252724702,0.82790340924928707,0.00042954044960434682,1,ok
CP-010-FIG10-EQ20,a_over_A5=1.5,1.5,closed_form,eq20,1,1.5,92,1.8400000000000001,2.7600000000000002,0.56087070252724702,0.82790340924928707,0.00039729848806775578,1,ok
CP-010-FIG10-EQ20,a_over_A5=1.5,1.5,closed_form,eq20,1,1.5,93,1.8600000000000001,2.79,0.56087070252724702,0.82790340924928707,0.00036747665735862184,1,ok
CP-010-FIG10-EQ20,a_over_A5=1.5,1.5,closed_form,eq20,1,1.5,94,1.8800000000000001,2.8200000000000003,0.56087070252724702,0.82790340924928707,0.00033989329876441953,1,ok
CP-010-FIG10-EQ20,a_over_A5=1.5,1.5,closed_form,eq20,1,1.5,95,1.9000000000000001,2.8500000000000001,0.56087070252724702,0.82790340924928707,0.0003143803891527601,1,ok
CP-010-FIG10-EQ20,a_over_A5=1.5,1.5,closed_form,eq20,1,1.5,96,1.9199999999999999,2.8799999999999999,0.56087070252724702,0.82790340924928707,0.00029078251746393976,1,ok
CP-010-FIG10-EQ20,a_over_A5=1.5,1.5,closed_form,eq20,1,1.5,97,1.9399999999999999,2.9100000000000001,0.56087070252724702,0.82790340924928707,0.0002689559380295209,1,ok
CP-010-FIG10-EQ20,a_over_A5=1.5,1.5,closed_form,eq20,1,1.5,98,1.96,2.9399999999999999,0.56087070252724702,0.82790340924928707,0.00024876769495026508,1,ok
CP-010-FIG10-EQ20,a_over_A5=1.5,1.5,closed_form,eq20,1,1.5,99,1.98,2.9699999999999998,0.56087070252724702,0.82790340924928707,0.00023009481219959355,1,ok
CP-010-FIG10-EQ20,a_over_A5=1.5,1.5,closed_form,eq20,1,1.5,100,2,3,0.56087070252724702,0.82790340924928707,0.0002128235445191183,1,ok
CP-010-FIG10-EQ20,a_over_A5=1.5,1.5,closed_form,eq20,1,1.5,101,2.02,3.0300000000000002,0.56087070252724702,0.82790340924928707,0.00019684868454309767,1,ok
CP-010-FIG10-EQ20,a_over_A5=1.5,1.5,closed_form,eq20,1,1.5,102,2.04,3.0600000000000001,0.56087070252724702,0.82790340924928707,0.00018207292193118756,1,ok
CP-010-FIG10-EQ20,a_over_A5=1.5,1.5,closed_form,eq20,1,1.5,103,2.0600000000000001,3.0899999999999999,0.56087070252724702,0.82790340924928707,0.0001684062506056646,1,ok
CP-010-FIG10-EQ20,a_over_A5=1.5,1.5,closed_form,eq20,1,1.5,104,2.0800000000000001,3.1200000000000001,0.56087070252724702,0.82790340924928707,0.00015576542048233033,1,ok
CP-010-FIG10-EQ20,a_over_A5=1.5,1.5,closed_form,eq20,1,1.5,105,2.1000000000000001,3.1500000000000004,0.56087070252724702,0.82790340924928707,0.00014407343035532799,1,ok
CP-010-FIG10-EQ20,a_over_A5=1.5,1.5,closed_form,eq20,1,1.5,106,2.1200000000000001,3.1800000000000002,0.56087070252724702,0.82790340924928707,0.00013325905884680088,1,ok
CP-010-FIG10-EQ20,a_over_A5=1.5,1.5,closed_form,eq20,1,1.5,107,2.1400000000000001,3.21,0.56087070252724702,0.82790340924928707,0.00012325643056418324,1,ok
CP-010-FIG10-EQ20,a_over_A5=1.5,1.5,closed_form,eq20,1,1.5,108,2.1600000000000001,3.2400000000000002,0.56087070252724702,0.82790340924928707,0.0001140046148223865,1,ok
CP-010-FIG10-EQ20,a_over_A5=1.5,1.5,closed_form,eq20,1,1.5,109,2.1800000000000002,3.2700000000000005,0.56087070252724702,0.82790340924928707,0.00010544725448651364,1,ok
CP-010-FIG10-EQ20,a_over_A5=1.5,1.5,closed_form,eq20,1,1.5,110,2.2000000000000002,3.3000000000000003,0.56087070252724702,0.82790340924928707,9.7532222674201859e-05,1,ok
CP-010-FIG10-EQ20,a_over_A5=1.5,1.5,closed_form,eq20,1,1.5,111,2.2200000000000002,3.3300000000000001,0.56087070252724702,0.82790340924928707,9.0211305226412335e-05,1,ok
CP-010-FIG10-EQ20,a_over_A5=1.5,1.5,closed_form,eq20,1,1.5,112,2.2400000000000002,3.3600000000000003,0.56087070252724702,0.82790340924928707,8.3439907012449588e-05,1,ok
CP-010-FIG10-EQ20,a_over_A5=1.5,1.5,closed_form,eq20,1,1.5,113,2.2600000000000002,3.3900000000000006,0.56087070252724702,0.82790340924928707,7.717678028017063e-05,1,ok
CP-010-FIG10-EQ20,a_over_A5=1.5,1.5,closed_form,eq20,1,1.5,114,2.2800000000000002,3.4200000000000004,0.56087070252724702,0.82790340924928707,7.1383773396643837e-05,1,ok
CP-010-FIG10-EQ20,a_over_A5=1.5,1.5,closed_form,eq20,1,1.5,115,2.3000000000000003,3.4500000000000002,0.56087070252724702,0.82790340924928707,6.6025598448716993e-05,1,ok
CP-010-FIG10-EQ20,a_over_A5=1.5,1.5,closed_form,eq20,1,1.5,116,2.3199999999999998,3.4799999999999995,0.56087070252724702,0.82790340924928707,6.1069616287840823e-05,1,ok
CP-010-FIG10-EQ20,a_over_A5=1.5,1.5,closed_form,eq20,1,1.5,117,2.3399999999999999,3.5099999999999998,0.56087070252724702,0.82790340924928707,5.6485637709756772e-05,1,ok
CP-010-FIG10-EQ20,a_over_A5=1.5,1.5,closed_form,eq20,1,1.5,118,2.3599999999999999,3.54,0.56087070252724702,0.82790340924928707,5.2245739557940562e-05,1,ok
CP-010-FIG10-EQ20,a_over_A5=1.5,1.5,closed_form,eq20,1,1.5,119,2.3799999999999999,3.5699999999999998,0.56087070252724702,0.82790340924928707,4.8324094630601518e-05,1,ok
CP-010-FIG10-EQ20,a_over_A5=1.5,1.5,closed_form,eq20,1,1.5,120,2.3999999999999999,3.5999999999999996,0.56087070252724702,0.82790340924928707,4.4696814355122067e-05,1,ok
CP-010-FIG10-EQ20,a_over_A5=1.5,1.5,closed_form,eq20,1,1.5,121,2.4199999999999999,3.6299999999999999,0.56087070252724702,0.82790340924928707,4.1341803271594534e-05,1,ok
CP-010-FIG10-EQ20,a_over_A5=1.5,1.5,closed_form,eq20,1,1.5,122,2.4399999999999999,3.6600000000000001,0.56087070252724702,0.82790340924928707,3.8238624439044928e-05,1,ok
CP-010-FIG10-EQ20,a_over_A5=1.5,1.5,closed_form,eq20,1,1.5,123,2.46,3.6899999999999999,0.56087070252724702,0.82790340924928707,3.5368374944471315e-05,1,ok
CP-010-FIG10-EQ20,a_over_A5=1.5,1.5,closed_form,eq20,1,1.5,124,2.48,3.7199999999999998,0.56087070252724702,0.82790340924928707,3.2713570756363433e-05,1,ok
CP-010-FIG10-EQ20,a_over_A5=1.5,1.5,closed_form,eq20,1,1.5,125,2.5,3.75,0.56087070252724702,0.82790340924928707,3.0258040221293395e-05,1,ok
CP-010-FIG10-EQ20,a_over_A5=1.5,1.5,closed_form,eq20,1,1.5,126,2.52,3.7800000000000002,0.56087070252724702,0.82790340924928707,2.7986825554813929e-05,1,ok
CP-010-FIG10-EQ20,a_over_A5=1.5,1.5,closed_form,eq20,1,1.5,127,2.54,3.8100000000000001,0.56087070252724702,0.82790340924928707,2.5886091726601177e-05,1,ok
CP-010-FIG10-EQ20,a_over_A5=1.5,1.5,closed_form,eq20,1,1.5,128,2.5600000000000001,3.8399999999999999,0.56087070252724702,0.82790340924928707,2.394304218481649e-05,1,ok
CP-010-FIG10-EQ20,a_over_A5=1.5,1.5,closed_form,eq20,1,1.5,129,2.5800000000000001,3.8700000000000001,0.56087070252724702,0.82790340924928707,2.2145840906327097e-05,1,ok
CP-010-FIG10-EQ20,a_over_A5=1.5,1.5,closed_form,eq20,1,1.5,130,2.6000000000000001,3.9000000000000004,0.56087070252724702,0.82790340924928707,2.0483540297956108e-05,1,ok
CP-010-FIG10-EQ20,a_over_A5=1.5,1.5,closed_form,eq20,1,1.5,131,2.6200000000000001,3.9300000000000002,0.56087070252724702,0.82790340924928707,1.8946014509574082e-05,1,ok
CP-010-FIG10-EQ20,a_over_A5=1.5,1.5,closed_form,eq20,1,1.5,132,2.6400000000000001,3.96,0.56087070252724702,0.82790340924928707,1.7523897752812196e-05,1,ok
CP-010-FIG10-EQ20,a_over_A5=1.5,1.5,closed_form,eq20,1,1.5,133,2.6600000000000001,3.9900000000000002,0.56087070252724702,0.82790340924928707,1.6208527249666945e-05,1,ok
CP-010-FIG10-EQ20,a_over_A5=1.5,1.5,closed_form,eq20,1,1.5,134,2.6800000000000002,4.0200000000000005,0.56087070252724702,0.82790340924928707,1.4991890463469224e-05,1,ok
CP-010-FIG10-EQ20,a_over_A5=1.5,1.5,closed_form,eq20,1,1.5,135,2.7000000000000002,4.0500000000000007,0.56087070252724702,0.82790340924928707,1.3866576290777945e-05,1,ok
CP-010-FIG10-EQ20,a_over_A5=1.5,1.5,closed_form,eq20,1,1.5,136,2.7200000000000002,4.0800000000000001,0.56087070252724702,0.82790340924928707,1.2825729916884037e-05,1,ok
CP-010-FIG10-EQ20,a_over_A5=1.5,1.5,closed_form,eq20,1,1.5,137,2.7400000000000002,4.1100000000000003,0.56087070252724702,0.82790340924928707,1.1863011059929383e-05,1,ok
CP-010-FIG10-EQ20,a_over_A5=1.5,1.5,closed_form,eq20,1,1.5,138,2.7600000000000002,4.1400000000000006,0.56087070252724702,0.82790340924928707,1.0972555349286307e-05,1,ok
CP-010-FIG10-EQ20,a_over_A5=1.5,1.5,closed_form,eq20,1,1.5,139,2.7800000000000002,4.1699999999999999,0.56087070252724702,0.82790340924928707,1.0148938602934087e-05,1,ok
CP-010-FIG10-EQ20,a_over_A5=1.5,1.5,closed_form,eq20,1,1.5,140,2.8000000000000003,4.2000000000000002,0.56087070252724702,0.82790340924928707,9.387143786230745e-06,1,ok
CP-010-FIG10-EQ20,a_over_A5=1.5,1.5,closed_form,eq20,1,1.5,141,2.8199999999999998,4.2299999999999995,0.56087070252724702,0.82790340924928707,8.682530450809426e-06,1,ok
CP-010-FIG10-EQ20,a_over_A5=1.5,1.5,closed_form,eq20,1,1.5,142,2.8399999999999999,4.2599999999999998,0.56087070252724702,0.82790340924928707,8.0308064674380534e-06,1,ok
CP-010-FIG10-EQ20,a_over_A5=1.5,1.5,closed_form,eq20,1,1.5,143,2.8599999999999999,4.29,0.56087070252724702,0.82790340924928707,7.4280018806536349e-06,1,ok
CP-010-FIG10-EQ20,a_over_A5=1.5,1.5,closed_form,eq20,1,1.5,144,2.8799999999999999,4.3200000000000003,0.56087070252724702,0.82790340924928707,6.8704447259075406e-06,1,ok
CP-010-FIG10-EQ20,a_over_A5=1.5,1.5,closed_form,eq20,1,1.5,145,2.8999999999999999,4.3499999999999996,0.56087070252724702,0.82790340924928707,6.3547386619128244e-06,1,ok
CP-010-FIG10-EQ20,a_over_A5=1.5,1.5,closed_form,eq20,1,1.5,146,2.9199999999999999,4.3799999999999999,0.56087070252724702,0.82790340924928707,5.8777422819416144e-06,1,ok
CP-010-FIG10-EQ20,a_over_A5=1.5,1.5,closed_form,eq20,1,1.5,147,2.9399999999999999,4.4100000000000001,0.56087070252724702,0.82790340924928707,5.4365499780482015e-06,1,ok
CP-010-FIG10-EQ20,a_over_A5=1.5,1.5,closed_form,eq20,1,1.5,148,2.96,4.4399999999999995,0.56087070252724702,0.82790340924928707,5.0284742416526273e-06,1,ok
CP-010-FIG10-EQ20,a_over_A5=1.5,1.5,closed_form,eq20,1,1.5,149,2.98,4.4699999999999998,0.56087070252724702,0.82790340924928707,4.6510292926695033e-06,1,ok
CP-010-FIG10-EQ20,a_over_A5=1.5,1.5,closed_form,eq20,1,1.5,150,3,4.5,0.56087070252724702,0.82790340924928707,4.3019159374594535e-06,1,ok
CP-010-FIG10-EQ20,a_over_A5=2,2,closed_form,eq20,1,2,0,0,0,0.43803125395885112,0.89895974356766195,0.34496929212727634,1,ok
CP-010-FIG10-EQ20,a_over_A5=2,2,closed_form,eq20,1,2,1,0.02,0.040000000000000001,0.43803125395885112,0.89895974356766195,0.30811983799294312,1,ok
CP-010-FIG10-EQ20,a_over_A5=2,2,closed_form,eq20,1,2,2,0.040000000000000001,0.080000000000000002,0.43803125395885112,0.89895974356766195,0.27520662485451097,1,ok
CP-010-FIG10-EQ20,a_over_A5=2,2,closed_form,eq20,1,2,3,0.059999999999999998,0.12,0.43803125395885112,0.89895974356766195,0.24580918533893997,1,ok
CP-010-FIG10-EQ20,a_over_A5=2,2,closed_form,eq20,1,2,4,0.080000000000000002,0.16,0.43803125395885112,0.89895974356766195,0.21955196619607451,1,ok
CP-010-FIG10-EQ20,a_over_A5=2,2,closed_form,eq20,1,2,5,0.10000000000000001,0.20000000000000001,0.43803125395885112,0.89895974356766195,0.19609953059360363,1,ok
CP-010-FIG10-EQ20,a_over_A5=2,2,closed_form,eq20,1,2,6,0.12,0.23999999999999999,0.43803125395885112,0.89895974356766195,0.17515227290057056,1,ok
CP-010-FIG10-EQ20,a_over_A5=2,2,closed_form,eq20,1,2,7,0.14000000000000001,0.28000000000000003,0.43803125395885112,0.89895974356766195,0.15644259121564974,1,ok
CP-010-FIG10-EQ20,a_over_A5=2,2,closed_form,eq20,1,2,8,0.16,0.32000000000000001,0.43803125395885112,0.89895974356766195,0.13973146874411571,1,ok
CP-010-FIG10-EQ20,a_over_A5=2,2,closed_form,eq20,1,2,9,0.17999999999999999,0.35999999999999999,0.43803125395885112,0.89895974356766195,0.12480542035048198,1,ok
CP-010-FIG10-EQ20,a_over_A5=2,2,closed_form,eq20,1,2,10,0.20000000000000001,0.40000000000000002,0.43803125395885112,0.89895974356766195,0.11147376527892143,1,ok
CP-010-FIG10-EQ20,a_over_A5=2,2,closed_form,eq20,1,2,11,0.22,0.44,0.43803125395885112,0.89895974356766195,0.09956619120038146,1,ok
CP-010-FIG10-EQ20,a_over_A5=2,2,closed_form,eq20,1,2,12,0.23999999999999999,0.47999999999999998,0.43803125395885112,0.89895974356766195,0.088930578467016658,1,ok
CP-010-FIG10-EQ20,a_over_A5=2,2,closed_form,eq20,1,2,13,0.26000000000000001,0.52000000000000002,0.43803125395885112,0.89895974356766195,0.079431056778718118,1,ok
CP-010-FIG10-EQ20,a_over_A5=2,2,closed_form,eq20,1,2,14,0.28000000000000003,0.56000000000000005,0.43803125395885112,0.89895974356766195,0.070946269435591125,1,ok
CP-010-FIG10-EQ20,a_over_A5=2,2,closed_form,eq20,1,2,15,0.29999999999999999,0.59999999999999998,0.43803125395885112,0.89895974356766195,0.063367823002149465,1,ok
CP-010-FIG10-EQ20,a_over_A5=2,2,closed_form,eq20,1,2,16,0.32000000000000001,0.64000000000000001,0.43803125395885112,0.89895974356766195,0.056598902577636057,1,ok
CP-010-FIG10-EQ20,a_over_A5=2,2,closed_form,eq20,1,2,17,0.34000000000000002,0.68000000000000005,0.43803125395885112,0.89895974356766195,0.05055303498250327,1,ok
CP-010-FIG10-EQ20,a_over_A5=2,2,closed_form,eq20,1,2,18,0.35999999999999999,0.71999999999999997,0.43803125395885112,0.89895974356766195,0.045152984060719221,1,ok
CP-010-FIG10-EQ20,a_over_A5=2,2,closed_form,eq20,1,2,19,0.38,0.76000000000000001,0.43803125395885112,0.89895974356766195,0.040329763985351284,1,ok
CP-010-FIG10-EQ20,a_over_A5=2,2,closed_form,eq20,1,2,20,0.40000000000000002,0.80000000000000004,0.43803125395885112,0.89895974356766195,0.036021757962373502,1,ok
CP-010-FIG10-EQ20,a_over_A5=2,2,closed_form,eq20,1,2,21,0.41999999999999998,0.83999999999999997,0.43803125395885112,0.89895974356766195,0.032173931074110082,1,ok
CP-010-FIG10-EQ20,a_over_A5=2,2,closed_form,eq20,1,2,22,0.44,0.88,0.43803125395885112,0.89895974356766195,0.028737127206364108,1,ok
CP-010-FIG10-EQ20,a_over_A5=2,2,closed_form,eq20,1,2,23,0.46000000000000002,0.92000000000000004,0.43803125395885112,0.89895974356766195,0.025667441077452911,1,ok
CP-010-FIG10-EQ20,a_over_A5=2,2,closed_form,eq20,1,2,24,0.47999999999999998,0.95999999999999996,0.43803125395885112,0.89895974356766195,0.022925657346800344,1,ok
CP-010-FIG10-EQ20,a_over_A5=2,2,closed_form,eq20,1,2,25,0.5,1,0.43803125395885112,0.89895974356766195,0.020476749637679752,1,ok
CP-010-FIG10-EQ20,a_over_A5=2,2,closed_form,eq20,1,2,26,0.52000000000000002,1.04,0.43803125395885112,0.89895974356766195,0.018289433074107155,1,ok
CP-010-FIG10-EQ20,a_over_A5=2,2,closed_form,eq20,1,2,27,0.54000000000000004,1.0800000000000001,0.43803125395885112,0.89895974356766195,0.016335764615528495,1,ok
CP-010-FIG10-EQ20,a_over_A5=2,2,closed_form,eq20,1,2,28,0.56000000000000005,1.1200000000000001,0.43803125395885112,0.89895974356766195,0.014590786083563723,1,ok
CP-010-FIG10-EQ20,a_over_A5=2,2,closed_form,eq20,1,2,29,0.57999999999999996,1.1599999999999999,0.43803125395885112,0.89895974356766195,0.013032205320462715,1,ok
CP-010-FIG10-EQ20,a_over_A5=2,2,closed_form,eq20,1,2,30,0.59999999999999998,1.2,0.43803125395885112,0.89895974356766195,0.011640111406061705,1,ok
CP-010-FIG10-EQ20,a_over_A5=2,2,closed_form,eq20,1,2,31,0.62,1.24,0.43803125395885112,0.89895974356766195,0.010396720295127854,1,ok
CP-010-FIG10-EQ20,a_over_A5=2,2,closed_form,eq20,1,2,32,0.64000000000000001,1.28,0.43803125395885112,0.89895974356766195,0.0092861476256003404,1,ok
CP-010-FIG10-EQ20,a_over_A5=2,2,closed_form,eq20,1,2,33,0.66000000000000003,1.3200000000000001,0.43803125395885112,0.89895974356766195,0.0082942057953461958,1,ok
CP-010-FIG10-EQ20,a_over_A5=2,2,closed_form,eq20,1,2,34,0.68000000000000005,1.3600000000000001,0.43803125395885112,0.89895974356766195,0.0074082227150795432,1,ok
CP-010-FIG10-EQ20,a_over_A5=2,2,closed_form,eq20,1,2,35,0.70000000000000007,1.4000000000000001,0.43803125395885112,0.89895974356766195,0.006616879922007028,1,ok
CP-010-FIG10-EQ20,a_over_A5=2,2,closed_form,eq20,1,2,36,0.71999999999999997,1.4399999999999999,0.43803125395885112,0.89895974356766195,0.005910067986095854,1,ok
CP-010-FIG10-EQ20,a_over_A5=2,2,closed_form,eq20,1,2,37,0.73999999999999999,1.48,0.43803125395885112,0.89895974356766195,0.0052787573617748907,1,ok
CP-010-FIG10-EQ20,a_over_A5=2,2,closed_form,eq20,1,2,38,0.76000000000000001,1.52,0.43803125395885112,0.89895974356766195,0.00471488303519504,1,ok
CP-010-FIG10-EQ20,a_over_A5=2,2,closed_form,eq20,1,2,39,0.78000000000000003,1.5600000000000001,0.43803125395885112,0.89895974356766195,0.0042112414934137987,1,ok
CP-010-FIG10-EQ20,a_over_A5=2,2,closed_form,eq20,1,2,40,0.80000000000000004,1.6000000000000001,0.43803125395885112,0.89895974356766195,0.0037613986992821422,1,ok
CP-010-FIG10-EQ20,a_over_A5=2,2,closed_form,eq20,1,2,41,0.82000000000000006,1.6400000000000001,0.43803125395885112,0.89895974356766195,0.0033596078964097547,1,ok
CP-010-FIG10-EQ20,a_over_A5=2,2,closed_form,eq20,1,2,42,0.83999999999999997,1.6799999999999999,0.43803125395885112,0.89895974356766195,0.0030007361941643885,1,ok
CP-010-FIG10-EQ20,a_over_A5=2,2,closed_form,eq20,1,2,43,0.85999999999999999,1.72,0.43803125395885112,0.89895974356766195,0.0026801989948263757,1,ok
CP-010-FIG10-EQ20,a_over_A5=2,2,closed_form,eq20,1,2,44,0.88,1.76,0.43803125395885112,0.89895974356766195,0.002393901425202986,1,ok
CP-010-FIG10-EQ20,a_over_A5=2,2,closed_form,eq20,1,2,45,0.90000000000000002,1.8,0.43803125395885112,0.89895974356766195,0.0021381860244896198,1,ok
CP-010-FIG10-EQ20,a_over_A5=2,2,closed_form,eq20,1,2,46,0.92000000000000004,1.8400000000000001,0.43803125395885112,0.89895974356766195,0.0019097860200885544,1,ok
CP-010-FIG10-EQ20,a_over_A5=2,2,closed_form,eq20,1,2,47,0.94000000000000006,1.8800000000000001,0.43803125395885112,0.89895974356766195,0.0017057835944822785,1,ok
CP-010-FIG10-EQ20,a_over_A5=2,2,closed_form,eq20,1,2,48,0.95999999999999996,1.9199999999999999,0.43803125395885112,0.89895974356766195,0.0015235726100194034,1,ok
CP-010-FIG10-EQ20,a_over_A5=2,2,closed_form,eq20,1,2,49,0.97999999999999998,1.96,0.43803125395885112,0.89895974356766195,0.0013608253154210124,1,ok
CP-010-FIG10-EQ20,a_over_A5=2,2,closed_form,eq20,1,2,50,1,2,0.43803125395885112,0.89895974356766195,0.0012154626086820454,1,ok
CP-010-FIG10-EQ20,a_over_A5=2,2,closed_form,eq20,1,2,51,1.02,2.04,0.43803125395885112,0.89895974356766195,0.0010856274764752605,1,ok
CP-010-FIG10-EQ20,a_over_A5=2,2,closed_form,eq20,1,2,52,1.04,2.0800000000000001,0.43803125395885112,0.89895974356766195,0.00096966127074530966,1,ok
CP-010-FIG10-EQ20,a_over_A5=2,2,closed_form,eq20,1,2,53,1.0600000000000001,2.1200000000000001,0.43803125395885112,0.89895974356766195,0.00086608251942565505,1,ok
CP-010-FIG10-EQ20,a_over_A5=2,2,closed_form,eq20,1,2,54,1.0800000000000001,2.1600000000000001,0.43803125395885112,0.89895974356766195,0.0007735680005845157,1,ok
CP-010-FIG10-EQ20,a_over_A5=2,2,closed_form,eq20,1,2,55,1.1000000000000001,2.2000000000000002,0.43803125395885112,0.89895974356766195,0.00069093583822146701,1,ok
CP-010-FIG10-EQ20,a_over_A5=2,2,closed_form,eq20,1,2,56,1.1200000000000001,2.2400000000000002,0.43803125395885112,0.89895974356766195,0.00061713040376292611,1,ok
CP-010-FIG10-EQ20,a_over_A5=2,2,closed_form,eq20,1,2,57,1.1400000000000001,2.2800000000000002,0.43803125395885112,0.89895974356766195,0.00055120883037263716,1,ok
CP-010-FIG10-EQ20,a_over_A5=2,2,closed_form,eq20,1,2,58,1.1599999999999999,2.3199999999999998,0.43803125395885112,0.89895974356766195,0.0004923289677970376,1,ok
CP-010-FIG10-EQ20,a_over_A5=2,2,closed_form,eq20,1,2,59,1.1799999999999999,2.3599999999999999,0.43803125395885112,0.89895974356766195,0.00043973862386825963,1,ok
CP-010-FIG10-EQ20,a_over_A5=2,2,closed_form,eq20,1,2,60,1.2,2.3999999999999999,0.43803125395885112,0.89895974356766195,0.00039276595522461176,1,ok
CP-010-FIG10-EQ20,a_over_A5=2,2,closed_form,eq20,1,2,61,1.22,2.4399999999999999,0.43803125395885112,0.89895974356766195,0.00035081088448968685,1,ok
CP-010-FIG10-EQ20,a_over_A5=2,2,closed_form,eq20,1,2,62,1.24,2.48,0.43803125395885112,0.89895974356766195,0.00031333743426427353,1,ok
CP-010-FIG10-EQ20,a_over_A5=2,2,closed_form,eq20,1,2,63,1.26,2.52,0.43803125395885112,0.89895974356766195,0.00027986687999757387,1,ok
CP-010-FIG10-EQ20,a_over_A5=2,2,closed_form,eq20,1,2,64,1.28,2.5600000000000001,0.43803125395885112,0.89895974356766195,0.00024997163426542727,1,ok
CP-010-FIG10-EQ20,a_over_A5=2,2,closed_form,eq20,1,2,65,1.3,2.6000000000000001,0.43803125395885112,0.89895974356766195,0.00022326978432699957,1,ok
CP-010-FIG10-EQ20,a_over_A5=2,2,closed_form,eq20,1,2,66,1.3200000000000001,2.6400000000000001,0.43803125395885112,0.89895974356766195,0.00019942021317704114,1,ok
CP-010-FIG10-EQ20,a_over_A5=2,2,closed_form,eq20,1,2,67,1.3400000000000001,2.6800000000000002,0.43803125395885112,0.89895974356766195,0.00017811824176500304,1,ok
CP-010-FIG10-EQ20,a_over_A5=2,2,closed_form,eq20,1,2,68,1.3600000000000001,2.7200000000000002,0.43803125395885112,0.89895974356766195,0.00015909173671021105,1,ok
CP-010-FIG10-EQ20,a_over_A5=2,2,closed_form,eq20,1,2,69,1.3800000000000001,2.7600000000000002,0.43803125395885112,0.89895974356766195,0.0001420976337890405,1,ok
CP-010-FIG10-EQ20,a_over_A5=2,2,closed_form,eq20,1,2,70,1.4000000000000001,2.8000000000000003,0.43803125395885112,0.89895974356766195,0.00012691883278151601,1,ok
CP-010-FIG10-EQ20,a_over_A5=2,2,closed_form,eq20,1,2,71,1.4199999999999999,2.8399999999999999,0.43803125395885112,0.89895974356766195,0.00011336142400891141,1,ok
CP-010-FIG10-EQ20,a_over_A5=2,2,closed_form,eq20,1,2,72,1.4399999999999999,2.8799999999999999,0.43803125395885112,0.89895974356766195,0.00010125221113126813,1,ok
CP-010-FIG10-EQ20,a_over_A5=2,2,closed_form,eq20,1,2,73,1.46,2.9199999999999999,0.43803125395885112,0.89895974356766195,9.0436498558495512e-05,1,ok
CP-010-FIG10-EQ20,a_over_A5=2,2,closed_form,eq20,1,2,74,1.48,2.96,0.43803125395885112,0.89895974356766195,8.0776115209152345e-05,1,ok
CP-010-FIG10-EQ20,a_over_A5=2,2,closed_form,eq20,1,2,75,1.5,3,0.43803125395885112,0.89895974356766195,7.2147649370369677e-05,1,ok
CP-010-FIG10-EQ20,a_over_A5=2,2,closed_form,eq20,1,2,76,1.52,3.04,0.43803125395885112,0.89895974356766195,6.4440872109185296e-05,1,ok
CP-010-FIG10-EQ20,a_over_A5=2,2,closed_form,eq20,1,2,77,1.54,3.0800000000000001,0.43803125395885112,0.89895974356766195,5.7557329094325411e-05,1,ok
CP-010-FIG10-EQ20,a_over_A5=2,2,closed_form,eq20,1,2,78,1.5600000000000001,3.1200000000000001,0.43803125395885112,0.89895974356766195,5.1409082838906486e-05,1,ok
CP-010-FIG10-EQ20,a_over_A5=2,2,closed_form,eq20,1,2,79,1.5800000000000001,3.1600000000000001,0.43803125395885112,0.89895974356766195,4.5917589296166675e-05,1,ok
CP-010-FIG10-EQ20,a_over_A5=2,2,closed_form,eq20,1,2,80,1.6000000000000001,3.2000000000000002,0.43803125395885112,0.89895974356766195,4.1012694456703839e-05,1,ok
CP-010-FIG10-EQ20,a_over_A5=2,2,closed_form,eq20,1,2,81,1.6200000000000001,3.2400000000000002,0.43803125395885112,0.89895974356766195,3.6631738128712343e-05,1,ok
CP-010-FIG10-EQ20,a_over_A5=2,2,closed_form,eq20,1,2,82,1.6400000000000001,3.2800000000000002,0.43803125395885112,0.89895974356766195,3.2718753451986837e-05,1,ok
CP-010-FIG10-EQ20,a_over_A5=2,2,closed_form,eq20,1,2,83,1.6600000000000001,3.3200000000000003,0.43803125395885112,0.89895974356766195,2.9223751919454138e-05,1,ok
CP-010-FIG10-EQ20,a_over_A5=2,2,closed_form,eq20,1,2,84,1.6799999999999999,3.3599999999999999,0.43803125395885112,0.89895974356766195,2.6102084772362875e-05,1,ok
CP-010-FIG10-EQ20,a_over_A5=2,2,closed_form,eq20,1,2,85,1.7,3.3999999999999999,0.43803125395885112,0.89895974356766195,2.3313872610931431e-05,1,ok
CP-010-FIG10-EQ20,a_over_A5=2,2,closed_form,eq20,1,2,86,1.72,3.4399999999999999,0.43803125395885112,0.89895974356766195,2.082349593371336e-05,1,ok
CP-010-FIG10-EQ20,a_over_A5=2,2,closed_form,eq20,1,2,87,1.74,3.48,0.43803125395885112,0.89895974356766195,1.8599140097302445e-05,1,ok
CP-010-FIG10-EQ20,a_over_A5=2,2,closed_form,eq20,1,2,88,1.76,3.52,0.43803125395885112,0.89895974356766195,1.6612388883224206e-05,1,ok
CP-010-FIG10-EQ20,a_over_A5=2,2,closed_form,eq20,1,2,89,1.78,3.5600000000000001,0.43803125395885112,0.89895974356766195,1.4837861479816269e-05,1,ok
CP-010-FIG10-EQ20,a_over_A5=2,2,closed_form,eq20,1,2,90,1.8,3.6000000000000001,0.43803125395885112,0.89895974356766195,1.325288824153063e-05,1,ok
CP-010-FIG10-EQ20,a_over_A5=2,2,closed_form,eq20,1,2,91,1.8200000000000001,3.6400000000000001,0.43803125395885112,0.89895974356766195,1.1837221083470809e-05,1,ok
CP-010-FIG10-EQ20,a_over_A5=2,2,closed_form,eq20,1,2,92,1.8400000000000001,3.6800000000000002,0.43803125395885112,0.89895974356766195,1.0572774811446163e-05,1,ok
CP-010-FIG10-EQ20,a_over_A5=2,2,closed_form,eq20,1,2,93,1.8600000000000001,3.7200000000000002,0.43803125395885112,0.89895974356766195,9.4433960830250912e-06,1,ok
CP-010-FIG10-EQ20,a_over_A5=2,2,closed_form,eq20,1,2,94,1.8800000000000001,3.7600000000000002,0.43803125395885112,0.89895974356766195,8.4346570480579201e-06,1,ok
CP-010-FIG10-EQ20,a_over_A5=2,2,closed_form,eq20,1,2,95,1.9000000000000001,3.8000000000000003,0.43803125395885112,0.89895974356766195,7.5336710324198559e-06,1,ok
CP-010-FIG10-EQ20,a_over_A5=2,2,closed_form,eq20,1,2,96,1.9199999999999999,3.8399999999999999,0.43803125395885112,0.89895974356766195,6.7289279103280422e-06,1,ok
CP-010-FIG10-EQ20,a_over_A5=2,2,closed_form,eq20,1,2,97,1.9399999999999999,3.8799999999999999,0.43803125395885112,0.89895974356766195,6.0101470621087015e-06,1,ok
CP-010-FIG10-EQ20,a_over_A5=2,2,closed_form,eq20,1,2,98,1.96,3.9199999999999999,0.43803125395885112,0.89895974356766195,5.3681460389449981e-06,1,ok
CP-010-FIG10-EQ20,a_over_A5=2,2,closed_form,eq20,1,2,99,1.98,3.96,0.43803125395885112,0.89895974356766195,4.7947232567933426e-06,1,ok
CP-010-FIG10-EQ20,a_over_A5=2,2,closed_form,eq20,1,2,100,2,4,0.43803125395885112,0.89895974356766195,4.2825532208794256e-06,1,ok
CP-010-FIG10-EQ20,a_over_A5=2,2,closed_form,eq20,1,2,101,2.02,4.04,0.43803125395885112,0.89895974356766195,3.8250929422630554e-06,1,ok
CP-010-FIG10-EQ20,a_over_A5=2,2,closed_form,eq20,1,2,102,2.04,4.0800000000000001,0.43803125395885112,0.89895974356766195,3.4164983509407635e-06,1,ok
CP-010-FIG10-EQ20,a_over_A5=2,2,closed_form,eq20,1,2,103,2.0600000000000001,4.1200000000000001,0.43803125395885112,0.89895974356766195,3.0515496376606085e-06,1,ok
CP-010-FIG10-EQ20,a_over_A5=2,2,closed_form,eq20,1,2,104,2.0800000000000001,4.1600000000000001,0.43803125395885112,0.89895974356766195,2.7255845706884141e-06,1,ok
CP-010-FIG10-EQ20,a_over_A5=2,2,closed_form,eq20,1,2,105,2.1000000000000001,4.2000000000000002,0.43803125395885112,0.89895974356766195,2.4344389356451306e-06,1,ok
CP-010-FIG10-EQ20,a_over_A5=2,2,closed_form,eq20,1,2,106,2.1200000000000001,4.2400000000000002,0.43803125395885112,0.89895974356766195,2.1743933375320292e-06,1,ok
CP-010-FIG10-EQ20,a_over_A5=2,2,closed_form,eq20,1,2,107,2.1400000000000001,4.2800000000000002,0.43803125395885112,0.89895974356766195,1.9421256853381545e-06,1,ok
CP-010-FIG10-EQ20,a_over_A5=2,2,closed_form,eq20,1,2,108,2.1600000000000001,4.3200000000000003,0.43803125395885112,0.89895974356766195,1.7346687522190906e-06,1,ok
CP-010-FIG10-EQ20,a_over_A5=2,2,closed_form,eq20,1,2,109,2.1800000000000002,4.3600000000000003,0.43803125395885112,0.89895974356766195,1.5493722690771247e-06,1,ok
CP-010-FIG10-EQ20,a_over_A5=2,2,closed_form,eq20,1,2,110,2.2000000000000002,4.4000000000000004,0.43803125395885112,0.89895974356766195,1.3838690672869152e-06,1,ok
CP-010-FIG10-EQ20,a_over_A5=2,2,closed_form,eq20,1,2,111,2.2200000000000002,4.4400000000000004,0.43803125395885112,0.89895974356766195,1.2360448380390066e-06,1,ok
CP-010-FIG10-EQ20,a_over_A5=2,2,closed_form,eq20,1,2,112,2.2400000000000002,4.4800000000000004,0.43803125395885112,0.89895974356766195,1.1040111219756849e-06,1,ok
CP-010-FIG10-EQ20,a_over_A5=2,2,closed_form,eq20,1,2,113,2.2600000000000002,4.5200000000000005,0.43803125395885112,0.89895974356766195,9.8608118406101761e-07,1,ok
CP-010-FIG10-EQ20,a_over_A5=2,2,closed_form,eq20,1,2,114,2.2800000000000002,4.5600000000000005,0.43803125395885112,0.89895974356766195,8.8074846548565316e-07,1,ok
CP-010-FIG10-EQ20,a_over_A5=2,2,closed_form,eq20,1,2,115,2.3000000000000003,4.6000000000000005,0.43803125395885112,0.89895974356766195,7.8666733732881916e-07,1,ok
CP-010-FIG10-EQ20,a_over_A5=2,2,closed_form,eq20,1,2,116,2.3199999999999998,4.6399999999999997,0.43803125395885112,0.89895974356766195,7.0263591010491317e-07,1,ok
CP-010-FIG10-EQ20,a_over_A5=2,2,closed_form,eq20,1,2,117,2.3399999999999999,4.6799999999999997,0.43803125395885112,0.89895974356766195,6.2758067958603694e-07,1,ok
CP-010-FIG10-EQ20,a_over_A5=2,2,closed_form,eq20,1,2,118,2.3599999999999999,4.7199999999999998,0.43803125395885112,0.89895974356766195,5.6054281275043726e-07,1,ok
CP-010-FIG10-EQ20,a_over_A5=2,2,closed_form,eq20,1,2,119,2.3799999999999999,4.7599999999999998,0.43803125395885112,0.89895974356766195,5.0066589865932292e-07,1,ok
CP-010-FIG10-EQ20,a_over_A5=2,2,closed_form,eq20,1,2,120,2.3999999999999999,4.7999999999999998,0.43803125395885112,0.89895974356766195,4.4718500777914364e-07,1,ok
CP-010-FIG10-EQ20,a_over_A5=2,2,closed_form,eq20,1,2,121,2.4199999999999999,4.8399999999999999,0.43803125395885112,0.89895974356766195,3.9941691998181273e-07,1,ok
CP-010-FIG10-EQ20,a_over_A5=2,2,closed_form,eq20,1,2,122,2.4399999999999999,4.8799999999999999,0.43803125395885112,0.89895974356766195,3.567513963852481e-07,1,ok
CP-010-FIG10-EQ20,a_over_A5=2,2,closed_form,eq20,1,2,123,2.46,4.9199999999999999,0.43803125395885112,0.89895974356766195,3.1864338353172386e-07,1,ok
CP-010-FIG10-EQ20,a_over_A5=2,2,closed_form,eq20,1,2,124,2.48,4.96,0.43803125395885112,0.89895974356766195,2.8460605031213706e-07,1,ok
CP-010-FIG10-EQ20,a_over_A5=2,2,closed_form,eq20,1,2,125,2.5,5,0.43803125395885112,0.89895974356766195,2.5420456868268964e-07,1,ok
CP-010-FIG10-EQ20,a_over_A5=2,2,closed_form,eq20,1,2,126,2.52,5.04,0.43803125395885112,0.89895974356766195,2.2705055872242172e-07,1,ok
CP-010-FIG10-EQ20,a_over_A5=2,2,closed_form,eq20,1,2,127,2.54,5.0800000000000001,0.43803125395885112,0.89895974356766195,2.027971270670332e-07,1,ok
CP-010-FIG10-EQ20,a_over_A5=2,2,closed_form,eq20,1,2,128,2.5600000000000001,5.1200000000000001,0.43803125395885112,0.89895974356766195,1.8113443533482511e-07,1,ok
CP-010-FIG10-EQ20,a_over_A5=2,2,closed_form,eq20,1,2,129,2.5800000000000001,5.1600000000000001,0.43803125395885112,0.89895974356766195,1.6178574193125026e-07,1,ok
CP-010-FIG10-EQ20,a_over_A5=2,2,closed_form,eq20,1,2,130,2.6000000000000001,5.2000000000000002,0.43803125395885112,0.89895974356766195,1.4450386666600162e-07,1,ok
CP-010-FIG10-EQ20,a_over_A5=2,2,closed_form,eq20,1,2,131,2.6200000000000001,5.2400000000000002,0.43803125395885112,0.89895974356766195,1.2906803301800852e-07,1,ok
CP-010-FIG10-EQ20,a_over_A5=2,2,closed_form,eq20,1,2,132,2.6400000000000001,5.2800000000000002,0.43803125395885112,0.89895974356766195,1.152810477081652e-07,1,ok
CP-010-FIG10-EQ20,a_over_A5=2,2,closed_form,eq20,1,2,133,2.6600000000000001,5.3200000000000003,0.43803125395885112,0.89895974356766195,1.0296678154875136e-07,1,ok
CP-010-FIG10-EQ20,a_over_A5=2,2,closed_form,eq20,1,2,134,2.6800000000000002,5.3600000000000003,0.43803125395885112,0.89895974356766195,9.1967919387302246e-08,1,ok
CP-010-FIG10-EQ20,a_over_A5=2,2,closed_form,eq20,1,2,135,2.7000000000000002,5.4000000000000004,0.43803125395885112,0.89895974356766195,8.2143950400398603e-08,1,ok
CP-010-FIG10-EQ20,a_over_A5=2,2,closed_form,eq20,1,2,136,2.7200000000000002,5.4400000000000004,0.43803125395885112,0.89895974356766195,7.3369373063307127e-08,1,ok
CP-010-FIG10-EQ20,a_over_A5=2,2,closed_form,eq20,1,2,137,2.7400000000000002,5.4800000000000004,0.43803125395885112,0.89895974356766195,6.5532091863902303e-08,1,ok
CP-010-FIG10-EQ20,a_over_A5=2,2,closed_form,eq20,1,2,138,2.7600000000000002,5.5200000000000005,0.43803125395885112,0.89895974356766195,5.8531985278836149e-08,1,ok
CP-010-FIG10-EQ20,a_over_A5=2,2,closed_form,eq20,1,2,139,2.7800000000000002,5.5600000000000005,0.43803125395885112,0.89895974356766195,5.2279626717807651e-08,1,ok
CP-010-FIG10-EQ20,a_over_A5=2,2,closed_form,eq20,1,2,140,2.8000000000000003,5.6000000000000005,0.43803125395885112,0.89895974356766195,4.6695142095949908e-08,1,ok
CP-010-FIG10-EQ20,a_over_A5=2,2,closed_form,eq20,1,2,141,2.8199999999999998,5.6399999999999997,0.43803125395885112,0.89895974356766195,4.1707189439787078e-08,1,ok
CP-010-FIG10-EQ20,a_over_A5=2,2,closed_form,eq20,1,2,142,2.8399999999999999,5.6799999999999997,0.43803125395885112,0.89895974356766195,3.7252047491192031e-08,1,ok
CP-010-FIG10-EQ20,a_over_A5=2,2,closed_form,eq20,1,2,143,2.8599999999999999,5.7199999999999998,0.43803125395885112,0.89895974356766195,3.3272801666232556e-08,1,ok
CP-010-FIG10-EQ20,a_over_A5=2,2,closed_form,eq20,1,2,144,2.8799999999999999,5.7599999999999998,0.43803125395885112,0.89895974356766195,2.9718616969502374e-08,1,ok
CP-010-FIG10-EQ20,a_over_A5=2,2,closed_form,eq20,1,2,145,2.8999999999999999,5.7999999999999998,0.43803125395885112,0.89895974356766195,2.6544088575394018e-08,1,ok
CP-010-FIG10-EQ20,a_over_A5=2,2,closed_form,eq20,1,2,146,2.9199999999999999,5.8399999999999999,0.43803125395885112,0.89895974356766195,2.370866177996855e-08,1,ok
CP-010-FIG10-EQ20,a_over_A5=2,2,closed_form,eq20,1,2,147,2.9399999999999999,5.8799999999999999,0.43803125395885112,0.89895974356766195,2.1176113913287587e-08,1,ok
CP-010-FIG10-EQ20,a_over_A5=2,2,closed_form,eq20,1,2,148,2.96,5.9199999999999999,0.43803125395885112,0.89895974356766195,1.891409159362201e-08,1,ok
CP-010-FIG10-EQ20,a_over_A5=2,2,closed_form,eq20,1,2,149,2.98,5.96,0.43803125395885112,0.89895974356766195,1.6893697411943411e-08,1,ok
CP-010-FIG10-EQ20,a_over_A5=2,2,closed_form,eq20,1,2,150,3,6,0.43803125395885112,0.89895974356766195,1.5089120766579176e-08,1,ok
CP-010-FIG10-EQ20,a_over_A5=3,3,closed_form,eq20,1,3,0,0,0,0.30460482187224097,0.95247881997038675,0.17674977541253073,1,ok
CP-010-FIG10-EQ20,a_over_A5=3,3,closed_form,eq20,1,3,1,0.02,0.059999999999999998,0.30460482187224097,0.95247881997038675,0.14770204075205343,1,ok
CP-010-FIG10-EQ20,a_over_A5=3,3,closed_form,eq20,1,3,2,0.040000000000000001,0.12,0.30460482187224097,0.95247881997038675,0.12342812199564814,1,ok
CP-010-FIG10-EQ20,a_over_A5=3,3,closed_form,eq20,1,3,3,0.059999999999999998,0.17999999999999999,0.30460482187224097,0.95247881997038675,0.10314347196425451,1,ok
CP-010-FIG10-EQ20,a_over_A5=3,3,closed_form,eq20,1,3,4,0.080000000000000002,0.23999999999999999,0.30460482187224097,0.95247881997038675,0.086192478965337049,1,ok
CP-010-FIG10-EQ20,a_over_A5=3,3,closed_form,eq20,1,3,5,0.10000000000000001,0.30000000000000004,0.30460482187224097,0.95247881997038675,0.072027277041485649,1,ok
CP-010-FIG10-EQ20,a_over_A5=3,3,closed_form,eq20,1,3,6,0.12,0.35999999999999999,0.30460482187224097,0.95247881997038675,0.06019003862387217,1,ok
CP-010-FIG10-EQ20,a_over_A5=3,3,closed_form,eq20,1,3,7,0.14000000000000001,0.42000000000000004,0.30460482187224097,0.95247881997038675,0.050298177278818565,1,ok
CP-010-FIG10-EQ20,a_over_A5=3,3,closed_form,eq20,1,3,8,0.16,0.47999999999999998,0.30460482187224097,0.95247881997038675,0.042031982291635642,1,ok
CP-010-FIG10-EQ20,a_over_A5=3,3,closed_form,eq20,1,3,9,0.17999999999999999,0.54000000000000004,0.30460482187224097,0.95247881997038675,0.035124285430286437,1,ok
CP-010-FIG10-EQ20,a_over_A5=3,3,closed_form,eq20,1,3,10,0.20000000000000001,0.60000000000000009,0.30460482187224097,0.95247881997038675,0.029351825912663224,1,ok
CP-010-FIG10-EQ20,a_over_A5=3,3,closed_form,eq20,1,3,11,0.22,0.66000000000000003,0.30460482187224097,0.95247881997038675,0.024528034488195495,1,ok
CP-010-FIG10-EQ20,a_over_A5=3,3,closed_form,eq20,1,3,12,0.23999999999999999,0.71999999999999997,0.30460482187224097,0.95247881997038675,0.02049700341110805,1,ok
CP-010-FIG10-EQ20,a_over_A5=3,3,closed_form,eq20,1,3,13,0.26000000000000001,0.78000000000000003,0.30460482187224097,0.95247881997038675,0.017128447411355673,1,ok
CP-010-FIG10-EQ20,a_over_A5=3,3,closed_form,eq20,1,3,14,0.28000000000000003,0.84000000000000008,0.30460482187224097,0.95247881997038675,0.014313492798883075,1,ok
CP-010-FIG10-EQ20,a_over_A5=3,3,closed_form,eq20,1,3,15,0.29999999999999999,0.89999999999999991,0.30460482187224097,0.95247881997038675,0.011961158602609295,1,ok
CP-010-FIG10-EQ20,a_over_A5=3,3,closed_form,eq20,1,3,16,0.32000000000000001,0.95999999999999996,0.30460482187224097,0.95247881997038675,0.0099954160125010402,1,ok
CP-010-FIG10-EQ20,a_over_A5=3,3,closed_form,eq20,1,3,17,0.34000000000000002,1.02,0.30460482187224097,0.95247881997038675,0.0083527310841917494,1,ok
CP-010-FIG10-EQ20,a_over_A5=3,3,closed_form,eq20,1,3,18,0.35999999999999999,1.0800000000000001,0.30460482187224097,0.95247881997038675,0.0069800112849295742,1,ok
CP-010-FIG10-EQ20,a_over_A5=3,3,closed_form,eq20,1,3,19,0.38,1.1400000000000001,0.30460482187224097,0.95247881997038675,0.0058328895120246397,1,ok
CP-010-FIG10-EQ20,a_over_A5=3,3,closed_form,eq20,1,3,20,0.40000000000000002,1.2000000000000002,0.30460482187224097,0.95247881997038675,0.0048742901222731056,1,ok
CP-010-FIG10-EQ20,a_over_A5=3,3,closed_form,eq20,1,3,21,0.41999999999999998,1.26,0.30460482187224097,0.95247881997038675,0.0040732306255947502,1,ok
CP-010-FIG10-EQ20,a_over_A5=3,3,closed_form,eq20,1,3,22,0.44,1.3200000000000001,0.30460482187224097,0.95247881997038675,0.0034038203129250215,1,ok
CP-010-FIG10-EQ20,a_over_A5=3,3,closed_form,eq20,1,3,23,0.46000000000000002,1.3800000000000001,0.30460482187224097,0.95247881997038675,0.00284442345343244,1,ok
CP-010-FIG10-EQ20,a_over_A5=3,3,closed_form,eq20,1,3,24,0.47999999999999998,1.4399999999999999,0.30460482187224097,0.95247881997038675,0.002376960015108398,1,ok
CP-010-FIG10-EQ20,a_over_A5=3,3,closed_form,eq20,1,3,25,0.5,1.5,0.30460482187224097,0.95247881997038675,0.0019863213076119824,1,ok
CP-010-FIG10-EQ20,a_over_A5=3,3,closed_form,eq20,1,3,26,0.52000000000000002,1.5600000000000001,0.30460482187224097,0.95247881997038675,0.001659881660606497,1,ok
CP-010-FIG10-EQ20,a_over_A5=3,3,closed_form,eq20,1,3,27,0.54000000000000004,1.6200000000000001,0.30460482187224097,0.95247881997038675,0.0013870903547473787,1,ok
CP-010-FIG10-EQ20,a_over_A5=3,3,closed_form,eq20,1,3,28,0.56000000000000005,1.6800000000000002,0.30460482187224097,0.95247881997038675,0.0011591306162935747,1,ok
CP-010-FIG10-EQ20,a_over_A5=3,3,closed_form,eq20,1,3,29,0.57999999999999996,1.7399999999999998,0.30460482187224097,0.95247881997038675,0.00096863465384979994,1,ok
CP-010-FIG10-EQ20,a_over_A5=3,3,closed_form,eq20,1,3,30,0.59999999999999998,1.7999999999999998,0.30460482187224097,0.95247881997038675,0.00080944552706136797,1,ok
CP-010-FIG10-EQ20,a_over_A5=3,3,closed_form,eq20,1,3,31,0.62,1.8599999999999999,0.30460482187224097,0.95247881997038675,0.00067641815071924245,1,ok
CP-010-FIG10-EQ20,a_over_A5=3,3,closed_form,eq20,1,3,32,0.64000000000000001,1.9199999999999999,0.30460482187224097,0.95247881997038675,0.00056525300261218417,1,ok
CP-010-FIG10-EQ20,a_over_A5=3,3,closed_form,eq20,1,3,33,0.66000000000000003,1.98,0.30460482187224097,0.95247881997038675,0.00047235716046701334,1,ok
CP-010-FIG10-EQ20,a_over_A5=3,3,closed_form,eq20,1,3,34,0.68000000000000005,2.04,0.30460482187224097,0.95247881997038675,0.00039472817661004409,1,ok
CP-010-FIG10-EQ20,a_over_A5=3,3,closed_form,eq20,1,3,35,0.70000000000000007,2.1000000000000001,0.30460482187224097,0.95247881997038675,0.00032985703711116085,1,ok
CP-010-FIG10-EQ20,a_over_A5=3,3,closed_form,eq20,1,3,36,0.71999999999999997,2.1600000000000001,0.30460482187224097,0.95247881997038675,0.0002756470689936172,1,ok
CP-010-FIG10-EQ20,a_over_A5=3,3,closed_form,eq20,1,3,37,0.73999999999999999,2.2199999999999998,0.30460482187224097,0.95247881997038675,0.0002303461745433877,1,ok
CP-010-FIG10-EQ20,a_over_A5=3,3,closed_form,eq20,1,3,38,0.76000000000000001,2.2800000000000002,0.30460482187224097,0.95247881997038675,0.00019249020249151051,1,ok
CP-010-FIG10-EQ20,a_over_A5=3,3,closed_form,eq20,1,3,39,0.78000000000000003,2.3399999999999999,0.30460482187224097,0.95247881997038675,0.00016085562579309787,1,ok
CP-010-FIG10-EQ20,a_over_A5=3,3,closed_form,eq20,1,3,40,0.80000000000000004,2.4000000000000004,0.30460482187224097,0.95247881997038675,0.00013441999652127865,1,ok
CP-010-FIG10-EQ20,a_over_A5=3,3,closed_form,eq20,1,3,41,0.82000000000000006,2.46,0.30460482187224097,0.95247881997038675,0.00011232889975524824,1,ok
CP-010-FIG10-EQ20,a_over_A5=3,3,closed_form,eq20,1,3,42,0.83999999999999997,2.52,0.30460482187224097,0.95247881997038675,9.3868338392846205e-05,1,ok
CP-010-FIG10-EQ20,a_over_A5=3,3,closed_form,eq20,1,3,43,0.85999999999999999,2.5800000000000001,0.30460482187224097,0.95247881997038675,7.8441656348745621e-05,1,ok
CP-010-FIG10-EQ20,a_over_A5=3,3,closed_form,eq20,1,3,44,0.88,2.6400000000000001,0.30460482187224097,0.95247881997038675,6.5550254282583929e-05,1,ok
CP-010-FIG10-EQ20,a_over_A5=3,3,closed_form,eq20,1,3,45,0.90000000000000002,2.7000000000000002,0.30460482187224097,0.95247881997038675,5.4777474578150311e-05,1,ok
CP-010-FIG10-EQ20,a_over_A5=3,3,closed_form,eq20,1,3,46,0.92000000000000004,2.7600000000000002,0.30460482187224097,0.95247881997038675,4.5775134726779037e-05,1,ok
CP-010-FIG10-EQ20,a_over_A5=3,3,closed_form,eq20,1,3,47,0.94000000000000006,2.8200000000000003,0.30460482187224097,0.95247881997038675,3.8252273866064069e-05,1,ok
CP-010-FIG10-EQ20,a_over_A5=3,3,closed_form,eq20,1,3,48,0.95999999999999996,2.8799999999999999,0.30460482187224097,0.95247881997038675,3.1965748755477972e-05,1,ok
CP-010-FIG10-EQ20,a_over_A5=3,3,closed_form,eq20,1,3,49,0.97999999999999998,2.9399999999999999,0.30460482187224097,0.95247881997038675,2.6712375245353688e-05,1,ok
CP-010-FIG10-EQ20,a_over_A5=3,3,closed_form,eq20,1,3,50,1,3,0.30460482187224097,0.95247881997038675,2.2322361246936323e-05,1,ok
CP-010-FIG10-EQ20,a_over_A5=3,3,closed_form,eq20,1,3,51,1.02,3.0600000000000001,0.30460482187224097,0.95247881997038675,1.8653818953273173e-05,1,ok
CP-010-FIG10-EQ20,a_over_A5=3,3,closed_form,eq20,1,3,52,1.04,3.1200000000000001,0.30460482187224097,0.95247881997038675,1.5588178942729511e-05,1,ok
CP-010-FIG10-EQ20,a_over_A5=3,3,closed_form,eq20,1,3,53,1.0600000000000001,3.1800000000000002,0.30460482187224097,0.95247881997038675,1.3026357946286286e-05,1,ok
CP-010-FIG10-EQ20,a_over_A5=3,3,closed_form,eq20,1,3,54,1.0800000000000001,3.2400000000000002,0.30460482187224097,0.95247881997038675,1.0885556418629572e-05,1,ok
CP-010-FIG10-EQ20,a_over_A5=3,3,closed_form,eq20,1,3,55,1.1000000000000001,3.3000000000000003,0.30460482187224097,0.95247881997038675,9.0965824086655019e-06,1,ok
CP-010-FIG10-EQ20,a_over_A5=3,3,closed_form,eq20,1,3,56,1.1200000000000001,3.3600000000000003,0.30460482187224097,0.95247881997038675,7.6016152353983042e-06,1,ok
CP-010-FIG10-EQ20,a_over_A5=3,3,closed_form,eq20,1,3,57,1.1400000000000001,3.4200000000000004,0.30460482187224097,0.95247881997038675,6.3523366898752592e-06,1,ok
CP-010-FIG10-EQ20,a_over_A5=3,3,closed_form,eq20,1,3,58,1.1599999999999999,3.4799999999999995,0.30460482187224097,0.95247881997038675,5.3083693625570736e-06,1,ok
CP-010-FIG10-EQ20,a_over_A5=3,3,closed_form,eq20,1,3,59,1.1799999999999999,3.54,0.30460482187224097,0.95247881997038675,4.4359716219462364e-06,1,ok
CP-010-FIG10-EQ20,a_over_A5=3,3,closed_form,eq20,1,3,60,1.2,3.5999999999999996,0.30460482187224097,0.95247881997038675,3.7069470654230031e-06,1,ok
CP-010-FIG10-EQ20,a_over_A5=3,3,closed_form,eq20,1,3,61,1.22,3.6600000000000001,0.30460482187224097,0.95247881997038675,3.0977331951053542e-06,1,ok
CP-010-FIG10-EQ20,a_over_A5=3,3,closed_form,eq20,1,3,62,1.24,3.7199999999999998,0.30460482187224097,0.95247881997038675,2.5886398642065954e-06,1,ok
CP-010-FIG10-EQ20,a_over_A5=3,3,closed_form,eq20,1,3,63,1.26,3.7800000000000002,0.30460482187224097,0.95247881997038675,2.1632128800335967e-06,1,ok
CP-010-FIG10-EQ20,a_over_A5=3,3,closed_form,eq20,1,3,64,1.28,3.8399999999999999,0.30460482187224097,0.95247881997038675,1.8077021949043904e-06,1,ok
CP-010-FIG10-EQ20,a_over_A5=3,3,closed_form,eq20,1,3,65,1.3,3.9000000000000004,0.30460482187224097,0.95247881997038675,1.5106174966059656e-06,1,ok
CP-010-FIG10-EQ20,a_over_A5=3,3,closed_form,eq20,1,3,66,1.3200000000000001,3.96,0.30460482187224097,0.95247881997038675,1.2623568348174631e-06,1,ok
CP-010-FIG10-EQ20,a_over_A5=3,3,closed_form,eq20,1,3,67,1.3400000000000001,4.0200000000000005,0.30460482187224097,0.95247881997038675,1.0548962804884175e-06,1,ok
CP-010-FIG10-EQ20,a_over_A5=3,3,closed_form,eq20,1,3,68,1.3600000000000001,4.0800000000000001,0.30460482187224097,0.95247881997038675,8.8153058778282292e-07,1,ok
CP-010-FIG10-EQ20,a_over_A5=3,3,closed_form,eq20,1,3,69,1.3800000000000001,4.1400000000000006,0.30460482187224097,0.95247881997038675,7.3665647663193058e-07,1,ok
CP-010-FIG10-EQ20,a_over_A5=3,3,closed_form,eq20,1,3,70,1.4000000000000001,4.2000000000000002,0.30460482187224097,0.95247881997038675,6.1559153146193997e-07,1,ok
CP-010-FIG10-EQ20,a_over_A5=3,3,closed_form,eq20,1,3,71,1.4199999999999999,4.2599999999999998,0.30460482187224097,0.95247881997038675,5.1442286279795959e-07,1,ok
CP-010-FIG10-EQ20,a_over_A5=3,3,closed_form,eq20,1,3,72,1.4399999999999999,4.3200000000000003,0.30460482187224097,0.95247881997038675,4.2988064039930459e-07,1,ok
CP-010-FIG10-EQ20,a_over_A5=3,3,closed_form,eq20,1,3,73,1.46,4.3799999999999999,0.30460482187224097,0.95247881997038675,3.5923241044342284e-07,1,ok
CP-010-FIG10-EQ20,a_over_A5=3,3,closed_form,eq20,1,3,74,1.48,4.4399999999999995,0.30460482187224097,0.95247881997038675,3.0019478102833941e-07,1,ok
CP-010-FIG10-EQ20,a_over_A5=3,3,closed_form,eq20,1,3,75,1.5,4.5,0.30460482187224097,0.95247881997038675,2.5085962161770366e-07,1,ok
CP-010-FIG10-EQ20,a_over_A5=3,3,closed_form,eq20,1,3,76,1.52,4.5600000000000005,0.30460482187224097,0.95247881997038675,2.0963239115151865e-07,1,ok
CP-010-FIG10-EQ20,a_over_A5=3,3,closed_form,eq20,1,3,77,1.54,4.6200000000000001,0.30460482187224097,0.95247881997038675,1.751806015512308e-07,1,ok
CP-010-FIG10-EQ20,a_over_A5=3,3,closed_form,eq20,1,3,78,1.5600000000000001,4.6799999999999997,0.30460482187224097,0.95247881997038675,1.4639075092966003e-07,1,ok
CP-010-FIG10-EQ20,a_over_A5=3,3,closed_form,eq20,1,3,79,1.5800000000000001,4.7400000000000002,0.30460482187224097,0.95247881997038675,1.2233233456206929e-07,1,ok
CP-010-FIG10-EQ20,a_over_A5=3,3,closed_form,eq20,1,3,80,1.6000000000000001,4.8000000000000007,0.30460482187224097,0.95247881997038675,1.0222777043200462e-07,1,ok
CP-010-FIG10-EQ20,a_over_A5=3,3,closed_form,eq20,1,3,81,1.6200000000000001,4.8600000000000003,0.30460482187224097,0.95247881997038675,8.5427267328052701e-08,1,ok
CP-010-FIG10-EQ20,a_over_A5=3,3,closed_form,eq20,1,3,82,1.6400000000000001,4.9199999999999999,0.30460482187224097,0.95247881997038675,7.1387823213777415e-08,1,ok
CP-010-FIG10-EQ20,a_over_A5=3,3,closed_form,eq20,1,3,83,1.6600000000000001,4.9800000000000004,0.30460482187224097,0.95247881997038675,5.9655675085933796e-08,1,ok
CP-010-FIG10-EQ20,a_over_A5=3,3,closed_form,eq20,1,3,84,1.6799999999999999,5.04,0.30460482187224097,0.95247881997038675,4.9851633090161252e-08,1,ok
CP-010-FIG10-EQ20,a_over_A5=3,3,closed_form,eq20,1,3,85,1.7,5.0999999999999996,0.30460482187224097,0.95247881997038675,4.1658824884240272e-08,1,ok
CP-010-FIG10-EQ20,a_over_A5=3,3,closed_form,eq20,1,3,86,1.72,5.1600000000000001,0.30460482187224097,0.95247881997038675,3.4812454139607805e-08,1,ok
CP-010-FIG10-EQ20,a_over_A5=3,3,closed_form,eq20,1,3,87,1.74,5.2199999999999998,0.30460482187224097,0.95247881997038675,2.9091242169933808e-08,1,ok
CP-010-FIG10-EQ20,a_over_A5=3,3,closed_form,eq20,1,3,88,1.76,5.2800000000000002,0.30460482187224097,0.95247881997038675,2.4310276075218067e-08,1,ok
CP-010-FIG10-EQ20,a_over_A5=3,3,closed_form,eq20,1,3,89,1.78,5.3399999999999999,0.30460482187224097,0.95247881997038675,2.0315032249262861e-08,1,ok
CP-010-FIG10-EQ20,a_over_A5=3,3,closed_form,eq20,1,3,90,1.8,5.4000000000000004,0.30460482187224097,0.95247881997038675,1.6976382086803925e-08,1,ok
CP-010-FIG10-EQ20,a_over_A5=3,3,closed_form,eq20,1,3,91,1.8200000000000001,5.46,0.30460482187224097,0.95247881997038675,1.4186418471849316e-08,1,ok
CP-010-FIG10-EQ20,a_over_A5=3,3,closed_form,eq20,1,3,92,1.8400000000000001,5.5200000000000005,0.30460482187224097,0.95247881997038675,1.1854968156899963e-08,1,ok
CP-010-FIG10-EQ20,a_over_A5=3,3,closed_form,eq20,1,3,93,1.8600000000000001,5.5800000000000001,0.30460482187224097,0.95247881997038675,9.9066773111192119e-09,1,ok
CP-010-FIG10-EQ20,a_over_A5=3,3,closed_form,eq20,1,3,94,1.8800000000000001,5.6400000000000006,0.30460482187224097,0.95247881997038675,8.2785760406721942e-09,1,ok
CP-010-FIG10-EQ20,a_over_A5=3,3,closed_form,eq20,1,3,95,1.9000000000000001,5.7000000000000002,0.30460482187224097,0.95247881997038675,6.9180431651153873e-09,1,ok
CP-010-FIG10-EQ20,a_over_A5=3,3,closed_form,eq20,1,3,96,1.9199999999999999,5.7599999999999998,0.30460482187224097,0.95247881997038675,5.7811054702245473e-09,1,ok
CP-010-FIG10-EQ20,a_over_A5=3,3,closed_form,eq20,1,3,97,1.9399999999999999,5.8200000000000003,0.30460482187224097,0.95247881997038675,4.8310164681232698e-09,1,ok
CP-010-FIG10-EQ20,a_over_A5=3,3,closed_form,eq20,1,3,98,1.96,5.8799999999999999,0.30460482187224097,0.95247881997038675,4.0370687294123551e-09,1,ok
CP-010-FIG10-EQ20,a_over_A5=3,3,closed_form,eq20,1,3,99,1.98,5.9399999999999995,0.30460482187224097,0.95247881997038675,3.3736014011830573e-09,1,ok
CP-010-FIG10-EQ20,a_over_A5=3,3,closed_form,eq20,1,3,100,2,6,0.30460482187224097,0.95247881997038675,2.8191708333191946e-09,1,ok
CP-010-FIG10-EQ20,a_over_A5=3,3,closed_form,eq20,1,3,101,2.02,6.0600000000000005,0.30460482187224097,0.95247881997038675,2.355857507247447e-09,1,ok
CP-010-FIG10-EQ20,a_over_A5=3,3,closed_form,eq20,1,3,102,2.04,6.1200000000000001,0.30460482187224097,0.95247881997038675,1.9686868666698425e-09,1,ok
CP-010-FIG10-EQ20,a_over_A5=3,3,closed_form,eq20,1,3,103,2.0600000000000001,6.1799999999999997,0.30460482187224097,0.95247881997038675,1.6451453311905405e-09,1,ok
CP-010-FIG10-EQ20,a_over_A5=3,3,closed_form,eq20,1,3,104,2.0800000000000001,6.2400000000000002,0.30460482187224097,0.95247881997038675,1.3747758501158965e-09,1,ok
CP-010-FIG10-EQ20,a_over_A5=3,3,closed_form,eq20,1,3,105,2.1000000000000001,6.3000000000000007,0.30460482187224097,0.95247881997038675,1.1488399244911364e-09,1,ok
CP-010-FIG10-EQ20,a_over_A5=3,3,closed_form,eq20,1,3,106,2.1200000000000001,6.3600000000000003,0.30460482187224097,0.95247881997038675,9.6003517372925561e-10,1,ok
CP-010-FIG10-EQ20,a_over_A5=3,3,closed_form,eq20,1,3,107,2.1400000000000001,6.4199999999999999,0.30460482187224097,0.95247881997038675,8.0225931842123497e-10,1,ok
CP-010-FIG10-EQ20,a_over_A5=3,3,closed_form,eq20,1,3,108,2.1600000000000001,6.4800000000000004,0.30460482187224097,0.95247881997038675,6.7041295111465645e-10,1,ok
CP-010-FIG10-EQ20,a_over_A5=3,3,closed_form,eq20,1,3,109,2.1800000000000002,6.5400000000000009,0.30460482187224097,0.95247881997038675,5.6023472049753598e-10,1,ok
CP-010-FIG10-EQ20,a_over_A5=3,3,closed_form,eq20,1,3,110,2.2000000000000002,6.6000000000000005,0.30460482187224097,0.95247881997038675,4.681636020442503e-10,1,ok
CP-010-FIG10-EQ20,a_over_A5=3,3,closed_form,eq20,1,3,111,2.2200000000000002,6.6600000000000001,0.30460482187224097,0.95247881997038675,3.9122380363073253e-10,1,ok
CP-010-FIG10-EQ20,a_over_A5=3,3,closed_form,eq20,1,3,112,2.2400000000000002,6.7200000000000006,0.30460482187224097,0.95247881997038675,3.2692858620143381e-10,1,ok
CP-010-FIG10-EQ20,a_over_A5=3,3,closed_form,eq20,1,3,113,2.2600000000000002,6.7800000000000011,0.30460482187224097,0.95247881997038675,2.7319989091602547e-10,1,ok
CP-010-FIG10-EQ20,a_over_A5=3,3,closed_form,eq20,1,3,114,2.2800000000000002,6.8400000000000007,0.30460482187224097,0.95247881997038675,2.2830117507846394e-10,1,ok
CP-010-FIG10-EQ20,a_over_A5=3,3,closed_form,eq20,1,3,115,2.3000000000000003,6.9000000000000004,0.30460482187224097,0.95247881997038675,1.9078128606657537e-10,1,ok
CP-010-FIG10-EQ20,a_over_A5=3,3,closed_form,eq20,1,3,116,2.3199999999999998,6.9599999999999991,0.30460482187224097,0.95247881997038675,1.5942755923488911e-10,1,ok
CP-010-FIG10-EQ20,a_over_A5=3,3,closed_form,eq20,1,3,117,2.3399999999999999,7.0199999999999996,0.30460482187224097,0.95247881997038675,1.3322662388765047e-10,1,ok
CP-010-FIG10-EQ20,a_over_A5=3,3,closed_form,eq20,1,3,118,2.3599999999999999,7.0800000000000001,0.30460482187224097,0.95247881997038675,1.1133165054826574e-10,1,ok
CP-010-FIG10-EQ20,a_over_A5=3,3,closed_form,eq20,1,3,119,2.3799999999999999,7.1399999999999997,0.30460482187224097,0.95247881997038675,9.3034980937845791e-11,1,ok
CP-010-FIG10-EQ20,a_over_A5=3,3,closed_form,eq20,1,3,120,2.3999999999999999,7.1999999999999993,0.30460482187224097,0.95247881997038675,7.7745256047855854e-11,1,ok
CP-010-FIG10-EQ20,a_over_A5=3,3,closed_form,eq20,1,3,121,2.4199999999999999,7.2599999999999998,0.30460482187224097,0.95247881997038675,6.4968303072848458e-11,1,ok
CP-010-FIG10-EQ20,a_over_A5=3,3,closed_form,eq20,1,3,122,2.4399999999999999,7.3200000000000003,0.30460482187224097,0.95247881997038675,5.4291163457836663e-11,1,ok
CP-010-FIG10-EQ20,a_over_A5=3,3,closed_form,eq20,1,3,123,2.46,7.3799999999999999,0.30460482187224097,0.95247881997038675,4.5368745837497015e-11,1,ok
CP-010-FIG10-EQ20,a_over_A5=3,3,closed_form,eq20,1,3,124,2.48,7.4399999999999995,0.30460482187224097,0.95247881997038675,3.7912672482436813e-11,1,ok
CP-010-FIG10-EQ20,a_over_A5=3,3,closed_form,eq20,1,3,125,2.5,7.5,0.30460482187224097,0.95247881997038675,3.1681958763174417e-11,1,ok
CP-010-FIG10-EQ20,a_over_A5=3,3,closed_form,eq20,1,3,126,2.52,7.5600000000000005,0.30460482187224097,0.95247881997038675,2.6475224386686804e-11,1,ok
CP-010-FIG10-EQ20,a_over_A5=3,3,closed_form,eq20,1,3,127,2.54,7.6200000000000001,0.30460482187224097,0.95247881997038675,2.2124184668157468e-11,1,ok
CP-010-FIG10-EQ20,a_over_A5=3,3,closed_form,eq20,1,3,128,2.5600000000000001,7.6799999999999997,0.30460482187224097,0.95247881997038675,1.8488211472038343e-11,1,ok
CP-010-FIG10-EQ20,a_over_A5=3,3,closed_form,eq20,1,3,129,2.5800000000000001,7.7400000000000002,0.30460482187224097,0.95247881997038675,1.5449788028879062e-11,1,ok
CP-010-FIG10-EQ20,a_over_A5=3,3,closed_form,eq20,1,3,130,2.6000000000000001,7.8000000000000007,0.30460482187224097,0.95247881997038675,1.2910710724955716e-11,1,ok
CP-010-FIG10-EQ20,a_over_A5=3,3,closed_form,eq20,1,3,131,2.6200000000000001,7.8600000000000003,0.30460482187224097,0.95247881997038675,1.0788915104331142e-11,1,ok
CP-010-FIG10-EQ20,a_over_A5=3,3,closed_form,eq20,1,3,132,2.6400000000000001,7.9199999999999999,0.30460482187224097,0.95247881997038675,9.0158234978859762e-12,1,ok
CP-010-FIG10-EQ20,a_over_A5=3,3,closed_form,eq20,1,3,133,2.6600000000000001,7.9800000000000004,0.30460482187224097,0.95247881997038675,7.5341285531481806e-12,1,ok
CP-010-FIG10-EQ20,a_over_A5=3,3,closed_form,eq20,1,3,134,2.6800000000000002,8.0400000000000009,0.30460482187224097,0.95247881997038675,6.2959410273140601e-12,1,ok
CP-010-FIG10-EQ20,a_over_A5=3,3,closed_form,eq20,1,3,135,2.7000000000000002,8.1000000000000014,0.30460482187224097,0.95247881997038675,5.2612419790545108e-12,1,ok
CP-010-FIG10-EQ20,a_over_A5=3,3,closed_form,eq20,1,3,136,2.7200000000000002,8.1600000000000001,0.30460482187224097,0.95247881997038675,4.3965893330444183e-12,1,ok
CP-010-FIG10-EQ20,a_over_A5=3,3,closed_form,eq20,1,3,137,2.7400000000000002,8.2200000000000006,0.30460482187224097,0.95247881997038675,3.6740370126282468e-12,1,ok
CP-010-FIG10-EQ20,a_over_A5=3,3,closed_form,eq20,1,3,138,2.7600000000000002,8.2800000000000011,0.30460482187224097,0.95247881997038675,3.0702317063611834e-12,1,ok
CP-010-FIG10-EQ20,a_over_A5=3,3,closed_form,eq20,1,3,139,2.7800000000000002,8.3399999999999999,0.30460482187224097,0.95247881997038675,2.5656580753938352e-12,1,ok
CP-010-FIG10-EQ20,a_over_A5=3,3,closed_form,eq20,1,3,140,2.8000000000000003,8.4000000000000004,0.30460482187224097,0.95247881997038675,2.1440080063648595e-12,1,ok
CP-010-FIG10-EQ20,a_over_A5=3,3,closed_form,eq20,1,3,141,2.8199999999999998,8.4599999999999991,0.30460482187224097,0.95247881997038675,1.7916535236874863e-12,1,ok
CP-010-FIG10-EQ20,a_over_A5=3,3,closed_form,eq20,1,3,142,2.8399999999999999,8.5199999999999996,0.30460482187224097,0.95247881997038675,1.4972063254485316e-12,1,ok
CP-010-FIG10-EQ20,a_over_A5=3,3,closed_form,eq20,1,3,143,2.8599999999999999,8.5800000000000001,0.30460482187224097,0.95247881997038675,1.2511497068638009e-12,1,ok
CP-010-FIG10-EQ20,a_over_A5=3,3,closed_form,eq20,1,3,144,2.8799999999999999,8.6400000000000006,0.30460482187224097,0.95247881997038675,1.0455309748417081e-12,1,ok
CP-010-FIG10-EQ20,a_over_A5=3,3,closed_form,eq20,1,3,145,2.8999999999999999,8.6999999999999993,0.30460482187224097,0.95247881997038675,8.7370441231495401e-13,1,ok
CP-010-FIG10-EQ20,a_over_A5=3,3,closed_form,eq20,1,3,146,2.9199999999999999,8.7599999999999998,0.30460482187224097,0.95247881997038675,7.3011648479776746e-13,1,ok
CP-010-FIG10-EQ20,a_over_A5=3,3,closed_form,eq20,1,3,147,2.9399999999999999,8.8200000000000003,0.30460482187224097,0.95247881997038675,6.1012634691981937e-13,1,ok
CP-010-FIG10-EQ20,a_over_A5=3,3,closed_form,eq20,1,3,148,2.96,8.879999999999999,0.30460482187224097,0.95247881997038675,5.0985584760332206e-13,1,ok
CP-010-FIG10-EQ20,a_over_A5=3,3,closed_form,eq20,1,3,149,2.98,8.9399999999999995,0.30460482187224097,0.95247881997038675,4.2606418596354276e-13,1,ok
CP-010-FIG10-EQ20,a_over_A5=3,3,closed_form,eq20,1,3,150,3,9,0.30460482187224097,0.95247881997038675,3.5604316673839447e-13,1,ok
CP-010-FIG10-EQ20,a_over_A5=4,4,closed_form,eq20,1,4,0,0,0,0.23348435998810887,0.97236055742761551,0.10601636725965809,1,ok
CP-010-FIG10-EQ20,a_over_A5=4,4,closed_form,eq20,1,4,1,0.02,0.080000000000000002,0.23348435998810887,0.97236055742761551,0.083030883387438803,1,ok
CP-010-FIG10-EQ20,a_over_A5=4,4,closed_form,eq20,1,4,2,0.040000000000000001,0.16,0.23348435998810887,0.97236055742761551,0.065028898596508053,1,ok
CP-010-FIG10-EQ20,a_over_A5=4,4,closed_form,eq20,1,4,3,0.059999999999999998,0.23999999999999999,0.23348435998810887,0.97236055742761551,0.0509299369120607,1,ok
CP-010-FIG10-EQ20,a_over_A5=4,4,closed_form,eq20,1,4,4,0.080000000000000002,0.32000000000000001,0.23348435998810887,0.97236055742761551,0.039887781122680259,1,ok
CP-010-FIG10-EQ20,a_over_A5=4,4,closed_form,eq20,1,4,5,0.10000000000000001,0.40000000000000002,0.23348435998810887,0.97236055742761551,0.031239682971491673,1,ok
CP-010-FIG10-EQ20,a_over_A5=4,4,closed_form,eq20,1,4,6,0.12,0.47999999999999998,0.23348435998810887,0.97236055742761551,0.024466585121838181,1,ok
CP-010-FIG10-EQ20,a_over_A5=4,4,closed_form,eq20,1,4,7,0.14000000000000001,0.56000000000000005,0.23348435998810887,0.97236055742761551,0.019161967426827888,1,ok
CP-010-FIG10-EQ20,a_over_A5=4,4,closed_form,eq20,1,4,8,0.16,0.64000000000000001,0.23348435998810887,0.97236055742761551,0.015007447661303488,1,ok
CP-010-FIG10-EQ20,a_over_A5=4,4,closed_form,eq20,1,4,9,0.17999999999999999,0.71999999999999997,0.23348435998810887,0.97236055742761551,0.011753672276440537,1,ok
CP-010-FIG10-EQ20,a_over_A5=4,4,closed_form,eq20,1,4,10,0.20000000000000001,0.80000000000000004,0.23348435998810887,0.97236055742761551,0.0092053502434115975,1,ok
CP-010-FIG10-EQ20,a_over_A5=4,4,closed_form,eq20,1,4,11,0.22,0.88,0.23348435998810887,0.97236055742761551,0.007209531720033629,1,ok
CP-010-FIG10-EQ20,a_over_A5=4,4,closed_form,eq20,1,4,12,0.23999999999999999,0.95999999999999996,0.23348435998810887,0.97236055742761551,0.0056464280280233781,1,ok
CP-010-FIG10-EQ20,a_over_A5=4,4,closed_form,eq20,1,4,13,0.26000000000000001,1.04,0.23348435998810887,0.97236055742761551,0.0044222219575031224,1,ok
CP-010-FIG10-EQ20,a_over_A5=4,4,closed_form,eq20,1,4,14,0.28000000000000003,1.1200000000000001,0.23348435998810887,0.97236055742761551,0.0034634368744922532,1,ok
CP-010-FIG10-EQ20,a_over_A5=4,4,closed_form,eq20,1,4,15,0.29999999999999999,1.2,0.23348435998810887,0.97236055742761551,0.0027125266662023271,1,ok
CP-010-FIG10-EQ20,a_over_A5=4,4,closed_form,eq20,1,4,16,0.32000000000000001,1.28,0.23348435998810887,0.97236055742761551,0.002124421833424458,1,ok
CP-010-FIG10-EQ20,a_over_A5=4,4,closed_form,eq20,1,4,17,0.34000000000000002,1.3600000000000001,0.23348435998810887,0.97236055742761551,0.0016638244270789767,1,ok
CP-010-FIG10-EQ20,a_over_A5=4,4,closed_form,eq20,1,4,18,0.35999999999999999,1.4399999999999999,0.23348435998810887,0.97236055742761551,0.0013030894714927284,1,ok
CP-010-FIG10-EQ20,a_over_A5=4,4,closed_form,eq20,1,4,19,0.38,1.52,0.23348435998810887,0.97236055742761551,0.0010205657178001006,1,ok
CP-010-FIG10-EQ20,a_over_A5=4,4,closed_form,eq20,1,4,20,0.40000000000000002,1.6000000000000001,0.23348435998810887,0.97236055742761551,0.00079929613977749525,1,ok
CP-010-FIG10-EQ20,a_over_A5=4,4,closed_form,eq20,1,4,21,0.41999999999999998,1.6799999999999999,0.23348435998810887,0.97236055742761551,0.00062600017609874532,1,ok
CP-010-FIG10-EQ20,a_over_A5=4,4,closed_form,eq20,1,4,22,0.44,1.76,0.23348435998810887,0.97236055742761551,0.00049027663336989049,1,ok
CP-010-FIG10-EQ20,a_over_A5=4,4,closed_form,eq20,1,4,23,0.46000000000000002,1.8400000000000001,0.23348435998810887,0.97236055742761551,0.00038397940832303863,1,ok
CP-010-FIG10-EQ20,a_over_A5=4,4,closed_form,eq20,1,4,24,0.47999999999999998,1.9199999999999999,0.23348435998810887,0.97236055742761551,0.00030072856012469635,1,ok
CP-010-FIG10-EQ20,a_over_A5=4,4,closed_form,eq20,1,4,25,0.5,2,0.23348435998810887,0.97236055742761551,0.00023552738744414282,1,ok
CP-010-FIG10-EQ20,a_over_A5=4,4,closed_form,eq20,1,4,26,0.52000000000000002,2.0800000000000001,0.23348435998810887,0.97236055742761551,0.00018446252731453775,1,ok
CP-010-FIG10-EQ20,a_over_A5=4,4,closed_form,eq20,1,4,27,0.54000000000000004,2.1600000000000001,0.23348435998810887,0.97236055742761551,0.00014446907577292341,1,ok
CP-010-FIG10-EQ20,a_over_A5=4,4,closed_form,eq20,1,4,28,0.56000000000000005,2.2400000000000002,0.23348435998810887,0.97236055742761551,0.00011314663286106785,1,ok
CP-010-FIG10-EQ20,a_over_A5=4,4,closed_form,eq20,1,4,29,0.57999999999999996,2.3199999999999998,0.23348435998810887,0.97236055742761551,8.8615231040307441e-05,1,ok
CP-010-FIG10-EQ20,a_over_A5=4,4,closed_form,eq20,1,4,30,0.59999999999999998,2.3999999999999999,0.23348435998810887,0.97236055742761551,6.9402499869079557e-05,1,ok
CP-010-FIG10-EQ20,a_over_A5=4,4,closed_form,eq20,1,4,31,0.62,2.48,0.23348435998810887,0.97236055742761551,5.4355294586848944e-05,1,ok
CP-010-FIG10-EQ20,a_over_A5=4,4,closed_form,eq20,1,4,32,0.64000000000000001,2.5600000000000001,0.23348435998810887,0.97236055742761551,4.2570484567508007e-05,1,ok
CP-010-FIG10-EQ20,a_over_A5=4,4,closed_form,eq20,1,4,33,0.66000000000000003,2.6400000000000001,0.23348435998810887,0.97236055742761551,3.3340747577346492e-05,1,ok
CP-010-FIG10-EQ20,a_over_A5=4,4,closed_form,eq20,1,4,34,0.68000000000000005,2.7200000000000002,0.23348435998810887,0.97236055742761551,2.6112116418443794e-05,1,ok
CP-010-FIG10-EQ20,a_over_A5=4,4,closed_form,eq20,1,4,35,0.70000000000000007,2.8000000000000003,0.23348435998810887,0.97236055742761551,2.0450729914455946e-05,1,ok
CP-010-FIG10-EQ20,a_over_A5=4,4,closed_form,eq20,1,4,36,0.71999999999999997,2.8799999999999999,0.23348435998810887,0.97236055742761551,1.6016792638784809e-05,1,ok
CP-010-FIG10-EQ20,a_over_A5=4,4,closed_form,eq20,1,4,37,0.73999999999999999,2.96,0.23348435998810887,0.97236055742761551,1.2544180452576061e-05,1,ok
CP-010-FIG10-EQ20,a_over_A5=4,4,closed_form,eq20,1,4,38,0.76000000000000001,3.04,0.23348435998810887,0.97236055742761551,9.8244677805063056e-06,1,ok
CP-010-FIG10-EQ20,a_over_A5=4,4,closed_form,eq20,1,4,39,0.78000000000000003,3.1200000000000001,0.23348435998810887,0.97236055742761551,7.6944179442496005e-06,1,ok
CP-010-FIG10-EQ20,a_over_A5=4,4,closed_form,eq20,1,4,40,0.80000000000000004,3.2000000000000002,0.23348435998810887,0.97236055742761551,6.0261857256291149e-06,1,ok
CP-010-FIG10-EQ20,a_over_A5=4,4,closed_form,eq20,1,4,41,0.82000000000000006,3.2800000000000002,0.23348435998810887,0.97236055742761551,4.7196441190091405e-06,1,ok
CP-010-FIG10-EQ20,a_over_A5=4,4,closed_form,eq20,1,4,42,0.83999999999999997,3.3599999999999999,0.23348435998810887,0.97236055742761551,3.6963747259502536e-06,1,ok
CP-010-FIG10-EQ20,a_over_A5=4,4,closed_form,eq20,1,4,43,0.85999999999999999,3.4399999999999999,0.23348435998810887,0.97236055742761551,2.8949610966668158e-06,1,ok
CP-010-FIG10-EQ20,a_over_A5=4,4,closed_form,eq20,1,4,44,0.88,3.52,0.23348435998810887,0.97236055742761551,2.2673025254656251e-06,1,ok
CP-010-FIG10-EQ20,a_over_A5=4,4,closed_form,eq20,1,4,45,0.90000000000000002,3.6000000000000001,0.23348435998810887,0.97236055742761551,1.7757270548131496e-06,1,ok
CP-010-FIG10-EQ20,a_over_A5=4,4,closed_form,eq20,1,4,46,0.92000000000000004,3.6800000000000002,0.23348435998810887,0.97236055742761551,1.3907304110411217e-06,1,ok
CP-010-FIG10-EQ20,a_over_A5=4,4,closed_form,eq20,1,4,47,0.94000000000000006,3.7600000000000002,0.23348435998810887,0.97236055742761551,1.0892051630075111e-06,1,ok
CP-010-FIG10-EQ20,a_over_A5=4,4,closed_form,eq20,1,4,48,0.95999999999999996,3.8399999999999999,0.23348435998810887,0.97236055742761551,8.5305381812575031e-07,1,ok
CP-010-FIG10-EQ20,a_over_A5=4,4,closed_form,eq20,1,4,49,0.97999999999999998,3.9199999999999999,0.23348435998810887,0.97236055742761551,6.6810261402874116e-07,1,ok
CP-010-FIG10-EQ20,a_over_A5=4,4,closed_form,eq20,1,4,50,1,4,0.23348435998810887,0.97236055742761551,5.2325081183358281e-07,1,ok
CP-010-FIG10-EQ20,a_over_A5=4,4,closed_form,eq20,1,4,51,1.02,4.0800000000000001,0.23348435998810887,0.97236055742761551,4.0980443173767571e-07,1,ok
CP-010-FIG10-EQ20,a_over_A5=4,4,closed_form,eq20,1,4,52,1.04,4.1600000000000001,0.23348435998810887,0.97236055742761551,3.2095444187337767e-07,1,ok
CP-010-FIG10-EQ20,a_over_A5=4,4,closed_form,eq20,1,4,53,1.0600000000000001,4.2400000000000002,0.23348435998810887,0.97236055742761551,2.513680814076484e-07,1,ok
CP-010-FIG10-EQ20,a_over_A5=4,4,closed_form,eq20,1,4,54,1.0800000000000001,4.3200000000000003,0.23348435998810887,0.97236055742761551,1.9686878917067692e-07,1,ok
CP-010-FIG10-EQ20,a_over_A5=4,4,closed_form,eq20,1,4,55,1.1000000000000001,4.4000000000000004,0.23348435998810887,0.97236055742761551,1.5418552718582818e-07,1,ok
CP-010-FIG10-EQ20,a_over_A5=4,4,closed_form,eq20,1,4,56,1.1200000000000001,4.4800000000000004,0.23348435998810887,0.97236055742761551,1.2075645354308253e-07,1,ok
CP-010-FIG10-EQ20,a_over_A5=4,4,closed_form,eq20,1,4,57,1.1400000000000001,4.5600000000000005,0.23348435998810887,0.97236055742761551,9.4575161096202773e-08,1,ok
CP-010-FIG10-EQ20,a_over_A5=4,4,closed_form,eq20,1,4,58,1.1599999999999999,4.6399999999999997,0.23348435998810887,0.97236055742761551,7.4070253257161008e-08,1,ok
CP-010-FIG10-EQ20,a_over_A5=4,4,closed_form,eq20,1,4,59,1.1799999999999999,4.7199999999999998,0.23348435998810887,0.97236055742761551,5.8011029048093719e-08,1,ok
CP-010-FIG10-EQ20,a_over_A5=4,4,closed_form,eq20,1,4,60,1.2,4.7999999999999998,0.23348435998810887,0.97236055742761551,4.5433616644120439e-08,1,ok
CP-010-FIG10-EQ20,a_over_A5=4,4,closed_form,eq20,1,4,61,1.22,4.8799999999999999,0.23348435998810887,0.97236055742761551,3.5583121955198847e-08,1,ok
CP-010-FIG10-EQ20,a_over_A5=4,4,closed_form,eq20,1,4,62,1.24,4.96,0.23348435998810887,0.97236055742761551,2.7868320015030277e-08,1,ok
CP-010-FIG10-EQ20,a_over_A5=4,4,closed_form,eq20,1,4,63,1.26,5.04,0.23348435998810887,0.97236055742761551,2.1826169762112909e-08,1,ok
CP-010-FIG10-EQ20,a_over_A5=4,4,closed_form,eq20,1,4,64,1.28,5.1200000000000001,0.23348435998810887,0.97236055742761551,1.7094022396313922e-08,1,ok
CP-010-FIG10-EQ20,a_over_A5=4,4,closed_form,eq20,1,4,65,1.3,5.2000000000000002,0.23348435998810887,0.97236055742761551,1.3387855261389465e-08,1,ok
CP-010-FIG10-EQ20,a_over_A5=4,4,closed_form,eq20,1,4,66,1.3200000000000001,5.2800000000000002,0.23348435998810887,0.97236055742761551,1.0485224854892101e-08,1,ok
CP-010-FIG10-EQ20,a_over_A5=4,4,closed_form,eq20,1,4,67,1.3400000000000001,5.3600000000000003,0.23348435998810887,0.97236055742761551,8.2119158081066138e-09,1,ok
CP-010-FIG10-EQ20,a_over_A5=4,4,closed_form,eq20,1,4,68,1.3600000000000001,5.4400000000000004,0.23348435998810887,0.97236055742761551,6.4314845101263959e-09,1,ok
CP-010-FIG10-EQ20,a_over_A5=4,4,closed_form,eq20,1,4,69,1.3800000000000001,5.5200000000000005,0.23348435998810887,0.97236055742761551,5.0370697862199798e-09,1,ok
CP-010-FIG10-EQ20,a_over_A5=4,4,closed_form,eq20,1,4,70,1.4000000000000001,5.6000000000000005,0.23348435998810887,0.97236055742761551,3.9449791088358795e-09,1,ok
CP-010-FIG10-EQ20,a_over_A5=4,4,closed_form,eq20,1,4,71,1.4199999999999999,5.6799999999999997,0.23348435998810887,0.97236055742761551,3.0896653867546533e-09,1,ok
CP-010-FIG10-EQ20,a_over_A5=4,4,closed_form,eq20,1,4,72,1.4399999999999999,5.7599999999999998,0.23348435998810887,0.97236055742761551,2.4197928401518652e-09,1,ok
CP-010-FIG10-EQ20,a_over_A5=4,4,closed_form,eq20,1,4,73,1.46,5.8399999999999999,0.23348435998810887,0.97236055742761551,1.8951558360825243e-09,1,ok
CP-010-FIG10-EQ20,a_over_A5=4,4,closed_form,eq20,1,4,74,1.48,5.9199999999999999,0.23348435998810887,0.97236055742761551,1.484265753432107e-09,1,ok
CP-010-FIG10-EQ20,a_over_A5=4,4,closed_form,eq20,1,4,75,1.5,6,0.23348435998810887,0.97236055742761551,1.1624610413913552e-09,1,ok
CP-010-FIG10-EQ20,a_over_A5=4,4,closed_form,eq20,1,4,76,1.52,6.0800000000000001,0.23348435998810887,0.97236055742761551,9.1042703749513268e-10,1,ok
CP-010-FIG10-EQ20,a_over_A5=4,4,closed_form,eq20,1,4,77,1.54,6.1600000000000001,0.23348435998810887,0.97236055742761551,7.1303670496352594e-10,1,ok
CP-010-FIG10-EQ20,a_over_A5=4,4,closed_form,eq20,1,4,78,1.5600000000000001,6.2400000000000002,0.23348435998810887,0.97236055742761551,5.5844271060322297e-10,1,ok
CP-010-FIG10-EQ20,a_over_A5=4,4,closed_form,eq20,1,4,79,1.5800000000000001,6.3200000000000003,0.23348435998810887,0.97236055742761551,4.3736634994383142e-10,1,ok
CP-010-FIG10-EQ20,a_over_A5=4,4,closed_form,eq20,1,4,80,1.6000000000000001,6.4000000000000004,0.23348435998810887,0.97236055742761551,3.4254064102038746e-10,1,ok
CP-010-FIG10-EQ20,a_over_A5=4,4,closed_form,eq20,1,4,81,1.6200000000000001,6.4800000000000004,0.23348435998810887,0.97236055742761551,2.6827416138833194e-10,1,ok
CP-010-FIG10-EQ20,a_over_A5=4,4,closed_form,eq20,1,4,82,1.6400000000000001,6.5600000000000005,0.23348435998810887,0.97236055742761551,2.1010944994503495e-10,1,ok
CP-010-FIG10-EQ20,a_over_A5=4,4,closed_form,eq20,1,4,83,1.6600000000000001,6.6400000000000006,0.23348435998810887,0.97236055742761551,1.645554708949508e-10,1,ok
CP-010-FIG10-EQ20,a_over_A5=4,4,closed_form,eq20,1,4,84,1.6799999999999999,6.7199999999999998,0.23348435998810887,0.97236055742761551,1.2887808239250058e-10,1,ok
CP-010-FIG10-EQ20,a_over_A5=4,4,closed_form,eq20,1,4,85,1.7,6.7999999999999998,0.23348435998810887,0.97236055742761551,1.0093593382727026e-10,1,ok
CP-010-FIG10-EQ20,a_over_A5=4,4,closed_form,eq20,1,4,86,1.72,6.8799999999999999,0.23348435998810887,0.97236055742761551,7.9051942335355238e-11,1,ok
CP-010-FIG10-EQ20,a_over_A5=4,4,closed_form,eq20,1,4,87,1.74,6.96,0.23348435998810887,0.97236055742761551,6.1912634579538729e-11,1,ok
CP-010-FIG10-EQ20,a_over_A5=4,4,closed_form,eq20,1,4,88,1.76,7.04,0.23348435998810887,0.97236055742761551,4.8489312309599896e-11,1,ok
CP-010-FIG10-EQ20,a_over_A5=4,4,closed_form,eq20,1,4,89,1.78,7.1200000000000001,0.23348435998810887,0.97236055742761551,3.7976310073468447e-11,1,ok
CP-010-FIG10-EQ20,a_over_A5=4,4,closed_form,eq20,1,4,90,1.8,7.2000000000000002,0.23348435998810887,0.97236055742761551,2.9742639317874999e-11,1,ok
CP-010-FIG10-EQ20,a_over_A5=4,4,closed_form,eq20,1,4,91,1.8200000000000001,7.2800000000000002,0.23348435998810887,0.97236055742761551,2.3294116565875361e-11,1,ok
CP-010-FIG10-EQ20,a_over_A5=4,4,closed_form,eq20,1,4,92,1.8400000000000001,7.3600000000000003,0.23348435998810887,0.97236055742761551,1.8243702611102329e-11,1,ok
CP-010-FIG10-EQ20,a_over_A5=4,4,closed_form,eq20,1,4,93,1.8600000000000001,7.4400000000000004,0.23348435998810887,0.97236055742761551,1.4288272492373583e-11,1,ok
CP-010-FIG10-EQ20,a_over_A5=4,4,closed_form,eq20,1,4,94,1.8800000000000001,7.5200000000000005,0.23348435998810887,0.97236055742761551,1.1190421986602647e-11,1,ok
CP-010-FIG10-EQ20,a_over_A5=4,4,closed_form,eq20,1,4,95,1.9000000000000001,7.6000000000000005,0.23348435998810887,0.97236055742761551,8.7642186489010449e-12,1,ok
CP-010-FIG10-EQ20,a_over_A5=4,4,closed_form,eq20,1,4,96,1.9199999999999999,7.6799999999999997,0.23348435998810887,0.97236055742761551,6.864042179794905e-12,1,ok
CP-010-FIG10-EQ20,a_over_A5=4,4,closed_form,eq20,1,4,97,1.9399999999999999,7.7599999999999998,0.23348435998810887,0.97236055742761551,5.3758443203503624e-12,1,ok
CP-010-FIG10-EQ20,a_over_A5=4,4,closed_form,eq20,1,4,98,1.96,7.8399999999999999,0.23348435998810887,0.97236055742761551,4.2103036956435015e-12,1,ok
CP-010-FIG10-EQ20,a_over_A5=4,4,closed_form,eq20,1,4,99,1.98,7.9199999999999999,0.23348435998810887,0.97236055742761551,3.2974647614784258e-12,1,ok
CP-010-FIG10-EQ20,a_over_A5=4,4,closed_form,eq20,1,4,100,2,8,0.23348435998810887,0.97236055742761551,2.5825390848747564e-12,1,ok
CP-010-FIG10-EQ20,a_over_A5=4,4,closed_form,eq20,1,4,101,2.02,8.0800000000000001,0.23348435998810887,0.97236055742761551,2.0226169519141363e-12,1,ok
CP-010-FIG10-EQ20,a_over_A5=4,4,closed_form,eq20,1,4,102,2.04,8.1600000000000001,0.23348435998810887,0.97236055742761551,1.5840919342248073e-12,1,ok
CP-010-FIG10-EQ20,a_over_A5=4,4,closed_form,eq20,1,4,103,2.0600000000000001,8.2400000000000002,0.23348435998810887,0.97236055742761551,1.2406438370356478e-12,1,ok
CP-010-FIG10-EQ20,a_over_A5=4,4,closed_form,eq20,1,4,104,2.0800000000000001,8.3200000000000003,0.23348435998810887,0.97236055742761551,9.7165896569491234e-13,1,ok
CP-010-FIG10-EQ20,a_over_A5=4,4,closed_form,eq20,1,4,105,2.1000000000000001,8.4000000000000004,0.23348435998810887,0.97236055742761551,7.6099289532696281e-13,1,ok
CP-010-FIG10-EQ20,a_over_A5=4,4,closed_form,eq20,1,4,106,2.1200000000000001,8.4800000000000004,0.23348435998810887,0.97236055742761551,5.960014852782641e-13,1,ok
CP-010-FIG10-EQ20,a_over_A5=4,4,closed_form,eq20,1,4,107,2.1400000000000001,8.5600000000000005,0.23348435998810887,0.97236055742761551,4.6678198000952311e-13,1,ok
CP-010-FIG10-EQ20,a_over_A5=4,4,closed_form,eq20,1,4,108,2.1600000000000001,8.6400000000000006,0.23348435998810887,0.97236055742761551,3.6557864744226704e-13,1,ok
CP-010-FIG10-EQ20,a_over_A5=4,4,closed_form,eq20,1,4,109,2.1800000000000002,8.7200000000000006,0.23348435998810887,0.97236055742761551,2.8631728127763465e-13,1,ok
CP-010-FIG10-EQ20,a_over_A5=4,4,closed_form,eq20,1,4,110,2.2000000000000002,8.8000000000000007,0.23348435998810887,0.97236055742761551,2.242406281979637e-13,1,ok
CP-010-FIG10-EQ20,a_over_A5=4,4,closed_form,eq20,1,4,111,2.2200000000000002,8.8800000000000008,0.23348435998810887,0.97236055742761551,1.7562285835572244e-13,1,ok
CP-010-FIG10-EQ20,a_over_A5=4,4,closed_form,eq20,1,4,112,2.2400000000000002,8.9600000000000009,0.23348435998810887,0.97236055742761551,1.3754594171848706e-13,1,ok
CP-010-FIG10-EQ20,a_over_A5=4,4,closed_form,eq20,1,4,113,2.2600000000000002,9.0400000000000009,0.23348435998810887,0.97236055742761551,1.0772450841738046e-13,1,ok
CP-010-FIG10-EQ20,a_over_A5=4,4,closed_form,eq20,1,4,114,2.2800000000000002,9.120000000000001,0.23348435998810887,0.97236055742761551,8.4368681247733149e-14,1,ok
CP-010-FIG10-EQ20,a_over_A5=4,4,closed_form,eq20,1,4,115,2.3000000000000003,9.2000000000000011,0.23348435998810887,0.97236055742761551,6.6076647552685718e-14,1,ok
CP-010-FIG10-EQ20,a_over_A5=4,4,closed_form,eq20,1,4,116,2.3199999999999998,9.2799999999999994,0.23348435998810887,0.97236055742761551,5.1750522672999441e-14,1,ok
CP-010-FIG10-EQ20,a_over_A5=4,4,closed_form,eq20,1,4,117,2.3399999999999999,9.3599999999999994,0.23348435998810887,0.97236055742761551,4.0530455102057717e-14,1,ok
CP-010-FIG10-EQ20,a_over_A5=4,4,closed_form,eq20,1,4,118,2.3599999999999999,9.4399999999999995,0.23348435998810887,0.97236055742761551,3.1743018349010598e-14,1,ok
CP-010-FIG10-EQ20,a_over_A5=4,4,closed_form,eq20,1,4,119,2.3799999999999999,9.5199999999999996,0.23348435998810887,0.97236055742761551,2.4860791998717704e-14,1,ok
CP-010-FIG10-EQ20,a_over_A5=4,4,closed_form,eq20,1,4,120,2.3999999999999999,9.5999999999999996,0.23348435998810887,0.97236055742761551,1.9470706030788358e-14,1,ok
CP-010-FIG10-EQ20,a_over_A5=4,4,closed_form,eq20,1,4,121,2.4199999999999999,9.6799999999999997,0.23348435998810887,0.97236055742761551,1.5249248429291135e-14,1,ok
CP-010-FIG10-EQ20,a_over_A5=4,4,closed_form,eq20,1,4,122,2.4399999999999999,9.7599999999999998,0.23348435998810887,0.97236055742761551,1.194304804820793e-14,1,ok
CP-010-FIG10-EQ20,a_over_A5=4,4,closed_form,eq20,1,4,123,2.46,9.8399999999999999,0.23348435998810887,0.97236055742761551,9.3536673196184691e-15,1,ok
CP-010-FIG10-EQ20,a_over_A5=4,4,closed_form,eq20,1,4,124,2.48,9.9199999999999999,0.23348435998810887,0.97236055742761551,7.3256920656219243e-15,1,ok
CP-010-FIG10-EQ20,a_over_A5=4,4,closed_form,eq20,1,4,125,2.5,10,0.23348435998810887,0.97236055742761551,5.7374035665943501e-15,1,ok
CP-010-FIG10-EQ20,a_over_A5=4,4,closed_form,eq20,1,4,126,2.52,10.08,0.23348435998810887,0.97236055742761551,4.4934730249510002e-15,1,ok
CP-010-FIG10-EQ20,a_over_A5=4,4,closed_form,eq20,1,4,127,2.54,10.16,0.23348435998810887,0.97236055742761551,3.5192399474083911e-15,1,ok
CP-010-FIG10-EQ20,a_over_A5=4,4,closed_form,eq20,1,4,128,2.5600000000000001,10.24,0.23348435998810887,0.97236055742761551,2.7562310352514179e-15,1,ok
CP-010-FIG10-EQ20,a_over_A5=4,4,closed_form,eq20,1,4,129,2.5800000000000001,10.32,0.23348435998810887,0.97236055742761551,2.1586506271837216e-15,1,ok
CP-010-FIG10-EQ20,a_over_A5=4,4,closed_form,eq20,1,4,130,2.6000000000000001,10.4,0.23348435998810887,0.97236055742761551,1.6906320517560021e-15,1,ok
CP-010-FIG10-EQ20,a_over_A5=4,4,closed_form,eq20,1,4,131,2.6200000000000001,10.48,0.23348435998810887,0.97236055742761551,1.3240849160263145e-15,1,ok
CP-010-FIG10-EQ20,a_over_A5=4,4,closed_form,eq20,1,4,132,2.6400000000000001,10.56,0.23348435998810887,0.97236055742761551,1.0370091250946117e-15,1,ok
CP-010-FIG10-EQ20,a_over_A5=4,4,closed_form,eq20,1,4,133,2.6600000000000001,10.640000000000001,0.23348435998810887,0.97236055742761551,8.1217444025933431e-16,1,ok
CP-010-FIG10-EQ20,a_over_A5=4,4,closed_form,eq20,1,4,134,2.6800000000000002,10.720000000000001,0.23348435998810887,0.97236055742761551,6.3608632310769852e-16,1,ok
CP-010-FIG10-EQ20,a_over_A5=4,4,closed_form,eq20,1,4,135,2.7000000000000002,10.800000000000001,0.23348435998810887,0.97236055742761551,4.9817599568323576e-16,1,ok
CP-010-FIG10-EQ20,a_over_A5=4,4,closed_form,eq20,1,4,136,2.7200000000000002,10.880000000000001,0.23348435998810887,0.97236055742761551,3.901661042835582e-16,1,ok
CP-010-FIG10-EQ20,a_over_A5=4,4,closed_form,eq20,1,4,137,2.7400000000000002,10.960000000000001,0.23348435998810887,0.97236055742761551,3.0557391414058489e-16,1,ok
CP-010-FIG10-EQ20,a_over_A5=4,4,closed_form,eq20,1,4,138,2.7600000000000002,11.040000000000001,0.23348435998810887,0.97236055742761551,2.3932221681495882e-16,1,ok
CP-010-FIG10-EQ20,a_over_A5=4,4,closed_form,eq20,1,4,139,2.7800000000000002,11.120000000000001,0.23348435998810887,0.97236055742761551,1.8743459703460054e-16,1,ok
CP-010-FIG10-EQ20,a_over_A5=4,4,closed_form,eq20,1,4,140,2.8000000000000003,11.200000000000001,0.23348435998810887,0.97236055742761551,1.4679676894638885e-16,1,ok
CP-010-FIG10-EQ20,a_over_A5=4,4,closed_form,eq20,1,4,141,2.8199999999999998,11.279999999999999,0.23348435998810887,0.97236055742761551,1.1496965722460226e-16,1,ok
CP-010-FIG10-EQ20,a_over_A5=4,4,closed_form,eq20,1,4,142,2.8399999999999999,11.359999999999999,0.23348435998810887,0.97236055742761551,9.0043004196978259e-17,1,ok
CP-010-FIG10-EQ20,a_over_A5=4,4,closed_form,eq20,1,4,143,2.8599999999999999,11.44,0.23348435998810887,0.97236055742761551,7.0520716513731378e-17,1,ok
CP-010-FIG10-EQ20,a_over_A5=4,4,closed_form,eq20,1,4,144,2.8799999999999999,11.52,0.23348435998810887,0.97236055742761551,5.523106988668114e-17,1,ok
CP-010-FIG10-EQ20,a_over_A5=4,4,closed_form,eq20,1,4,145,2.8999999999999999,11.6,0.23348435998810887,0.97236055742761551,4.3256382402659061e-17,1,ok
CP-010-FIG10-EQ20,a_over_A5=4,4,closed_form,eq20,1,4,146,2.9199999999999999,11.68,0.23348435998810887,0.97236055742761551,3.3877935415773791e-17,1,ok
CP-010-FIG10-EQ20,a_over_A5=4,4,closed_form,eq20,1,4,147,2.9399999999999999,11.76,0.23348435998810887,0.97236055742761551,2.6532836180142232e-17,1,ok
CP-010-FIG10-EQ20,a_over_A5=4,4,closed_form,eq20,1,4,148,2.96,11.84,0.23348435998810887,0.97236055742761551,2.0780233125849566e-17,1,ok
CP-010-FIG10-EQ20,a_over_A5=4,4,closed_form,eq20,1,4,149,2.98,11.92,0.23348435998810887,0.97236055742761551,1.6274856024922205e-17,1,ok
CP-010-FIG10-EQ20,a_over_A5=4,4,closed_form,eq20,1,4,150,3,12,0.23348435998810887,0.97236055742761551,1.274629293270346e-17,1,ok
