case_id,line_kind,line_id,mode_family,p,q,c_value,sample_index,x,y
SG-007-NOMOGRAM-001,mode,E_y_3_1,E_y,3,1,nan,0,0,1
SG-007-NOMOGRAM-001,mode,E_y_3_1,E_y,3,1,nan,1,0.00046490004649000463,0.99581589958159
SG-007-NOMOGRAM-001,mode,E_y_3_1,E_y,3,1,nan,2,0.00092980009298000927,0.99163179916317989
SG-007-NOMOGRAM-001,mode,E_y_3_1,E_y,3,1,nan,3,0.0013947001394700139,0.9874476987447699
SG-007-NOMOGRAM-001,mode,E_y_3_1,E_y,3,1,nan,4,0.0018596001859600185,0.98326359832635979
SG-007-NOMOGRAM-001,mode,E_y_3_1,E_y,3,1,nan,5,0.0023245002324500234,0.97907949790794979
SG-007-NOMOGRAM-001,mode,E_y_3_1,E_y,3,1,nan,6,0.0027894002789400278,0.97489539748953979
SG-007-NOMOGRAM-001,mode,E_y_3_1,E_y,3,1,nan,7,0.0032543003254300322,0.97071129707112969
SG-007-NOMOGRAM-001,mode,E_y_3_1,E_y,3,1,nan,8,0.0037192003719200371,0.96652719665271969
SG-007-NOMOGRAM-001,mode,E_y_3_1,E_y,3,1,nan,9,0.0041841004184100415,0.96234309623430958
SG-007-NOMOGRAM-001,mode,E_y_3_1,E_y,3,1,nan,10,0.0046490004649000468,0.95815899581589958
SG-007-NOMOGRAM-001,mode,E_y_3_1,E_y,3,1,nan,11,0.0051139005113900503,0.95397489539748959
SG-007-NOMOGRAM-001,mode,E_y_3_1,E_y,3,1,nan,12,0.0055788005578800556,0.94979079497907948
SG-007-NOMOGRAM-001,mode,E_y_3_1,E_y,3,1,nan,13,0.00604370060437006,0.94560669456066948
SG-007-NOMOGRAM-001,mode,E_y_3_1,E_y,3,1,nan,14,0.0065086006508600644,0.94142259414225937
SG-007-NOMOGRAM-001,mode,E_y_3_1,E_y,3,1,nan,15,0.0069735006973500688,0.93723849372384938
SG-007-NOMOGRAM-001,mode,E_y_3_1,E_y,3,1,nan,16,0.0074384007438400741,0.93305439330543938
SG-007-NOMOGRAM-001,mode,E_y_3_1,E_y,3,1,nan,17,0.0079033007903300794,0.92887029288702927
SG-007-NOMOGRAM-001,mode,E_y_3_1,E_y,3,1,nan,18,0.008368200836820083,0.92468619246861927
SG-007-NOMOGRAM-001,mode,E_y_3_1,E_y,3,1,nan,19,0.0088331008833100882,0.92050209205020916
SG-007-NOMOGRAM-001,mode,E_y_3_1,E_y,3,1,nan,20,0.0092980009298000935,0.91631799163179917
SG-007-NOMOGRAM-001,mode,E_y_3_1,E_y,3,1,nan,21,0.0097629009762900971,0.91213389121338917
SG-007-NOMOGRAM-001,mode,E_y_3_1,E_y,3,1,nan,22,0.010227801022780101,0.90794979079497906
SG-007-NOMOGRAM-001,mode,E_y_3_1,E_y,3,1,nan,23,0.010692701069270106,0.90376569037656906
SG-007-NOMOGRAM-001,mode,E_y_3_1,E_y,3,1,nan,24,0.011157601115760111,0.89958158995815896
SG-007-NOMOGRAM-001,mode,E_y_3_1,E_y,3,1,nan,25,0.011622501162250116,0.89539748953974896
SG-007-NOMOGRAM-001,mode,E_y_3_1,E_y,3,1,nan,26,0.01208740120874012,0.89121338912133896
SG-007-NOMOGRAM-001,mode,E_y_3_1,E_y,3,1,nan,27,0.012552301255230125,0.88702928870292885
SG-007-NOMOGRAM-001,mode,E_y_3_1,E_y,3,1,nan,28,0.013017201301720129,0.88284518828451886
SG-007-NOMOGRAM-001,mode,E_y_3_1,E_y,3,1,nan,29,0.013482101348210134,0.87866108786610875
SG-007-NOMOGRAM-001,mode,E_y_3_1,E_y,3,1,nan,30,0.013947001394700138,0.87447698744769875
SG-007-NOMOGRAM-001,mode,E_y_3_1,E_y,3,1,nan,31,0.014411901441190143,0.87029288702928875
SG-007-NOMOGRAM-001,mode,E_y_3_1,E_y,3,1,nan,32,0.014876801487680148,0.86610878661087864
SG-007-NOMOGRAM-001,mode,E_y_3_1,E_y,3,1,nan,33,0.015341701534170154,0.86192468619246865
SG-007-NOMOGRAM-001,mode,E_y_3_1,E_y,3,1,nan,34,0.015806601580660159,0.85774058577405854
SG-007-NOMOGRAM-001,mode,E_y_3_1,E_y,3,1,nan,35,0.016271501627150162,0.85355648535564854
SG-007-NOMOGRAM-001,mode,E_y_3_1,E_y,3,1,nan,36,0.016736401673640166,0.84937238493723854
SG-007-NOMOGRAM-001,mode,E_y_3_1,E_y,3,1,nan,37,0.017201301720130169,0.84518828451882844
SG-007-NOMOGRAM-001,mode,E_y_3_1,E_y,3,1,nan,38,0.017666201766620176,0.84100418410041844
SG-007-NOMOGRAM-001,mode,E_y_3_1,E_y,3,1,nan,39,0.01813110181311018,0.83682008368200833
SG-007-NOMOGRAM-001,mode,E_y_3_1,E_y,3,1,nan,40,0.018596001859600187,0.83263598326359833
SG-007-NOMOGRAM-001,mode,E_y_3_1,E_y,3,1,nan,41,0.019060901906090191,0.82845188284518834
SG-007-NOMOGRAM-001,mode,E_y_3_1,E_y,3,1,nan,42,0.019525801952580194,0.82426778242677823
SG-007-NOMOGRAM-001,mode,E_y_3_1,E_y,3,1,nan,43,0.019990701999070201,0.82008368200836812
SG-007-NOMOGRAM-001,mode,E_y_3_1,E_y,3,1,nan,44,0.020455602045560201,0.81589958158995812
SG-007-NOMOGRAM-001,mode,E_y_3_1,E_y,3,1,nan,45,0.020920502092050208,0.81171548117154813
SG-007-NOMOGRAM-001,mode,E_y_3_1,E_y,3,1,nan,46,0.021385402138540212,0.80753138075313813
SG-007-NOMOGRAM-001,mode,E_y_3_1,E_y,3,1,nan,47,0.021850302185030219,0.80334728033472802
SG-007-NOMOGRAM-001,mode,E_y_3_1,E_y,3,1,nan,48,0.022315202231520222,0.79916317991631802
SG-007-NOMOGRAM-001,mode,E_y_3_1,E_y,3,1,nan,49,0.022780102278010226,0.79497907949790791
SG-007-NOMOGRAM-001,mode,E_y_3_1,E_y,3,1,nan,50,0.023245002324500233,0.79079497907949792
SG-007-NOMOGRAM-001,mode,E_y_3_1,E_y,3,1,nan,51,0.023709902370990233,0.78661087866108792
SG-007-NOMOGRAM-001,mode,E_y_3_1,E_y,3,1,nan,52,0.02417480241748024,0.78242677824267781
SG-007-NOMOGRAM-001,mode,E_y_3_1,E_y,3,1,nan,53,0.024639702463970244,0.77824267782426781
SG-007-NOMOGRAM-001,mode,E_y_3_1,E_y,3,1,nan,54,0.025104602510460251,0.77405857740585771
SG-007-NOMOGRAM-001,mode,E_y_3_1,E_y,3,1,nan,55,0.025569502556950254,0.76987447698744771
SG-007-NOMOGRAM-001,mode,E_y_3_1,E_y,3,1,nan,56,0.026034402603440258,0.76569037656903771
SG-007-NOMOGRAM-001,mode,E_y_3_1,E_y,3,1,nan,57,0.026499302649930265,0.7615062761506276
SG-007-NOMOGRAM-001,mode,E_y_3_1,E_y,3,1,nan,58,0.026964202696420268,0.75732217573221761
SG-007-NOMOGRAM-001,mode,E_y_3_1,E_y,3,1,nan,59,0.027429102742910272,0.7531380753138075
SG-007-NOMOGRAM-001,mode,E_y_3_1,E_y,3,1,nan,60,0.027894002789400275,0.7489539748953975
SG-007-NOMOGRAM-001,mode,E_y_3_1,E_y,3,1,nan,61,0.028358902835890282,0.7447698744769875
SG-007-NOMOGRAM-001,mode,E_y_3_1,E_y,3,1,nan,62,0.028823802882380286,0.74058577405857751
SG-007-NOMOGRAM-001,mode,E_y_3_1,E_y,3,1,nan,63,0.029288702928870293,0.73640167364016729
SG-007-NOMOGRAM-001,mode,E_y_3_1,E_y,3,1,nan,64,0.029753602975360297,0.73221757322175729
SG-007-NOMOGRAM-001,mode,E_y_3_1,E_y,3,1,nan,65,0.0302185030218503,0.72803347280334729
SG-007-NOMOGRAM-001,mode,E_y_3_1,E_y,3,1,nan,66,0.030683403068340307,0.7238493723849373
SG-007-NOMOGRAM-001,mode,E_y_3_1,E_y,3,1,nan,67,0.031148303114830307,0.7196652719665273
SG-007-NOMOGRAM-001,mode,E_y_3_1,E_y,3,1,nan,68,0.031613203161320318,0.71548117154811708
SG-007-NOMOGRAM-001,mode,E_y_3_1,E_y,3,1,nan,69,0.032078103207810321,0.71129707112970708
SG-007-NOMOGRAM-001,mode,E_y_3_1,E_y,3,1,nan,70,0.032543003254300325,0.70711297071129708
SG-007-NOMOGRAM-001,mode,E_y_3_1,E_y,3,1,nan,71,0.033007903300790328,0.70292887029288709
SG-007-NOMOGRAM-001,mode,E_y_3_1,E_y,3,1,nan,72,0.033472803347280332,0.69874476987447709
SG-007-NOMOGRAM-001,mode,E_y_3_1,E_y,3,1,nan,73,0.033937703393770335,0.69456066945606698
SG-007-NOMOGRAM-001,mode,E_y_3_1,E_y,3,1,nan,74,0.034402603440260339,0.69037656903765687
SG-007-NOMOGRAM-001,mode,E_y_3_1,E_y,3,1,nan,75,0.034867503486750343,0.68619246861924688
SG-007-NOMOGRAM-001,mode,E_y_3_1,E_y,3,1,nan,76,0.035332403533240353,0.68200836820083688
SG-007-NOMOGRAM-001,mode,E_y_3_1,E_y,3,1,nan,77,0.035797303579730357,0.67782426778242677
SG-007-NOMOGRAM-001,mode,E_y_3_1,E_y,3,1,nan,78,0.03626220362622036,0.67364016736401677
SG-007-NOMOGRAM-001,mode,E_y_3_1,E_y,3,1,nan,79,0.036727103672710364,0.66945606694560666
SG-007-NOMOGRAM-001,mode,E_y_3_1,E_y,3,1,nan,80,0.037192003719200374,0.66527196652719667
SG-007-NOMOGRAM-001,mode,E_y_3_1,E_y,3,1,nan,81,0.037656903765690378,0.66108786610878667
SG-007-NOMOGRAM-001,mode,E_y_3_1,E_y,3,1,nan,82,0.038121803812180381,0.65690376569037656
SG-007-NOMOGRAM-001,mode,E_y_3_1,E_y,3,1,nan,83,0.038586703858670385,0.65271966527196656
SG-007-NOMOGRAM-001,mode,E_y_3_1,E_y,3,1,nan,84,0.039051603905160388,0.64853556485355646
SG-007-NOMOGRAM-001,mode,E_y_3_1,E_y,3,1,nan,85,0.039516503951650399,0.64435146443514646
SG-007-NOMOGRAM-001,mode,E_y_3_1,E_y,3,1,nan,86,0.039981403998140402,0.64016736401673635
SG-007-NOMOGRAM-001,mode,E_y_3_1,E_y,3,1,nan,87,0.040446304044630399,0.63598326359832646
SG-007-NOMOGRAM-001,mode,E_y_3_1,E_y,3,1,nan,88,0.040911204091120403,0.63179916317991636
SG-007-NOMOGRAM-001,mode,E_y_3_1,E_y,3,1,nan,89,0.041376104137610406,0.62761506276150636
SG-007-NOMOGRAM-001,mode,E_y_3_1,E_y,3,1,nan,90,0.041841004184100417,0.62343096234309625
SG-007-NOMOGRAM-001,mode,E_y_3_1,E_y,3,1,nan,91,0.04230590423059042,0.61924686192468625
SG-007-NOMOGRAM-001,mode,E_y_3_1,E_y,3,1,nan,92,0.042770804277080424,0.61506276150627626
SG-007-NOMOGRAM-001,mode,E_y_3_1,E_y,3,1,nan,93,0.043235704323570427,0.61087866108786615
SG-007-NOMOGRAM-001,mode,E_y_3_1,E_y,3,1,nan,94,0.043700604370060438,0.60669456066945604
SG-007-NOMOGRAM-001,mode,E_y_3_1,E_y,3,1,nan,95,0.044165504416550441,0.60251046025104604
SG-007-NOMOGRAM-001,mode,E_y_3_1,E_y,3,1,nan,96,0.044630404463040445,0.59832635983263605
SG-007-NOMOGRAM-001,mode,E_y_3_1,E_y,3,1,nan,97,0.045095304509530448,0.59414225941422594
SG-007-NOMOGRAM-001,mode,E_y_3_1,E_y,3,1,nan,98,0.045560204556020452,0.58995815899581594
SG-007-NOMOGRAM-001,mode,E_y_3_1,E_y,3,1,nan,99,0.046025104602510462,0.58577405857740583
SG-007-NOMOGRAM-001,mode,E_y_3_1,E_y,3,1,nan,100,0.046490004649000466,0.58158995815899583
SG-007-NOMOGRAM-001,mode,E_y_3_1,E_y,3,1,nan,101,0.046954904695490469,0.57740585774058584
SG-007-NOMOGRAM-001,mode,E_y_3_1,E_y,3,1,nan,102,0.047419804741980466,0.57322175732217584
SG-007-NOMOGRAM-001,mode,E_y_3_1,E_y,3,1,nan,103,0.047884704788470477,0.56903765690376573
SG-007-NOMOGRAM-001,mode,E_y_3_1,E_y,3,1,nan,104,0.04834960483496048,0.56485355648535562
SG-007-NOMOGRAM-001,mode,E_y_3_1,E_y,3,1,nan,105,0.048814504881450484,0.56066945606694563
SG-007-NOMOGRAM-001,mode,E_y_3_1,E_y,3,1,nan,106,0.049279404927940487,0.55648535564853563
SG-007-NOMOGRAM-001,mode,E_y_3_1,E_y,3,1,nan,107,0.049744304974430491,0.55230125523012563
SG-007-NOMOGRAM-001,mode,E_y_3_1,E_y,3,1,nan,108,0.050209205020920501,0.54811715481171541
SG-007-NOMOGRAM-001,mode,E_y_3_1,E_y,3,1,nan,109,0.050674105067410505,0.54393305439330542
SG-007-NOMOGRAM-001,mode,E_y_3_1,E_y,3,1,nan,110,0.051139005113900508,0.53974895397489542
SG-007-NOMOGRAM-001,mode,E_y_3_1,E_y,3,1,nan,111,0.051603905160390512,0.53556485355648542
SG-007-NOMOGRAM-001,mode,E_y_3_1,E_y,3,1,nan,112,0.052068805206880515,0.53138075313807542
SG-007-NOMOGRAM-001,mode,E_y_3_1,E_y,3,1,nan,113,0.052533705253370526,0.5271966527196652
SG-007-NOMOGRAM-001,mode,E_y_3_1,E_y,3,1,nan,114,0.052998605299860529,0.52301255230125521
SG-007-NOMOGRAM-001,mode,E_y_3_1,E_y,3,1,nan,115,0.053463505346350533,0.51882845188284521
SG-007-NOMOGRAM-001,mode,E_y_3_1,E_y,3,1,nan,116,0.053928405392840537,0.51464435146443521
SG-007-NOMOGRAM-001,mode,E_y_3_1,E_y,3,1,nan,117,0.054393305439330547,0.5104602510460251
SG-007-NOMOGRAM-001,mode,E_y_3_1,E_y,3,1,nan,118,0.054858205485820544,0.50627615062761511
SG-007-NOMOGRAM-001,mode,E_y_3_1,E_y,3,1,nan,119,0.055323105532310547,0.502092050209205
SG-007-NOMOGRAM-001,mode,E_y_3_1,E_y,3,1,nan,120,0.055788005578800551,0.497907949790795
SG-007-NOMOGRAM-001,mode,E_y_3_1,E_y,3,1,nan,121,0.056252905625290554,0.493723849372385
SG-007-NOMOGRAM-001,mode,E_y_3_1,E_y,3,1,nan,122,0.056717805671780565,0.4895397489539749
SG-007-NOMOGRAM-001,mode,E_y_3_1,E_y,3,1,nan,123,0.057182705718270568,0.4853556485355649
SG-007-NOMOGRAM-001,mode,E_y_3_1,E_y,3,1,nan,124,0.057647605764760572,0.4811715481171549
SG-007-NOMOGRAM-001,mode,E_y_3_1,E_y,3,1,nan,125,0.058112505811250575,0.47698744769874479
SG-007-NOMOGRAM-001,mode,E_y_3_1,E_y,3,1,nan,126,0.058577405857740586,0.47280334728033468
SG-007-NOMOGRAM-001,mode,E_y_3_1,E_y,3,1,nan,127,0.059042305904230589,0.46861924686192469
SG-007-NOMOGRAM-001,mode,E_y_3_1,E_y,3,1,nan,128,0.059507205950720593,0.46443514644351469
SG-007-NOMOGRAM-001,mode,E_y_3_1,E_y,3,1,nan,129,0.059972105997210597,0.46025104602510458
SG-007-NOMOGRAM-001,mode,E_y_3_1,E_y,3,1,nan,130,0.0604370060437006,0.45606694560669458
SG-007-NOMOGRAM-001,mode,E_y_3_1,E_y,3,1,nan,131,0.060901906090190611,0.45188284518828448
SG-007-NOMOGRAM-001,mode,E_y_3_1,E_y,3,1,nan,132,0.061366806136680614,0.44769874476987448
SG-007-NOMOGRAM-001,mode,E_y_3_1,E_y,3,1,nan,133,0.061831706183170611,0.44351464435146448
SG-007-NOMOGRAM-001,mode,E_y_3_1,E_y,3,1,nan,134,0.062296606229660614,0.43933054393305448
SG-007-NOMOGRAM-001,mode,E_y_3_1,E_y,3,1,nan,135,0.062761506276150625,0.43514644351464438
SG-007-NOMOGRAM-001,mode,E_y_3_1,E_y,3,1,nan,136,0.063226406322640635,0.43096234309623427
SG-007-NOMOGRAM-001,mode,E_y_3_1,E_y,3,1,nan,137,0.063691306369130632,0.42677824267782427
SG-007-NOMOGRAM-001,mode,E_y_3_1,E_y,3,1,nan,138,0.064156206415620642,0.42259414225941416
SG-007-NOMOGRAM-001,mode,E_y_3_1,E_y,3,1,nan,139,0.064621106462110639,0.41841004184100428
SG-007-NOMOGRAM-001,mode,E_y_3_1,E_y,3,1,nan,140,0.06508600650860065,0.41422594142259417
SG-007-NOMOGRAM-001,mode,E_y_3_1,E_y,3,1,nan,141,0.065550906555090646,0.41004184100418417
SG-007-NOMOGRAM-001,mode,E_y_3_1,E_y,3,1,nan,142,0.066015806601580657,0.40585774058577406
SG-007-NOMOGRAM-001,mode,E_y_3_1,E_y,3,1,nan,143,0.066480706648070653,0.40167364016736418
SG-007-NOMOGRAM-001,mode,E_y_3_1,E_y,3,1,nan,144,0.066945606694560664,0.39748953974895407
SG-007-NOMOGRAM-001,mode,E_y_3_1,E_y,3,1,nan,145,0.067410506741050674,0.39330543933054396
SG-007-NOMOGRAM-001,mode,E_y_3_1,E_y,3,1,nan,146,0.067875406787540671,0.38912133891213396
SG-007-NOMOGRAM-001,mode,E_y_3_1,E_y,3,1,nan,147,0.068340306834030681,0.38493723849372385
SG-007-NOMOGRAM-001,mode,E_y_3_1,E_y,3,1,nan,148,0.068805206880520678,0.38075313807531386
SG-007-NOMOGRAM-001,mode,E_y_3_1,E_y,3,1,nan,149,0.069270106927010688,0.37656903765690375
SG-007-NOMOGRAM-001,mode,E_y_3_1,E_y,3,1,nan,150,0.069735006973500685,0.37238493723849386
SG-007-NOMOGRAM-001,mode,E_y_3_1,E_y,3,1,nan,151,0.070199907019990709,0.36820083682008364
SG-007-NOMOGRAM-001,mode,E_y_3_1,E_y,3,1,nan,152,0.070664807066480706,0.36401673640167365
SG-007-NOMOGRAM-001,mode,E_y_3_1,E_y,3,1,nan,153,0.071129707112970716,0.35983263598326354
SG-007-NOMOGRAM-001,mode,E_y_3_1,E_y,3,1,nan,154,0.071594607159460713,0.35564853556485354
SG-007-NOMOGRAM-001,mode,E_y_3_1,E_y,3,1,nan,155,0.072059507205950724,0.35146443514644354
SG-007-NOMOGRAM-001,mode,E_y_3_1,E_y,3,1,nan,156,0.07252440725244072,0.34728033472803355
SG-007-NOMOGRAM-001,mode,E_y_3_1,E_y,3,1,nan,157,0.072989307298930717,0.34309623430962355
SG-007-NOMOGRAM-001,mode,E_y_3_1,E_y,3,1,nan,158,0.073454207345420727,0.33891213389121344
SG-007-NOMOGRAM-001,mode,E_y_3_1,E_y,3,1,nan,159,0.073919107391910724,0.33472803347280344
SG-007-NOMOGRAM-001,mode,E_y_3_1,E_y,3,1,nan,160,0.074384007438400748,0.33054393305439322
SG-007-NOMOGRAM-001,mode,E_y_3_1,E_y,3,1,nan,161,0.074848907484890745,0.32635983263598334
SG-007-NOMOGRAM-001,mode,E_y_3_1,E_y,3,1,nan,162,0.075313807531380755,0.32217573221757323
SG-007-NOMOGRAM-001,mode,E_y_3_1,E_y,3,1,nan,163,0.075778707577870752,0.31799163179916323
SG-007-NOMOGRAM-001,mode,E_y_3_1,E_y,3,1,nan,164,0.076243607624360762,0.31380753138075312
SG-007-NOMOGRAM-001,mode,E_y_3_1,E_y,3,1,nan,165,0.076708507670850759,0.30962343096234313
SG-007-NOMOGRAM-001,mode,E_y_3_1,E_y,3,1,nan,166,0.07717340771734077,0.30543933054393313
SG-007-NOMOGRAM-001,mode,E_y_3_1,E_y,3,1,nan,167,0.077638307763830766,0.30125523012552313
SG-007-NOMOGRAM-001,mode,E_y_3_1,E_y,3,1,nan,168,0.078103207810320777,0.29707112970711302
SG-007-NOMOGRAM-001,mode,E_y_3_1,E_y,3,1,nan,169,0.078568107856810773,0.29288702928870303
SG-007-NOMOGRAM-001,mode,E_y_3_1,E_y,3,1,nan,170,0.079033007903300798,0.28870292887029281
SG-007-NOMOGRAM-001,mode,E_y_3_1,E_y,3,1,nan,171,0.079497907949790794,0.28451882845188281
SG-007-NOMOGRAM-001,mode,E_y_3_1,E_y,3,1,nan,172,0.079962807996280805,0.2803347280334727
SG-007-NOMOGRAM-001,mode,E_y_3_1,E_y,3,1,nan,173,0.080427708042770801,0.27615062761506282
SG-007-NOMOGRAM-001,mode,E_y_3_1,E_y,3,1,nan,174,0.080892608089260798,0.27196652719665282
SG-007-NOMOGRAM-001,mode,E_y_3_1,E_y,3,1,nan,175,0.081357508135750808,0.26778242677824271
SG-007-NOMOGRAM-001,mode,E_y_3_1,E_y,3,1,nan,176,0.081822408182240805,0.26359832635983271
SG-007-NOMOGRAM-001,mode,E_y_3_1,E_y,3,1,nan,177,0.082287308228730816,0.25941422594142272
SG-007-NOMOGRAM-001,mode,E_y_3_1,E_y,3,1,nan,178,0.082752208275220812,0.25523012552301272
SG-007-NOMOGRAM-001,mode,E_y_3_1,E_y,3,1,nan,179,0.083217108321710836,0.2510460251046025
SG-007-NOMOGRAM-001,mode,E_y_3_1,E_y,3,1,nan,180,0.083682008368200833,0.2468619246861925
SG-007-NOMOGRAM-001,mode,E_y_3_1,E_y,3,1,nan,181,0.084146908414690844,0.24267782426778239
SG-007-NOMOGRAM-001,mode,E_y_3_1,E_y,3,1,nan,182,0.08461180846118084,0.2384937238493724
SG-007-NOMOGRAM-001,mode,E_y_3_1,E_y,3,1,nan,183,0.085076708507670851,0.23430962343096229
SG-007-NOMOGRAM-001,mode,E_y_3_1,E_y,3,1,nan,184,0.085541608554160847,0.2301255230125524
SG-007-NOMOGRAM-001,mode,E_y_3_1,E_y,3,1,nan,185,0.086006508600650858,0.22594142259414229
SG-007-NOMOGRAM-001,mode,E_y_3_1,E_y,3,1,nan,186,0.086471408647140854,0.2217573221757323
SG-007-NOMOGRAM-001,mode,E_y_3_1,E_y,3,1,nan,187,0.086936308693630851,0.2175732217573223
SG-007-NOMOGRAM-001,mode,E_y_3_1,E_y,3,1,nan,188,0.087401208740120875,0.21338912133891208
SG-007-NOMOGRAM-001,mode,E_y_3_1,E_y,3,1,nan,189,0.087866108786610872,0.20920502092050219
SG-007-NOMOGRAM-001,mode,E_y_3_1,E_y,3,1,nan,190,0.088331008833100882,0.20502092050209209
SG-007-NOMOGRAM-001,mode,E_y_3_1,E_y,3,1,nan,191,0.088795908879590879,0.20083682008368209
SG-007-NOMOGRAM-001,mode,E_y_3_1,E_y,3,1,nan,192,0.08926080892608089,0.19665271966527198
SG-007-NOMOGRAM-001,mode,E_y_3_1,E_y,3,1,nan,193,0.089725708972570886,0.19246861924686198
SG-007-NOMOGRAM-001,mode,E_y_3_1,E_y,3,1,nan,194,0.090190609019060897,0.18828451882845187
SG-007-NOMOGRAM-001,mode,E_y_3_1,E_y,3,1,nan,195,0.090655509065550893,0.18410041841004199
SG-007-NOMOGRAM-001,mode,E_y_3_1,E_y,3,1,nan,196,0.091120409112040904,0.17991631799163188
SG-007-NOMOGRAM-001,mode,E_y_3_1,E_y,3,1,nan,197,0.091585309158530914,0.17573221757322177
SG-007-NOMOGRAM-001,mode,E_y_3_1,E_y,3,1,nan,198,0.092050209205020925,0.17154811715481166
SG-007-NOMOGRAM-001,mode,E_y_3_1,E_y,3,1,nan,199,0.092515109251510921,0.16736401673640167
SG-007-NOMOGRAM-001,mode,E_y_3_1,E_y,3,1,nan,200,0.092980009298000932,0.16317991631799167
SG-007-NOMOGRAM-001,mode,E_y_3_1,E_y,3,1,nan,201,0.093444909344490928,0.15899581589958167
SG-007-NOMOGRAM-001,mode,E_y_3_1,E_y,3,1,nan,202,0.093909809390980939,0.15481171548117156
SG-007-NOMOGRAM-001,mode,E_y_3_1,E_y,3,1,nan,203,0.094374709437470936,0.15062761506276157
SG-007-NOMOGRAM-001,mode,E_y_3_1,E_y,3,1,nan,204,0.094839609483960932,0.14644351464435157
SG-007-NOMOGRAM-001,mode,E_y_3_1,E_y,3,1,nan,205,0.095304509530450943,0.14225941422594146
SG-007-NOMOGRAM-001,mode,E_y_3_1,E_y,3,1,nan,206,0.095769409576940953,0.13807531380753146
SG-007-NOMOGRAM-001,mode,E_y_3_1,E_y,3,1,nan,207,0.096234309623430964,0.13389121338912136
SG-007-NOMOGRAM-001,mode,E_y_3_1,E_y,3,1,nan,208,0.09669920966992096,0.12970711297071136
SG-007-NOMOGRAM-001,mode,E_y_3_1,E_y,3,1,nan,209,0.097164109716410971,0.12552301255230125
SG-007-NOMOGRAM-001,mode,E_y_3_1,E_y,3,1,nan,210,0.097629009762900967,0.12133891213389125
SG-007-NOMOGRAM-001,mode,E_y_3_1,E_y,3,1,nan,211,0.098093909809390978,0.11715481171548126
SG-007-NOMOGRAM-001,mode,E_y_3_1,E_y,3,1,nan,212,0.098558809855880974,0.11297071129707126
SG-007-NOMOGRAM-001,mode,E_y_3_1,E_y,3,1,nan,213,0.099023709902370985,0.10878661087866115
SG-007-NOMOGRAM-001,mode,E_y_3_1,E_y,3,1,nan,214,0.099488609948860982,0.10460251046025115
SG-007-NOMOGRAM-001,mode,E_y_3_1,E_y,3,1,nan,215,0.099953509995351006,0.10041841004184093
SG-007-NOMOGRAM-001,mode,E_y_3_1,E_y,3,1,nan,216,0.100418410041841,0.096234309623430936
SG-007-NOMOGRAM-001,mode,E_y_3_1,E_y,3,1,nan,217,0.10088331008833101,0.092050209205020828
SG-007-NOMOGRAM-001,mode,E_y_3_1,E_y,3,1,nan,218,0.10134821013482101,0.087866108786610941
SG-007-NOMOGRAM-001,mode,E_y_3_1,E_y,3,1,nan,219,0.10181311018131102,0.083682008368200833
SG-007-NOMOGRAM-001,mode,E_y_3_1,E_y,3,1,nan,220,0.10227801022780102,0.079497907949790836
SG-007-NOMOGRAM-001,mode,E_y_3_1,E_y,3,1,nan,221,0.10274291027429101,0.075313807531380839
SG-007-NOMOGRAM-001,mode,E_y_3_1,E_y,3,1,nan,222,0.10320781032078102,0.071129707112970841
SG-007-NOMOGRAM-001,mode,E_y_3_1,E_y,3,1,nan,223,0.10367271036727102,0.066945606694560844
SG-007-NOMOGRAM-001,mode,E_y_3_1,E_y,3,1,nan,224,0.10413761041376103,0.062761506276150736
SG-007-NOMOGRAM-001,mode,E_y_3_1,E_y,3,1,nan,225,0.10460251046025104,0.058577405857740628
SG-007-NOMOGRAM-001,mode,E_y_3_1,E_y,3,1,nan,226,0.10506741050674105,0.054393305439330519
SG-007-NOMOGRAM-001,mode,E_y_3_1,E_y,3,1,nan,227,0.10553231055323105,0.050209205020920522
SG-007-NOMOGRAM-001,mode,E_y_3_1,E_y,3,1,nan,228,0.10599721059972106,0.046025104602510414
SG-007-NOMOGRAM-001,mode,E_y_3_1,E_y,3,1,nan,229,0.10646211064621106,0.041841004184100528
SG-007-NOMOGRAM-001,mode,E_y_3_1,E_y,3,1,nan,230,0.10692701069270107,0.037656903765690419
SG-007-NOMOGRAM-001,mode,E_y_3_1,E_y,3,1,nan,231,0.10739191073919106,0.033472803347280422
SG-007-NOMOGRAM-001,mode,E_y_3_1,E_y,3,1,nan,232,0.10785681078568107,0.029288702928870314
SG-007-NOMOGRAM-001,mode,E_y_3_1,E_y,3,1,nan,233,0.10832171083217107,0.025104602510460428
SG-007-NOMOGRAM-001,mode,E_y_3_1,E_y,3,1,nan,234,0.10878661087866109,0.020920502092050208
SG-007-NOMOGRAM-001,mode,E_y_3_1,E_y,3,1,nan,235,0.10925151092515109,0.016736401673640211
SG-007-NOMOGRAM-001,mode,E_y_3_1,E_y,3,1,nan,236,0.10971641097164109,0.012552301255230214
SG-007-NOMOGRAM-001,mode,E_y_3_1,E_y,3,1,nan,237,0.1101813110181311,0.0083682008368201055
SG-007-NOMOGRAM-001,mode,E_y_3_1,E_y,3,1,nan,238,0.11064621106462109,0.0041841004184101083
SG-007-NOMOGRAM-001,mode,E_y_3_1,E_y,3,1,nan,239,0.1111111111111111,0
SG-007-NOMOGRAM-001,mode,E_y_2_1,E_y,2,1,nan,0,0,1
SG-007-NOMOGRAM-001,mode,E_y_2_1,E_y,2,1,nan,1,0.0010460251046025104,0.99581589958159
SG-007-NOMOGRAM-001,mode,E_y_2_1,E_y,2,1,nan,2,0.0020920502092050207,0.99163179916317989
SG-007-NOMOGRAM-001,mode,E_y_2_1,E_y,2,1,nan,3,0.0031380753138075313,0.9874476987447699
SG-007-NOMOGRAM-001,mode,E_y_2_1,E_y,2,1,nan,4,0.0041841004184100415,0.98326359832635979
SG-007-NOMOGRAM-001,mode,E_y_2_1,E_y,2,1,nan,5,0.0052301255230125521,0.97907949790794979
SG-007-NOMOGRAM-001,mode,E_y_2_1,E_y,2,1,nan,6,0.0062761506276150627,0.97489539748953979
SG-007-NOMOGRAM-001,mode,E_y_2_1,E_y,2,1,nan,7,0.0073221757322175732,0.97071129707112969
SG-007-NOMOGRAM-001,mode,E_y_2_1,E_y,2,1,nan,8,0.008368200836820083,0.96652719665271969
SG-007-NOMOGRAM-001,mode,E_y_2_1,E_y,2,1,nan,9,0.0094142259414225944,0.96234309623430958
SG-007-NOMOGRAM-001,mode,E_y_2_1,E_y,2,1,nan,10,0.010460251046025104,0.95815899581589958
SG-007-NOMOGRAM-001,mode,E_y_2_1,E_y,2,1,nan,11,0.011506276150627616,0.95397489539748959
SG-007-NOMOGRAM-001,mode,E_y_2_1,E_y,2,1,nan,12,0.012552301255230125,0.94979079497907948
SG-007-NOMOGRAM-001,mode,E_y_2_1,E_y,2,1,nan,13,0.013598326359832637,0.94560669456066948
SG-007-NOMOGRAM-001,mode,E_y_2_1,E_y,2,1,nan,14,0.014644351464435146,0.94142259414225937
SG-007-NOMOGRAM-001,mode,E_y_2_1,E_y,2,1,nan,15,0.015690376569037656,0.93723849372384938
SG-007-NOMOGRAM-001,mode,E_y_2_1,E_y,2,1,nan,16,0.016736401673640166,0.93305439330543938
SG-007-NOMOGRAM-001,mode,E_y_2_1,E_y,2,1,nan,17,0.017782426778242679,0.92887029288702927
SG-007-NOMOGRAM-001,mode,E_y_2_1,E_y,2,1,nan,18,0.018828451882845189,0.92468619246861927
SG-007-NOMOGRAM-001,mode,E_y_2_1,E_y,2,1,nan,19,0.019874476987447699,0.92050209205020916
SG-007-NOMOGRAM-001,mode,E_y_2_1,E_y,2,1,nan,20,0.020920502092050208,0.91631799163179917
SG-007-NOMOGRAM-001,mode,E_y_2_1,E_y,2,1,nan,21,0.021966527196652718,0.91213389121338917
SG-007-NOMOGRAM-001,mode,E_y_2_1,E_y,2,1,nan,22,0.023012552301255231,0.90794979079497906
SG-007-NOMOGRAM-001,mode,E_y_2_1,E_y,2,1,nan,23,0.024058577405857741,0.90376569037656906
SG-007-NOMOGRAM-001,mode,E_y_2_1,E_y,2,1,nan,24,0.025104602510460251,0.89958158995815896
SG-007-NOMOGRAM-001,mode,E_y_2_1,E_y,2,1,nan,25,0.02615062761506276,0.89539748953974896
SG-007-NOMOGRAM-001,mode,E_y_2_1,E_y,2,1,nan,26,0.027196652719665274,0.89121338912133896
SG-007-NOMOGRAM-001,mode,E_y_2_1,E_y,2,1,nan,27,0.028242677824267783,0.88702928870292885
SG-007-NOMOGRAM-001,mode,E_y_2_1,E_y,2,1,nan,28,0.029288702928870293,0.88284518828451886
SG-007-NOMOGRAM-001,mode,E_y_2_1,E_y,2,1,nan,29,0.030334728033472803,0.87866108786610875
SG-007-NOMOGRAM-001,mode,E_y_2_1,E_y,2,1,nan,30,0.031380753138075312,0.87447698744769875
SG-007-NOMOGRAM-001,mode,E_y_2_1,E_y,2,1,nan,31,0.032426778242677826,0.87029288702928875
SG-007-NOMOGRAM-001,mode,E_y_2_1,E_y,2,1,nan,32,0.033472803347280332,0.86610878661087864
SG-007-NOMOGRAM-001,mode,E_y_2_1,E_y,2,1,nan,33,0.034518828451882845,0.86192468619246865
SG-007-NOMOGRAM-001,mode,E_y_2_1,E_y,2,1,nan,34,0.035564853556485358,0.85774058577405854
SG-007-NOMOGRAM-001,mode,E_y_2_1,E_y,2,1,nan,35,0.036610878661087864,0.85355648535564854
SG-007-NOMOGRAM-001,mode,E_y_2_1,E_y,2,1,nan,36,0.037656903765690378,0.84937238493723854
SG-007-NOMOGRAM-001,mode,E_y_2_1,E_y,2,1,nan,37,0.038702928870292884,0.84518828451882844
SG-007-NOMOGRAM-001,mode,E_y_2_1,E_y,2,1,nan,38,0.039748953974895397,0.84100418410041844
SG-007-NOMOGRAM-001,mode,E_y_2_1,E_y,2,1,nan,39,0.04079497907949791,0.83682008368200833
SG-007-NOMOGRAM-001,mode,E_y_2_1,E_y,2,1,nan,40,0.041841004184100417,0.83263598326359833
SG-007-NOMOGRAM-001,mode,E_y_2_1,E_y,2,1,nan,41,0.04288702928870293,0.82845188284518834
SG-007-NOMOGRAM-001,mode,E_y_2_1,E_y,2,1,nan,42,0.043933054393305436,0.82426778242677823
SG-007-NOMOGRAM-001,mode,E_y_2_1,E_y,2,1,nan,43,0.044979079497907949,0.82008368200836823
SG-007-NOMOGRAM-001,mode,E_y_2_1,E_y,2,1,nan,44,0.046025104602510462,0.81589958158995812
SG-007-NOMOGRAM-001,mode,E_y_2_1,E_y,2,1,nan,45,0.047071129707112969,0.81171548117154813
SG-007-NOMOGRAM-001,mode,E_y_2_1,E_y,2,1,nan,46,0.048117154811715482,0.80753138075313813
SG-007-NOMOGRAM-001,mode,E_y_2_1,E_y,2,1,nan,47,0.049163179916317995,0.80334728033472802
SG-007-NOMOGRAM-001,mode,E_y_2_1,E_y,2,1,nan,48,0.050209205020920501,0.79916317991631802
SG-007-NOMOGRAM-001,mode,E_y_2_1,E_y,2,1,nan,49,0.051255230125523014,0.79497907949790791
SG-007-NOMOGRAM-001,mode,E_y_2_1,E_y,2,1,nan,50,0.052301255230125521,0.79079497907949792
SG-007-NOMOGRAM-001,mode,E_y_2_1,E_y,2,1,nan,51,0.053347280334728034,0.78661087866108792
SG-007-NOMOGRAM-001,mode,E_y_2_1,E_y,2,1,nan,52,0.054393305439330547,0.78242677824267781
SG-007-NOMOGRAM-001,mode,E_y_2_1,E_y,2,1,nan,53,0.055439330543933053,0.77824267782426781
SG-007-NOMOGRAM-001,mode,E_y_2_1,E_y,2,1,nan,54,0.056485355648535567,0.77405857740585771
SG-007-NOMOGRAM-001,mode,E_y_2_1,E_y,2,1,nan,55,0.057531380753138073,0.76987447698744771
SG-007-NOMOGRAM-001,mode,E_y_2_1,E_y,2,1,nan,56,0.058577405857740586,0.76569037656903771
SG-007-NOMOGRAM-001,mode,E_y_2_1,E_y,2,1,nan,57,0.059623430962343099,0.7615062761506276
SG-007-NOMOGRAM-001,mode,E_y_2_1,E_y,2,1,nan,58,0.060669456066945605,0.75732217573221761
SG-007-NOMOGRAM-001,mode,E_y_2_1,E_y,2,1,nan,59,0.061715481171548119,0.7531380753138075
SG-007-NOMOGRAM-001,mode,E_y_2_1,E_y,2,1,nan,60,0.062761506276150625,0.7489539748953975
SG-007-NOMOGRAM-001,mode,E_y_2_1,E_y,2,1,nan,61,0.063807531380753138,0.7447698744769875
SG-007-NOMOGRAM-001,mode,E_y_2_1,E_y,2,1,nan,62,0.064853556485355651,0.7405857740585774
SG-007-NOMOGRAM-001,mode,E_y_2_1,E_y,2,1,nan,63,0.065899581589958164,0.73640167364016729
SG-007-NOMOGRAM-001,mode,E_y_2_1,E_y,2,1,nan,64,0.066945606694560664,0.73221757322175729
SG-007-NOMOGRAM-001,mode,E_y_2_1,E_y,2,1,nan,65,0.067991631799163177,0.72803347280334729
SG-007-NOMOGRAM-001,mode,E_y_2_1,E_y,2,1,nan,66,0.06903765690376569,0.7238493723849373
SG-007-NOMOGRAM-001,mode,E_y_2_1,E_y,2,1,nan,67,0.070083682008368203,0.71966527196652719
SG-007-NOMOGRAM-001,mode,E_y_2_1,E_y,2,1,nan,68,0.071129707112970716,0.71548117154811708
SG-007-NOMOGRAM-001,mode,E_y_2_1,E_y,2,1,nan,69,0.072175732217573216,0.71129707112970708
SG-007-NOMOGRAM-001,mode,E_y_2_1,E_y,2,1,nan,70,0.073221757322175729,0.70711297071129708
SG-007-NOMOGRAM-001,mode,E_y_2_1,E_y,2,1,nan,71,0.074267782426778242,0.70292887029288709
SG-007-NOMOGRAM-001,mode,E_y_2_1,E_y,2,1,nan,72,0.075313807531380755,0.69874476987447698
SG-007-NOMOGRAM-001,mode,E_y_2_1,E_y,2,1,nan,73,0.076359832635983269,0.69456066945606687
SG-007-NOMOGRAM-001,mode,E_y_2_1,E_y,2,1,nan,74,0.077405857740585768,0.69037656903765687
SG-007-NOMOGRAM-001,mode,E_y_2_1,E_y,2,1,nan,75,0.078451882845188281,0.68619246861924688
SG-007-NOMOGRAM-001,mode,E_y_2_1,E_y,2,1,nan,76,0.079497907949790794,0.68200836820083688
SG-007-NOMOGRAM-001,mode,E_y_2_1,E_y,2,1,nan,77,0.080543933054393307,0.67782426778242677
SG-007-NOMOGRAM-001,mode,E_y_2_1,E_y,2,1,nan,78,0.081589958158995821,0.67364016736401666
SG-007-NOMOGRAM-001,mode,E_y_2_1,E_y,2,1,nan,79,0.08263598326359832,0.66945606694560666
SG-007-NOMOGRAM-001,mode,E_y_2_1,E_y,2,1,nan,80,0.083682008368200833,0.66527196652719667
SG-007-NOMOGRAM-001,mode,E_y_2_1,E_y,2,1,nan,81,0.084728033472803346,0.66108786610878667
SG-007-NOMOGRAM-001,mode,E_y_2_1,E_y,2,1,nan,82,0.085774058577405859,0.65690376569037656
SG-007-NOMOGRAM-001,mode,E_y_2_1,E_y,2,1,nan,83,0.086820083682008373,0.65271966527196645
SG-007-NOMOGRAM-001,mode,E_y_2_1,E_y,2,1,nan,84,0.087866108786610872,0.64853556485355646
SG-007-NOMOGRAM-001,mode,E_y_2_1,E_y,2,1,nan,85,0.088912133891213385,0.64435146443514646
SG-007-NOMOGRAM-001,mode,E_y_2_1,E_y,2,1,nan,86,0.089958158995815898,0.64016736401673646
SG-007-NOMOGRAM-001,mode,E_y_2_1,E_y,2,1,nan,87,0.091004184100418412,0.63598326359832635
SG-007-NOMOGRAM-001,mode,E_y_2_1,E_y,2,1,nan,88,0.092050209205020925,0.63179916317991625
SG-007-NOMOGRAM-001,mode,E_y_2_1,E_y,2,1,nan,89,0.093096234309623424,0.62761506276150625
SG-007-NOMOGRAM-001,mode,E_y_2_1,E_y,2,1,nan,90,0.094142259414225937,0.62343096234309625
SG-007-NOMOGRAM-001,mode,E_y_2_1,E_y,2,1,nan,91,0.09518828451882845,0.61924686192468625
SG-007-NOMOGRAM-001,mode,E_y_2_1,E_y,2,1,nan,92,0.096234309623430964,0.61506276150627615
SG-007-NOMOGRAM-001,mode,E_y_2_1,E_y,2,1,nan,93,0.097280334728033477,0.61087866108786604
SG-007-NOMOGRAM-001,mode,E_y_2_1,E_y,2,1,nan,94,0.09832635983263599,0.60669456066945604
SG-007-NOMOGRAM-001,mode,E_y_2_1,E_y,2,1,nan,95,0.099372384937238489,0.60251046025104604
SG-007-NOMOGRAM-001,mode,E_y_2_1,E_y,2,1,nan,96,0.100418410041841,0.59832635983263605
SG-007-NOMOGRAM-001,mode,E_y_2_1,E_y,2,1,nan,97,0.10146443514644352,0.59414225941422594
SG-007-NOMOGRAM-001,mode,E_y_2_1,E_y,2,1,nan,98,0.10251046025104603,0.58995815899581583
SG-007-NOMOGRAM-001,mode,E_y_2_1,E_y,2,1,nan,99,0.10355648535564854,0.58577405857740583
SG-007-NOMOGRAM-001,mode,E_y_2_1,E_y,2,1,nan,100,0.10460251046025104,0.58158995815899583
SG-007-NOMOGRAM-001,mode,E_y_2_1,E_y,2,1,nan,101,0.10564853556485355,0.57740585774058584
SG-007-NOMOGRAM-001,mode,E_y_2_1,E_y,2,1,nan,102,0.10669456066945607,0.57322175732217573
SG-007-NOMOGRAM-001,mode,E_y_2_1,E_y,2,1,nan,103,0.10774058577405858,0.56903765690376562
SG-007-NOMOGRAM-001,mode,E_y_2_1,E_y,2,1,nan,104,0.10878661087866109,0.56485355648535562
SG-007-NOMOGRAM-001,mode,E_y_2_1,E_y,2,1,nan,105,0.10983263598326359,0.56066945606694563
SG-007-NOMOGRAM-001,mode,E_y_2_1,E_y,2,1,nan,106,0.11087866108786611,0.55648535564853563
SG-007-NOMOGRAM-001,mode,E_y_2_1,E_y,2,1,nan,107,0.11192468619246862,0.55230125523012552
SG-007-NOMOGRAM-001,mode,E_y_2_1,E_y,2,1,nan,108,0.11297071129707113,0.54811715481171541
SG-007-NOMOGRAM-001,mode,E_y_2_1,E_y,2,1,nan,109,0.11401673640167365,0.54393305439330542
SG-007-NOMOGRAM-001,mode,E_y_2_1,E_y,2,1,nan,110,0.11506276150627615,0.53974895397489542
SG-007-NOMOGRAM-001,mode,E_y_2_1,E_y,2,1,nan,111,0.11610878661087866,0.53556485355648542
SG-007-NOMOGRAM-001,mode,E_y_2_1,E_y,2,1,nan,112,0.11715481171548117,0.53138075313807531
SG-007-NOMOGRAM-001,mode,E_y_2_1,E_y,2,1,nan,113,0.11820083682008369,0.5271966527196652
SG-007-NOMOGRAM-001,mode,E_y_2_1,E_y,2,1,nan,114,0.1192468619246862,0.52301255230125521
SG-007-NOMOGRAM-001,mode,E_y_2_1,E_y,2,1,nan,115,0.1202928870292887,0.51882845188284521
SG-007-NOMOGRAM-001,mode,E_y_2_1,E_y,2,1,nan,116,0.12133891213389121,0.51464435146443521
SG-007-NOMOGRAM-001,mode,E_y_2_1,E_y,2,1,nan,117,0.12238493723849372,0.5104602510460251
SG-007-NOMOGRAM-001,mode,E_y_2_1,E_y,2,1,nan,118,0.12343096234309624,0.506276150627615
SG-007-NOMOGRAM-001,mode,E_y_2_1,E_y,2,1,nan,119,0.12447698744769875,0.502092050209205
SG-007-NOMOGRAM-001,mode,E_y_2_1,E_y,2,1,nan,120,0.12552301255230125,0.497907949790795
SG-007-NOMOGRAM-001,mode,E_y_2_1,E_y,2,1,nan,121,0.12656903765690378,0.49372384937238489
SG-007-NOMOGRAM-001,mode,E_y_2_1,E_y,2,1,nan,122,0.12761506276150628,0.4895397489539749
SG-007-NOMOGRAM-001,mode,E_y_2_1,E_y,2,1,nan,123,0.12866108786610878,0.4853556485355649
SG-007-NOMOGRAM-001,mode,E_y_2_1,E_y,2,1,nan,124,0.1297071129707113,0.48117154811715479
SG-007-NOMOGRAM-001,mode,E_y_2_1,E_y,2,1,nan,125,0.1307531380753138,0.47698744769874479
SG-007-NOMOGRAM-001,mode,E_y_2_1,E_y,2,1,nan,126,0.13179916317991633,0.47280334728033468
SG-007-NOMOGRAM-001,mode,E_y_2_1,E_y,2,1,nan,127,0.13284518828451883,0.46861924686192469
SG-007-NOMOGRAM-001,mode,E_y_2_1,E_y,2,1,nan,128,0.13389121338912133,0.46443514644351469
SG-007-NOMOGRAM-001,mode,E_y_2_1,E_y,2,1,nan,129,0.13493723849372385,0.46025104602510458
SG-007-NOMOGRAM-001,mode,E_y_2_1,E_y,2,1,nan,130,0.13598326359832635,0.45606694560669458
SG-007-NOMOGRAM-001,mode,E_y_2_1,E_y,2,1,nan,131,0.13702928870292888,0.45188284518828448
SG-007-NOMOGRAM-001,mode,E_y_2_1,E_y,2,1,nan,132,0.13807531380753138,0.44769874476987448
SG-007-NOMOGRAM-001,mode,E_y_2_1,E_y,2,1,nan,133,0.13912133891213388,0.44351464435146448
SG-007-NOMOGRAM-001,mode,E_y_2_1,E_y,2,1,nan,134,0.14016736401673641,0.43933054393305437
SG-007-NOMOGRAM-001,mode,E_y_2_1,E_y,2,1,nan,135,0.14121338912133891,0.43514644351464438
SG-007-NOMOGRAM-001,mode,E_y_2_1,E_y,2,1,nan,136,0.14225941422594143,0.43096234309623427
SG-007-NOMOGRAM-001,mode,E_y_2_1,E_y,2,1,nan,137,0.14330543933054393,0.42677824267782427
SG-007-NOMOGRAM-001,mode,E_y_2_1,E_y,2,1,nan,138,0.14435146443514643,0.42259414225941427
SG-007-NOMOGRAM-001,mode,E_y_2_1,E_y,2,1,nan,139,0.14539748953974896,0.41841004184100417
SG-007-NOMOGRAM-001,mode,E_y_2_1,E_y,2,1,nan,140,0.14644351464435146,0.41422594142259417
SG-007-NOMOGRAM-001,mode,E_y_2_1,E_y,2,1,nan,141,0.14748953974895398,0.41004184100418406
SG-007-NOMOGRAM-001,mode,E_y_2_1,E_y,2,1,nan,142,0.14853556485355648,0.40585774058577406
SG-007-NOMOGRAM-001,mode,E_y_2_1,E_y,2,1,nan,143,0.14958158995815898,0.40167364016736407
SG-007-NOMOGRAM-001,mode,E_y_2_1,E_y,2,1,nan,144,0.15062761506276151,0.39748953974895396
SG-007-NOMOGRAM-001,mode,E_y_2_1,E_y,2,1,nan,145,0.15167364016736401,0.39330543933054396
SG-007-NOMOGRAM-001,mode,E_y_2_1,E_y,2,1,nan,146,0.15271966527196654,0.38912133891213385
SG-007-NOMOGRAM-001,mode,E_y_2_1,E_y,2,1,nan,147,0.15376569037656904,0.38493723849372385
SG-007-NOMOGRAM-001,mode,E_y_2_1,E_y,2,1,nan,148,0.15481171548117154,0.38075313807531386
SG-007-NOMOGRAM-001,mode,E_y_2_1,E_y,2,1,nan,149,0.15585774058577406,0.37656903765690375
SG-007-NOMOGRAM-001,mode,E_y_2_1,E_y,2,1,nan,150,0.15690376569037656,0.37238493723849375
SG-007-NOMOGRAM-001,mode,E_y_2_1,E_y,2,1,nan,151,0.15794979079497909,0.36820083682008364
SG-007-NOMOGRAM-001,mode,E_y_2_1,E_y,2,1,nan,152,0.15899581589958159,0.36401673640167365
SG-007-NOMOGRAM-001,mode,E_y_2_1,E_y,2,1,nan,153,0.16004184100418409,0.35983263598326365
SG-007-NOMOGRAM-001,mode,E_y_2_1,E_y,2,1,nan,154,0.16108786610878661,0.35564853556485354
SG-007-NOMOGRAM-001,mode,E_y_2_1,E_y,2,1,nan,155,0.16213389121338911,0.35146443514644354
SG-007-NOMOGRAM-001,mode,E_y_2_1,E_y,2,1,nan,156,0.16317991631799164,0.34728033472803344
SG-007-NOMOGRAM-001,mode,E_y_2_1,E_y,2,1,nan,157,0.16422594142259414,0.34309623430962344
SG-007-NOMOGRAM-001,mode,E_y_2_1,E_y,2,1,nan,158,0.16527196652719664,0.33891213389121344
SG-007-NOMOGRAM-001,mode,E_y_2_1,E_y,2,1,nan,159,0.16631799163179917,0.33472803347280333
SG-007-NOMOGRAM-001,mode,E_y_2_1,E_y,2,1,nan,160,0.16736401673640167,0.33054393305439334
SG-007-NOMOGRAM-001,mode,E_y_2_1,E_y,2,1,nan,161,0.16841004184100419,0.32635983263598323
SG-007-NOMOGRAM-001,mode,E_y_2_1,E_y,2,1,nan,162,0.16945606694560669,0.32217573221757323
SG-007-NOMOGRAM-001,mode,E_y_2_1,E_y,2,1,nan,163,0.17050209205020919,0.31799163179916323
SG-007-NOMOGRAM-001,mode,E_y_2_1,E_y,2,1,nan,164,0.17154811715481172,0.31380753138075312
SG-007-NOMOGRAM-001,mode,E_y_2_1,E_y,2,1,nan,165,0.17259414225941422,0.30962343096234313
SG-007-NOMOGRAM-001,mode,E_y_2_1,E_y,2,1,nan,166,0.17364016736401675,0.30543933054393302
SG-007-NOMOGRAM-001,mode,E_y_2_1,E_y,2,1,nan,167,0.17468619246861924,0.30125523012552302
SG-007-NOMOGRAM-001,mode,E_y_2_1,E_y,2,1,nan,168,0.17573221757322174,0.29707112970711302
SG-007-NOMOGRAM-001,mode,E_y_2_1,E_y,2,1,nan,169,0.17677824267782427,0.29288702928870292
SG-007-NOMOGRAM-001,mode,E_y_2_1,E_y,2,1,nan,170,0.17782426778242677,0.28870292887029292
SG-007-NOMOGRAM-001,mode,E_y_2_1,E_y,2,1,nan,171,0.1788702928870293,0.28451882845188281
SG-007-NOMOGRAM-001,mode,E_y_2_1,E_y,2,1,nan,172,0.1799163179916318,0.28033472803347281
SG-007-NOMOGRAM-001,mode,E_y_2_1,E_y,2,1,nan,173,0.1809623430962343,0.27615062761506282
SG-007-NOMOGRAM-001,mode,E_y_2_1,E_y,2,1,nan,174,0.18200836820083682,0.27196652719665271
SG-007-NOMOGRAM-001,mode,E_y_2_1,E_y,2,1,nan,175,0.18305439330543932,0.26778242677824271
SG-007-NOMOGRAM-001,mode,E_y_2_1,E_y,2,1,nan,176,0.18410041841004185,0.2635983263598326
SG-007-NOMOGRAM-001,mode,E_y_2_1,E_y,2,1,nan,177,0.18514644351464435,0.2594142259414226
SG-007-NOMOGRAM-001,mode,E_y_2_1,E_y,2,1,nan,178,0.18619246861924685,0.25523012552301261
SG-007-NOMOGRAM-001,mode,E_y_2_1,E_y,2,1,nan,179,0.18723849372384938,0.2510460251046025
SG-007-NOMOGRAM-001,mode,E_y_2_1,E_y,2,1,nan,180,0.18828451882845187,0.2468619246861925
SG-007-NOMOGRAM-001,mode,E_y_2_1,E_y,2,1,nan,181,0.1893305439330544,0.24267782426778239
SG-007-NOMOGRAM-001,mode,E_y_2_1,E_y,2,1,nan,182,0.1903765690376569,0.2384937238493724
SG-007-NOMOGRAM-001,mode,E_y_2_1,E_y,2,1,nan,183,0.19142259414225943,0.23430962343096229
SG-007-NOMOGRAM-001,mode,E_y_2_1,E_y,2,1,nan,184,0.19246861924686193,0.23012552301255229
SG-007-NOMOGRAM-001,mode,E_y_2_1,E_y,2,1,nan,185,0.19351464435146443,0.22594142259414229
SG-007-NOMOGRAM-001,mode,E_y_2_1,E_y,2,1,nan,186,0.19456066945606695,0.22175732217573219
SG-007-NOMOGRAM-001,mode,E_y_2_1,E_y,2,1,nan,187,0.19560669456066945,0.21757322175732219
SG-007-NOMOGRAM-001,mode,E_y_2_1,E_y,2,1,nan,188,0.19665271966527198,0.21338912133891208
SG-007-NOMOGRAM-001,mode,E_y_2_1,E_y,2,1,nan,189,0.19769874476987448,0.20920502092050208
SG-007-NOMOGRAM-001,mode,E_y_2_1,E_y,2,1,nan,190,0.19874476987447698,0.20502092050209209
SG-007-NOMOGRAM-001,mode,E_y_2_1,E_y,2,1,nan,191,0.19979079497907951,0.20083682008368198
SG-007-NOMOGRAM-001,mode,E_y_2_1,E_y,2,1,nan,192,0.20083682008368201,0.19665271966527198
SG-007-NOMOGRAM-001,mode,E_y_2_1,E_y,2,1,nan,193,0.20188284518828453,0.19246861924686187
SG-007-NOMOGRAM-001,mode,E_y_2_1,E_y,2,1,nan,194,0.20292887029288703,0.18828451882845187
SG-007-NOMOGRAM-001,mode,E_y_2_1,E_y,2,1,nan,195,0.20397489539748953,0.18410041841004188
SG-007-NOMOGRAM-001,mode,E_y_2_1,E_y,2,1,nan,196,0.20502092050209206,0.17991631799163177
SG-007-NOMOGRAM-001,mode,E_y_2_1,E_y,2,1,nan,197,0.20606694560669456,0.17573221757322177
SG-007-NOMOGRAM-001,mode,E_y_2_1,E_y,2,1,nan,198,0.20711297071129708,0.17154811715481166
SG-007-NOMOGRAM-001,mode,E_y_2_1,E_y,2,1,nan,199,0.20815899581589958,0.16736401673640167
SG-007-NOMOGRAM-001,mode,E_y_2_1,E_y,2,1,nan,200,0.20920502092050208,0.16317991631799167
SG-007-NOMOGRAM-001,mode,E_y_2_1,E_y,2,1,nan,201,0.21025104602510461,0.15899581589958156
SG-007-NOMOGRAM-001,mode,E_y_2_1,E_y,2,1,nan,202,0.21129707112970711,0.15481171548117156
SG-007-NOMOGRAM-001,mode,E_y_2_1,E_y,2,1,nan,203,0.21234309623430964,0.15062761506276146
SG-007-NOMOGRAM-001,mode,E_y_2_1,E_y,2,1,nan,204,0.21338912133891214,0.14644351464435146
SG-007-NOMOGRAM-001,mode,E_y_2_1,E_y,2,1,nan,205,0.21443514644351463,0.14225941422594146
SG-007-NOMOGRAM-001,mode,E_y_2_1,E_y,2,1,nan,206,0.21548117154811716,0.13807531380753135
SG-007-NOMOGRAM-001,mode,E_y_2_1,E_y,2,1,nan,207,0.21652719665271966,0.13389121338912136
SG-007-NOMOGRAM-001,mode,E_y_2_1,E_y,2,1,nan,208,0.21757322175732219,0.12970711297071125
SG-007-NOMOGRAM-001,mode,E_y_2_1,E_y,2,1,nan,209,0.21861924686192469,0.12552301255230125
SG-007-NOMOGRAM-001,mode,E_y_2_1,E_y,2,1,nan,210,0.21966527196652719,0.12133891213389125
SG-007-NOMOGRAM-001,mode,E_y_2_1,E_y,2,1,nan,211,0.22071129707112971,0.11715481171548114
SG-007-NOMOGRAM-001,mode,E_y_2_1,E_y,2,1,nan,212,0.22175732217573221,0.11297071129707115
SG-007-NOMOGRAM-001,mode,E_y_2_1,E_y,2,1,nan,213,0.22280334728033474,0.10878661087866104
SG-007-NOMOGRAM-001,mode,E_y_2_1,E_y,2,1,nan,214,0.22384937238493724,0.10460251046025104
SG-007-NOMOGRAM-001,mode,E_y_2_1,E_y,2,1,nan,215,0.22489539748953974,0.10041841004184104
SG-007-NOMOGRAM-001,mode,E_y_2_1,E_y,2,1,nan,216,0.22594142259414227,0.096234309623430936
SG-007-NOMOGRAM-001,mode,E_y_2_1,E_y,2,1,nan,217,0.22698744769874477,0.092050209205020939
SG-007-NOMOGRAM-001,mode,E_y_2_1,E_y,2,1,nan,218,0.22803347280334729,0.08786610878661083
SG-007-NOMOGRAM-001,mode,E_y_2_1,E_y,2,1,nan,219,0.22907949790794979,0.083682008368200833
SG-007-NOMOGRAM-001,mode,E_y_2_1,E_y,2,1,nan,220,0.23012552301255229,0.079497907949790836
SG-007-NOMOGRAM-001,mode,E_y_2_1,E_y,2,1,nan,221,0.23117154811715482,0.075313807531380728
SG-007-NOMOGRAM-001,mode,E_y_2_1,E_y,2,1,nan,222,0.23221757322175732,0.07112970711297073
SG-007-NOMOGRAM-001,mode,E_y_2_1,E_y,2,1,nan,223,0.23326359832635984,0.066945606694560622
SG-007-NOMOGRAM-001,mode,E_y_2_1,E_y,2,1,nan,224,0.23430962343096234,0.062761506276150625
SG-007-NOMOGRAM-001,mode,E_y_2_1,E_y,2,1,nan,225,0.23535564853556484,0.058577405857740628
SG-007-NOMOGRAM-001,mode,E_y_2_1,E_y,2,1,nan,226,0.23640167364016737,0.054393305439330519
SG-007-NOMOGRAM-001,mode,E_y_2_1,E_y,2,1,nan,227,0.23744769874476987,0.050209205020920522
SG-007-NOMOGRAM-001,mode,E_y_2_1,E_y,2,1,nan,228,0.2384937238493724,0.046025104602510414
SG-007-NOMOGRAM-001,mode,E_y_2_1,E_y,2,1,nan,229,0.2395397489539749,0.041841004184100417
SG-007-NOMOGRAM-001,mode,E_y_2_1,E_y,2,1,nan,230,0.2405857740585774,0.037656903765690419
SG-007-NOMOGRAM-001,mode,E_y_2_1,E_y,2,1,nan,231,0.24163179916317992,0.033472803347280311
SG-007-NOMOGRAM-001,mode,E_y_2_1,E_y,2,1,nan,232,0.24267782426778242,0.029288702928870314
SG-007-NOMOGRAM-001,mode,E_y_2_1,E_y,2,1,nan,233,0.24372384937238495,0.025104602510460206
SG-007-NOMOGRAM-001,mode,E_y_2_1,E_y,2,1,nan,234,0.24476987447698745,0.020920502092050208
SG-007-NOMOGRAM-001,mode,E_y_2_1,E_y,2,1,nan,235,0.24581589958158995,0.016736401673640211
SG-007-NOMOGRAM-001,mode,E_y_2_1,E_y,2,1,nan,236,0.24686192468619247,0.012552301255230103
SG-007-NOMOGRAM-001,mode,E_y_2_1,E_y,2,1,nan,237,0.24790794979079497,0.0083682008368201055
SG-007-NOMOGRAM-001,mode,E_y_2_1,E_y,2,1,nan,238,0.2489539748953975,0.0041841004184099972
SG-007-NOMOGRAM-001,mode,E_y_2_1,E_y,2,1,nan,239,0.25,0
SG-007-NOMOGRAM-001,mode,E_y_1_1,E_y,1,1,nan,0,0,1
SG-007-NOMOGRAM-001,mode,E_y_1_1,E_y,1,1,nan,1,0.0041841004184100415,0.99581589958159
SG-007-NOMOGRAM-001,mode,E_y_1_1,E_y,1,1,nan,2,0.008368200836820083,0.99163179916317989
SG-007-NOMOGRAM-001,mode,E_y_1_1,E_y,1,1,nan,3,0.012552301255230125,0.9874476987447699
SG-007-NOMOGRAM-001,mode,E_y_1_1,E_y,1,1,nan,4,0.016736401673640166,0.98326359832635979
SG-007-NOMOGRAM-001,mode,E_y_1_1,E_y,1,1,nan,5,0.020920502092050208,0.97907949790794979
SG-007-NOMOGRAM-001,mode,E_y_1_1,E_y,1,1,nan,6,0.025104602510460251,0.97489539748953979
SG-007-NOMOGRAM-001,mode,E_y_1_1,E_y,1,1,nan,7,0.029288702928870293,0.97071129707112969
SG-007-NOMOGRAM-001,mode,E_y_1_1,E_y,1,1,nan,8,0.033472803347280332,0.96652719665271969
SG-007-NOMOGRAM-001,mode,E_y_1_1,E_y,1,1,nan,9,0.037656903765690378,0.96234309623430958
SG-007-NOMOGRAM-001,mode,E_y_1_1,E_y,1,1,nan,10,0.041841004184100417,0.95815899581589958
SG-007-NOMOGRAM-001,mode,E_y_1_1,E_y,1,1,nan,11,0.046025104602510462,0.95397489539748959
SG-007-NOMOGRAM-001,mode,E_y_1_1,E_y,1,1,nan,12,0.050209205020920501,0.94979079497907948
SG-007-NOMOGRAM-001,mode,E_y_1_1,E_y,1,1,nan,13,0.054393305439330547,0.94560669456066948
SG-007-NOMOGRAM-001,mode,E_y_1_1,E_y,1,1,nan,14,0.058577405857740586,0.94142259414225937
SG-007-NOMOGRAM-001,mode,E_y_1_1,E_y,1,1,nan,15,0.062761506276150625,0.93723849372384938
SG-007-NOMOGRAM-001,mode,E_y_1_1,E_y,1,1,nan,16,0.066945606694560664,0.93305439330543938
SG-007-NOMOGRAM-001,mode,E_y_1_1,E_y,1,1,nan,17,0.071129707112970716,0.92887029288702927
SG-007-NOMOGRAM-001,mode,E_y_1_1,E_y,1,1,nan,18,0.075313807531380755,0.92468619246861927
SG-007-NOMOGRAM-001,mode,E_y_1_1,E_y,1,1,nan,19,0.079497907949790794,0.92050209205020916
SG-007-NOMOGRAM-001,mode,E_y_1_1,E_y,1,1,nan,20,0.083682008368200833,0.91631799163179917
SG-007-NOMOGRAM-001,mode,E_y_1_1,E_y,1,1,nan,21,0.087866108786610872,0.91213389121338917
SG-007-NOMOGRAM-001,mode,E_y_1_1,E_y,1,1,nan,22,0.092050209205020925,0.90794979079497906
SG-007-NOMOGRAM-001,mode,E_y_1_1,E_y,1,1,nan,23,0.096234309623430964,0.90376569037656906
SG-007-NOMOGRAM-001,mode,E_y_1_1,E_y,1,1,nan,24,0.100418410041841,0.89958158995815896
SG-007-NOMOGRAM-001,mode,E_y_1_1,E_y,1,1,nan,25,0.10460251046025104,0.89539748953974896
SG-007-NOMOGRAM-001,mode,E_y_1_1,E_y,1,1,nan,26,0.10878661087866109,0.89121338912133896
SG-007-NOMOGRAM-001,mode,E_y_1_1,E_y,1,1,nan,27,0.11297071129707113,0.88702928870292885
SG-007-NOMOGRAM-001,mode,E_y_1_1,E_y,1,1,nan,28,0.11715481171548117,0.88284518828451886
SG-007-NOMOGRAM-001,mode,E_y_1_1,E_y,1,1,nan,29,0.12133891213389121,0.87866108786610875
SG-007-NOMOGRAM-001,mode,E_y_1_1,E_y,1,1,nan,30,0.12552301255230125,0.87447698744769875
SG-007-NOMOGRAM-001,mode,E_y_1_1,E_y,1,1,nan,31,0.1297071129707113,0.87029288702928875
SG-007-NOMOGRAM-001,mode,E_y_1_1,E_y,1,1,nan,32,0.13389121338912133,0.86610878661087864
SG-007-NOMOGRAM-001,mode,E_y_1_1,E_y,1,1,nan,33,0.13807531380753138,0.86192468619246865
SG-007-NOMOGRAM-001,mode,E_y_1_1,E_y,1,1,nan,34,0.14225941422594143,0.85774058577405854
SG-007-NOMOGRAM-001,mode,E_y_1_1,E_y,1,1,nan,35,0.14644351464435146,0.85355648535564854
SG-007-NOMOGRAM-001,mode,E_y_1_1,E_y,1,1,nan,36,0.15062761506276151,0.84937238493723854
SG-007-NOMOGRAM-001,mode,E_y_1_1,E_y,1,1,nan,37,0.15481171548117154,0.84518828451882844
SG-007-NOMOGRAM-001,mode,E_y_1_1,E_y,1,1,nan,38,0.15899581589958159,0.84100418410041844
SG-007-NOMOGRAM-001,mode,E_y_1_1,E_y,1,1,nan,39,0.16317991631799164,0.83682008368200833
SG-007-NOMOGRAM-001,mode,E_y_1_1,E_y,1,1,nan,40,0.16736401673640167,0.83263598326359833
SG-007-NOMOGRAM-001,mode,E_y_1_1,E_y,1,1,nan,41,0.17154811715481172,0.82845188284518834
SG-007-NOMOGRAM-001,mode,E_y_1_1,E_y,1,1,nan,42,0.17573221757322174,0.82426778242677823
SG-007-NOMOGRAM-001,mode,E_y_1_1,E_y,1,1,nan,43,0.1799163179916318,0.82008368200836823
SG-007-NOMOGRAM-001,mode,E_y_1_1,E_y,1,1,nan,44,0.18410041841004185,0.81589958158995812
SG-007-NOMOGRAM-001,mode,E_y_1_1,E_y,1,1,nan,45,0.18828451882845187,0.81171548117154813
SG-007-NOMOGRAM-001,mode,E_y_1_1,E_y,1,1,nan,46,0.19246861924686193,0.80753138075313813
SG-007-NOMOGRAM-001,mode,E_y_1_1,E_y,1,1,nan,47,0.19665271966527198,0.80334728033472802
SG-007-NOMOGRAM-001,mode,E_y_1_1,E_y,1,1,nan,48,0.20083682008368201,0.79916317991631802
SG-007-NOMOGRAM-001,mode,E_y_1_1,E_y,1,1,nan,49,0.20502092050209206,0.79497907949790791
SG-007-NOMOGRAM-001,mode,E_y_1_1,E_y,1,1,nan,50,0.20920502092050208,0.79079497907949792
SG-007-NOMOGRAM-001,mode,E_y_1_1,E_y,1,1,nan,51,0.21338912133891214,0.78661087866108792
SG-007-NOMOGRAM-001,mode,E_y_1_1,E_y,1,1,nan,52,0.21757322175732219,0.78242677824267781
SG-007-NOMOGRAM-001,mode,E_y_1_1,E_y,1,1,nan,53,0.22175732217573221,0.77824267782426781
SG-007-NOMOGRAM-001,mode,E_y_1_1,E_y,1,1,nan,54,0.22594142259414227,0.77405857740585771
SG-007-NOMOGRAM-001,mode,E_y_1_1,E_y,1,1,nan,55,0.23012552301255229,0.76987447698744771
SG-007-NOMOGRAM-001,mode,E_y_1_1,E_y,1,1,nan,56,0.23430962343096234,0.76569037656903771
SG-007-NOMOGRAM-001,mode,E_y_1_1,E_y,1,1,nan,57,0.2384937238493724,0.7615062761506276
SG-007-NOMOGRAM-001,mode,E_y_1_1,E_y,1,1,nan,58,0.24267782426778242,0.75732217573221761
SG-007-NOMOGRAM-001,mode,E_y_1_1,E_y,1,1,nan,59,0.24686192468619247,0.7531380753138075
SG-007-NOMOGRAM-001,mode,E_y_1_1,E_y,1,1,nan,60,0.2510460251046025,0.7489539748953975
SG-007-NOMOGRAM-001,mode,E_y_1_1,E_y,1,1,nan,61,0.25523012552301255,0.7447698744769875
SG-007-NOMOGRAM-001,mode,E_y_1_1,E_y,1,1,nan,62,0.2594142259414226,0.7405857740585774
SG-007-NOMOGRAM-001,mode,E_y_1_1,E_y,1,1,nan,63,0.26359832635983266,0.73640167364016729
SG-007-NOMOGRAM-001,mode,E_y_1_1,E_y,1,1,nan,64,0.26778242677824265,0.73221757322175729
SG-007-NOMOGRAM-001,mode,E_y_1_1,E_y,1,1,nan,65,0.27196652719665271,0.72803347280334729
SG-007-NOMOGRAM-001,mode,E_y_1_1,E_y,1,1,nan,66,0.27615062761506276,0.7238493723849373
SG-007-NOMOGRAM-001,mode,E_y_1_1,E_y,1,1,nan,67,0.28033472803347281,0.71966527196652719
SG-007-NOMOGRAM-001,mode,E_y_1_1,E_y,1,1,nan,68,0.28451882845188287,0.71548117154811708
SG-007-NOMOGRAM-001,mode,E_y_1_1,E_y,1,1,nan,69,0.28870292887029286,0.71129707112970708
SG-007-NOMOGRAM-001,mode,E_y_1_1,E_y,1,1,nan,70,0.29288702928870292,0.70711297071129708
SG-007-NOMOGRAM-001,mode,E_y_1_1,E_y,1,1,nan,71,0.29707112970711297,0.70292887029288709
SG-007-NOMOGRAM-001,mode,E_y_1_1,E_y,1,1,nan,72,0.30125523012552302,0.69874476987447698
SG-007-NOMOGRAM-001,mode,E_y_1_1,E_y,1,1,nan,73,0.30543933054393307,0.69456066945606687
SG-007-NOMOGRAM-001,mode,E_y_1_1,E_y,1,1,nan,74,0.30962343096234307,0.69037656903765687
SG-007-NOMOGRAM-001,mode,E_y_1_1,E_y,1,1,nan,75,0.31380753138075312,0.68619246861924688
SG-007-NOMOGRAM-001,mode,E_y_1_1,E_y,1,1,nan,76,0.31799163179916318,0.68200836820083688
SG-007-NOMOGRAM-001,mode,E_y_1_1,E_y,1,1,nan,77,0.32217573221757323,0.67782426778242677
SG-007-NOMOGRAM-001,mode,E_y_1_1,E_y,1,1,nan,78,0.32635983263598328,0.67364016736401666
SG-007-NOMOGRAM-001,mode,E_y_1_1,E_y,1,1,nan,79,0.33054393305439328,0.66945606694560666
SG-007-NOMOGRAM-001,mode,E_y_1_1,E_y,1,1,nan,80,0.33472803347280333,0.66527196652719667
SG-007-NOMOGRAM-001,mode,E_y_1_1,E_y,1,1,nan,81,0.33891213389121339,0.66108786610878667
SG-007-NOMOGRAM-001,mode,E_y_1_1,E_y,1,1,nan,82,0.34309623430962344,0.65690376569037656
SG-007-NOMOGRAM-001,mode,E_y_1_1,E_y,1,1,nan,83,0.34728033472803349,0.65271966527196645
SG-007-NOMOGRAM-001,mode,E_y_1_1,E_y,1,1,nan,84,0.35146443514644349,0.64853556485355646
SG-007-NOMOGRAM-001,mode,E_y_1_1,E_y,1,1,nan,85,0.35564853556485354,0.64435146443514646
SG-007-NOMOGRAM-001,mode,E_y_1_1,E_y,1,1,nan,86,0.35983263598326359,0.64016736401673646
SG-007-NOMOGRAM-001,mode,E_y_1_1,E_y,1,1,nan,87,0.36401673640167365,0.63598326359832635
SG-007-NOMOGRAM-001,mode,E_y_1_1,E_y,1,1,nan,88,0.3682008368200837,0.63179916317991625
SG-007-NOMOGRAM-001,mode,E_y_1_1,E_y,1,1,nan,89,0.3723849372384937,0.62761506276150625
SG-007-NOMOGRAM-001,mode,E_y_1_1,E_y,1,1,nan,90,0.37656903765690375,0.62343096234309625
SG-007-NOMOGRAM-001,mode,E_y_1_1,E_y,1,1,nan,91,0.3807531380753138,0.61924686192468625
SG-007-NOMOGRAM-001,mode,E_y_1_1,E_y,1,1,nan,92,0.38493723849372385,0.61506276150627615
SG-007-NOMOGRAM-001,mode,E_y_1_1,E_y,1,1,nan,93,0.38912133891213391,0.61087866108786604
SG-007-NOMOGRAM-001,mode,E_y_1_1,E_y,1,1,nan,94,0.39330543933054396,0.60669456066945604
SG-007-NOMOGRAM-001,mode,E_y_1_1,E_y,1,1,nan,95,0.39748953974895396,0.60251046025104604
SG-007-NOMOGRAM-001,mode,E_y_1_1,E_y,1,1,nan,96,0.40167364016736401,0.59832635983263605
SG-007-NOMOGRAM-001,mode,E_y_1_1,E_y,1,1,nan,97,0.40585774058577406,0.59414225941422594
SG-007-NOMOGRAM-001,mode,E_y_1_1,E_y,1,1,nan,98,0.41004184100418412,0.58995815899581583
SG-007-NOMOGRAM-001,mode,E_y_1_1,E_y,1,1,nan,99,0.41422594142259417,0.58577405857740583
SG-007-NOMOGRAM-001,mode,E_y_1_1,E_y,1,1,nan,100,0.41841004184100417,0.58158995815899583
SG-007-NOMOGRAM-001,mode,E_y_1_1,E_y,1,1,nan,101,0.42259414225941422,0.57740585774058584
SG-007-NOMOGRAM-001,mode,E_y_1_1,E_y,1,1,nan,102,0.42677824267782427,0.57322175732217573
SG-007-NOMOGRAM-001,mode,E_y_1_1,E_y,1,1,nan,103,0.43096234309623432,0.56903765690376562
SG-007-NOMOGRAM-001,mode,E_y_1_1,E_y,1,1,nan,104,0.43514644351464438,0.56485355648535562
SG-007-NOMOGRAM-001,mode,E_y_1_1,E_y,1,1,nan,105,0.43933054393305437,0.56066945606694563
SG-007-NOMOGRAM-001,mode,E_y_1_1,E_y,1,1,nan,106,0.44351464435146443,0.55648535564853563
SG-007-NOMOGRAM-001,mode,E_y_1_1,E_y,1,1,nan,107,0.44769874476987448,0.55230125523012552
SG-007-NOMOGRAM-001,mode,E_y_1_1,E_y,1,1,nan,108,0.45188284518828453,0.54811715481171541
SG-007-NOMOGRAM-001,mode,E_y_1_1,E_y,1,1,nan,109,0.45606694560669458,0.54393305439330542
SG-007-NOMOGRAM-001,mode,E_y_1_1,E_y,1,1,nan,110,0.46025104602510458,0.53974895397489542
SG-007-NOMOGRAM-001,mode,E_y_1_1,E_y,1,1,nan,111,0.46443514644351463,0.53556485355648542
SG-007-NOMOGRAM-001,mode,E_y_1_1,E_y,1,1,nan,112,0.46861924686192469,0.53138075313807531
SG-007-NOMOGRAM-001,mode,E_y_1_1,E_y,1,1,nan,113,0.47280334728033474,0.5271966527196652
SG-007-NOMOGRAM-001,mode,E_y_1_1,E_y,1,1,nan,114,0.47698744769874479,0.52301255230125521
SG-007-NOMOGRAM-001,mode,E_y_1_1,E_y,1,1,nan,115,0.48117154811715479,0.51882845188284521
SG-007-NOMOGRAM-001,mode,E_y_1_1,E_y,1,1,nan,116,0.48535564853556484,0.51464435146443521
SG-007-NOMOGRAM-001,mode,E_y_1_1,E_y,1,1,nan,117,0.4895397489539749,0.5104602510460251
SG-007-NOMOGRAM-001,mode,E_y_1_1,E_y,1,1,nan,118,0.49372384937238495,0.506276150627615
SG-007-NOMOGRAM-001,mode,E_y_1_1,E_y,1,1,nan,119,0.497907949790795,0.502092050209205
SG-007-NOMOGRAM-001,mode,E_y_1_1,E_y,1,1,nan,120,0.502092050209205,0.497907949790795
SG-007-NOMOGRAM-001,mode,E_y_1_1,E_y,1,1,nan,121,0.50627615062761511,0.49372384937238489
SG-007-NOMOGRAM-001,mode,E_y_1_1,E_y,1,1,nan,122,0.5104602510460251,0.4895397489539749
SG-007-NOMOGRAM-001,mode,E_y_1_1,E_y,1,1,nan,123,0.5146443514644351,0.4853556485355649
SG-007-NOMOGRAM-001,mode,E_y_1_1,E_y,1,1,nan,124,0.51882845188284521,0.48117154811715479
SG-007-NOMOGRAM-001,mode,E_y_1_1,E_y,1,1,nan,125,0.52301255230125521,0.47698744769874479
SG-007-NOMOGRAM-001,mode,E_y_1_1,E_y,1,1,nan,126,0.52719665271966532,0.47280334728033468
SG-007-NOMOGRAM-001,mode,E_y_1_1,E_y,1,1,nan,127,0.53138075313807531,0.46861924686192469
SG-007-NOMOGRAM-001,mode,E_y_1_1,E_y,1,1,nan,128,0.53556485355648531,0.46443514644351469
SG-007-NOMOGRAM-001,mode,E_y_1_1,E_y,1,1,nan,129,0.53974895397489542,0.46025104602510458
SG-007-NOMOGRAM-001,mode,E_y_1_1,E_y,1,1,nan,130,0.54393305439330542,0.45606694560669458
SG-007-NOMOGRAM-001,mode,E_y_1_1,E_y,1,1,nan,131,0.54811715481171552,0.45188284518828448
SG-007-NOMOGRAM-001,mode,E_y_1_1,E_y,1,1,nan,132,0.55230125523012552,0.44769874476987448
SG-007-NOMOGRAM-001,mode,E_y_1_1,E_y,1,1,nan,133,0.55648535564853552,0.44351464435146448
SG-007-NOMOGRAM-001,mode,E_y_1_1,E_y,1,1,nan,134,0.56066945606694563,0.43933054393305437
SG-007-NOMOGRAM-001,mode,E_y_1_1,E_y,1,1,nan,135,0.56485355648535562,0.43514644351464438
SG-007-NOMOGRAM-001,mode,E_y_1_1,E_y,1,1,nan,136,0.56903765690376573,0.43096234309623427
SG-007-NOMOGRAM-001,mode,E_y_1_1,E_y,1,1,nan,137,0.57322175732217573,0.42677824267782427
SG-007-NOMOGRAM-001,mode,E_y_1_1,E_y,1,1,nan,138,0.57740585774058573,0.42259414225941427
SG-007-NOMOGRAM-001,mode,E_y_1_1,E_y,1,1,nan,139,0.58158995815899583,0.41841004184100417
SG-007-NOMOGRAM-001,mode,E_y_1_1,E_y,1,1,nan,140,0.58577405857740583,0.41422594142259417
SG-007-NOMOGRAM-001,mode,E_y_1_1,E_y,1,1,nan,141,0.58995815899581594,0.41004184100418406
SG-007-NOMOGRAM-001,mode,E_y_1_1,E_y,1,1,nan,142,0.59414225941422594,0.40585774058577406
SG-007-NOMOGRAM-001,mode,E_y_1_1,E_y,1,1,nan,143,0.59832635983263593,0.40167364016736407
SG-007-NOMOGRAM-001,mode,E_y_1_1,E_y,1,1,nan,144,0.60251046025104604,0.39748953974895396
SG-007-NOMOGRAM-001,mode,E_y_1_1,E_y,1,1,nan,145,0.60669456066945604,0.39330543933054396
SG-007-NOMOGRAM-001,mode,E_y_1_1,E_y,1,1,nan,146,0.61087866108786615,0.38912133891213385
SG-007-NOMOGRAM-001,mode,E_y_1_1,E_y,1,1,nan,147,0.61506276150627615,0.38493723849372385
SG-007-NOMOGRAM-001,mode,E_y_1_1,E_y,1,1,nan,148,0.61924686192468614,0.38075313807531386
SG-007-NOMOGRAM-001,mode,E_y_1_1,E_y,1,1,nan,149,0.62343096234309625,0.37656903765690375
SG-007-NOMOGRAM-001,mode,E_y_1_1,E_y,1,1,nan,150,0.62761506276150625,0.37238493723849375
SG-007-NOMOGRAM-001,mode,E_y_1_1,E_y,1,1,nan,151,0.63179916317991636,0.36820083682008364
SG-007-NOMOGRAM-001,mode,E_y_1_1,E_y,1,1,nan,152,0.63598326359832635,0.36401673640167365
SG-007-NOMOGRAM-001,mode,E_y_1_1,E_y,1,1,nan,153,0.64016736401673635,0.35983263598326365
SG-007-NOMOGRAM-001,mode,E_y_1_1,E_y,1,1,nan,154,0.64435146443514646,0.35564853556485354
SG-007-NOMOGRAM-001,mode,E_y_1_1,E_y,1,1,nan,155,0.64853556485355646,0.35146443514644354
SG-007-NOMOGRAM-001,mode,E_y_1_1,E_y,1,1,nan,156,0.65271966527196656,0.34728033472803344
SG-007-NOMOGRAM-001,mode,E_y_1_1,E_y,1,1,nan,157,0.65690376569037656,0.34309623430962344
SG-007-NOMOGRAM-001,mode,E_y_1_1,E_y,1,1,nan,158,0.66108786610878656,0.33891213389121344
SG-007-NOMOGRAM-001,mode,E_y_1_1,E_y,1,1,nan,159,0.66527196652719667,0.33472803347280333
SG-007-NOMOGRAM-001,mode,E_y_1_1,E_y,1,1,nan,160,0.66945606694560666,0.33054393305439334
SG-007-NOMOGRAM-001,mode,E_y_1_1,E_y,1,1,nan,161,0.67364016736401677,0.32635983263598323
SG-007-NOMOGRAM-001,mode,E_y_1_1,E_y,1,1,nan,162,0.67782426778242677,0.32217573221757323
SG-007-NOMOGRAM-001,mode,E_y_1_1,E_y,1,1,nan,163,0.68200836820083677,0.31799163179916323
SG-007-NOMOGRAM-001,mode,E_y_1_1,E_y,1,1,nan,164,0.68619246861924688,0.31380753138075312
SG-007-NOMOGRAM-001,mode,E_y_1_1,E_y,1,1,nan,165,0.69037656903765687,0.30962343096234313
SG-007-NOMOGRAM-001,mode,E_y_1_1,E_y,1,1,nan,166,0.69456066945606698,0.30543933054393302
SG-007-NOMOGRAM-001,mode,E_y_1_1,E_y,1,1,nan,167,0.69874476987447698,0.30125523012552302
SG-007-NOMOGRAM-001,mode,E_y_1_1,E_y,1,1,nan,168,0.70292887029288698,0.29707112970711302
SG-007-NOMOGRAM-001,mode,E_y_1_1,E_y,1,1,nan,169,0.70711297071129708,0.29288702928870292
SG-007-NOMOGRAM-001,mode,E_y_1_1,E_y,1,1,nan,170,0.71129707112970708,0.28870292887029292
SG-007-NOMOGRAM-001,mode,E_y_1_1,E_y,1,1,nan,171,0.71548117154811719,0.28451882845188281
SG-007-NOMOGRAM-001,mode,E_y_1_1,E_y,1,1,nan,172,0.71966527196652719,0.28033472803347281
SG-007-NOMOGRAM-001,mode,E_y_1_1,E_y,1,1,nan,173,0.72384937238493718,0.27615062761506282
SG-007-NOMOGRAM-001,mode,E_y_1_1,E_y,1,1,nan,174,0.72803347280334729,0.27196652719665271
SG-007-NOMOGRAM-001,mode,E_y_1_1,E_y,1,1,nan,175,0.73221757322175729,0.26778242677824271
SG-007-NOMOGRAM-001,mode,E_y_1_1,E_y,1,1,nan,176,0.7364016736401674,0.2635983263598326
SG-007-NOMOGRAM-001,mode,E_y_1_1,E_y,1,1,nan,177,0.7405857740585774,0.2594142259414226
SG-007-NOMOGRAM-001,mode,E_y_1_1,E_y,1,1,nan,178,0.74476987447698739,0.25523012552301261
SG-007-NOMOGRAM-001,mode,E_y_1_1,E_y,1,1,nan,179,0.7489539748953975,0.2510460251046025
SG-007-NOMOGRAM-001,mode,E_y_1_1,E_y,1,1,nan,180,0.7531380753138075,0.2468619246861925
SG-007-NOMOGRAM-001,mode,E_y_1_1,E_y,1,1,nan,181,0.75732217573221761,0.24267782426778239
SG-007-NOMOGRAM-001,mode,E_y_1_1,E_y,1,1,nan,182,0.7615062761506276,0.2384937238493724
SG-007-NOMOGRAM-001,mode,E_y_1_1,E_y,1,1,nan,183,0.76569037656903771,0.23430962343096229
SG-007-NOMOGRAM-001,mode,E_y_1_1,E_y,1,1,nan,184,0.76987447698744771,0.23012552301255229
SG-007-NOMOGRAM-001,mode,E_y_1_1,E_y,1,1,nan,185,0.77405857740585771,0.22594142259414229
SG-007-NOMOGRAM-001,mode,E_y_1_1,E_y,1,1,nan,186,0.77824267782426781,0.22175732217573219
SG-007-NOMOGRAM-001,mode,E_y_1_1,E_y,1,1,nan,187,0.78242677824267781,0.21757322175732219
SG-007-NOMOGRAM-001,mode,E_y_1_1,E_y,1,1,nan,188,0.78661087866108792,0.21338912133891208
SG-007-NOMOGRAM-001,mode,E_y_1_1,E_y,1,1,nan,189,0.79079497907949792,0.20920502092050208
SG-007-NOMOGRAM-001,mode,E_y_1_1,E_y,1,1,nan,190,0.79497907949790791,0.20502092050209209
SG-007-NOMOGRAM-001,mode,E_y_1_1,E_y,1,1,nan,191,0.79916317991631802,0.20083682008368198
SG-007-NOMOGRAM-001,mode,E_y_1_1,E_y,1,1,nan,192,0.80334728033472802,0.19665271966527198
SG-007-NOMOGRAM-001,mode,E_y_1_1,E_y,1,1,nan,193,0.80753138075313813,0.19246861924686187
SG-007-NOMOGRAM-001,mode,E_y_1_1,E_y,1,1,nan,194,0.81171548117154813,0.18828451882845187
SG-007-NOMOGRAM-001,mode,E_y_1_1,E_y,1,1,nan,195,0.81589958158995812,0.18410041841004188
SG-007-NOMOGRAM-001,mode,E_y_1_1,E_y,1,1,nan,196,0.82008368200836823,0.17991631799163177
SG-007-NOMOGRAM-001,mode,E_y_1_1,E_y,1,1,nan,197,0.82426778242677823,0.17573221757322177
SG-007-NOMOGRAM-001,mode,E_y_1_1,E_y,1,1,nan,198,0.82845188284518834,0.17154811715481166
SG-007-NOMOGRAM-001,mode,E_y_1_1,E_y,1,1,nan,199,0.83263598326359833,0.16736401673640167
SG-007-NOMOGRAM-001,mode,E_y_1_1,E_y,1,1,nan,200,0.83682008368200833,0.16317991631799167
SG-007-NOMOGRAM-001,mode,E_y_1_1,E_y,1,1,nan,201,0.84100418410041844,0.15899581589958156
SG-007-NOMOGRAM-001,mode,E_y_1_1,E_y,1,1,nan,202,0.84518828451882844,0.15481171548117156
SG-007-NOMOGRAM-001,mode,E_y_1_1,E_y,1,1,nan,203,0.84937238493723854,0.15062761506276146
SG-007-NOMOGRAM-001,mode,E_y_1_1,E_y,1,1,nan,204,0.85355648535564854,0.14644351464435146
SG-007-NOMOGRAM-001,mode,E_y_1_1,E_y,1,1,nan,205,0.85774058577405854,0.14225941422594146
SG-007-NOMOGRAM-001,mode,E_y_1_1,E_y,1,1,nan,206,0.86192468619246865,0.13807531380753135
SG-007-NOMOGRAM-001,mode,E_y_1_1,E_y,1,1,nan,207,0.86610878661087864,0.13389121338912136
SG-007-NOMOGRAM-001,mode,E_y_1_1,E_y,1,1,nan,208,0.87029288702928875,0.12970711297071125
SG-007-NOMOGRAM-001,mode,E_y_1_1,E_y,1,1,nan,209,0.87447698744769875,0.12552301255230125
SG-007-NOMOGRAM-001,mode,E_y_1_1,E_y,1,1,nan,210,0.87866108786610875,0.12133891213389125
SG-007-NOMOGRAM-001,mode,E_y_1_1,E_y,1,1,nan,211,0.88284518828451886,0.11715481171548114
SG-007-NOMOGRAM-001,mode,E_y_1_1,E_y,1,1,nan,212,0.88702928870292885,0.11297071129707115
SG-007-NOMOGRAM-001,mode,E_y_1_1,E_y,1,1,nan,213,0.89121338912133896,0.10878661087866104
SG-007-NOMOGRAM-001,mode,E_y_1_1,E_y,1,1,nan,214,0.89539748953974896,0.10460251046025104
SG-007-NOMOGRAM-001,mode,E_y_1_1,E_y,1,1,nan,215,0.89958158995815896,0.10041841004184104
SG-007-NOMOGRAM-001,mode,E_y_1_1,E_y,1,1,nan,216,0.90376569037656906,0.096234309623430936
SG-007-NOMOGRAM-001,mode,E_y_1_1,E_y,1,1,nan,217,0.90794979079497906,0.092050209205020939
SG-007-NOMOGRAM-001,mode,E_y_1_1,E_y,1,1,nan,218,0.91213389121338917,0.08786610878661083
SG-007-NOMOGRAM-001,mode,E_y_1_1,E_y,1,1,nan,219,0.91631799163179917,0.083682008368200833
SG-007-NOMOGRAM-001,mode,E_y_1_1,E_y,1,1,nan,220,0.92050209205020916,0.079497907949790836
SG-007-NOMOGRAM-001,mode,E_y_1_1,E_y,1,1,nan,221,0.92468619246861927,0.075313807531380728
SG-007-NOMOGRAM-001,mode,E_y_1_1,E_y,1,1,nan,222,0.92887029288702927,0.07112970711297073
SG-007-NOMOGRAM-001,mode,E_y_1_1,E_y,1,1,nan,223,0.93305439330543938,0.066945606694560622
SG-007-NOMOGRAM-001,mode,E_y_1_1,E_y,1,1,nan,224,0.93723849372384938,0.062761506276150625
SG-007-NOMOGRAM-001,mode,E_y_1_1,E_y,1,1,nan,225,0.94142259414225937,0.058577405857740628
SG-007-NOMOGRAM-001,mode,E_y_1_1,E_y,1,1,nan,226,0.94560669456066948,0.054393305439330519
SG-007-NOMOGRAM-001,mode,E_y_1_1,E_y,1,1,nan,227,0.94979079497907948,0.050209205020920522
SG-007-NOMOGRAM-001,mode,E_y_1_1,E_y,1,1,nan,228,0.95397489539748959,0.046025104602510414
SG-007-NOMOGRAM-001,mode,E_y_1_1,E_y,1,1,nan,229,0.95815899581589958,0.041841004184100417
SG-007-NOMOGRAM-001,mode,E_y_1_1,E_y,1,1,nan,230,0.96234309623430958,0.037656903765690419
SG-007-NOMOGRAM-001,mode,E_y_1_1,E_y,1,1,nan,231,0.96652719665271969,0.033472803347280311
SG-007-NOMOGRAM-001,mode,E_y_1_1,E_y,1,1,nan,232,0.97071129707112969,0.029288702928870314
SG-007-NOMOGRAM-001,mode,E_y_1_1,E_y,1,1,nan,233,0.97489539748953979,0.025104602510460206
SG-007-NOMOGRAM-001,mode,E_y_1_1,E_y,1,1,nan,234,0.97907949790794979,0.020920502092050208
SG-007-NOMOGRAM-001,mode,E_y_1_1,E_y,1,1,nan,235,0.98326359832635979,0.016736401673640211
SG-007-NOMOGRAM-001,mode,E_y_1_1,E_y,1,1,nan,236,0.9874476987447699,0.012552301255230103
SG-007-NOMOGRAM-001,mode,E_y_1_1,E_y,1,1,nan,237,0.99163179916317989,0.0083682008368201055
SG-007-NOMOGRAM-001,mode,E_y_1_1,E_y,1,1,nan,238,0.99581589958159,0.0041841004184099972
SG-007-NOMOGRAM-001,mode,E_y_1_1,E_y,1,1,nan,239,1,0
SG-007-NOMOGRAM-001,mode,E_y_1_2,E_y,1,2,nan,0,0,0.25
SG-007-NOMOGRAM-001,mode,E_y_1_2,E_y,1,2,nan,1,0.0041841004184100415,0.2489539748953975
SG-007-NOMOGRAM-001,mode,E_y_1_2,E_y,1,2,nan,2,0.008368200836820083,0.24790794979079497
SG-007-NOMOGRAM-001,mode,E_y_1_2,E_y,1,2,nan,3,0.012552301255230125,0.24686192468619247
SG-007-NOMOGRAM-001,mode,E_y_1_2,E_y,1,2,nan,4,0.016736401673640166,0.24581589958158995
SG-007-NOMOGRAM-001,mode,E_y_1_2,E_y,1,2,nan,5,0.020920502092050208,0.24476987447698745
SG-007-NOMOGRAM-001,mode,E_y_1_2,E_y,1,2,nan,6,0.025104602510460251,0.24372384937238495
SG-007-NOMOGRAM-001,mode,E_y_1_2,E_y,1,2,nan,7,0.029288702928870293,0.24267782426778242
SG-007-NOMOGRAM-001,mode,E_y_1_2,E_y,1,2,nan,8,0.033472803347280332,0.24163179916317992
SG-007-NOMOGRAM-001,mode,E_y_1_2,E_y,1,2,nan,9,0.037656903765690378,0.2405857740585774
SG-007-NOMOGRAM-001,mode,E_y_1_2,E_y,1,2,nan,10,0.041841004184100417,0.2395397489539749
SG-007-NOMOGRAM-001,mode,E_y_1_2,E_y,1,2,nan,11,0.046025104602510462,0.2384937238493724
SG-007-NOMOGRAM-001,mode,E_y_1_2,E_y,1,2,nan,12,0.050209205020920501,0.23744769874476987
SG-007-NOMOGRAM-001,mode,E_y_1_2,E_y,1,2,nan,13,0.054393305439330547,0.23640167364016737
SG-007-NOMOGRAM-001,mode,E_y_1_2,E_y,1,2,nan,14,0.058577405857740586,0.23535564853556484
SG-007-NOMOGRAM-001,mode,E_y_1_2,E_y,1,2,nan,15,0.062761506276150625,0.23430962343096234
SG-007-NOMOGRAM-001,mode,E_y_1_2,E_y,1,2,nan,16,0.066945606694560664,0.23326359832635984
SG-007-NOMOGRAM-001,mode,E_y_1_2,E_y,1,2,nan,17,0.071129707112970716,0.23221757322175732
SG-007-NOMOGRAM-001,mode,E_y_1_2,E_y,1,2,nan,18,0.075313807531380755,0.23117154811715482
SG-007-NOMOGRAM-001,mode,E_y_1_2,E_y,1,2,nan,19,0.079497907949790794,0.23012552301255229
SG-007-NOMOGRAM-001,mode,E_y_1_2,E_y,1,2,nan,20,0.083682008368200833,0.22907949790794979
SG-007-NOMOGRAM-001,mode,E_y_1_2,E_y,1,2,nan,21,0.087866108786610872,0.22803347280334729
SG-007-NOMOGRAM-001,mode,E_y_1_2,E_y,1,2,nan,22,0.092050209205020925,0.22698744769874477
SG-007-NOMOGRAM-001,mode,E_y_1_2,E_y,1,2,nan,23,0.096234309623430964,0.22594142259414227
SG-007-NOMOGRAM-001,mode,E_y_1_2,E_y,1,2,nan,24,0.100418410041841,0.22489539748953974
SG-007-NOMOGRAM-001,mode,E_y_1_2,E_y,1,2,nan,25,0.10460251046025104,0.22384937238493724
SG-007-NOMOGRAM-001,mode,E_y_1_2,E_y,1,2,nan,26,0.10878661087866109,0.22280334728033474
SG-007-NOMOGRAM-001,mode,E_y_1_2,E_y,1,2,nan,27,0.11297071129707113,0.22175732217573221
SG-007-NOMOGRAM-001,mode,E_y_1_2,E_y,1,2,nan,28,0.11715481171548117,0.22071129707112971
SG-007-NOMOGRAM-001,mode,E_y_1_2,E_y,1,2,nan,29,0.12133891213389121,0.21966527196652719
SG-007-NOMOGRAM-001,mode,E_y_1_2,E_y,1,2,nan,30,0.12552301255230125,0.21861924686192469
SG-007-NOMOGRAM-001,mode,E_y_1_2,E_y,1,2,nan,31,0.1297071129707113,0.21757322175732219
SG-007-NOMOGRAM-001,mode,E_y_1_2,E_y,1,2,nan,32,0.13389121338912133,0.21652719665271966
SG-007-NOMOGRAM-001,mode,E_y_1_2,E_y,1,2,nan,33,0.13807531380753138,0.21548117154811716
SG-007-NOMOGRAM-001,mode,E_y_1_2,E_y,1,2,nan,34,0.14225941422594143,0.21443514644351463
SG-007-NOMOGRAM-001,mode,E_y_1_2,E_y,1,2,nan,35,0.14644351464435146,0.21338912133891214
SG-007-NOMOGRAM-001,mode,E_y_1_2,E_y,1,2,nan,36,0.15062761506276151,0.21234309623430964
SG-007-NOMOGRAM-001,mode,E_y_1_2,E_y,1,2,nan,37,0.15481171548117154,0.21129707112970711
SG-007-NOMOGRAM-001,mode,E_y_1_2,E_y,1,2,nan,38,0.15899581589958159,0.21025104602510461
SG-007-NOMOGRAM-001,mode,E_y_1_2,E_y,1,2,nan,39,0.16317991631799164,0.20920502092050208
SG-007-NOMOGRAM-001,mode,E_y_1_2,E_y,1,2,nan,40,0.16736401673640167,0.20815899581589958
SG-007-NOMOGRAM-001,mode,E_y_1_2,E_y,1,2,nan,41,0.17154811715481172,0.20711297071129708
SG-007-NOMOGRAM-001,mode,E_y_1_2,E_y,1,2,nan,42,0.17573221757322174,0.20606694560669456
SG-007-NOMOGRAM-001,mode,E_y_1_2,E_y,1,2,nan,43,0.1799163179916318,0.20502092050209206
SG-007-NOMOGRAM-001,mode,E_y_1_2,E_y,1,2,nan,44,0.18410041841004185,0.20397489539748953
SG-007-NOMOGRAM-001,mode,E_y_1_2,E_y,1,2,nan,45,0.18828451882845187,0.20292887029288703
SG-007-NOMOGRAM-001,mode,E_y_1_2,E_y,1,2,nan,46,0.19246861924686193,0.20188284518828453
SG-007-NOMOGRAM-001,mode,E_y_1_2,E_y,1,2,nan,47,0.19665271966527198,0.20083682008368201
SG-007-NOMOGRAM-001,mode,E_y_1_2,E_y,1,2,nan,48,0.20083682008368201,0.19979079497907951
SG-007-NOMOGRAM-001,mode,E_y_1_2,E_y,1,2,nan,49,0.20502092050209206,0.19874476987447698
SG-007-NOMOGRAM-001,mode,E_y_1_2,E_y,1,2,nan,50,0.20920502092050208,0.19769874476987448
SG-007-NOMOGRAM-001,mode,E_y_1_2,E_y,1,2,nan,51,0.21338912133891214,0.19665271966527198
SG-007-NOMOGRAM-001,mode,E_y_1_2,E_y,1,2,nan,52,0.21757322175732219,0.19560669456066945
SG-007-NOMOGRAM-001,mode,E_y_1_2,E_y,1,2,nan,53,0.22175732217573221,0.19456066945606695
SG-007-NOMOGRAM-001,mode,E_y_1_2,E_y,1,2,nan,54,0.22594142259414227,0.19351464435146443
SG-007-NOMOGRAM-001,mode,E_y_1_2,E_y,1,2,nan,55,0.23012552301255229,0.19246861924686193
SG-007-NOMOGRAM-001,mode,E_y_1_2,E_y,1,2,nan,56,0.23430962343096234,0.19142259414225943
SG-007-NOMOGRAM-001,mode,E_y_1_2,E_y,1,2,nan,57,0.2384937238493724,0.1903765690376569
SG-007-NOMOGRAM-001,mode,E_y_1_2,E_y,1,2,nan,58,0.24267782426778242,0.1893305439330544
SG-007-NOMOGRAM-001,mode,E_y_1_2,E_y,1,2,nan,59,0.24686192468619247,0.18828451882845187
SG-007-NOMOGRAM-001,mode,E_y_1_2,E_y,1,2,nan,60,0.2510460251046025,0.18723849372384938
SG-007-NOMOGRAM-001,mode,E_y_1_2,E_y,1,2,nan,61,0.25523012552301255,0.18619246861924688
SG-007-NOMOGRAM-001,mode,E_y_1_2,E_y,1,2,nan,62,0.2594142259414226,0.18514644351464435
SG-007-NOMOGRAM-001,mode,E_y_1_2,E_y,1,2,nan,63,0.26359832635983266,0.18410041841004182
SG-007-NOMOGRAM-001,mode,E_y_1_2,E_y,1,2,nan,64,0.26778242677824265,0.18305439330543932
SG-007-NOMOGRAM-001,mode,E_y_1_2,E_y,1,2,nan,65,0.27196652719665271,0.18200836820083682
SG-007-NOMOGRAM-001,mode,E_y_1_2,E_y,1,2,nan,66,0.27615062761506276,0.18096234309623432
SG-007-NOMOGRAM-001,mode,E_y_1_2,E_y,1,2,nan,67,0.28033472803347281,0.1799163179916318
SG-007-NOMOGRAM-001,mode,E_y_1_2,E_y,1,2,nan,68,0.28451882845188287,0.17887029288702927
SG-007-NOMOGRAM-001,mode,E_y_1_2,E_y,1,2,nan,69,0.28870292887029286,0.17782426778242677
SG-007-NOMOGRAM-001,mode,E_y_1_2,E_y,1,2,nan,70,0.29288702928870292,0.17677824267782427
SG-007-NOMOGRAM-001,mode,E_y_1_2,E_y,1,2,nan,71,0.29707112970711297,0.17573221757322177
SG-007-NOMOGRAM-001,mode,E_y_1_2,E_y,1,2,nan,72,0.30125523012552302,0.17468619246861924
SG-007-NOMOGRAM-001,mode,E_y_1_2,E_y,1,2,nan,73,0.30543933054393307,0.17364016736401672
SG-007-NOMOGRAM-001,mode,E_y_1_2,E_y,1,2,nan,74,0.30962343096234307,0.17259414225941422
SG-007-NOMOGRAM-001,mode,E_y_1_2,E_y,1,2,nan,75,0.31380753138075312,0.17154811715481172
SG-007-NOMOGRAM-001,mode,E_y_1_2,E_y,1,2,nan,76,0.31799163179916318,0.17050209205020922
SG-007-NOMOGRAM-001,mode,E_y_1_2,E_y,1,2,nan,77,0.32217573221757323,0.16945606694560669
SG-007-NOMOGRAM-001,mode,E_y_1_2,E_y,1,2,nan,78,0.32635983263598328,0.16841004184100417
SG-007-NOMOGRAM-001,mode,E_y_1_2,E_y,1,2,nan,79,0.33054393305439328,0.16736401673640167
SG-007-NOMOGRAM-001,mode,E_y_1_2,E_y,1,2,nan,80,0.33472803347280333,0.16631799163179917
SG-007-NOMOGRAM-001,mode,E_y_1_2,E_y,1,2,nan,81,0.33891213389121339,0.16527196652719667
SG-007-NOMOGRAM-001,mode,E_y_1_2,E_y,1,2,nan,82,0.34309623430962344,0.16422594142259414
SG-007-NOMOGRAM-001,mode,E_y_1_2,E_y,1,2,nan,83,0.34728033472803349,0.16317991631799161
SG-007-NOMOGRAM-001,mode,E_y_1_2,E_y,1,2,nan,84,0.35146443514644349,0.16213389121338911
SG-007-NOMOGRAM-001,mode,E_y_1_2,E_y,1,2,nan,85,0.35564853556485354,0.16108786610878661
SG-007-NOMOGRAM-001,mode,E_y_1_2,E_y,1,2,nan,86,0.35983263598326359,0.16004184100418412
SG-007-NOMOGRAM-001,mode,E_y_1_2,E_y,1,2,nan,87,0.36401673640167365,0.15899581589958159
SG-007-NOMOGRAM-001,mode,E_y_1_2,E_y,1,2,nan,88,0.3682008368200837,0.15794979079497906
SG-007-NOMOGRAM-001,mode,E_y_1_2,E_y,1,2,nan,89,0.3723849372384937,0.15690376569037656
SG-007-NOMOGRAM-001,mode,E_y_1_2,E_y,1,2,nan,90,0.37656903765690375,0.15585774058577406
SG-007-NOMOGRAM-001,mode,E_y_1_2,E_y,1,2,nan,91,0.3807531380753138,0.15481171548117156
SG-007-NOMOGRAM-001,mode,E_y_1_2,E_y,1,2,nan,92,0.38493723849372385,0.15376569037656904
SG-007-NOMOGRAM-001,mode,E_y_1_2,E_y,1,2,nan,93,0.38912133891213391,0.15271966527196651
SG-007-NOMOGRAM-001,mode,E_y_1_2,E_y,1,2,nan,94,0.39330543933054396,0.15167364016736401
SG-007-NOMOGRAM-001,mode,E_y_1_2,E_y,1,2,nan,95,0.39748953974895396,0.15062761506276151
SG-007-NOMOGRAM-001,mode,E_y_1_2,E_y,1,2,nan,96,0.40167364016736401,0.14958158995815901
SG-007-NOMOGRAM-001,mode,E_y_1_2,E_y,1,2,nan,97,0.40585774058577406,0.14853556485355648
SG-007-NOMOGRAM-001,mode,E_y_1_2,E_y,1,2,nan,98,0.41004184100418412,0.14748953974895396
SG-007-NOMOGRAM-001,mode,E_y_1_2,E_y,1,2,nan,99,0.41422594142259417,0.14644351464435146
SG-007-NOMOGRAM-001,mode,E_y_1_2,E_y,1,2,nan,100,0.41841004184100417,0.14539748953974896
SG-007-NOMOGRAM-001,mode,E_y_1_2,E_y,1,2,nan,101,0.42259414225941422,0.14435146443514646
SG-007-NOMOGRAM-001,mode,E_y_1_2,E_y,1,2,nan,102,0.42677824267782427,0.14330543933054393
SG-007-NOMOGRAM-001,mode,E_y_1_2,E_y,1,2,nan,103,0.43096234309623432,0.14225941422594141
SG-007-NOMOGRAM-001,mode,E_y_1_2,E_y,1,2,nan,104,0.43514644351464438,0.14121338912133891
SG-007-NOMOGRAM-001,mode,E_y_1_2,E_y,1,2,nan,105,0.43933054393305437,0.14016736401673641
SG-007-NOMOGRAM-001,mode,E_y_1_2,E_y,1,2,nan,106,0.44351464435146443,0.13912133891213391
SG-007-NOMOGRAM-001,mode,E_y_1_2,E_y,1,2,nan,107,0.44769874476987448,0.13807531380753138
SG-007-NOMOGRAM-001,mode,E_y_1_2,E_y,1,2,nan,108,0.45188284518828453,0.13702928870292885
SG-007-NOMOGRAM-001,mode,E_y_1_2,E_y,1,2,nan,109,0.45606694560669458,0.13598326359832635
SG-007-NOMOGRAM-001,mode,E_y_1_2,E_y,1,2,nan,110,0.46025104602510458,0.13493723849372385
SG-007-NOMOGRAM-001,mode,E_y_1_2,E_y,1,2,nan,111,0.46443514644351463,0.13389121338912136
SG-007-NOMOGRAM-001,mode,E_y_1_2,E_y,1,2,nan,112,0.46861924686192469,0.13284518828451883
SG-007-NOMOGRAM-001,mode,E_y_1_2,E_y,1,2,nan,113,0.47280334728033474,0.1317991631799163
SG-007-NOMOGRAM-001,mode,E_y_1_2,E_y,1,2,nan,114,0.47698744769874479,0.1307531380753138
SG-007-NOMOGRAM-001,mode,E_y_1_2,E_y,1,2,nan,115,0.48117154811715479,0.1297071129707113
SG-007-NOMOGRAM-001,mode,E_y_1_2,E_y,1,2,nan,116,0.48535564853556484,0.1286610878661088
SG-007-NOMOGRAM-001,mode,E_y_1_2,E_y,1,2,nan,117,0.4895397489539749,0.12761506276150628
SG-007-NOMOGRAM-001,mode,E_y_1_2,E_y,1,2,nan,118,0.49372384937238495,0.12656903765690375
SG-007-NOMOGRAM-001,mode,E_y_1_2,E_y,1,2,nan,119,0.497907949790795,0.12552301255230125
SG-007-NOMOGRAM-001,mode,E_y_1_2,E_y,1,2,nan,120,0.502092050209205,0.12447698744769875
SG-007-NOMOGRAM-001,mode,E_y_1_2,E_y,1,2,nan,121,0.50627615062761511,0.12343096234309622
SG-007-NOMOGRAM-001,mode,E_y_1_2,E_y,1,2,nan,122,0.5104602510460251,0.12238493723849372
SG-007-NOMOGRAM-001,mode,E_y_1_2,E_y,1,2,nan,123,0.5146443514644351,0.12133891213389122
SG-007-NOMOGRAM-001,mode,E_y_1_2,E_y,1,2,nan,124,0.51882845188284521,0.1202928870292887
SG-007-NOMOGRAM-001,mode,E_y_1_2,E_y,1,2,nan,125,0.52301255230125521,0.1192468619246862
SG-007-NOMOGRAM-001,mode,E_y_1_2,E_y,1,2,nan,126,0.52719665271966532,0.11820083682008367
SG-007-NOMOGRAM-001,mode,E_y_1_2,E_y,1,2,nan,127,0.53138075313807531,0.11715481171548117
SG-007-NOMOGRAM-001,mode,E_y_1_2,E_y,1,2,nan,128,0.53556485355648531,0.11610878661087867
SG-007-NOMOGRAM-001,mode,E_y_1_2,E_y,1,2,nan,129,0.53974895397489542,0.11506276150627615
SG-007-NOMOGRAM-001,mode,E_y_1_2,E_y,1,2,nan,130,0.54393305439330542,0.11401673640167365
SG-007-NOMOGRAM-001,mode,E_y_1_2,E_y,1,2,nan,131,0.54811715481171552,0.11297071129707112
SG-007-NOMOGRAM-001,mode,E_y_1_2,E_y,1,2,nan,132,0.55230125523012552,0.11192468619246862
SG-007-NOMOGRAM-001,mode,E_y_1_2,E_y,1,2,nan,133,0.55648535564853552,0.11087866108786612
SG-007-NOMOGRAM-001,mode,E_y_1_2,E_y,1,2,nan,134,0.56066945606694563,0.10983263598326359
SG-007-NOMOGRAM-001,mode,E_y_1_2,E_y,1,2,nan,135,0.56485355648535562,0.10878661087866109
SG-007-NOMOGRAM-001,mode,E_y_1_2,E_y,1,2,nan,136,0.56903765690376573,0.10774058577405857
SG-007-NOMOGRAM-001,mode,E_y_1_2,E_y,1,2,nan,137,0.57322175732217573,0.10669456066945607
SG-007-NOMOGRAM-001,mode,E_y_1_2,E_y,1,2,nan,138,0.57740585774058573,0.10564853556485357
SG-007-NOMOGRAM-001,mode,E_y_1_2,E_y,1,2,nan,139,0.58158995815899583,0.10460251046025104
SG-007-NOMOGRAM-001,mode,E_y_1_2,E_y,1,2,nan,140,0.58577405857740583,0.10355648535564854
SG-007-NOMOGRAM-001,mode,E_y_1_2,E_y,1,2,nan,141,0.58995815899581594,0.10251046025104602
SG-007-NOMOGRAM-001,mode,E_y_1_2,E_y,1,2,nan,142,0.59414225941422594,0.10146443514644352
SG-007-NOMOGRAM-001,mode,E_y_1_2,E_y,1,2,nan,143,0.59832635983263593,0.10041841004184102
SG-007-NOMOGRAM-001,mode,E_y_1_2,E_y,1,2,nan,144,0.60251046025104604,0.099372384937238489
SG-007-NOMOGRAM-001,mode,E_y_1_2,E_y,1,2,nan,145,0.60669456066945604,0.09832635983263599
SG-007-NOMOGRAM-001,mode,E_y_1_2,E_y,1,2,nan,146,0.61087866108786615,0.097280334728033463
SG-007-NOMOGRAM-001,mode,E_y_1_2,E_y,1,2,nan,147,0.61506276150627615,0.096234309623430964
SG-007-NOMOGRAM-001,mode,E_y_1_2,E_y,1,2,nan,148,0.61924686192468614,0.095188284518828464
SG-007-NOMOGRAM-001,mode,E_y_1_2,E_y,1,2,nan,149,0.62343096234309625,0.094142259414225937
SG-007-NOMOGRAM-001,mode,E_y_1_2,E_y,1,2,nan,150,0.62761506276150625,0.093096234309623438
SG-007-NOMOGRAM-001,mode,E_y_1_2,E_y,1,2,nan,151,0.63179916317991636,0.092050209205020911
SG-007-NOMOGRAM-001,mode,E_y_1_2,E_y,1,2,nan,152,0.63598326359832635,0.091004184100418412
SG-007-NOMOGRAM-001,mode,E_y_1_2,E_y,1,2,nan,153,0.64016736401673635,0.089958158995815912
SG-007-NOMOGRAM-001,mode,E_y_1_2,E_y,1,2,nan,154,0.64435146443514646,0.088912133891213385
SG-007-NOMOGRAM-001,mode,E_y_1_2,E_y,1,2,nan,155,0.64853556485355646,0.087866108786610886
SG-007-NOMOGRAM-001,mode,E_y_1_2,E_y,1,2,nan,156,0.65271966527196656,0.086820083682008359
SG-007-NOMOGRAM-001,mode,E_y_1_2,E_y,1,2,nan,157,0.65690376569037656,0.085774058577405859
SG-007-NOMOGRAM-001,mode,E_y_1_2,E_y,1,2,nan,158,0.66108786610878656,0.08472803347280336
SG-007-NOMOGRAM-001,mode,E_y_1_2,E_y,1,2,nan,159,0.66527196652719667,0.083682008368200833
SG-007-NOMOGRAM-001,mode,E_y_1_2,E_y,1,2,nan,160,0.66945606694560666,0.082635983263598334
SG-007-NOMOGRAM-001,mode,E_y_1_2,E_y,1,2,nan,161,0.67364016736401677,0.081589958158995807
SG-007-NOMOGRAM-001,mode,E_y_1_2,E_y,1,2,nan,162,0.67782426778242677,0.080543933054393307
SG-007-NOMOGRAM-001,mode,E_y_1_2,E_y,1,2,nan,163,0.68200836820083677,0.079497907949790808
SG-007-NOMOGRAM-001,mode,E_y_1_2,E_y,1,2,nan,164,0.68619246861924688,0.078451882845188281
SG-007-NOMOGRAM-001,mode,E_y_1_2,E_y,1,2,nan,165,0.69037656903765687,0.077405857740585782
SG-007-NOMOGRAM-001,mode,E_y_1_2,E_y,1,2,nan,166,0.69456066945606698,0.076359832635983255
SG-007-NOMOGRAM-001,mode,E_y_1_2,E_y,1,2,nan,167,0.69874476987447698,0.075313807531380755
SG-007-NOMOGRAM-001,mode,E_y_1_2,E_y,1,2,nan,168,0.70292887029288698,0.074267782426778256
SG-007-NOMOGRAM-001,mode,E_y_1_2,E_y,1,2,nan,169,0.70711297071129708,0.073221757322175729
SG-007-NOMOGRAM-001,mode,E_y_1_2,E_y,1,2,nan,170,0.71129707112970708,0.07217573221757323
SG-007-NOMOGRAM-001,mode,E_y_1_2,E_y,1,2,nan,171,0.71548117154811719,0.071129707112970703
SG-007-NOMOGRAM-001,mode,E_y_1_2,E_y,1,2,nan,172,0.71966527196652719,0.070083682008368203
SG-007-NOMOGRAM-001,mode,E_y_1_2,E_y,1,2,nan,173,0.72384937238493718,0.069037656903765704
SG-007-NOMOGRAM-001,mode,E_y_1_2,E_y,1,2,nan,174,0.72803347280334729,0.067991631799163177
SG-007-NOMOGRAM-001,mode,E_y_1_2,E_y,1,2,nan,175,0.73221757322175729,0.066945606694560678
SG-007-NOMOGRAM-001,mode,E_y_1_2,E_y,1,2,nan,176,0.7364016736401674,0.065899581589958151
SG-007-NOMOGRAM-001,mode,E_y_1_2,E_y,1,2,nan,177,0.7405857740585774,0.064853556485355651
SG-007-NOMOGRAM-001,mode,E_y_1_2,E_y,1,2,nan,178,0.74476987447698739,0.063807531380753152
SG-007-NOMOGRAM-001,mode,E_y_1_2,E_y,1,2,nan,179,0.7489539748953975,0.062761506276150625
SG-007-NOMOGRAM-001,mode,E_y_1_2,E_y,1,2,nan,180,0.7531380753138075,0.061715481171548126
SG-007-NOMOGRAM-001,mode,E_y_1_2,E_y,1,2,nan,181,0.75732217573221761,0.060669456066945598
SG-007-NOMOGRAM-001,mode,E_y_1_2,E_y,1,2,nan,182,0.7615062761506276,0.059623430962343099
SG-007-NOMOGRAM-001,mode,E_y_1_2,E_y,1,2,nan,183,0.76569037656903771,0.058577405857740572
SG-007-NOMOGRAM-001,mode,E_y_1_2,E_y,1,2,nan,184,0.76987447698744771,0.057531380753138073
SG-007-NOMOGRAM-001,mode,E_y_1_2,E_y,1,2,nan,185,0.77405857740585771,0.056485355648535573
SG-007-NOMOGRAM-001,mode,E_y_1_2,E_y,1,2,nan,186,0.77824267782426781,0.055439330543933046
SG-007-NOMOGRAM-001,mode,E_y_1_2,E_y,1,2,nan,187,0.78242677824267781,0.054393305439330547
SG-007-NOMOGRAM-001,mode,E_y_1_2,E_y,1,2,nan,188,0.78661087866108792,0.05334728033472802
SG-007-NOMOGRAM-001,mode,E_y_1_2,E_y,1,2,nan,189,0.79079497907949792,0.052301255230125521
SG-007-NOMOGRAM-001,mode,E_y_1_2,E_y,1,2,nan,190,0.79497907949790791,0.051255230125523021
SG-007-NOMOGRAM-001,mode,E_y_1_2,E_y,1,2,nan,191,0.79916317991631802,0.050209205020920494
SG-007-NOMOGRAM-001,mode,E_y_1_2,E_y,1,2,nan,192,0.80334728033472802,0.049163179916317995
SG-007-NOMOGRAM-001,mode,E_y_1_2,E_y,1,2,nan,193,0.80753138075313813,0.048117154811715468
SG-007-NOMOGRAM-001,mode,E_y_1_2,E_y,1,2,nan,194,0.81171548117154813,0.047071129707112969
SG-007-NOMOGRAM-001,mode,E_y_1_2,E_y,1,2,nan,195,0.81589958158995812,0.046025104602510469
SG-007-NOMOGRAM-001,mode,E_y_1_2,E_y,1,2,nan,196,0.82008368200836823,0.044979079497907942
SG-007-NOMOGRAM-001,mode,E_y_1_2,E_y,1,2,nan,197,0.82426778242677823,0.043933054393305443
SG-007-NOMOGRAM-001,mode,E_y_1_2,E_y,1,2,nan,198,0.82845188284518834,0.042887029288702916
SG-007-NOMOGRAM-001,mode,E_y_1_2,E_y,1,2,nan,199,0.83263598326359833,0.041841004184100417
SG-007-NOMOGRAM-001,mode,E_y_1_2,E_y,1,2,nan,200,0.83682008368200833,0.040794979079497917
SG-007-NOMOGRAM-001,mode,E_y_1_2,E_y,1,2,nan,201,0.84100418410041844,0.03974895397489539
SG-007-NOMOGRAM-001,mode,E_y_1_2,E_y,1,2,nan,202,0.84518828451882844,0.038702928870292891
SG-007-NOMOGRAM-001,mode,E_y_1_2,E_y,1,2,nan,203,0.84937238493723854,0.037656903765690364
SG-007-NOMOGRAM-001,mode,E_y_1_2,E_y,1,2,nan,204,0.85355648535564854,0.036610878661087864
SG-007-NOMOGRAM-001,mode,E_y_1_2,E_y,1,2,nan,205,0.85774058577405854,0.035564853556485365
SG-007-NOMOGRAM-001,mode,E_y_1_2,E_y,1,2,nan,206,0.86192468619246865,0.034518828451882838
SG-007-NOMOGRAM-001,mode,E_y_1_2,E_y,1,2,nan,207,0.86610878661087864,0.033472803347280339
SG-007-NOMOGRAM-001,mode,E_y_1_2,E_y,1,2,nan,208,0.87029288702928875,0.032426778242677812
SG-007-NOMOGRAM-001,mode,E_y_1_2,E_y,1,2,nan,209,0.87447698744769875,0.031380753138075312
SG-007-NOMOGRAM-001,mode,E_y_1_2,E_y,1,2,nan,210,0.87866108786610875,0.030334728033472813
SG-007-NOMOGRAM-001,mode,E_y_1_2,E_y,1,2,nan,211,0.88284518828451886,0.029288702928870286
SG-007-NOMOGRAM-001,mode,E_y_1_2,E_y,1,2,nan,212,0.88702928870292885,0.028242677824267787
SG-007-NOMOGRAM-001,mode,E_y_1_2,E_y,1,2,nan,213,0.89121338912133896,0.02719665271966526
SG-007-NOMOGRAM-001,mode,E_y_1_2,E_y,1,2,nan,214,0.89539748953974896,0.02615062761506276
SG-007-NOMOGRAM-001,mode,E_y_1_2,E_y,1,2,nan,215,0.89958158995815896,0.025104602510460261
SG-007-NOMOGRAM-001,mode,E_y_1_2,E_y,1,2,nan,216,0.90376569037656906,0.024058577405857734
SG-007-NOMOGRAM-001,mode,E_y_1_2,E_y,1,2,nan,217,0.90794979079497906,0.023012552301255235
SG-007-NOMOGRAM-001,mode,E_y_1_2,E_y,1,2,nan,218,0.91213389121338917,0.021966527196652708
SG-007-NOMOGRAM-001,mode,E_y_1_2,E_y,1,2,nan,219,0.91631799163179917,0.020920502092050208
SG-007-NOMOGRAM-001,mode,E_y_1_2,E_y,1,2,nan,220,0.92050209205020916,0.019874476987447709
SG-007-NOMOGRAM-001,mode,E_y_1_2,E_y,1,2,nan,221,0.92468619246861927,0.018828451882845182
SG-007-NOMOGRAM-001,mode,E_y_1_2,E_y,1,2,nan,222,0.92887029288702927,0.017782426778242683
SG-007-NOMOGRAM-001,mode,E_y_1_2,E_y,1,2,nan,223,0.93305439330543938,0.016736401673640156
SG-007-NOMOGRAM-001,mode,E_y_1_2,E_y,1,2,nan,224,0.93723849372384938,0.015690376569037656
SG-007-NOMOGRAM-001,mode,E_y_1_2,E_y,1,2,nan,225,0.94142259414225937,0.014644351464435157
SG-007-NOMOGRAM-001,mode,E_y_1_2,E_y,1,2,nan,226,0.94560669456066948,0.01359832635983263
SG-007-NOMOGRAM-001,mode,E_y_1_2,E_y,1,2,nan,227,0.94979079497907948,0.012552301255230131
SG-007-NOMOGRAM-001,mode,E_y_1_2,E_y,1,2,nan,228,0.95397489539748959,0.011506276150627603
SG-007-NOMOGRAM-001,mode,E_y_1_2,E_y,1,2,nan,229,0.95815899581589958,0.010460251046025104
SG-007-NOMOGRAM-001,mode,E_y_1_2,E_y,1,2,nan,230,0.96234309623430958,0.0094142259414226048
SG-007-NOMOGRAM-001,mode,E_y_1_2,E_y,1,2,nan,231,0.96652719665271969,0.0083682008368200778
SG-007-NOMOGRAM-001,mode,E_y_1_2,E_y,1,2,nan,232,0.97071129707112969,0.0073221757322175784
SG-007-NOMOGRAM-001,mode,E_y_1_2,E_y,1,2,nan,233,0.97489539748953979,0.0062761506276150514
SG-007-NOMOGRAM-001,mode,E_y_1_2,E_y,1,2,nan,234,0.97907949790794979,0.0052301255230125521
SG-007-NOMOGRAM-001,mode,E_y_1_2,E_y,1,2,nan,235,0.98326359832635979,0.0041841004184100528
SG-007-NOMOGRAM-001,mode,E_y_1_2,E_y,1,2,nan,236,0.9874476987447699,0.0031380753138075257
SG-007-NOMOGRAM-001,mode,E_y_1_2,E_y,1,2,nan,237,0.99163179916317989,0.0020920502092050264
SG-007-NOMOGRAM-001,mode,E_y_1_2,E_y,1,2,nan,238,0.99581589958159,0.0010460251046024993
SG-007-NOMOGRAM-001,mode,E_y_1_2,E_y,1,2,nan,239,1,0
SG-007-NOMOGRAM-001,mode,E_y_1_3,E_y,1,3,nan,0,0,0.1111111111111111
SG-007-NOMOGRAM-001,mode,E_y_1_3,E_y,1,3,nan,1,0.0041841004184100415,0.11064621106462111
SG-007-NOMOGRAM-001,mode,E_y_1_3,E_y,1,3,nan,2,0.008368200836820083,0.1101813110181311
SG-007-NOMOGRAM-001,mode,E_y_1_3,E_y,1,3,nan,3,0.012552301255230125,0.1097164109716411
SG-007-NOMOGRAM-001,mode,E_y_1_3,E_y,1,3,nan,4,0.016736401673640166,0.10925151092515109
SG-007-NOMOGRAM-001,mode,E_y_1_3,E_y,1,3,nan,5,0.020920502092050208,0.10878661087866109
SG-007-NOMOGRAM-001,mode,E_y_1_3,E_y,1,3,nan,6,0.025104602510460251,0.10832171083217108
SG-007-NOMOGRAM-001,mode,E_y_1_3,E_y,1,3,nan,7,0.029288702928870293,0.10785681078568107
SG-007-NOMOGRAM-001,mode,E_y_1_3,E_y,1,3,nan,8,0.033472803347280332,0.10739191073919108
SG-007-NOMOGRAM-001,mode,E_y_1_3,E_y,1,3,nan,9,0.037656903765690378,0.10692701069270107
SG-007-NOMOGRAM-001,mode,E_y_1_3,E_y,1,3,nan,10,0.041841004184100417,0.10646211064621107
SG-007-NOMOGRAM-001,mode,E_y_1_3,E_y,1,3,nan,11,0.046025104602510462,0.10599721059972106
SG-007-NOMOGRAM-001,mode,E_y_1_3,E_y,1,3,nan,12,0.050209205020920501,0.10553231055323105
SG-007-NOMOGRAM-001,mode,E_y_1_3,E_y,1,3,nan,13,0.054393305439330547,0.10506741050674105
SG-007-NOMOGRAM-001,mode,E_y_1_3,E_y,1,3,nan,14,0.058577405857740586,0.10460251046025104
SG-007-NOMOGRAM-001,mode,E_y_1_3,E_y,1,3,nan,15,0.062761506276150625,0.10413761041376104
SG-007-NOMOGRAM-001,mode,E_y_1_3,E_y,1,3,nan,16,0.066945606694560664,0.10367271036727105
SG-007-NOMOGRAM-001,mode,E_y_1_3,E_y,1,3,nan,17,0.071129707112970716,0.10320781032078102
SG-007-NOMOGRAM-001,mode,E_y_1_3,E_y,1,3,nan,18,0.075313807531380755,0.10274291027429103
SG-007-NOMOGRAM-001,mode,E_y_1_3,E_y,1,3,nan,19,0.079497907949790794,0.10227801022780102
SG-007-NOMOGRAM-001,mode,E_y_1_3,E_y,1,3,nan,20,0.083682008368200833,0.10181311018131102
SG-007-NOMOGRAM-001,mode,E_y_1_3,E_y,1,3,nan,21,0.087866108786610872,0.10134821013482102
SG-007-NOMOGRAM-001,mode,E_y_1_3,E_y,1,3,nan,22,0.092050209205020925,0.10088331008833101
SG-007-NOMOGRAM-001,mode,E_y_1_3,E_y,1,3,nan,23,0.096234309623430964,0.100418410041841
SG-007-NOMOGRAM-001,mode,E_y_1_3,E_y,1,3,nan,24,0.100418410041841,0.099953509995350992
SG-007-NOMOGRAM-001,mode,E_y_1_3,E_y,1,3,nan,25,0.10460251046025104,0.099488609948860995
SG-007-NOMOGRAM-001,mode,E_y_1_3,E_y,1,3,nan,26,0.10878661087866109,0.099023709902370999
SG-007-NOMOGRAM-001,mode,E_y_1_3,E_y,1,3,nan,27,0.11297071129707113,0.098558809855880988
SG-007-NOMOGRAM-001,mode,E_y_1_3,E_y,1,3,nan,28,0.11715481171548117,0.098093909809390978
SG-007-NOMOGRAM-001,mode,E_y_1_3,E_y,1,3,nan,29,0.12133891213389121,0.097629009762900967
SG-007-NOMOGRAM-001,mode,E_y_1_3,E_y,1,3,nan,30,0.12552301255230125,0.097164109716410971
SG-007-NOMOGRAM-001,mode,E_y_1_3,E_y,1,3,nan,31,0.1297071129707113,0.096699209669920974
SG-007-NOMOGRAM-001,mode,E_y_1_3,E_y,1,3,nan,32,0.13389121338912133,0.096234309623430964
SG-007-NOMOGRAM-001,mode,E_y_1_3,E_y,1,3,nan,33,0.13807531380753138,0.095769409576940967
SG-007-NOMOGRAM-001,mode,E_y_1_3,E_y,1,3,nan,34,0.14225941422594143,0.095304509530450943
SG-007-NOMOGRAM-001,mode,E_y_1_3,E_y,1,3,nan,35,0.14644351464435146,0.094839609483960946
SG-007-NOMOGRAM-001,mode,E_y_1_3,E_y,1,3,nan,36,0.15062761506276151,0.094374709437470949
SG-007-NOMOGRAM-001,mode,E_y_1_3,E_y,1,3,nan,37,0.15481171548117154,0.093909809390980939
SG-007-NOMOGRAM-001,mode,E_y_1_3,E_y,1,3,nan,38,0.15899581589958159,0.093444909344490942
SG-007-NOMOGRAM-001,mode,E_y_1_3,E_y,1,3,nan,39,0.16317991631799164,0.092980009298000932
SG-007-NOMOGRAM-001,mode,E_y_1_3,E_y,1,3,nan,40,0.16736401673640167,0.092515109251510921
SG-007-NOMOGRAM-001,mode,E_y_1_3,E_y,1,3,nan,41,0.17154811715481172,0.092050209205020925
SG-007-NOMOGRAM-001,mode,E_y_1_3,E_y,1,3,nan,42,0.17573221757322174,0.091585309158530914
SG-007-NOMOGRAM-001,mode,E_y_1_3,E_y,1,3,nan,43,0.1799163179916318,0.091120409112040918
SG-007-NOMOGRAM-001,mode,E_y_1_3,E_y,1,3,nan,44,0.18410041841004185,0.090655509065550907
SG-007-NOMOGRAM-001,mode,E_y_1_3,E_y,1,3,nan,45,0.18828451882845187,0.090190609019060897
SG-007-NOMOGRAM-001,mode,E_y_1_3,E_y,1,3,nan,46,0.19246861924686193,0.0897257089725709
SG-007-NOMOGRAM-001,mode,E_y_1_3,E_y,1,3,nan,47,0.19665271966527198,0.08926080892608089
SG-007-NOMOGRAM-001,mode,E_y_1_3,E_y,1,3,nan,48,0.20083682008368201,0.088795908879590893
SG-007-NOMOGRAM-001,mode,E_y_1_3,E_y,1,3,nan,49,0.20502092050209206,0.088331008833100882
SG-007-NOMOGRAM-001,mode,E_y_1_3,E_y,1,3,nan,50,0.20920502092050208,0.087866108786610886
SG-007-NOMOGRAM-001,mode,E_y_1_3,E_y,1,3,nan,51,0.21338912133891214,0.087401208740120875
SG-007-NOMOGRAM-001,mode,E_y_1_3,E_y,1,3,nan,52,0.21757322175732219,0.086936308693630865
SG-007-NOMOGRAM-001,mode,E_y_1_3,E_y,1,3,nan,53,0.22175732217573221,0.086471408647140868
SG-007-NOMOGRAM-001,mode,E_y_1_3,E_y,1,3,nan,54,0.22594142259414227,0.086006508600650858
SG-007-NOMOGRAM-001,mode,E_y_1_3,E_y,1,3,nan,55,0.23012552301255229,0.085541608554160861
SG-007-NOMOGRAM-001,mode,E_y_1_3,E_y,1,3,nan,56,0.23430962343096234,0.085076708507670851
SG-007-NOMOGRAM-001,mode,E_y_1_3,E_y,1,3,nan,57,0.2384937238493724,0.08461180846118084
SG-007-NOMOGRAM-001,mode,E_y_1_3,E_y,1,3,nan,58,0.24267782426778242,0.084146908414690844
SG-007-NOMOGRAM-001,mode,E_y_1_3,E_y,1,3,nan,59,0.24686192468619247,0.083682008368200833
SG-007-NOMOGRAM-001,mode,E_y_1_3,E_y,1,3,nan,60,0.2510460251046025,0.083217108321710836
SG-007-NOMOGRAM-001,mode,E_y_1_3,E_y,1,3,nan,61,0.25523012552301255,0.08275220827522084
SG-007-NOMOGRAM-001,mode,E_y_1_3,E_y,1,3,nan,62,0.2594142259414226,0.082287308228730816
SG-007-NOMOGRAM-001,mode,E_y_1_3,E_y,1,3,nan,63,0.26359832635983266,0.081822408182240805
SG-007-NOMOGRAM-001,mode,E_y_1_3,E_y,1,3,nan,64,0.26778242677824265,0.081357508135750808
SG-007-NOMOGRAM-001,mode,E_y_1_3,E_y,1,3,nan,65,0.27196652719665271,0.080892608089260812
SG-007-NOMOGRAM-001,mode,E_y_1_3,E_y,1,3,nan,66,0.27615062761506276,0.080427708042770815
SG-007-NOMOGRAM-001,mode,E_y_1_3,E_y,1,3,nan,67,0.28033472803347281,0.079962807996280805
SG-007-NOMOGRAM-001,mode,E_y_1_3,E_y,1,3,nan,68,0.28451882845188287,0.07949790794979078
SG-007-NOMOGRAM-001,mode,E_y_1_3,E_y,1,3,nan,69,0.28870292887029286,0.079033007903300784
SG-007-NOMOGRAM-001,mode,E_y_1_3,E_y,1,3,nan,70,0.29288702928870292,0.078568107856810787
SG-007-NOMOGRAM-001,mode,E_y_1_3,E_y,1,3,nan,71,0.29707112970711297,0.078103207810320791
SG-007-NOMOGRAM-001,mode,E_y_1_3,E_y,1,3,nan,72,0.30125523012552302,0.07763830776383078
SG-007-NOMOGRAM-001,mode,E_y_1_3,E_y,1,3,nan,73,0.30543933054393307,0.07717340771734077
SG-007-NOMOGRAM-001,mode,E_y_1_3,E_y,1,3,nan,74,0.30962343096234307,0.076708507670850759
SG-007-NOMOGRAM-001,mode,E_y_1_3,E_y,1,3,nan,75,0.31380753138075312,0.076243607624360762
SG-007-NOMOGRAM-001,mode,E_y_1_3,E_y,1,3,nan,76,0.31799163179916318,0.075778707577870766
SG-007-NOMOGRAM-001,mode,E_y_1_3,E_y,1,3,nan,77,0.32217573221757323,0.075313807531380755
SG-007-NOMOGRAM-001,mode,E_y_1_3,E_y,1,3,nan,78,0.32635983263598328,0.074848907484890745
SG-007-NOMOGRAM-001,mode,E_y_1_3,E_y,1,3,nan,79,0.33054393305439328,0.074384007438400734
SG-007-NOMOGRAM-001,mode,E_y_1_3,E_y,1,3,nan,80,0.33472803347280333,0.073919107391910738
SG-007-NOMOGRAM-001,mode,E_y_1_3,E_y,1,3,nan,81,0.33891213389121339,0.073454207345420741
SG-007-NOMOGRAM-001,mode,E_y_1_3,E_y,1,3,nan,82,0.34309623430962344,0.072989307298930731
SG-007-NOMOGRAM-001,mode,E_y_1_3,E_y,1,3,nan,83,0.34728033472803349,0.07252440725244072
SG-007-NOMOGRAM-001,mode,E_y_1_3,E_y,1,3,nan,84,0.35146443514644349,0.072059507205950724
SG-007-NOMOGRAM-001,mode,E_y_1_3,E_y,1,3,nan,85,0.35564853556485354,0.071594607159460713
SG-007-NOMOGRAM-001,mode,E_y_1_3,E_y,1,3,nan,86,0.35983263598326359,0.071129707112970716
SG-007-NOMOGRAM-001,mode,E_y_1_3,E_y,1,3,nan,87,0.36401673640167365,0.070664807066480706
SG-007-NOMOGRAM-001,mode,E_y_1_3,E_y,1,3,nan,88,0.3682008368200837,0.070199907019990695
SG-007-NOMOGRAM-001,mode,E_y_1_3,E_y,1,3,nan,89,0.3723849372384937,0.069735006973500699
SG-007-NOMOGRAM-001,mode,E_y_1_3,E_y,1,3,nan,90,0.37656903765690375,0.069270106927010688
SG-007-NOMOGRAM-001,mode,E_y_1_3,E_y,1,3,nan,91,0.3807531380753138,0.068805206880520692
SG-007-NOMOGRAM-001,mode,E_y_1_3,E_y,1,3,nan,92,0.38493723849372385,0.068340306834030681
SG-007-NOMOGRAM-001,mode,E_y_1_3,E_y,1,3,nan,93,0.38912133891213391,0.067875406787540671
SG-007-NOMOGRAM-001,mode,E_y_1_3,E_y,1,3,nan,94,0.39330543933054396,0.067410506741050674
SG-007-NOMOGRAM-001,mode,E_y_1_3,E_y,1,3,nan,95,0.39748953974895396,0.066945606694560678
SG-007-NOMOGRAM-001,mode,E_y_1_3,E_y,1,3,nan,96,0.40167364016736401,0.066480706648070667
SG-007-NOMOGRAM-001,mode,E_y_1_3,E_y,1,3,nan,97,0.40585774058577406,0.066015806601580657
SG-007-NOMOGRAM-001,mode,E_y_1_3,E_y,1,3,nan,98,0.41004184100418412,0.065550906555090646
SG-007-NOMOGRAM-001,mode,E_y_1_3,E_y,1,3,nan,99,0.41422594142259417,0.06508600650860065
SG-007-NOMOGRAM-001,mode,E_y_1_3,E_y,1,3,nan,100,0.41841004184100417,0.064621106462110653
SG-007-NOMOGRAM-001,mode,E_y_1_3,E_y,1,3,nan,101,0.42259414225941422,0.064156206415620642
SG-007-NOMOGRAM-001,mode,E_y_1_3,E_y,1,3,nan,102,0.42677824267782427,0.063691306369130632
SG-007-NOMOGRAM-001,mode,E_y_1_3,E_y,1,3,nan,103,0.43096234309623432,0.063226406322640621
SG-007-NOMOGRAM-001,mode,E_y_1_3,E_y,1,3,nan,104,0.43514644351464438,0.062761506276150625
SG-007-NOMOGRAM-001,mode,E_y_1_3,E_y,1,3,nan,105,0.43933054393305437,0.062296606229660628
SG-007-NOMOGRAM-001,mode,E_y_1_3,E_y,1,3,nan,106,0.44351464435146443,0.061831706183170625
SG-007-NOMOGRAM-001,mode,E_y_1_3,E_y,1,3,nan,107,0.44769874476987448,0.061366806136680614
SG-007-NOMOGRAM-001,mode,E_y_1_3,E_y,1,3,nan,108,0.45188284518828453,0.060901906090190604
SG-007-NOMOGRAM-001,mode,E_y_1_3,E_y,1,3,nan,109,0.45606694560669458,0.0604370060437006
SG-007-NOMOGRAM-001,mode,E_y_1_3,E_y,1,3,nan,110,0.46025104602510458,0.059972105997210604
SG-007-NOMOGRAM-001,mode,E_y_1_3,E_y,1,3,nan,111,0.46443514644351463,0.0595072059507206
SG-007-NOMOGRAM-001,mode,E_y_1_3,E_y,1,3,nan,112,0.46861924686192469,0.059042305904230589
SG-007-NOMOGRAM-001,mode,E_y_1_3,E_y,1,3,nan,113,0.47280334728033474,0.058577405857740579
SG-007-NOMOGRAM-001,mode,E_y_1_3,E_y,1,3,nan,114,0.47698744769874479,0.058112505811250575
SG-007-NOMOGRAM-001,mode,E_y_1_3,E_y,1,3,nan,115,0.48117154811715479,0.057647605764760579
SG-007-NOMOGRAM-001,mode,E_y_1_3,E_y,1,3,nan,116,0.48535564853556484,0.057182705718270582
SG-007-NOMOGRAM-001,mode,E_y_1_3,E_y,1,3,nan,117,0.4895397489539749,0.056717805671780565
SG-007-NOMOGRAM-001,mode,E_y_1_3,E_y,1,3,nan,118,0.49372384937238495,0.056252905625290554
SG-007-NOMOGRAM-001,mode,E_y_1_3,E_y,1,3,nan,119,0.497907949790795,0.055788005578800558
SG-007-NOMOGRAM-001,mode,E_y_1_3,E_y,1,3,nan,120,0.502092050209205,0.055323105532310554
SG-007-NOMOGRAM-001,mode,E_y_1_3,E_y,1,3,nan,121,0.50627615062761511,0.054858205485820544
SG-007-NOMOGRAM-001,mode,E_y_1_3,E_y,1,3,nan,122,0.5104602510460251,0.054393305439330547
SG-007-NOMOGRAM-001,mode,E_y_1_3,E_y,1,3,nan,123,0.5146443514644351,0.053928405392840544
SG-007-NOMOGRAM-001,mode,E_y_1_3,E_y,1,3,nan,124,0.51882845188284521,0.053463505346350533
SG-007-NOMOGRAM-001,mode,E_y_1_3,E_y,1,3,nan,125,0.52301255230125521,0.052998605299860529
SG-007-NOMOGRAM-001,mode,E_y_1_3,E_y,1,3,nan,126,0.52719665271966532,0.052533705253370519
SG-007-NOMOGRAM-001,mode,E_y_1_3,E_y,1,3,nan,127,0.53138075313807531,0.052068805206880522
SG-007-NOMOGRAM-001,mode,E_y_1_3,E_y,1,3,nan,128,0.53556485355648531,0.051603905160390519
SG-007-NOMOGRAM-001,mode,E_y_1_3,E_y,1,3,nan,129,0.53974895397489542,0.051139005113900508
SG-007-NOMOGRAM-001,mode,E_y_1_3,E_y,1,3,nan,130,0.54393305439330542,0.050674105067410512
SG-007-NOMOGRAM-001,mode,E_y_1_3,E_y,1,3,nan,131,0.54811715481171552,0.050209205020920494
SG-007-NOMOGRAM-001,mode,E_y_1_3,E_y,1,3,nan,132,0.55230125523012552,0.049744304974430498
SG-007-NOMOGRAM-001,mode,E_y_1_3,E_y,1,3,nan,133,0.55648535564853552,0.049279404927940501
SG-007-NOMOGRAM-001,mode,E_y_1_3,E_y,1,3,nan,134,0.56066945606694563,0.048814504881450484
SG-007-NOMOGRAM-001,mode,E_y_1_3,E_y,1,3,nan,135,0.56485355648535562,0.048349604834960487
SG-007-NOMOGRAM-001,mode,E_y_1_3,E_y,1,3,nan,136,0.56903765690376573,0.047884704788470477
SG-007-NOMOGRAM-001,mode,E_y_1_3,E_y,1,3,nan,137,0.57322175732217573,0.047419804741980473
SG-007-NOMOGRAM-001,mode,E_y_1_3,E_y,1,3,nan,138,0.57740585774058573,0.046954904695490476
SG-007-NOMOGRAM-001,mode,E_y_1_3,E_y,1,3,nan,139,0.58158995815899583,0.046490004649000466
SG-007-NOMOGRAM-001,mode,E_y_1_3,E_y,1,3,nan,140,0.58577405857740583,0.046025104602510462
SG-007-NOMOGRAM-001,mode,E_y_1_3,E_y,1,3,nan,141,0.58995815899581594,0.045560204556020452
SG-007-NOMOGRAM-001,mode,E_y_1_3,E_y,1,3,nan,142,0.59414225941422594,0.045095304509530448
SG-007-NOMOGRAM-001,mode,E_y_1_3,E_y,1,3,nan,143,0.59832635983263593,0.044630404463040452
SG-007-NOMOGRAM-001,mode,E_y_1_3,E_y,1,3,nan,144,0.60251046025104604,0.044165504416550441
SG-007-NOMOGRAM-001,mode,E_y_1_3,E_y,1,3,nan,145,0.60669456066945604,0.043700604370060438
SG-007-NOMOGRAM-001,mode,E_y_1_3,E_y,1,3,nan,146,0.61087866108786615,0.043235704323570427
SG-007-NOMOGRAM-001,mode,E_y_1_3,E_y,1,3,nan,147,0.61506276150627615,0.042770804277080431
SG-007-NOMOGRAM-001,mode,E_y_1_3,E_y,1,3,nan,148,0.61924686192468614,0.042305904230590427
SG-007-NOMOGRAM-001,mode,E_y_1_3,E_y,1,3,nan,149,0.62343096234309625,0.041841004184100417
SG-007-NOMOGRAM-001,mode,E_y_1_3,E_y,1,3,nan,150,0.62761506276150625,0.04137610413761042
SG-007-NOMOGRAM-001,mode,E_y_1_3,E_y,1,3,nan,151,0.63179916317991636,0.040911204091120403
SG-007-NOMOGRAM-001,mode,E_y_1_3,E_y,1,3,nan,152,0.63598326359832635,0.040446304044630406
SG-007-NOMOGRAM-001,mode,E_y_1_3,E_y,1,3,nan,153,0.64016736401673635,0.039981403998140402
SG-007-NOMOGRAM-001,mode,E_y_1_3,E_y,1,3,nan,154,0.64435146443514646,0.039516503951650392
SG-007-NOMOGRAM-001,mode,E_y_1_3,E_y,1,3,nan,155,0.64853556485355646,0.039051603905160395
SG-007-NOMOGRAM-001,mode,E_y_1_3,E_y,1,3,nan,156,0.65271966527196656,0.038586703858670385
SG-007-NOMOGRAM-001,mode,E_y_1_3,E_y,1,3,nan,157,0.65690376569037656,0.038121803812180381
SG-007-NOMOGRAM-001,mode,E_y_1_3,E_y,1,3,nan,158,0.66108786610878656,0.037656903765690385
SG-007-NOMOGRAM-001,mode,E_y_1_3,E_y,1,3,nan,159,0.66527196652719667,0.037192003719200367
SG-007-NOMOGRAM-001,mode,E_y_1_3,E_y,1,3,nan,160,0.66945606694560666,0.036727103672710371
SG-007-NOMOGRAM-001,mode,E_y_1_3,E_y,1,3,nan,161,0.67364016736401677,0.03626220362622036
SG-007-NOMOGRAM-001,mode,E_y_1_3,E_y,1,3,nan,162,0.67782426778242677,0.035797303579730357
SG-007-NOMOGRAM-001,mode,E_y_1_3,E_y,1,3,nan,163,0.68200836820083677,0.03533240353324036
SG-007-NOMOGRAM-001,mode,E_y_1_3,E_y,1,3,nan,164,0.68619246861924688,0.034867503486750349
SG-007-NOMOGRAM-001,mode,E_y_1_3,E_y,1,3,nan,165,0.69037656903765687,0.034402603440260346
SG-007-NOMOGRAM-001,mode,E_y_1_3,E_y,1,3,nan,166,0.69456066945606698,0.033937703393770335
SG-007-NOMOGRAM-001,mode,E_y_1_3,E_y,1,3,nan,167,0.69874476987447698,0.033472803347280339
SG-007-NOMOGRAM-001,mode,E_y_1_3,E_y,1,3,nan,168,0.70292887029288698,0.033007903300790335
SG-007-NOMOGRAM-001,mode,E_y_1_3,E_y,1,3,nan,169,0.70711297071129708,0.032543003254300325
SG-007-NOMOGRAM-001,mode,E_y_1_3,E_y,1,3,nan,170,0.71129707112970708,0.032078103207810321
SG-007-NOMOGRAM-001,mode,E_y_1_3,E_y,1,3,nan,171,0.71548117154811719,0.031613203161320311
SG-007-NOMOGRAM-001,mode,E_y_1_3,E_y,1,3,nan,172,0.71966527196652719,0.031148303114830314
SG-007-NOMOGRAM-001,mode,E_y_1_3,E_y,1,3,nan,173,0.72384937238493718,0.030683403068340314
SG-007-NOMOGRAM-001,mode,E_y_1_3,E_y,1,3,nan,174,0.72803347280334729,0.0302185030218503
SG-007-NOMOGRAM-001,mode,E_y_1_3,E_y,1,3,nan,175,0.73221757322175729,0.0297536029753603
SG-007-NOMOGRAM-001,mode,E_y_1_3,E_y,1,3,nan,176,0.7364016736401674,0.02928870292887029
SG-007-NOMOGRAM-001,mode,E_y_1_3,E_y,1,3,nan,177,0.7405857740585774,0.028823802882380289
SG-007-NOMOGRAM-001,mode,E_y_1_3,E_y,1,3,nan,178,0.74476987447698739,0.028358902835890289
SG-007-NOMOGRAM-001,mode,E_y_1_3,E_y,1,3,nan,179,0.7489539748953975,0.027894002789400279
SG-007-NOMOGRAM-001,mode,E_y_1_3,E_y,1,3,nan,180,0.7531380753138075,0.027429102742910279
SG-007-NOMOGRAM-001,mode,E_y_1_3,E_y,1,3,nan,181,0.75732217573221761,0.026964202696420265
SG-007-NOMOGRAM-001,mode,E_y_1_3,E_y,1,3,nan,182,0.7615062761506276,0.026499302649930265
SG-007-NOMOGRAM-001,mode,E_y_1_3,E_y,1,3,nan,183,0.76569037656903771,0.026034402603440254
SG-007-NOMOGRAM-001,mode,E_y_1_3,E_y,1,3,nan,184,0.76987447698744771,0.025569502556950254
SG-007-NOMOGRAM-001,mode,E_y_1_3,E_y,1,3,nan,185,0.77405857740585771,0.025104602510460254
SG-007-NOMOGRAM-001,mode,E_y_1_3,E_y,1,3,nan,186,0.77824267782426781,0.024639702463970244
SG-007-NOMOGRAM-001,mode,E_y_1_3,E_y,1,3,nan,187,0.78242677824267781,0.024174802417480244
SG-007-NOMOGRAM-001,mode,E_y_1_3,E_y,1,3,nan,188,0.78661087866108792,0.02370990237099023
SG-007-NOMOGRAM-001,mode,E_y_1_3,E_y,1,3,nan,189,0.79079497907949792,0.023245002324500233
SG-007-NOMOGRAM-001,mode,E_y_1_3,E_y,1,3,nan,190,0.79497907949790791,0.022780102278010233
SG-007-NOMOGRAM-001,mode,E_y_1_3,E_y,1,3,nan,191,0.79916317991631802,0.022315202231520219
SG-007-NOMOGRAM-001,mode,E_y_1_3,E_y,1,3,nan,192,0.80334728033472802,0.021850302185030219
SG-007-NOMOGRAM-001,mode,E_y_1_3,E_y,1,3,nan,193,0.80753138075313813,0.021385402138540208
SG-007-NOMOGRAM-001,mode,E_y_1_3,E_y,1,3,nan,194,0.81171548117154813,0.020920502092050208
SG-007-NOMOGRAM-001,mode,E_y_1_3,E_y,1,3,nan,195,0.81589958158995812,0.020455602045560208
SG-007-NOMOGRAM-001,mode,E_y_1_3,E_y,1,3,nan,196,0.82008368200836823,0.019990701999070198
SG-007-NOMOGRAM-001,mode,E_y_1_3,E_y,1,3,nan,197,0.82426778242677823,0.019525801952580198
SG-007-NOMOGRAM-001,mode,E_y_1_3,E_y,1,3,nan,198,0.82845188284518834,0.019060901906090184
SG-007-NOMOGRAM-001,mode,E_y_1_3,E_y,1,3,nan,199,0.83263598326359833,0.018596001859600184
SG-007-NOMOGRAM-001,mode,E_y_1_3,E_y,1,3,nan,200,0.83682008368200833,0.018131101813110187
SG-007-NOMOGRAM-001,mode,E_y_1_3,E_y,1,3,nan,201,0.84100418410041844,0.017666201766620173
SG-007-NOMOGRAM-001,mode,E_y_1_3,E_y,1,3,nan,202,0.84518828451882844,0.017201301720130173
SG-007-NOMOGRAM-001,mode,E_y_1_3,E_y,1,3,nan,203,0.84937238493723854,0.016736401673640162
SG-007-NOMOGRAM-001,mode,E_y_1_3,E_y,1,3,nan,204,0.85355648535564854,0.016271501627150162
SG-007-NOMOGRAM-001,mode,E_y_1_3,E_y,1,3,nan,205,0.85774058577405854,0.015806601580660162
SG-007-NOMOGRAM-001,mode,E_y_1_3,E_y,1,3,nan,206,0.86192468619246865,0.01534170153417015
SG-007-NOMOGRAM-001,mode,E_y_1_3,E_y,1,3,nan,207,0.86610878661087864,0.01487680148768015
SG-007-NOMOGRAM-001,mode,E_y_1_3,E_y,1,3,nan,208,0.87029288702928875,0.014411901441190138
SG-007-NOMOGRAM-001,mode,E_y_1_3,E_y,1,3,nan,209,0.87447698744769875,0.013947001394700139
SG-007-NOMOGRAM-001,mode,E_y_1_3,E_y,1,3,nan,210,0.87866108786610875,0.013482101348210139
SG-007-NOMOGRAM-001,mode,E_y_1_3,E_y,1,3,nan,211,0.88284518828451886,0.013017201301720127
SG-007-NOMOGRAM-001,mode,E_y_1_3,E_y,1,3,nan,212,0.88702928870292885,0.012552301255230127
SG-007-NOMOGRAM-001,mode,E_y_1_3,E_y,1,3,nan,213,0.89121338912133896,0.012087401208740115
SG-007-NOMOGRAM-001,mode,E_y_1_3,E_y,1,3,nan,214,0.89539748953974896,0.011622501162250116
SG-007-NOMOGRAM-001,mode,E_y_1_3,E_y,1,3,nan,215,0.89958158995815896,0.011157601115760116
SG-007-NOMOGRAM-001,mode,E_y_1_3,E_y,1,3,nan,216,0.90376569037656906,0.010692701069270104
SG-007-NOMOGRAM-001,mode,E_y_1_3,E_y,1,3,nan,217,0.90794979079497906,0.010227801022780104
SG-007-NOMOGRAM-001,mode,E_y_1_3,E_y,1,3,nan,218,0.91213389121338917,0.0097629009762900919
SG-007-NOMOGRAM-001,mode,E_y_1_3,E_y,1,3,nan,219,0.91631799163179917,0.0092980009298000918
SG-007-NOMOGRAM-001,mode,E_y_1_3,E_y,1,3,nan,220,0.92050209205020916,0.0088331008833100935
SG-007-NOMOGRAM-001,mode,E_y_1_3,E_y,1,3,nan,221,0.92468619246861927,0.0083682008368200812
SG-007-NOMOGRAM-001,mode,E_y_1_3,E_y,1,3,nan,222,0.92887029288702927,0.0079033007903300811
SG-007-NOMOGRAM-001,mode,E_y_1_3,E_y,1,3,nan,223,0.93305439330543938,0.0074384007438400689
SG-007-NOMOGRAM-001,mode,E_y_1_3,E_y,1,3,nan,224,0.93723849372384938,0.0069735006973500697
SG-007-NOMOGRAM-001,mode,E_y_1_3,E_y,1,3,nan,225,0.94142259414225937,0.0065086006508600696
SG-007-NOMOGRAM-001,mode,E_y_1_3,E_y,1,3,nan,226,0.94560669456066948,0.0060437006043700574
SG-007-NOMOGRAM-001,mode,E_y_1_3,E_y,1,3,nan,227,0.94979079497907948,0.0055788005578800582
SG-007-NOMOGRAM-001,mode,E_y_1_3,E_y,1,3,nan,228,0.95397489539748959,0.005113900511390046
SG-007-NOMOGRAM-001,mode,E_y_1_3,E_y,1,3,nan,229,0.95815899581589958,0.0046490004649000459
SG-007-NOMOGRAM-001,mode,E_y_1_3,E_y,1,3,nan,230,0.96234309623430958,0.0041841004184100467
SG-007-NOMOGRAM-001,mode,E_y_1_3,E_y,1,3,nan,231,0.96652719665271969,0.0037192003719200345
SG-007-NOMOGRAM-001,mode,E_y_1_3,E_y,1,3,nan,232,0.97071129707112969,0.0032543003254300348
SG-007-NOMOGRAM-001,mode,E_y_1_3,E_y,1,3,nan,233,0.97489539748953979,0.002789400278940023
SG-007-NOMOGRAM-001,mode,E_y_1_3,E_y,1,3,nan,234,0.97907949790794979,0.0023245002324500229
SG-007-NOMOGRAM-001,mode,E_y_1_3,E_y,1,3,nan,235,0.98326359832635979,0.0018596001859600235
SG-007-NOMOGRAM-001,mode,E_y_1_3,E_y,1,3,nan,236,0.9874476987447699,0.0013947001394700115
SG-007-NOMOGRAM-001,mode,E_y_1_3,E_y,1,3,nan,237,0.99163179916317989,0.00092980009298001176
SG-007-NOMOGRAM-001,mode,E_y_1_3,E_y,1,3,nan,238,0.99581589958159,0.0004649000464899997
SG-007-NOMOGRAM-001,mode,E_y_1_3,E_y,1,3,nan,239,1,0
SG-007-NOMOGRAM-001,c_line,C=0.2,E_y,0,0,0.20000000000000001,0,0,0
SG-007-NOMOGRAM-001,c_line,C=0.2,E_y,0,0,0.20000000000000001,1,0.0041841004184100415,0.00083682008368200832
SG-007-NOMOGRAM-001,c_line,C=0.2,E_y,0,0,0.20000000000000001,2,0.008368200836820083,0.0016736401673640166
SG-007-NOMOGRAM-001,c_line,C=0.2,E_y,0,0,0.20000000000000001,3,0.012552301255230125,0.0025104602510460251
SG-007-NOMOGRAM-001,c_line,C=0.2,E_y,0,0,0.20000000000000001,4,0.016736401673640166,0.0033472803347280333
SG-007-NOMOGRAM-001,c_line,C=0.2,E_y,0,0,0.20000000000000001,5,0.020920502092050208,0.0041841004184100415
SG-007-NOMOGRAM-001,c_line,C=0.2,E_y,0,0,0.20000000000000001,6,0.025104602510460251,0.0050209205020920501
SG-007-NOMOGRAM-001,c_line,C=0.2,E_y,0,0,0.20000000000000001,7,0.029288702928870293,0.0058577405857740588
SG-007-NOMOGRAM-001,c_line,C=0.2,E_y,0,0,0.20000000000000001,8,0.033472803347280332,0.0066945606694560665
SG-007-NOMOGRAM-001,c_line,C=0.2,E_y,0,0,0.20000000000000001,9,0.037656903765690378,0.0075313807531380761
SG-007-NOMOGRAM-001,c_line,C=0.2,E_y,0,0,0.20000000000000001,10,0.041841004184100417,0.008368200836820083
SG-007-NOMOGRAM-001,c_line,C=0.2,E_y,0,0,0.20000000000000001,11,0.046025104602510462,0.0092050209205020925
SG-007-NOMOGRAM-001,c_line,C=0.2,E_y,0,0,0.20000000000000001,12,0.050209205020920501,0.0100418410041841
SG-007-NOMOGRAM-001,c_line,C=0.2,E_y,0,0,0.20000000000000001,13,0.054393305439330547,0.01087866108786611
SG-007-NOMOGRAM-001,c_line,C=0.2,E_y,0,0,0.20000000000000001,14,0.058577405857740586,0.011715481171548118
SG-007-NOMOGRAM-001,c_line,C=0.2,E_y,0,0,0.20000000000000001,15,0.062761506276150625,0.012552301255230125
SG-007-NOMOGRAM-001,c_line,C=0.2,E_y,0,0,0.20000000000000001,16,0.066945606694560664,0.013389121338912133
SG-007-NOMOGRAM-001,c_line,C=0.2,E_y,0,0,0.20000000000000001,17,0.071129707112970716,0.014225941422594144
SG-007-NOMOGRAM-001,c_line,C=0.2,E_y,0,0,0.20000000000000001,18,0.075313807531380755,0.015062761506276152
SG-007-NOMOGRAM-001,c_line,C=0.2,E_y,0,0,0.20000000000000001,19,0.079497907949790794,0.015899581589958158
SG-007-NOMOGRAM-001,c_line,C=0.2,E_y,0,0,0.20000000000000001,20,0.083682008368200833,0.016736401673640166
SG-007-NOMOGRAM-001,c_line,C=0.2,E_y,0,0,0.20000000000000001,21,0.087866108786610872,0.017573221757322174
SG-007-NOMOGRAM-001,c_line,C=0.2,E_y,0,0,0.20000000000000001,22,0.092050209205020925,0.018410041841004185
SG-007-NOMOGRAM-001,c_line,C=0.2,E_y,0,0,0.20000000000000001,23,0.096234309623430964,0.019246861924686193
SG-007-NOMOGRAM-001,c_line,C=0.2,E_y,0,0,0.20000000000000001,24,0.100418410041841,0.020083682008368201
SG-007-NOMOGRAM-001,c_line,C=0.2,E_y,0,0,0.20000000000000001,25,0.10460251046025104,0.020920502092050208
SG-007-NOMOGRAM-001,c_line,C=0.2,E_y,0,0,0.20000000000000001,26,0.10878661087866109,0.02175732217573222
SG-007-NOMOGRAM-001,c_line,C=0.2,E_y,0,0,0.20000000000000001,27,0.11297071129707113,0.022594142259414227
SG-007-NOMOGRAM-001,c_line,C=0.2,E_y,0,0,0.20000000000000001,28,0.11715481171548117,0.023430962343096235
SG-007-NOMOGRAM-001,c_line,C=0.2,E_y,0,0,0.20000000000000001,29,0.12133891213389121,0.024267782426778243
SG-007-NOMOGRAM-001,c_line,C=0.2,E_y,0,0,0.20000000000000001,30,0.12552301255230125,0.025104602510460251
SG-007-NOMOGRAM-001,c_line,C=0.2,E_y,0,0,0.20000000000000001,31,0.1297071129707113,0.025941422594142262
SG-007-NOMOGRAM-001,c_line,C=0.2,E_y,0,0,0.20000000000000001,32,0.13389121338912133,0.026778242677824266
SG-007-NOMOGRAM-001,c_line,C=0.2,E_y,0,0,0.20000000000000001,33,0.13807531380753138,0.027615062761506277
SG-007-NOMOGRAM-001,c_line,C=0.2,E_y,0,0,0.20000000000000001,34,0.14225941422594143,0.028451882845188289
SG-007-NOMOGRAM-001,c_line,C=0.2,E_y,0,0,0.20000000000000001,35,0.14644351464435146,0.029288702928870293
SG-007-NOMOGRAM-001,c_line,C=0.2,E_y,0,0,0.20000000000000001,36,0.15062761506276151,0.030125523012552304
SG-007-NOMOGRAM-001,c_line,C=0.2,E_y,0,0,0.20000000000000001,37,0.15481171548117154,0.030962343096234309
SG-007-NOMOGRAM-001,c_line,C=0.2,E_y,0,0,0.20000000000000001,38,0.15899581589958159,0.031799163179916316
SG-007-NOMOGRAM-001,c_line,C=0.2,E_y,0,0,0.20000000000000001,39,0.16317991631799164,0.032635983263598331
SG-007-NOMOGRAM-001,c_line,C=0.2,E_y,0,0,0.20000000000000001,40,0.16736401673640167,0.033472803347280332
SG-007-NOMOGRAM-001,c_line,C=0.2,E_y,0,0,0.20000000000000001,41,0.17154811715481172,0.034309623430962347
SG-007-NOMOGRAM-001,c_line,C=0.2,E_y,0,0,0.20000000000000001,42,0.17573221757322174,0.035146443514644347
SG-007-NOMOGRAM-001,c_line,C=0.2,E_y,0,0,0.20000000000000001,43,0.1799163179916318,0.035983263598326362
SG-007-NOMOGRAM-001,c_line,C=0.2,E_y,0,0,0.20000000000000001,44,0.18410041841004185,0.03682008368200837
SG-007-NOMOGRAM-001,c_line,C=0.2,E_y,0,0,0.20000000000000001,45,0.18828451882845187,0.037656903765690378
SG-007-NOMOGRAM-001,c_line,C=0.2,E_y,0,0,0.20000000000000001,46,0.19246861924686193,0.038493723849372385
SG-007-NOMOGRAM-001,c_line,C=0.2,E_y,0,0,0.20000000000000001,47,0.19665271966527198,0.0393305439330544
SG-007-NOMOGRAM-001,c_line,C=0.2,E_y,0,0,0.20000000000000001,48,0.20083682008368201,0.040167364016736401
SG-007-NOMOGRAM-001,c_line,C=0.2,E_y,0,0,0.20000000000000001,49,0.20502092050209206,0.041004184100418416
SG-007-NOMOGRAM-001,c_line,C=0.2,E_y,0,0,0.20000000000000001,50,0.20920502092050208,0.041841004184100417
SG-007-NOMOGRAM-001,c_line,C=0.2,E_y,0,0,0.20000000000000001,51,0.21338912133891214,0.042677824267782431
SG-007-NOMOGRAM-001,c_line,C=0.2,E_y,0,0,0.20000000000000001,52,0.21757322175732219,0.043514644351464439
SG-007-NOMOGRAM-001,c_line,C=0.2,E_y,0,0,0.20000000000000001,53,0.22175732217573221,0.044351464435146447
SG-007-NOMOGRAM-001,c_line,C=0.2,E_y,0,0,0.20000000000000001,54,0.22594142259414227,0.045188284518828455
SG-007-NOMOGRAM-001,c_line,C=0.2,E_y,0,0,0.20000000000000001,55,0.23012552301255229,0.046025104602510462
SG-007-NOMOGRAM-001,c_line,C=0.2,E_y,0,0,0.20000000000000001,56,0.23430962343096234,0.04686192468619247
SG-007-NOMOGRAM-001,c_line,C=0.2,E_y,0,0,0.20000000000000001,57,0.2384937238493724,0.047698744769874485
SG-007-NOMOGRAM-001,c_line,C=0.2,E_y,0,0,0.20000000000000001,58,0.24267782426778242,0.048535564853556486
SG-007-NOMOGRAM-001,c_line,C=0.2,E_y,0,0,0.20000000000000001,59,0.24686192468619247,0.0493723849372385
SG-007-NOMOGRAM-001,c_line,C=0.2,E_y,0,0,0.20000000000000001,60,0.2510460251046025,0.050209205020920501
SG-007-NOMOGRAM-001,c_line,C=0.2,E_y,0,0,0.20000000000000001,61,0.25523012552301255,0.051046025104602516
SG-007-NOMOGRAM-001,c_line,C=0.2,E_y,0,0,0.20000000000000001,62,0.2594142259414226,0.051882845188284524
SG-007-NOMOGRAM-001,c_line,C=0.2,E_y,0,0,0.20000000000000001,63,0.26359832635983266,0.052719665271966532
SG-007-NOMOGRAM-001,c_line,C=0.2,E_y,0,0,0.20000000000000001,64,0.26778242677824265,0.053556485355648532
SG-007-NOMOGRAM-001,c_line,C=0.2,E_y,0,0,0.20000000000000001,65,0.27196652719665271,0.054393305439330547
SG-007-NOMOGRAM-001,c_line,C=0.2,E_y,0,0,0.20000000000000001,66,0.27615062761506276,0.055230125523012555
SG-007-NOMOGRAM-001,c_line,C=0.2,E_y,0,0,0.20000000000000001,67,0.28033472803347281,0.056066945606694563
SG-007-NOMOGRAM-001,c_line,C=0.2,E_y,0,0,0.20000000000000001,68,0.28451882845188287,0.056903765690376577
SG-007-NOMOGRAM-001,c_line,C=0.2,E_y,0,0,0.20000000000000001,69,0.28870292887029286,0.057740585774058578
SG-007-NOMOGRAM-001,c_line,C=0.2,E_y,0,0,0.20000000000000001,70,0.29288702928870292,0.058577405857740586
SG-007-NOMOGRAM-001,c_line,C=0.2,E_y,0,0,0.20000000000000001,71,0.29707112970711297,0.059414225941422594
SG-007-NOMOGRAM-001,c_line,C=0.2,E_y,0,0,0.20000000000000001,72,0.30125523012552302,0.060251046025104608
SG-007-NOMOGRAM-001,c_line,C=0.2,E_y,0,0,0.20000000000000001,73,0.30543933054393307,0.061087866108786616
SG-007-NOMOGRAM-001,c_line,C=0.2,E_y,0,0,0.20000000000000001,74,0.30962343096234307,0.061924686192468617
SG-007-NOMOGRAM-001,c_line,C=0.2,E_y,0,0,0.20000000000000001,75,0.31380753138075312,0.062761506276150625
SG-007-NOMOGRAM-001,c_line,C=0.2,E_y,0,0,0.20000000000000001,76,0.31799163179916318,0.063598326359832633
SG-007-NOMOGRAM-001,c_line,C=0.2,E_y,0,0,0.20000000000000001,77,0.32217573221757323,0.064435146443514654
SG-007-NOMOGRAM-001,c_line,C=0.2,E_y,0,0,0.20000000000000001,78,0.32635983263598328,0.065271966527196662
SG-007-NOMOGRAM-001,c_line,C=0.2,E_y,0,0,0.20000000000000001,79,0.33054393305439328,0.066108786610878656
SG-007-NOMOGRAM-001,c_line,C=0.2,E_y,0,0,0.20000000000000001,80,0.33472803347280333,0.066945606694560664
SG-007-NOMOGRAM-001,c_line,C=0.2,E_y,0,0,0.20000000000000001,81,0.33891213389121339,0.067782426778242685
SG-007-NOMOGRAM-001,c_line,C=0.2,E_y,0,0,0.20000000000000001,82,0.34309623430962344,0.068619246861924693
SG-007-NOMOGRAM-001,c_line,C=0.2,E_y,0,0,0.20000000000000001,83,0.34728033472803349,0.069456066945606701
SG-007-NOMOGRAM-001,c_line,C=0.2,E_y,0,0,0.20000000000000001,84,0.35146443514644349,0.070292887029288695
SG-007-NOMOGRAM-001,c_line,C=0.2,E_y,0,0,0.20000000000000001,85,0.35564853556485354,0.071129707112970716
SG-007-NOMOGRAM-001,c_line,C=0.2,E_y,0,0,0.20000000000000001,86,0.35983263598326359,0.071966527196652724
SG-007-NOMOGRAM-001,c_line,C=0.2,E_y,0,0,0.20000000000000001,87,0.36401673640167365,0.072803347280334732
SG-007-NOMOGRAM-001,c_line,C=0.2,E_y,0,0,0.20000000000000001,88,0.3682008368200837,0.07364016736401674
SG-007-NOMOGRAM-001,c_line,C=0.2,E_y,0,0,0.20000000000000001,89,0.3723849372384937,0.074476987447698748
SG-007-NOMOGRAM-001,c_line,C=0.2,E_y,0,0,0.20000000000000001,90,0.37656903765690375,0.075313807531380755
SG-007-NOMOGRAM-001,c_line,C=0.2,E_y,0,0,0.20000000000000001,91,0.3807531380753138,0.076150627615062763
SG-007-NOMOGRAM-001,c_line,C=0.2,E_y,0,0,0.20000000000000001,92,0.38493723849372385,0.076987447698744771
SG-007-NOMOGRAM-001,c_line,C=0.2,E_y,0,0,0.20000000000000001,93,0.38912133891213391,0.077824267782426793
SG-007-NOMOGRAM-001,c_line,C=0.2,E_y,0,0,0.20000000000000001,94,0.39330543933054396,0.0786610878661088
SG-007-NOMOGRAM-001,c_line,C=0.2,E_y,0,0,0.20000000000000001,95,0.39748953974895396,0.079497907949790794
SG-007-NOMOGRAM-001,c_line,C=0.2,E_y,0,0,0.20000000000000001,96,0.40167364016736401,0.080334728033472802
SG-007-NOMOGRAM-001,c_line,C=0.2,E_y,0,0,0.20000000000000001,97,0.40585774058577406,0.081171548117154824
SG-007-NOMOGRAM-001,c_line,C=0.2,E_y,0,0,0.20000000000000001,98,0.41004184100418412,0.082008368200836831
SG-007-NOMOGRAM-001,c_line,C=0.2,E_y,0,0,0.20000000000000001,99,0.41422594142259417,0.082845188284518839
SG-007-NOMOGRAM-001,c_line,C=0.2,E_y,0,0,0.20000000000000001,100,0.41841004184100417,0.083682008368200833
SG-007-NOMOGRAM-001,c_line,C=0.2,E_y,0,0,0.20000000000000001,101,0.42259414225941422,0.084518828451882855
SG-007-NOMOGRAM-001,c_line,C=0.2,E_y,0,0,0.20000000000000001,102,0.42677824267782427,0.085355648535564863
SG-007-NOMOGRAM-001,c_line,C=0.2,E_y,0,0,0.20000000000000001,103,0.43096234309623432,0.08619246861924687
SG-007-NOMOGRAM-001,c_line,C=0.2,E_y,0,0,0.20000000000000001,104,0.43514644351464438,0.087029288702928878
SG-007-NOMOGRAM-001,c_line,C=0.2,E_y,0,0,0.20000000000000001,105,0.43933054393305437,0.087866108786610886
SG-007-NOMOGRAM-001,c_line,C=0.2,E_y,0,0,0.20000000000000001,106,0.44351464435146443,0.088702928870292894
SG-007-NOMOGRAM-001,c_line,C=0.2,E_y,0,0,0.20000000000000001,107,0.44769874476987448,0.089539748953974901
SG-007-NOMOGRAM-001,c_line,C=0.2,E_y,0,0,0.20000000000000001,108,0.45188284518828453,0.090376569037656909
SG-007-NOMOGRAM-001,c_line,C=0.2,E_y,0,0,0.20000000000000001,109,0.45606694560669458,0.091213389121338917
SG-007-NOMOGRAM-001,c_line,C=0.2,E_y,0,0,0.20000000000000001,110,0.46025104602510458,0.092050209205020925
SG-007-NOMOGRAM-001,c_line,C=0.2,E_y,0,0,0.20000000000000001,111,0.46443514644351463,0.092887029288702933
SG-007-NOMOGRAM-001,c_line,C=0.2,E_y,0,0,0.20000000000000001,112,0.46861924686192469,0.09372384937238494
SG-007-NOMOGRAM-001,c_line,C=0.2,E_y,0,0,0.20000000000000001,113,0.47280334728033474,0.094560669456066948
SG-007-NOMOGRAM-001,c_line,C=0.2,E_y,0,0,0.20000000000000001,114,0.47698744769874479,0.09539748953974897
SG-007-NOMOGRAM-001,c_line,C=0.2,E_y,0,0,0.20000000000000001,115,0.48117154811715479,0.096234309623430964
SG-007-NOMOGRAM-001,c_line,C=0.2,E_y,0,0,0.20000000000000001,116,0.48535564853556484,0.097071129707112971
SG-007-NOMOGRAM-001,c_line,C=0.2,E_y,0,0,0.20000000000000001,117,0.4895397489539749,0.097907949790794979
SG-007-NOMOGRAM-001,c_line,C=0.2,E_y,0,0,0.20000000000000001,118,0.49372384937238495,0.098744769874477001
SG-007-NOMOGRAM-001,c_line,C=0.2,E_y,0,0,0.20000000000000001,119,0.497907949790795,0.099581589958159009
SG-007-NOMOGRAM-001,c_line,C=0.2,E_y,0,0,0.20000000000000001,120,0.502092050209205,0.100418410041841
SG-007-NOMOGRAM-001,c_line,C=0.2,E_y,0,0,0.20000000000000001,121,0.50627615062761511,0.10125523012552302
SG-007-NOMOGRAM-001,c_line,C=0.2,E_y,0,0,0.20000000000000001,122,0.5104602510460251,0.10209205020920503
SG-007-NOMOGRAM-001,c_line,C=0.2,E_y,0,0,0.20000000000000001,123,0.5146443514644351,0.10292887029288703
SG-007-NOMOGRAM-001,c_line,C=0.2,E_y,0,0,0.20000000000000001,124,0.51882845188284521,0.10376569037656905
SG-007-NOMOGRAM-001,c_line,C=0.2,E_y,0,0,0.20000000000000001,125,0.52301255230125521,0.10460251046025104
SG-007-NOMOGRAM-001,c_line,C=0.2,E_y,0,0,0.20000000000000001,126,0.52719665271966532,0.10543933054393306
SG-007-NOMOGRAM-001,c_line,C=0.2,E_y,0,0,0.20000000000000001,127,0.53138075313807531,0.10627615062761507
SG-007-NOMOGRAM-001,c_line,C=0.2,E_y,0,0,0.20000000000000001,128,0.53556485355648531,0.10711297071129706
SG-007-NOMOGRAM-001,c_line,C=0.2,E_y,0,0,0.20000000000000001,129,0.53974895397489542,0.10794979079497909
SG-007-NOMOGRAM-001,c_line,C=0.2,E_y,0,0,0.20000000000000001,130,0.54393305439330542,0.10878661087866109
SG-007-NOMOGRAM-001,c_line,C=0.2,E_y,0,0,0.20000000000000001,131,0.54811715481171552,0.10962343096234312
SG-007-NOMOGRAM-001,c_line,C=0.2,E_y,0,0,0.20000000000000001,132,0.55230125523012552,0.11046025104602511
SG-007-NOMOGRAM-001,c_line,C=0.2,E_y,0,0,0.20000000000000001,133,0.55648535564853552,0.1112970711297071
SG-007-NOMOGRAM-001,c_line,C=0.2,E_y,0,0,0.20000000000000001,134,0.56066945606694563,0.11213389121338913
SG-007-NOMOGRAM-001,c_line,C=0.2,E_y,0,0,0.20000000000000001,135,0.56485355648535562,0.11297071129707113
SG-007-NOMOGRAM-001,c_line,C=0.2,E_y,0,0,0.20000000000000001,136,0.56903765690376573,0.11380753138075315
SG-007-NOMOGRAM-001,c_line,C=0.2,E_y,0,0,0.20000000000000001,137,0.57322175732217573,0.11464435146443515
SG-007-NOMOGRAM-001,c_line,C=0.2,E_y,0,0,0.20000000000000001,138,0.57740585774058573,0.11548117154811716
SG-007-NOMOGRAM-001,c_line,C=0.2,E_y,0,0,0.20000000000000001,139,0.58158995815899583,0.11631799163179918
SG-007-NOMOGRAM-001,c_line,C=0.2,E_y,0,0,0.20000000000000001,140,0.58577405857740583,0.11715481171548117
SG-007-NOMOGRAM-001,c_line,C=0.2,E_y,0,0,0.20000000000000001,141,0.58995815899581594,0.11799163179916319
SG-007-NOMOGRAM-001,c_line,C=0.2,E_y,0,0,0.20000000000000001,142,0.59414225941422594,0.11882845188284519
SG-007-NOMOGRAM-001,c_line,C=0.2,E_y,0,0,0.20000000000000001,143,0.59832635983263593,0.1196652719665272
SG-007-NOMOGRAM-001,c_line,C=0.2,E_y,0,0,0.20000000000000001,144,0.60251046025104604,0.12050209205020922
SG-007-NOMOGRAM-001,c_line,C=0.2,E_y,0,0,0.20000000000000001,145,0.60669456066945604,0.12133891213389121
SG-007-NOMOGRAM-001,c_line,C=0.2,E_y,0,0,0.20000000000000001,146,0.61087866108786615,0.12217573221757323
SG-007-NOMOGRAM-001,c_line,C=0.2,E_y,0,0,0.20000000000000001,147,0.61506276150627615,0.12301255230125524
SG-007-NOMOGRAM-001,c_line,C=0.2,E_y,0,0,0.20000000000000001,148,0.61924686192468614,0.12384937238493723
SG-007-NOMOGRAM-001,c_line,C=0.2,E_y,0,0,0.20000000000000001,149,0.62343096234309625,0.12468619246861926
SG-007-NOMOGRAM-001,c_line,C=0.2,E_y,0,0,0.20000000000000001,150,0.62761506276150625,0.12552301255230125
SG-007-NOMOGRAM-001,c_line,C=0.2,E_y,0,0,0.20000000000000001,151,0.63179916317991636,0.12635983263598327
SG-007-NOMOGRAM-001,c_line,C=0.2,E_y,0,0,0.20000000000000001,152,0.63598326359832635,0.12719665271966527
SG-007-NOMOGRAM-001,c_line,C=0.2,E_y,0,0,0.20000000000000001,153,0.64016736401673635,0.12803347280334729
SG-007-NOMOGRAM-001,c_line,C=0.2,E_y,0,0,0.20000000000000001,154,0.64435146443514646,0.12887029288702931
SG-007-NOMOGRAM-001,c_line,C=0.2,E_y,0,0,0.20000000000000001,155,0.64853556485355646,0.1297071129707113
SG-007-NOMOGRAM-001,c_line,C=0.2,E_y,0,0,0.20000000000000001,156,0.65271966527196656,0.13054393305439332
SG-007-NOMOGRAM-001,c_line,C=0.2,E_y,0,0,0.20000000000000001,157,0.65690376569037656,0.13138075313807532
SG-007-NOMOGRAM-001,c_line,C=0.2,E_y,0,0,0.20000000000000001,158,0.66108786610878656,0.13221757322175731
SG-007-NOMOGRAM-001,c_line,C=0.2,E_y,0,0,0.20000000000000001,159,0.66527196652719667,0.13305439330543933
SG-007-NOMOGRAM-001,c_line,C=0.2,E_y,0,0,0.20000000000000001,160,0.66945606694560666,0.13389121338912133
SG-007-NOMOGRAM-001,c_line,C=0.2,E_y,0,0,0.20000000000000001,161,0.67364016736401677,0.13472803347280335
SG-007-NOMOGRAM-001,c_line,C=0.2,E_y,0,0,0.20000000000000001,162,0.67782426778242677,0.13556485355648537
SG-007-NOMOGRAM-001,c_line,C=0.2,E_y,0,0,0.20000000000000001,163,0.68200836820083677,0.13640167364016736
SG-007-NOMOGRAM-001,c_line,C=0.2,E_y,0,0,0.20000000000000001,164,0.68619246861924688,0.13723849372384939
SG-007-NOMOGRAM-001,c_line,C=0.2,E_y,0,0,0.20000000000000001,165,0.69037656903765687,0.13807531380753138
SG-007-NOMOGRAM-001,c_line,C=0.2,E_y,0,0,0.20000000000000001,166,0.69456066945606698,0.1389121338912134
SG-007-NOMOGRAM-001,c_line,C=0.2,E_y,0,0,0.20000000000000001,167,0.69874476987447698,0.1397489539748954
SG-007-NOMOGRAM-001,c_line,C=0.2,E_y,0,0,0.20000000000000001,168,0.70292887029288698,0.14058577405857739
SG-007-NOMOGRAM-001,c_line,C=0.2,E_y,0,0,0.20000000000000001,169,0.70711297071129708,0.14142259414225941
SG-007-NOMOGRAM-001,c_line,C=0.2,E_y,0,0,0.20000000000000001,170,0.71129707112970708,0.14225941422594143
SG-007-NOMOGRAM-001,c_line,C=0.2,E_y,0,0,0.20000000000000001,171,0.71548117154811719,0.14309623430962345
SG-007-NOMOGRAM-001,c_line,C=0.2,E_y,0,0,0.20000000000000001,172,0.71966527196652719,0.14393305439330545
SG-007-NOMOGRAM-001,c_line,C=0.2,E_y,0,0,0.20000000000000001,173,0.72384937238493718,0.14476987447698744
SG-007-NOMOGRAM-001,c_line,C=0.2,E_y,0,0,0.20000000000000001,174,0.72803347280334729,0.14560669456066946
SG-007-NOMOGRAM-001,c_line,C=0.2,E_y,0,0,0.20000000000000001,175,0.73221757322175729,0.14644351464435146
SG-007-NOMOGRAM-001,c_line,C=0.2,E_y,0,0,0.20000000000000001,176,0.7364016736401674,0.14728033472803348
SG-007-NOMOGRAM-001,c_line,C=0.2,E_y,0,0,0.20000000000000001,177,0.7405857740585774,0.14811715481171547
SG-007-NOMOGRAM-001,c_line,C=0.2,E_y,0,0,0.20000000000000001,178,0.74476987447698739,0.1489539748953975
SG-007-NOMOGRAM-001,c_line,C=0.2,E_y,0,0,0.20000000000000001,179,0.7489539748953975,0.14979079497907952
SG-007-NOMOGRAM-001,c_line,C=0.2,E_y,0,0,0.20000000000000001,180,0.7531380753138075,0.15062761506276151
SG-007-NOMOGRAM-001,c_line,C=0.2,E_y,0,0,0.20000000000000001,181,0.75732217573221761,0.15146443514644353
SG-007-NOMOGRAM-001,c_line,C=0.2,E_y,0,0,0.20000000000000001,182,0.7615062761506276,0.15230125523012553
SG-007-NOMOGRAM-001,c_line,C=0.2,E_y,0,0,0.20000000000000001,183,0.76569037656903771,0.15313807531380755
SG-007-NOMOGRAM-001,c_line,C=0.2,E_y,0,0,0.20000000000000001,184,0.76987447698744771,0.15397489539748954
SG-007-NOMOGRAM-001,c_line,C=0.2,E_y,0,0,0.20000000000000001,185,0.77405857740585771,0.15481171548117156
SG-007-NOMOGRAM-001,c_line,C=0.2,E_y,0,0,0.20000000000000001,186,0.77824267782426781,0.15564853556485359
SG-007-NOMOGRAM-001,c_line,C=0.2,E_y,0,0,0.20000000000000001,187,0.78242677824267781,0.15648535564853558
SG-007-NOMOGRAM-001,c_line,C=0.2,E_y,0,0,0.20000000000000001,188,0.78661087866108792,0.1573221757322176
SG-007-NOMOGRAM-001,c_line,C=0.2,E_y,0,0,0.20000000000000001,189,0.79079497907949792,0.15815899581589959
SG-007-NOMOGRAM-001,c_line,C=0.2,E_y,0,0,0.20000000000000001,190,0.79497907949790791,0.15899581589958159
SG-007-NOMOGRAM-001,c_line,C=0.2,E_y,0,0,0.20000000000000001,191,0.79916317991631802,0.15983263598326361
SG-007-NOMOGRAM-001,c_line,C=0.2,E_y,0,0,0.20000000000000001,192,0.80334728033472802,0.1606694560669456
SG-007-NOMOGRAM-001,c_line,C=0.2,E_y,0,0,0.20000000000000001,193,0.80753138075313813,0.16150627615062763
SG-007-NOMOGRAM-001,c_line,C=0.2,E_y,0,0,0.20000000000000001,194,0.81171548117154813,0.16234309623430965
SG-007-NOMOGRAM-001,c_line,C=0.2,E_y,0,0,0.20000000000000001,195,0.81589958158995812,0.16317991631799164
SG-007-NOMOGRAM-001,c_line,C=0.2,E_y,0,0,0.20000000000000001,196,0.82008368200836823,0.16401673640167366
SG-007-NOMOGRAM-001,c_line,C=0.2,E_y,0,0,0.20000000000000001,197,0.82426778242677823,0.16485355648535566
SG-007-NOMOGRAM-001,c_line,C=0.2,E_y,0,0,0.20000000000000001,198,0.82845188284518834,0.16569037656903768
SG-007-NOMOGRAM-001,c_line,C=0.2,E_y,0,0,0.20000000000000001,199,0.83263598326359833,0.16652719665271967
SG-007-NOMOGRAM-001,c_line,C=0.2,E_y,0,0,0.20000000000000001,200,0.83682008368200833,0.16736401673640167
SG-007-NOMOGRAM-001,c_line,C=0.2,E_y,0,0,0.20000000000000001,201,0.84100418410041844,0.16820083682008369
SG-007-NOMOGRAM-001,c_line,C=0.2,E_y,0,0,0.20000000000000001,202,0.84518828451882844,0.16903765690376571
SG-007-NOMOGRAM-001,c_line,C=0.2,E_y,0,0,0.20000000000000001,203,0.84937238493723854,0.16987447698744773
SG-007-NOMOGRAM-001,c_line,C=0.2,E_y,0,0,0.20000000000000001,204,0.85355648535564854,0.17071129707112973
SG-007-NOMOGRAM-001,c_line,C=0.2,E_y,0,0,0.20000000000000001,205,0.85774058577405854,0.17154811715481172
SG-007-NOMOGRAM-001,c_line,C=0.2,E_y,0,0,0.20000000000000001,206,0.86192468619246865,0.17238493723849374
SG-007-NOMOGRAM-001,c_line,C=0.2,E_y,0,0,0.20000000000000001,207,0.86610878661087864,0.17322175732217573
SG-007-NOMOGRAM-001,c_line,C=0.2,E_y,0,0,0.20000000000000001,208,0.87029288702928875,0.17405857740585776
SG-007-NOMOGRAM-001,c_line,C=0.2,E_y,0,0,0.20000000000000001,209,0.87447698744769875,0.17489539748953975
SG-007-NOMOGRAM-001,c_line,C=0.2,E_y,0,0,0.20000000000000001,210,0.87866108786610875,0.17573221757322177
SG-007-NOMOGRAM-001,c_line,C=0.2,E_y,0,0,0.20000000000000001,211,0.88284518828451886,0.17656903765690379
SG-007-NOMOGRAM-001,c_line,C=0.2,E_y,0,0,0.20000000000000001,212,0.88702928870292885,0.17740585774058579
SG-007-NOMOGRAM-001,c_line,C=0.2,E_y,0,0,0.20000000000000001,213,0.89121338912133896,0.17824267782426781
SG-007-NOMOGRAM-001,c_line,C=0.2,E_y,0,0,0.20000000000000001,214,0.89539748953974896,0.1790794979079498
SG-007-NOMOGRAM-001,c_line,C=0.2,E_y,0,0,0.20000000000000001,215,0.89958158995815896,0.1799163179916318
SG-007-NOMOGRAM-001,c_line,C=0.2,E_y,0,0,0.20000000000000001,216,0.90376569037656906,0.18075313807531382
SG-007-NOMOGRAM-001,c_line,C=0.2,E_y,0,0,0.20000000000000001,217,0.90794979079497906,0.18158995815899581
SG-007-NOMOGRAM-001,c_line,C=0.2,E_y,0,0,0.20000000000000001,218,0.91213389121338917,0.18242677824267783
SG-007-NOMOGRAM-001,c_line,C=0.2,E_y,0,0,0.20000000000000001,219,0.91631799163179917,0.18326359832635986
SG-007-NOMOGRAM-001,c_line,C=0.2,E_y,0,0,0.20000000000000001,220,0.92050209205020916,0.18410041841004185
SG-007-NOMOGRAM-001,c_line,C=0.2,E_y,0,0,0.20000000000000001,221,0.92468619246861927,0.18493723849372387
SG-007-NOMOGRAM-001,c_line,C=0.2,E_y,0,0,0.20000000000000001,222,0.92887029288702927,0.18577405857740587
SG-007-NOMOGRAM-001,c_line,C=0.2,E_y,0,0,0.20000000000000001,223,0.93305439330543938,0.18661087866108789
SG-007-NOMOGRAM-001,c_line,C=0.2,E_y,0,0,0.20000000000000001,224,0.93723849372384938,0.18744769874476988
SG-007-NOMOGRAM-001,c_line,C=0.2,E_y,0,0,0.20000000000000001,225,0.94142259414225937,0.18828451882845187
SG-007-NOMOGRAM-001,c_line,C=0.2,E_y,0,0,0.20000000000000001,226,0.94560669456066948,0.1891213389121339
SG-007-NOMOGRAM-001,c_line,C=0.2,E_y,0,0,0.20000000000000001,227,0.94979079497907948,0.18995815899581592
SG-007-NOMOGRAM-001,c_line,C=0.2,E_y,0,0,0.20000000000000001,228,0.95397489539748959,0.19079497907949794
SG-007-NOMOGRAM-001,c_line,C=0.2,E_y,0,0,0.20000000000000001,229,0.95815899581589958,0.19163179916317993
SG-007-NOMOGRAM-001,c_line,C=0.2,E_y,0,0,0.20000000000000001,230,0.96234309623430958,0.19246861924686193
SG-007-NOMOGRAM-001,c_line,C=0.2,E_y,0,0,0.20000000000000001,231,0.96652719665271969,0.19330543933054395
SG-007-NOMOGRAM-001,c_line,C=0.2,E_y,0,0,0.20000000000000001,232,0.97071129707112969,0.19414225941422594
SG-007-NOMOGRAM-001,c_line,C=0.2,E_y,0,0,0.20000000000000001,233,0.97489539748953979,0.19497907949790796
SG-007-NOMOGRAM-001,c_line,C=0.2,E_y,0,0,0.20000000000000001,234,0.97907949790794979,0.19581589958158996
SG-007-NOMOGRAM-001,c_line,C=0.2,E_y,0,0,0.20000000000000001,235,0.98326359832635979,0.19665271966527198
SG-007-NOMOGRAM-001,c_line,C=0.2,E_y,0,0,0.20000000000000001,236,0.9874476987447699,0.197489539748954
SG-007-NOMOGRAM-001,c_line,C=0.2,E_y,0,0,0.20000000000000001,237,0.99163179916317989,0.198326359832636
SG-007-NOMOGRAM-001,c_line,C=0.2,E_y,0,0,0.20000000000000001,238,0.99581589958159,0.19916317991631802
SG-007-NOMOGRAM-001,c_line,C=0.2,E_y,0,0,0.20000000000000001,239,1,0.20000000000000001
SG-007-NOMOGRAM-001,c_line,C=0.5,E_y,0,0,0.5,0,0,0
SG-007-NOMOGRAM-001,c_line,C=0.5,E_y,0,0,0.5,1,0.0041841004184100415,0.0020920502092050207
SG-007-NOMOGRAM-001,c_line,C=0.5,E_y,0,0,0.5,2,0.008368200836820083,0.0041841004184100415
SG-007-NOMOGRAM-001,c_line,C=0.5,E_y,0,0,0.5,3,0.012552301255230125,0.0062761506276150627
SG-007-NOMOGRAM-001,c_line,C=0.5,E_y,0,0,0.5,4,0.016736401673640166,0.008368200836820083
SG-007-NOMOGRAM-001,c_line,C=0.5,E_y,0,0,0.5,5,0.020920502092050208,0.010460251046025104
SG-007-NOMOGRAM-001,c_line,C=0.5,E_y,0,0,0.5,6,0.025104602510460251,0.012552301255230125
SG-007-NOMOGRAM-001,c_line,C=0.5,E_y,0,0,0.5,7,0.029288702928870293,0.014644351464435146
SG-007-NOMOGRAM-001,c_line,C=0.5,E_y,0,0,0.5,8,0.033472803347280332,0.016736401673640166
SG-007-NOMOGRAM-001,c_line,C=0.5,E_y,0,0,0.5,9,0.037656903765690378,0.018828451882845189
SG-007-NOMOGRAM-001,c_line,C=0.5,E_y,0,0,0.5,10,0.041841004184100417,0.020920502092050208
SG-007-NOMOGRAM-001,c_line,C=0.5,E_y,0,0,0.5,11,0.046025104602510462,0.023012552301255231
SG-007-NOMOGRAM-001,c_line,C=0.5,E_y,0,0,0.5,12,0.050209205020920501,0.025104602510460251
SG-007-NOMOGRAM-001,c_line,C=0.5,E_y,0,0,0.5,13,0.054393305439330547,0.027196652719665274
SG-007-NOMOGRAM-001,c_line,C=0.5,E_y,0,0,0.5,14,0.058577405857740586,0.029288702928870293
SG-007-NOMOGRAM-001,c_line,C=0.5,E_y,0,0,0.5,15,0.062761506276150625,0.031380753138075312
SG-007-NOMOGRAM-001,c_line,C=0.5,E_y,0,0,0.5,16,0.066945606694560664,0.033472803347280332
SG-007-NOMOGRAM-001,c_line,C=0.5,E_y,0,0,0.5,17,0.071129707112970716,0.035564853556485358
SG-007-NOMOGRAM-001,c_line,C=0.5,E_y,0,0,0.5,18,0.075313807531380755,0.037656903765690378
SG-007-NOMOGRAM-001,c_line,C=0.5,E_y,0,0,0.5,19,0.079497907949790794,0.039748953974895397
SG-007-NOMOGRAM-001,c_line,C=0.5,E_y,0,0,0.5,20,0.083682008368200833,0.041841004184100417
SG-007-NOMOGRAM-001,c_line,C=0.5,E_y,0,0,0.5,21,0.087866108786610872,0.043933054393305436
SG-007-NOMOGRAM-001,c_line,C=0.5,E_y,0,0,0.5,22,0.092050209205020925,0.046025104602510462
SG-007-NOMOGRAM-001,c_line,C=0.5,E_y,0,0,0.5,23,0.096234309623430964,0.048117154811715482
SG-007-NOMOGRAM-001,c_line,C=0.5,E_y,0,0,0.5,24,0.100418410041841,0.050209205020920501
SG-007-NOMOGRAM-001,c_line,C=0.5,E_y,0,0,0.5,25,0.10460251046025104,0.052301255230125521
SG-007-NOMOGRAM-001,c_line,C=0.5,E_y,0,0,0.5,26,0.10878661087866109,0.054393305439330547
SG-007-NOMOGRAM-001,c_line,C=0.5,E_y,0,0,0.5,27,0.11297071129707113,0.056485355648535567
SG-007-NOMOGRAM-001,c_line,C=0.5,E_y,0,0,0.5,28,0.11715481171548117,0.058577405857740586
SG-007-NOMOGRAM-001,c_line,C=0.5,E_y,0,0,0.5,29,0.12133891213389121,0.060669456066945605
SG-007-NOMOGRAM-001,c_line,C=0.5,E_y,0,0,0.5,30,0.12552301255230125,0.062761506276150625
SG-007-NOMOGRAM-001,c_line,C=0.5,E_y,0,0,0.5,31,0.1297071129707113,0.064853556485355651
SG-007-NOMOGRAM-001,c_line,C=0.5,E_y,0,0,0.5,32,0.13389121338912133,0.066945606694560664
SG-007-NOMOGRAM-001,c_line,C=0.5,E_y,0,0,0.5,33,0.13807531380753138,0.06903765690376569
SG-007-NOMOGRAM-001,c_line,C=0.5,E_y,0,0,0.5,34,0.14225941422594143,0.071129707112970716
SG-007-NOMOGRAM-001,c_line,C=0.5,E_y,0,0,0.5,35,0.14644351464435146,0.073221757322175729
SG-007-NOMOGRAM-001,c_line,C=0.5,E_y,0,0,0.5,36,0.15062761506276151,0.075313807531380755
SG-007-NOMOGRAM-001,c_line,C=0.5,E_y,0,0,0.5,37,0.15481171548117154,0.077405857740585768
SG-007-NOMOGRAM-001,c_line,C=0.5,E_y,0,0,0.5,38,0.15899581589958159,0.079497907949790794
SG-007-NOMOGRAM-001,c_line,C=0.5,E_y,0,0,0.5,39,0.16317991631799164,0.081589958158995821
SG-007-NOMOGRAM-001,c_line,C=0.5,E_y,0,0,0.5,40,0.16736401673640167,0.083682008368200833
SG-007-NOMOGRAM-001,c_line,C=0.5,E_y,0,0,0.5,41,0.17154811715481172,0.085774058577405859
SG-007-NOMOGRAM-001,c_line,C=0.5,E_y,0,0,0.5,42,0.17573221757322174,0.087866108786610872
SG-007-NOMOGRAM-001,c_line,C=0.5,E_y,0,0,0.5,43,0.1799163179916318,0.089958158995815898
SG-007-NOMOGRAM-001,c_line,C=0.5,E_y,0,0,0.5,44,0.18410041841004185,0.092050209205020925
SG-007-NOMOGRAM-001,c_line,C=0.5,E_y,0,0,0.5,45,0.18828451882845187,0.094142259414225937
SG-007-NOMOGRAM-001,c_line,C=0.5,E_y,0,0,0.5,46,0.19246861924686193,0.096234309623430964
SG-007-NOMOGRAM-001,c_line,C=0.5,E_y,0,0,0.5,47,0.19665271966527198,0.09832635983263599
SG-007-NOMOGRAM-001,c_line,C=0.5,E_y,0,0,0.5,48,0.20083682008368201,0.100418410041841
SG-007-NOMOGRAM-001,c_line,C=0.5,E_y,0,0,0.5,49,0.20502092050209206,0.10251046025104603
SG-007-NOMOGRAM-001,c_line,C=0.5,E_y,0,0,0.5,50,0.20920502092050208,0.10460251046025104
SG-007-NOMOGRAM-001,c_line,C=0.5,E_y,0,0,0.5,51,0.21338912133891214,0.10669456066945607
SG-007-NOMOGRAM-001,c_line,C=0.5,E_y,0,0,0.5,52,0.21757322175732219,0.10878661087866109
SG-007-NOMOGRAM-001,c_line,C=0.5,E_y,0,0,0.5,53,0.22175732217573221,0.11087866108786611
SG-007-NOMOGRAM-001,c_line,C=0.5,E_y,0,0,0.5,54,0.22594142259414227,0.11297071129707113
SG-007-NOMOGRAM-001,c_line,C=0.5,E_y,0,0,0.5,55,0.23012552301255229,0.11506276150627615
SG-007-NOMOGRAM-001,c_line,C=0.5,E_y,0,0,0.5,56,0.23430962343096234,0.11715481171548117
SG-007-NOMOGRAM-001,c_line,C=0.5,E_y,0,0,0.5,57,0.2384937238493724,0.1192468619246862
SG-007-NOMOGRAM-001,c_line,C=0.5,E_y,0,0,0.5,58,0.24267782426778242,0.12133891213389121
SG-007-NOMOGRAM-001,c_line,C=0.5,E_y,0,0,0.5,59,0.24686192468619247,0.12343096234309624
SG-007-NOMOGRAM-001,c_line,C=0.5,E_y,0,0,0.5,60,0.2510460251046025,0.12552301255230125
SG-007-NOMOGRAM-001,c_line,C=0.5,E_y,0,0,0.5,61,0.25523012552301255,0.12761506276150628
SG-007-NOMOGRAM-001,c_line,C=0.5,E_y,0,0,0.5,62,0.2594142259414226,0.1297071129707113
SG-007-NOMOGRAM-001,c_line,C=0.5,E_y,0,0,0.5,63,0.26359832635983266,0.13179916317991633
SG-007-NOMOGRAM-001,c_line,C=0.5,E_y,0,0,0.5,64,0.26778242677824265,0.13389121338912133
SG-007-NOMOGRAM-001,c_line,C=0.5,E_y,0,0,0.5,65,0.27196652719665271,0.13598326359832635
SG-007-NOMOGRAM-001,c_line,C=0.5,E_y,0,0,0.5,66,0.27615062761506276,0.13807531380753138
SG-007-NOMOGRAM-001,c_line,C=0.5,E_y,0,0,0.5,67,0.28033472803347281,0.14016736401673641
SG-007-NOMOGRAM-001,c_line,C=0.5,E_y,0,0,0.5,68,0.28451882845188287,0.14225941422594143
SG-007-NOMOGRAM-001,c_line,C=0.5,E_y,0,0,0.5,69,0.28870292887029286,0.14435146443514643
SG-007-NOMOGRAM-001,c_line,C=0.5,E_y,0,0,0.5,70,0.29288702928870292,0.14644351464435146
SG-007-NOMOGRAM-001,c_line,C=0.5,E_y,0,0,0.5,71,0.29707112970711297,0.14853556485355648
SG-007-NOMOGRAM-001,c_line,C=0.5,E_y,0,0,0.5,72,0.30125523012552302,0.15062761506276151
SG-007-NOMOGRAM-001,c_line,C=0.5,E_y,0,0,0.5,73,0.30543933054393307,0.15271966527196654
SG-007-NOMOGRAM-001,c_line,C=0.5,E_y,0,0,0.5,74,0.30962343096234307,0.15481171548117154
SG-007-NOMOGRAM-001,c_line,C=0.5,E_y,0,0,0.5,75,0.31380753138075312,0.15690376569037656
SG-007-NOMOGRAM-001,c_line,C=0.5,E_y,0,0,0.5,76,0.31799163179916318,0.15899581589958159
SG-007-NOMOGRAM-001,c_line,C=0.5,E_y,0,0,0.5,77,0.32217573221757323,0.16108786610878661
SG-007-NOMOGRAM-001,c_line,C=0.5,E_y,0,0,0.5,78,0.32635983263598328,0.16317991631799164
SG-007-NOMOGRAM-001,c_line,C=0.5,E_y,0,0,0.5,79,0.33054393305439328,0.16527196652719664
SG-007-NOMOGRAM-001,c_line,C=0.5,E_y,0,0,0.5,80,0.33472803347280333,0.16736401673640167
SG-007-NOMOGRAM-001,c_line,C=0.5,E_y,0,0,0.5,81,0.33891213389121339,0.16945606694560669
SG-007-NOMOGRAM-001,c_line,C=0.5,E_y,0,0,0.5,82,0.34309623430962344,0.17154811715481172
SG-007-NOMOGRAM-001,c_line,C=0.5,E_y,0,0,0.5,83,0.34728033472803349,0.17364016736401675
SG-007-NOMOGRAM-001,c_line,C=0.5,E_y,0,0,0.5,84,0.35146443514644349,0.17573221757322174
SG-007-NOMOGRAM-001,c_line,C=0.5,E_y,0,0,0.5,85,0.35564853556485354,0.17782426778242677
SG-007-NOMOGRAM-001,c_line,C=0.5,E_y,0,0,0.5,86,0.35983263598326359,0.1799163179916318
SG-007-NOMOGRAM-001,c_line,C=0.5,E_y,0,0,0.5,87,0.36401673640167365,0.18200836820083682
SG-007-NOMOGRAM-001,c_line,C=0.5,E_y,0,0,0.5,88,0.3682008368200837,0.18410041841004185
SG-007-NOMOGRAM-001,c_line,C=0.5,E_y,0,0,0.5,89,0.3723849372384937,0.18619246861924685
SG-007-NOMOGRAM-001,c_line,C=0.5,E_y,0,0,0.5,90,0.37656903765690375,0.18828451882845187
SG-007-NOMOGRAM-001,c_line,C=0.5,E_y,0,0,0.5,91,0.3807531380753138,0.1903765690376569
SG-007-NOMOGRAM-001,c_line,C=0.5,E_y,0,0,0.5,92,0.38493723849372385,0.19246861924686193
SG-007-NOMOGRAM-001,c_line,C=0.5,E_y,0,0,0.5,93,0.38912133891213391,0.19456066945606695
SG-007-NOMOGRAM-001,c_line,C=0.5,E_y,0,0,0.5,94,0.39330543933054396,0.19665271966527198
SG-007-NOMOGRAM-001,c_line,C=0.5,E_y,0,0,0.5,95,0.39748953974895396,0.19874476987447698
SG-007-NOMOGRAM-001,c_line,C=0.5,E_y,0,0,0.5,96,0.40167364016736401,0.20083682008368201
SG-007-NOMOGRAM-001,c_line,C=0.5,E_y,0,0,0.5,97,0.40585774058577406,0.20292887029288703
SG-007-NOMOGRAM-001,c_line,C=0.5,E_y,0,0,0.5,98,0.41004184100418412,0.20502092050209206
SG-007-NOMOGRAM-001,c_line,C=0.5,E_y,0,0,0.5,99,0.41422594142259417,0.20711297071129708
SG-007-NOMOGRAM-001,c_line,C=0.5,E_y,0,0,0.5,100,0.41841004184100417,0.20920502092050208
SG-007-NOMOGRAM-001,c_line,C=0.5,E_y,0,0,0.5,101,0.42259414225941422,0.21129707112970711
SG-007-NOMOGRAM-001,c_line,C=0.5,E_y,0,0,0.5,102,0.42677824267782427,0.21338912133891214
SG-007-NOMOGRAM-001,c_line,C=0.5,E_y,0,0,0.5,103,0.43096234309623432,0.21548117154811716
SG-007-NOMOGRAM-001,c_line,C=0.5,E_y,0,0,0.5,104,0.43514644351464438,0.21757322175732219
SG-007-NOMOGRAM-001,c_line,C=0.5,E_y,0,0,0.5,105,0.43933054393305437,0.21966527196652719
SG-007-NOMOGRAM-001,c_line,C=0.5,E_y,0,0,0.5,106,0.44351464435146443,0.22175732217573221
SG-007-NOMOGRAM-001,c_line,C=0.5,E_y,0,0,0.5,107,0.44769874476987448,0.22384937238493724
SG-007-NOMOGRAM-001,c_line,C=0.5,E_y,0,0,0.5,108,0.45188284518828453,0.22594142259414227
SG-007-NOMOGRAM-001,c_line,C=0.5,E_y,0,0,0.5,109,0.45606694560669458,0.22803347280334729
SG-007-NOMOGRAM-001,c_line,C=0.5,E_y,0,0,0.5,110,0.46025104602510458,0.23012552301255229
SG-007-NOMOGRAM-001,c_line,C=0.5,E_y,0,0,0.5,111,0.46443514644351463,0.23221757322175732
SG-007-NOMOGRAM-001,c_line,C=0.5,E_y,0,0,0.5,112,0.46861924686192469,0.23430962343096234
SG-007-NOMOGRAM-001,c_line,C=0.5,E_y,0,0,0.5,113,0.47280334728033474,0.23640167364016737
SG-007-NOMOGRAM-001,c_line,C=0.5,E_y,0,0,0.5,114,0.47698744769874479,0.2384937238493724
SG-007-NOMOGRAM-001,c_line,C=0.5,E_y,0,0,0.5,115,0.48117154811715479,0.2405857740585774
SG-007-NOMOGRAM-001,c_line,C=0.5,E_y,0,0,0.5,116,0.48535564853556484,0.24267782426778242
SG-007-NOMOGRAM-001,c_line,C=0.5,E_y,0,0,0.5,117,0.4895397489539749,0.24476987447698745
SG-007-NOMOGRAM-001,c_line,C=0.5,E_y,0,0,0.5,118,0.49372384937238495,0.24686192468619247
SG-007-NOMOGRAM-001,c_line,C=0.5,E_y,0,0,0.5,119,0.497907949790795,0.2489539748953975
SG-007-NOMOGRAM-001,c_line,C=0.5,E_y,0,0,0.5,120,0.502092050209205,0.2510460251046025
SG-007-NOMOGRAM-001,c_line,C=0.5,E_y,0,0,0.5,121,0.50627615062761511,0.25313807531380755
SG-007-NOMOGRAM-001,c_line,C=0.5,E_y,0,0,0.5,122,0.5104602510460251,0.25523012552301255
SG-007-NOMOGRAM-001,c_line,C=0.5,E_y,0,0,0.5,123,0.5146443514644351,0.25732217573221755
SG-007-NOMOGRAM-001,c_line,C=0.5,E_y,0,0,0.5,124,0.51882845188284521,0.2594142259414226
SG-007-NOMOGRAM-001,c_line,C=0.5,E_y,0,0,0.5,125,0.52301255230125521,0.2615062761506276
SG-007-NOMOGRAM-001,c_line,C=0.5,E_y,0,0,0.5,126,0.52719665271966532,0.26359832635983266
SG-007-NOMOGRAM-001,c_line,C=0.5,E_y,0,0,0.5,127,0.53138075313807531,0.26569037656903766
SG-007-NOMOGRAM-001,c_line,C=0.5,E_y,0,0,0.5,128,0.53556485355648531,0.26778242677824265
SG-007-NOMOGRAM-001,c_line,C=0.5,E_y,0,0,0.5,129,0.53974895397489542,0.26987447698744771
SG-007-NOMOGRAM-001,c_line,C=0.5,E_y,0,0,0.5,130,0.54393305439330542,0.27196652719665271
SG-007-NOMOGRAM-001,c_line,C=0.5,E_y,0,0,0.5,131,0.54811715481171552,0.27405857740585776
SG-007-NOMOGRAM-001,c_line,C=0.5,E_y,0,0,0.5,132,0.55230125523012552,0.27615062761506276
SG-007-NOMOGRAM-001,c_line,C=0.5,E_y,0,0,0.5,133,0.55648535564853552,0.27824267782426776
SG-007-NOMOGRAM-001,c_line,C=0.5,E_y,0,0,0.5,134,0.56066945606694563,0.28033472803347281
SG-007-NOMOGRAM-001,c_line,C=0.5,E_y,0,0,0.5,135,0.56485355648535562,0.28242677824267781
SG-007-NOMOGRAM-001,c_line,C=0.5,E_y,0,0,0.5,136,0.56903765690376573,0.28451882845188287
SG-007-NOMOGRAM-001,c_line,C=0.5,E_y,0,0,0.5,137,0.57322175732217573,0.28661087866108786
SG-007-NOMOGRAM-001,c_line,C=0.5,E_y,0,0,0.5,138,0.57740585774058573,0.28870292887029286
SG-007-NOMOGRAM-001,c_line,C=0.5,E_y,0,0,0.5,139,0.58158995815899583,0.29079497907949792
SG-007-NOMOGRAM-001,c_line,C=0.5,E_y,0,0,0.5,140,0.58577405857740583,0.29288702928870292
SG-007-NOMOGRAM-001,c_line,C=0.5,E_y,0,0,0.5,141,0.58995815899581594,0.29497907949790797
SG-007-NOMOGRAM-001,c_line,C=0.5,E_y,0,0,0.5,142,0.59414225941422594,0.29707112970711297
SG-007-NOMOGRAM-001,c_line,C=0.5,E_y,0,0,0.5,143,0.59832635983263593,0.29916317991631797
SG-007-NOMOGRAM-001,c_line,C=0.5,E_y,0,0,0.5,144,0.60251046025104604,0.30125523012552302
SG-007-NOMOGRAM-001,c_line,C=0.5,E_y,0,0,0.5,145,0.60669456066945604,0.30334728033472802
SG-007-NOMOGRAM-001,c_line,C=0.5,E_y,0,0,0.5,146,0.61087866108786615,0.30543933054393307
SG-007-NOMOGRAM-001,c_line,C=0.5,E_y,0,0,0.5,147,0.61506276150627615,0.30753138075313807
SG-007-NOMOGRAM-001,c_line,C=0.5,E_y,0,0,0.5,148,0.61924686192468614,0.30962343096234307
SG-007-NOMOGRAM-001,c_line,C=0.5,E_y,0,0,0.5,149,0.62343096234309625,0.31171548117154813
SG-007-NOMOGRAM-001,c_line,C=0.5,E_y,0,0,0.5,150,0.62761506276150625,0.31380753138075312
SG-007-NOMOGRAM-001,c_line,C=0.5,E_y,0,0,0.5,151,0.63179916317991636,0.31589958158995818
SG-007-NOMOGRAM-001,c_line,C=0.5,E_y,0,0,0.5,152,0.63598326359832635,0.31799163179916318
SG-007-NOMOGRAM-001,c_line,C=0.5,E_y,0,0,0.5,153,0.64016736401673635,0.32008368200836818
SG-007-NOMOGRAM-001,c_line,C=0.5,E_y,0,0,0.5,154,0.64435146443514646,0.32217573221757323
SG-007-NOMOGRAM-001,c_line,C=0.5,E_y,0,0,0.5,155,0.64853556485355646,0.32426778242677823
SG-007-NOMOGRAM-001,c_line,C=0.5,E_y,0,0,0.5,156,0.65271966527196656,0.32635983263598328
SG-007-NOMOGRAM-001,c_line,C=0.5,E_y,0,0,0.5,157,0.65690376569037656,0.32845188284518828
SG-007-NOMOGRAM-001,c_line,C=0.5,E_y,0,0,0.5,158,0.66108786610878656,0.33054393305439328
SG-007-NOMOGRAM-001,c_line,C=0.5,E_y,0,0,0.5,159,0.66527196652719667,0.33263598326359833
SG-007-NOMOGRAM-001,c_line,C=0.5,E_y,0,0,0.5,160,0.66945606694560666,0.33472803347280333
SG-007-NOMOGRAM-001,c_line,C=0.5,E_y,0,0,0.5,161,0.67364016736401677,0.33682008368200839
SG-007-NOMOGRAM-001,c_line,C=0.5,E_y,0,0,0.5,162,0.67782426778242677,0.33891213389121339
SG-007-NOMOGRAM-001,c_line,C=0.5,E_y,0,0,0.5,163,0.68200836820083677,0.34100418410041838
SG-007-NOMOGRAM-001,c_line,C=0.5,E_y,0,0,0.5,164,0.68619246861924688,0.34309623430962344
SG-007-NOMOGRAM-001,c_line,C=0.5,E_y,0,0,0.5,165,0.69037656903765687,0.34518828451882844
SG-007-NOMOGRAM-001,c_line,C=0.5,E_y,0,0,0.5,166,0.69456066945606698,0.34728033472803349
SG-007-NOMOGRAM-001,c_line,C=0.5,E_y,0,0,0.5,167,0.69874476987447698,0.34937238493723849
SG-007-NOMOGRAM-001,c_line,C=0.5,E_y,0,0,0.5,168,0.70292887029288698,0.35146443514644349
SG-007-NOMOGRAM-001,c_line,C=0.5,E_y,0,0,0.5,169,0.70711297071129708,0.35355648535564854
SG-007-NOMOGRAM-001,c_line,C=0.5,E_y,0,0,0.5,170,0.71129707112970708,0.35564853556485354
SG-007-NOMOGRAM-001,c_line,C=0.5,E_y,0,0,0.5,171,0.71548117154811719,0.35774058577405859
SG-007-NOMOGRAM-001,c_line,C=0.5,E_y,0,0,0.5,172,0.71966527196652719,0.35983263598326359
SG-007-NOMOGRAM-001,c_line,C=0.5,E_y,0,0,0.5,173,0.72384937238493718,0.36192468619246859
SG-007-NOMOGRAM-001,c_line,C=0.5,E_y,0,0,0.5,174,0.72803347280334729,0.36401673640167365
SG-007-NOMOGRAM-001,c_line,C=0.5,E_y,0,0,0.5,175,0.73221757322175729,0.36610878661087864
SG-007-NOMOGRAM-001,c_line,C=0.5,E_y,0,0,0.5,176,0.7364016736401674,0.3682008368200837
SG-007-NOMOGRAM-001,c_line,C=0.5,E_y,0,0,0.5,177,0.7405857740585774,0.3702928870292887
SG-007-NOMOGRAM-001,c_line,C=0.5,E_y,0,0,0.5,178,0.74476987447698739,0.3723849372384937
SG-007-NOMOGRAM-001,c_line,C=0.5,E_y,0,0,0.5,179,0.7489539748953975,0.37447698744769875
SG-007-NOMOGRAM-001,c_line,C=0.5,E_y,0,0,0.5,180,0.7531380753138075,0.37656903765690375
SG-007-NOMOGRAM-001,c_line,C=0.5,E_y,0,0,0.5,181,0.75732217573221761,0.3786610878661088
SG-007-NOMOGRAM-001,c_line,C=0.5,E_y,0,0,0.5,182,0.7615062761506276,0.3807531380753138
SG-007-NOMOGRAM-001,c_line,C=0.5,E_y,0,0,0.5,183,0.76569037656903771,0.38284518828451886
SG-007-NOMOGRAM-001,c_line,C=0.5,E_y,0,0,0.5,184,0.76987447698744771,0.38493723849372385
SG-007-NOMOGRAM-001,c_line,C=0.5,E_y,0,0,0.5,185,0.77405857740585771,0.38702928870292885
SG-007-NOMOGRAM-001,c_line,C=0.5,E_y,0,0,0.5,186,0.77824267782426781,0.38912133891213391
SG-007-NOMOGRAM-001,c_line,C=0.5,E_y,0,0,0.5,187,0.78242677824267781,0.39121338912133891
SG-007-NOMOGRAM-001,c_line,C=0.5,E_y,0,0,0.5,188,0.78661087866108792,0.39330543933054396
SG-007-NOMOGRAM-001,c_line,C=0.5,E_y,0,0,0.5,189,0.79079497907949792,0.39539748953974896
SG-007-NOMOGRAM-001,c_line,C=0.5,E_y,0,0,0.5,190,0.79497907949790791,0.39748953974895396
SG-007-NOMOGRAM-001,c_line,C=0.5,E_y,0,0,0.5,191,0.79916317991631802,0.39958158995815901
SG-007-NOMOGRAM-001,c_line,C=0.5,E_y,0,0,0.5,192,0.80334728033472802,0.40167364016736401
SG-007-NOMOGRAM-001,c_line,C=0.5,E_y,0,0,0.5,193,0.80753138075313813,0.40376569037656906
SG-007-NOMOGRAM-001,c_line,C=0.5,E_y,0,0,0.5,194,0.81171548117154813,0.40585774058577406
SG-007-NOMOGRAM-001,c_line,C=0.5,E_y,0,0,0.5,195,0.81589958158995812,0.40794979079497906
SG-007-NOMOGRAM-001,c_line,C=0.5,E_y,0,0,0.5,196,0.82008368200836823,0.41004184100418412
SG-007-NOMOGRAM-001,c_line,C=0.5,E_y,0,0,0.5,197,0.82426778242677823,0.41213389121338911
SG-007-NOMOGRAM-001,c_line,C=0.5,E_y,0,0,0.5,198,0.82845188284518834,0.41422594142259417
SG-007-NOMOGRAM-001,c_line,C=0.5,E_y,0,0,0.5,199,0.83263598326359833,0.41631799163179917
SG-007-NOMOGRAM-001,c_line,C=0.5,E_y,0,0,0.5,200,0.83682008368200833,0.41841004184100417
SG-007-NOMOGRAM-001,c_line,C=0.5,E_y,0,0,0.5,201,0.84100418410041844,0.42050209205020922
SG-007-NOMOGRAM-001,c_line,C=0.5,E_y,0,0,0.5,202,0.84518828451882844,0.42259414225941422
SG-007-NOMOGRAM-001,c_line,C=0.5,E_y,0,0,0.5,203,0.84937238493723854,0.42468619246861927
SG-007-NOMOGRAM-001,c_line,C=0.5,E_y,0,0,0.5,204,0.85355648535564854,0.42677824267782427
SG-007-NOMOGRAM-001,c_line,C=0.5,E_y,0,0,0.5,205,0.85774058577405854,0.42887029288702927
SG-007-NOMOGRAM-001,c_line,C=0.5,E_y,0,0,0.5,206,0.86192468619246865,0.43096234309623432
SG-007-NOMOGRAM-001,c_line,C=0.5,E_y,0,0,0.5,207,0.86610878661087864,0.43305439330543932
SG-007-NOMOGRAM-001,c_line,C=0.5,E_y,0,0,0.5,208,0.87029288702928875,0.43514644351464438
SG-007-NOMOGRAM-001,c_line,C=0.5,E_y,0,0,0.5,209,0.87447698744769875,0.43723849372384938
SG-007-NOMOGRAM-001,c_line,C=0.5,E_y,0,0,0.5,210,0.87866108786610875,0.43933054393305437
SG-007-NOMOGRAM-001,c_line,C=0.5,E_y,0,0,0.5,211,0.88284518828451886,0.44142259414225943
SG-007-NOMOGRAM-001,c_line,C=0.5,E_y,0,0,0.5,212,0.88702928870292885,0.44351464435146443
SG-007-NOMOGRAM-001,c_line,C=0.5,E_y,0,0,0.5,213,0.89121338912133896,0.44560669456066948
SG-007-NOMOGRAM-001,c_line,C=0.5,E_y,0,0,0.5,214,0.89539748953974896,0.44769874476987448
SG-007-NOMOGRAM-001,c_line,C=0.5,E_y,0,0,0.5,215,0.89958158995815896,0.44979079497907948
SG-007-NOMOGRAM-001,c_line,C=0.5,E_y,0,0,0.5,216,0.90376569037656906,0.45188284518828453
SG-007-NOMOGRAM-001,c_line,C=0.5,E_y,0,0,0.5,217,0.90794979079497906,0.45397489539748953
SG-007-NOMOGRAM-001,c_line,C=0.5,E_y,0,0,0.5,218,0.91213389121338917,0.45606694560669458
SG-007-NOMOGRAM-001,c_line,C=0.5,E_y,0,0,0.5,219,0.91631799163179917,0.45815899581589958
SG-007-NOMOGRAM-001,c_line,C=0.5,E_y,0,0,0.5,220,0.92050209205020916,0.46025104602510458
SG-007-NOMOGRAM-001,c_line,C=0.5,E_y,0,0,0.5,221,0.92468619246861927,0.46234309623430964
SG-007-NOMOGRAM-001,c_line,C=0.5,E_y,0,0,0.5,222,0.92887029288702927,0.46443514644351463
SG-007-NOMOGRAM-001,c_line,C=0.5,E_y,0,0,0.5,223,0.93305439330543938,0.46652719665271969
SG-007-NOMOGRAM-001,c_line,C=0.5,E_y,0,0,0.5,224,0.93723849372384938,0.46861924686192469
SG-007-NOMOGRAM-001,c_line,C=0.5,E_y,0,0,0.5,225,0.94142259414225937,0.47071129707112969
SG-007-NOMOGRAM-001,c_line,C=0.5,E_y,0,0,0.5,226,0.94560669456066948,0.47280334728033474
SG-007-NOMOGRAM-001,c_line,C=0.5,E_y,0,0,0.5,227,0.94979079497907948,0.47489539748953974
SG-007-NOMOGRAM-001,c_line,C=0.5,E_y,0,0,0.5,228,0.95397489539748959,0.47698744769874479
SG-007-NOMOGRAM-001,c_line,C=0.5,E_y,0,0,0.5,229,0.95815899581589958,0.47907949790794979
SG-007-NOMOGRAM-001,c_line,C=0.5,E_y,0,0,0.5,230,0.96234309623430958,0.48117154811715479
SG-007-NOMOGRAM-001,c_line,C=0.5,E_y,0,0,0.5,231,0.96652719665271969,0.48326359832635984
SG-007-NOMOGRAM-001,c_line,C=0.5,E_y,0,0,0.5,232,0.97071129707112969,0.48535564853556484
SG-007-NOMOGRAM-001,c_line,C=0.5,E_y,0,0,0.5,233,0.97489539748953979,0.4874476987447699
SG-007-NOMOGRAM-001,c_line,C=0.5,E_y,0,0,0.5,234,0.97907949790794979,0.4895397489539749
SG-007-NOMOGRAM-001,c_line,C=0.5,E_y,0,0,0.5,235,0.98326359832635979,0.49163179916317989
SG-007-NOMOGRAM-001,c_line,C=0.5,E_y,0,0,0.5,236,0.9874476987447699,0.49372384937238495
SG-007-NOMOGRAM-001,c_line,C=0.5,E_y,0,0,0.5,237,0.99163179916317989,0.49581589958158995
SG-007-NOMOGRAM-001,c_line,C=0.5,E_y,0,0,0.5,238,0.99581589958159,0.497907949790795
SG-007-NOMOGRAM-001,c_line,C=0.5,E_y,0,0,0.5,239,1,0.5
SG-007-NOMOGRAM-001,c_line,C=1,E_y,0,0,1,0,0,0
SG-007-NOMOGRAM-001,c_line,C=1,E_y,0,0,1,1,0.0041841004184100415,0.0041841004184100415
SG-007-NOMOGRAM-001,c_line,C=1,E_y,0,0,1,2,0.008368200836820083,0.008368200836820083
SG-007-NOMOGRAM-001,c_line,C=1,E_y,0,0,1,3,0.012552301255230125,0.012552301255230125
SG-007-NOMOGRAM-001,c_line,C=1,E_y,0,0,1,4,0.016736401673640166,0.016736401673640166
SG-007-NOMOGRAM-001,c_line,C=1,E_y,0,0,1,5,0.020920502092050208,0.020920502092050208
SG-007-NOMOGRAM-001,c_line,C=1,E_y,0,0,1,6,0.025104602510460251,0.025104602510460251
SG-007-NOMOGRAM-001,c_line,C=1,E_y,0,0,1,7,0.029288702928870293,0.029288702928870293
SG-007-NOMOGRAM-001,c_line,C=1,E_y,0,0,1,8,0.033472803347280332,0.033472803347280332
SG-007-NOMOGRAM-001,c_line,C=1,E_y,0,0,1,9,0.037656903765690378,0.037656903765690378
SG-007-NOMOGRAM-001,c_line,C=1,E_y,0,0,1,10,0.041841004184100417,0.041841004184100417
SG-007-NOMOGRAM-001,c_line,C=1,E_y,0,0,1,11,0.046025104602510462,0.046025104602510462
SG-007-NOMOGRAM-001,c_line,C=1,E_y,0,0,1,12,0.050209205020920501,0.050209205020920501
SG-007-NOMOGRAM-001,c_line,C=1,E_y,0,0,1,13,0.054393305439330547,0.054393305439330547
SG-007-NOMOGRAM-001,c_line,C=1,E_y,0,0,1,14,0.058577405857740586,0.058577405857740586
SG-007-NOMOGRAM-001,c_line,C=1,E_y,0,0,1,15,0.062761506276150625,0.062761506276150625
SG-007-NOMOGRAM-001,c_line,C=1,E_y,0,0,1,16,0.066945606694560664,0.066945606694560664
SG-007-NOMOGRAM-001,c_line,C=1,E_y,0,0,1,17,0.071129707112970716,0.071129707112970716
SG-007-NOMOGRAM-001,c_line,C=1,E_y,0,0,1,18,0.075313807531380755,0.075313807531380755
SG-007-NOMOGRAM-001,c_line,C=1,E_y,0,0,1,19,0.079497907949790794,0.079497907949790794
SG-007-NOMOGRAM-001,c_line,C=1,E_y,0,0,1,20,0.083682008368200833,0.083682008368200833
SG-007-NOMOGRAM-001,c_line,C=1,E_y,0,0,1,21,0.087866108786610872,0.087866108786610872
SG-007-NOMOGRAM-001,c_line,C=1,E_y,0,0,1,22,0.092050209205020925,0.092050209205020925
SG-007-NOMOGRAM-001,c_line,C=1,E_y,0,0,1,23,0.096234309623430964,0.096234309623430964
SG-007-NOMOGRAM-001,c_line,C=1,E_y,0,0,1,24,0.100418410041841,0.100418410041841
SG-007-NOMOGRAM-001,c_line,C=1,E_y,0,0,1,25,0.10460251046025104,0.10460251046025104
SG-007-NOMOGRAM-001,c_line,C=1,E_y,0,0,1,26,0.10878661087866109,0.10878661087866109
SG-007-NOMOGRAM-001,c_line,C=1,E_y,0,0,1,27,0.11297071129707113,0.11297071129707113
SG-007-NOMOGRAM-001,c_line,C=1,E_y,0,0,1,28,0.11715481171548117,0.11715481171548117
SG-007-NOMOGRAM-001,c_line,C=1,E_y,0,0,1,29,0.12133891213389121,0.12133891213389121
SG-007-NOMOGRAM-001,c_line,C=1,E_y,0,0,1,30,0.12552301255230125,0.12552301255230125
SG-007-NOMOGRAM-001,c_line,C=1,E_y,0,0,1,31,0.1297071129707113,0.1297071129707113
SG-007-NOMOGRAM-001,c_line,C=1,E_y,0,0,1,32,0.13389121338912133,0.13389121338912133
SG-007-NOMOGRAM-001,c_line,C=1,E_y,0,0,1,33,0.13807531380753138,0.13807531380753138
SG-007-NOMOGRAM-001,c_line,C=1,E_y,0,0,1,34,0.14225941422594143,0.14225941422594143
SG-007-NOMOGRAM-001,c_line,C=1,E_y,0,0,1,35,0.14644351464435146,0.14644351464435146
SG-007-NOMOGRAM-001,c_line,C=1,E_y,0,0,1,36,0.15062761506276151,0.15062761506276151
SG-007-NOMOGRAM-001,c_line,C=1,E_y,0,0,1,37,0.15481171548117154,0.15481171548117154
SG-007-NOMOGRAM-001,c_line,C=1,E_y,0,0,1,38,0.15899581589958159,0.15899581589958159
SG-007-NOMOGRAM-001,c_line,C=1,E_y,0,0,1,39,0.16317991631799164,0.16317991631799164
SG-007-NOMOGRAM-001,c_line,C=1,E_y,0,0,1,40,0.16736401673640167,0.16736401673640167
SG-007-NOMOGRAM-001,c_line,C=1,E_y,0,0,1,41,0.17154811715481172,0.17154811715481172
SG-007-NOMOGRAM-001,c_line,C=1,E_y,0,0,1,42,0.17573221757322174,0.17573221757322174
SG-007-NOMOGRAM-001,c_line,C=1,E_y,0,0,1,43,0.1799163179916318,0.1799163179916318
SG-007-NOMOGRAM-001,c_line,C=1,E_y,0,0,1,44,0.18410041841004185,0.18410041841004185
SG-007-NOMOGRAM-001,c_line,C=1,E_y,0,0,1,45,0.18828451882845187,0.18828451882845187
SG-007-NOMOGRAM-001,c_line,C=1,E_y,0,0,1,46,0.19246861924686193,0.19246861924686193
SG-007-NOMOGRAM-001,c_line,C=1,E_y,0,0,1,47,0.19665271966527198,0.19665271966527198
SG-007-NOMOGRAM-001,c_line,C=1,E_y,0,0,1,48,0.20083682008368201,0.20083682008368201
SG-007-NOMOGRAM-001,c_line,C=1,E_y,0,0,1,49,0.20502092050209206,0.20502092050209206
SG-007-NOMOGRAM-001,c_line,C=1,E_y,0,0,1,50,0.20920502092050208,0.20920502092050208
SG-007-NOMOGRAM-001,c_line,C=1,E_y,0,0,1,51,0.21338912133891214,0.21338912133891214
SG-007-NOMOGRAM-001,c_line,C=1,E_y,0,0,1,52,0.21757322175732219,0.21757322175732219
SG-007-NOMOGRAM-001,c_line,C=1,E_y,0,0,1,53,0.22175732217573221,0.22175732217573221
SG-007-NOMOGRAM-001,c_line,C=1,E_y,0,0,1,54,0.22594142259414227,0.22594142259414227
SG-007-NOMOGRAM-001,c_line,C=1,E_y,0,0,1,55,0.23012552301255229,0.23012552301255229
SG-007-NOMOGRAM-001,c_line,C=1,E_y,0,0,1,56,0.23430962343096234,0.23430962343096234
SG-007-NOMOGRAM-001,c_line,C=1,E_y,0,0,1,57,0.2384937238493724,0.2384937238493724
SG-007-NOMOGRAM-001,c_line,C=1,E_y,0,0,1,58,0.24267782426778242,0.24267782426778242
SG-007-NOMOGRAM-001,c_line,C=1,E_y,0,0,1,59,0.24686192468619247,0.24686192468619247
SG-007-NOMOGRAM-001,c_line,C=1,E_y,0,0,1,60,0.2510460251046025,0.2510460251046025
SG-007-NOMOGRAM-001,c_line,C=1,E_y,0,0,1,61,0.25523012552301255,0.25523012552301255
SG-007-NOMOGRAM-001,c_line,C=1,E_y,0,0,1,62,0.2594142259414226,0.2594142259414226
SG-007-NOMOGRAM-001,c_line,C=1,E_y,0,0,1,63,0.26359832635983266,0.26359832635983266
SG-007-NOMOGRAM-001,c_line,C=1,E_y,0,0,1,64,0.26778242677824265,0.26778242677824265
SG-007-NOMOGRAM-001,c_line,C=1,E_y,0,0,1,65,0.27196652719665271,0.27196652719665271
SG-007-NOMOGRAM-001,c_line,C=1,E_y,0,0,1,66,0.27615062761506276,0.27615062761506276
SG-007-NOMOGRAM-001,c_line,C=1,E_y,0,0,1,67,0.28033472803347281,0.28033472803347281
SG-007-NOMOGRAM-001,c_line,C=1,E_y,0,0,1,68,0.28451882845188287,0.28451882845188287
SG-007-NOMOGRAM-001,c_line,C=1,E_y,0,0,1,69,0.28870292887029286,0.28870292887029286
SG-007-NOMOGRAM-001,c_line,C=1,E_y,0,0,1,70,0.29288702928870292,0.29288702928870292
SG-007-NOMOGRAM-001,c_line,C=1,E_y,0,0,1,71,0.29707112970711297,0.29707112970711297
SG-007-NOMOGRAM-001,c_line,C=1,E_y,0,0,1,72,0.30125523012552302,0.30125523012552302
SG-007-NOMOGRAM-001,c_line,C=1,E_y,0,0,1,73,0.30543933054393307,0.30543933054393307
SG-007-NOMOGRAM-001,c_line,C=1,E_y,0,0,1,74,0.30962343096234307,0.30962343096234307
SG-007-NOMOGRAM-001,c_line,C=1,E_y,0,0,1,75,0.31380753138075312,0.31380753138075312
SG-007-NOMOGRAM-001,c_line,C=1,E_y,0,0,1,76,0.31799163179916318,0.31799163179916318
SG-007-NOMOGRAM-001,c_line,C=1,E_y,0,0,1,77,0.32217573221757323,0.32217573221757323
SG-007-NOMOGRAM-001,c_line,C=1,E_y,0,0,1,78,0.32635983263598328,0.32635983263598328
SG-007-NOMOGRAM-001,c_line,C=1,E_y,0,0,1,79,0.33054393305439328,0.33054393305439328
SG-007-NOMOGRAM-001,c_line,C=1,E_y,0,0,1,80,0.33472803347280333,0.33472803347280333
SG-007-NOMOGRAM-001,c_line,C=1,E_y,0,0,1,81,0.33891213389121339,0.33891213389121339
SG-007-NOMOGRAM-001,c_line,C=1,E_y,0,0,1,82,0.34309623430962344,0.34309623430962344
SG-007-NOMOGRAM-001,c_line,C=1,E_y,0,0,1,83,0.34728033472803349,0.34728033472803349
SG-007-NOMOGRAM-001,c_line,C=1,E_y,0,0,1,84,0.35146443514644349,0.35146443514644349
SG-007-NOMOGRAM-001,c_line,C=1,E_y,0,0,1,85,0.35564853556485354,0.35564853556485354
SG-007-NOMOGRAM-001,c_line,C=1,E_y,0,0,1,86,0.35983263598326359,0.35983263598326359
SG-007-NOMOGRAM-001,c_line,C=1,E_y,0,0,1,87,0.36401673640167365,0.36401673640167365
SG-007-NOMOGRAM-001,c_line,C=1,E_y,0,0,1,88,0.3682008368200837,0.3682008368200837
SG-007-NOMOGRAM-001,c_line,C=1,E_y,0,0,1,89,0.3723849372384937,0.3723849372384937
SG-007-NOMOGRAM-001,c_line,C=1,E_y,0,0,1,90,0.37656903765690375,0.37656903765690375
SG-007-NOMOGRAM-001,c_line,C=1,E_y,0,0,1,91,0.3807531380753138,0.3807531380753138
SG-007-NOMOGRAM-001,c_line,C=1,E_y,0,0,1,92,0.38493723849372385,0.38493723849372385
SG-007-NOMOGRAM-001,c_line,C=1,E_y,0,0,1,93,0.38912133891213391,0.38912133891213391
SG-007-NOMOGRAM-001,c_line,C=1,E_y,0,0,1,94,0.39330543933054396,0.39330543933054396
SG-007-NOMOGRAM-001,c_line,C=1,E_y,0,0,1,95,0.39748953974895396,0.39748953974895396
SG-007-NOMOGRAM-001,c_line,C=1,E_y,0,0,1,96,0.40167364016736401,0.40167364016736401
SG-007-NOMOGRAM-001,c_line,C=1,E_y,0,0,1,97,0.40585774058577406,0.40585774058577406
SG-007-NOMOGRAM-001,c_line,C=1,E_y,0,0,1,98,0.41004184100418412,0.41004184100418412
SG-007-NOMOGRAM-001,c_line,C=1,E_y,0,0,1,99,0.41422594142259417,0.41422594142259417
SG-007-NOMOGRAM-001,c_line,C=1,E_y,0,0,1,100,0.41841004184100417,0.41841004184100417
SG-007-NOMOGRAM-001,c_line,C=1,E_y,0,0,1,101,0.42259414225941422,0.42259414225941422
SG-007-NOMOGRAM-001,c_line,C=1,E_y,0,0,1,102,0.42677824267782427,0.42677824267782427
SG-007-NOMOGRAM-001,c_line,C=1,E_y,0,0,1,103,0.43096234309623432,0.43096234309623432
SG-007-NOMOGRAM-001,c_line,C=1,E_y,0,0,1,104,0.43514644351464438,0.43514644351464438
SG-007-NOMOGRAM-001,c_line,C=1,E_y,0,0,1,105,0.43933054393305437,0.43933054393305437
SG-007-NOMOGRAM-001,c_line,C=1,E_y,0,0,1,106,0.44351464435146443,0.44351464435146443
SG-007-NOMOGRAM-001,c_line,C=1,E_y,0,0,1,107,0.44769874476987448,0.44769874476987448
SG-007-NOMOGRAM-001,c_line,C=1,E_y,0,0,1,108,0.45188284518828453,0.45188284518828453
SG-007-NOMOGRAM-001,c_line,C=1,E_y,0,0,1,109,0.45606694560669458,0.45606694560669458
SG-007-NOMOGRAM-001,c_line,C=1,E_y,0,0,1,110,0.46025104602510458,0.46025104602510458
SG-007-NOMOGRAM-001,c_line,C=1,E_y,0,0,1,111,0.46443514644351463,0.46443514644351463
SG-007-NOMOGRAM-001,c_line,C=1,E_y,0,0,1,112,0.46861924686192469,0.46861924686192469
SG-007-NOMOGRAM-001,c_line,C=1,E_y,0,0,1,113,0.47280334728033474,0.47280334728033474
SG-007-NOMOGRAM-001,c_line,C=1,E_y,0,0,1,114,0.47698744769874479,0.47698744769874479
SG-007-NOMOGRAM-001,c_line,C=1,E_y,0,0,1,115,0.48117154811715479,0.48117154811715479
SG-007-NOMOGRAM-001,c_line,C=1,E_y,0,0,1,116,0.48535564853556484,0.48535564853556484
SG-007-NOMOGRAM-001,c_line,C=1,E_y,0,0,1,117,0.4895397489539749,0.4895397489539749
SG-007-NOMOGRAM-001,c_line,C=1,E_y,0,0,1,118,0.49372384937238495,0.49372384937238495
SG-007-NOMOGRAM-001,c_line,C=1,E_y,0,0,1,119,0.497907949790795,0.497907949790795
SG-007-NOMOGRAM-001,c_line,C=1,E_y,0,0,1,120,0.502092050209205,0.502092050209205
SG-007-NOMOGRAM-001,c_line,C=1,E_y,0,0,1,121,0.50627615062761511,0.50627615062761511
SG-007-NOMOGRAM-001,c_line,C=1,E_y,0,0,1,122,0.5104602510460251,0.5104602510460251
SG-007-NOMOGRAM-001,c_line,C=1,E_y,0,0,1,123,0.5146443514644351,0.5146443514644351
SG-007-NOMOGRAM-001,c_line,C=1,E_y,0,0,1,124,0.51882845188284521,0.51882845188284521
SG-007-NOMOGRAM-001,c_line,C=1,E_y,0,0,1,125,0.52301255230125521,0.52301255230125521
SG-007-NOMOGRAM-001,c_line,C=1,E_y,0,0,1,126,0.52719665271966532,0.52719665271966532
SG-007-NOMOGRAM-001,c_line,C=1,E_y,0,0,1,127,0.53138075313807531,0.53138075313807531
SG-007-NOMOGRAM-001,c_line,C=1,E_y,0,0,1,128,0.53556485355648531,0.53556485355648531
SG-007-NOMOGRAM-001,c_line,C=1,E_y,0,0,1,129,0.53974895397489542,0.53974895397489542
SG-007-NOMOGRAM-001,c_line,C=1,E_y,0,0,1,130,0.54393305439330542,0.54393305439330542
SG-007-NOMOGRAM-001,c_line,C=1,E_y,0,0,1,131,0.54811715481171552,0.54811715481171552
SG-007-NOMOGRAM-001,c_line,C=1,E_y,0,0,1,132,0.55230125523012552,0.55230125523012552
SG-007-NOMOGRAM-001,c_line,C=1,E_y,0,0,1,133,0.55648535564853552,0.55648535564853552
SG-007-NOMOGRAM-001,c_line,C=1,E_y,0,0,1,134,0.56066945606694563,0.56066945606694563
SG-007-NOMOGRAM-001,c_line,C=1,E_y,0,0,1,135,0.56485355648535562,0.56485355648535562
SG-007-NOMOGRAM-001,c_line,C=1,E_y,0,0,1,136,0.56903765690376573,0.56903765690376573
SG-007-NOMOGRAM-001,c_line,C=1,E_y,0,0,1,137,0.57322175732217573,0.57322175732217573
SG-007-NOMOGRAM-001,c_line,C=1,E_y,0,0,1,138,0.57740585774058573,0.57740585774058573
SG-007-NOMOGRAM-001,c_line,C=1,E_y,0,0,1,139,0.58158995815899583,0.58158995815899583
SG-007-NOMOGRAM-001,c_line,C=1,E_y,0,0,1,140,0.58577405857740583,0.58577405857740583
SG-007-NOMOGRAM-001,c_line,C=1,E_y,0,0,1,141,0.58995815899581594,0.58995815899581594
SG-007-NOMOGRAM-001,c_line,C=1,E_y,0,0,1,142,0.59414225941422594,0.59414225941422594
SG-007-NOMOGRAM-001,c_line,C=1,E_y,0,0,1,143,0.59832635983263593,0.59832635983263593
SG-007-NOMOGRAM-001,c_line,C=1,E_y,0,0,1,144,0.60251046025104604,0.60251046025104604
SG-007-NOMOGRAM-001,c_line,C=1,E_y,0,0,1,145,0.60669456066945604,0.60669456066945604
SG-007-NOMOGRAM-001,c_line,C=1,E_y,0,0,1,146,0.61087866108786615,0.61087866108786615
SG-007-NOMOGRAM-001,c_line,C=1,E_y,0,0,1,147,0.61506276150627615,0.61506276150627615
SG-007-NOMOGRAM-001,c_line,C=1,E_y,0,0,1,148,0.61924686192468614,0.61924686192468614
SG-007-NOMOGRAM-001,c_line,C=1,E_y,0,0,1,149,0.62343096234309625,0.62343096234309625
SG-007-NOMOGRAM-001,c_line,C=1,E_y,0,0,1,150,0.62761506276150625,0.62761506276150625
SG-007-NOMOGRAM-001,c_line,C=1,E_y,0,0,1,151,0.63179916317991636,0.63179916317991636
SG-007-NOMOGRAM-001,c_line,C=1,E_y,0,0,1,152,0.63598326359832635,0.63598326359832635
SG-007-NOMOGRAM-001,c_line,C=1,E_y,0,0,1,153,0.64016736401673635,0.64016736401673635
SG-007-NOMOGRAM-001,c_line,C=1,E_y,0,0,1,154,0.64435146443514646,0.64435146443514646
SG-007-NOMOGRAM-001,c_line,C=1,E_y,0,0,1,155,0.64853556485355646,0.64853556485355646
SG-007-NOMOGRAM-001,c_line,C=1,E_y,0,0,1,156,0.65271966527196656,0.65271966527196656
SG-007-NOMOGRAM-001,c_line,C=1,E_y,0,0,1,157,0.65690376569037656,0.65690376569037656
SG-007-NOMOGRAM-001,c_line,C=1,E_y,0,0,1,158,0.66108786610878656,0.66108786610878656
SG-007-NOMOGRAM-001,c_line,C=1,E_y,0,0,1,159,0.66527196652719667,0.66527196652719667
SG-007-NOMOGRAM-001,c_line,C=1,E_y,0,0,1,160,0.66945606694560666,0.66945606694560666
SG-007-NOMOGRAM-001,c_line,C=1,E_y,0,0,1,161,0.67364016736401677,0.67364016736401677
SG-007-NOMOGRAM-001,c_line,C=1,E_y,0,0,1,162,0.67782426778242677,0.67782426778242677
SG-007-NOMOGRAM-001,c_line,C=1,E_y,0,0,1,163,0.68200836820083677,0.68200836820083677
SG-007-NOMOGRAM-001,c_line,C=1,E_y,0,0,1,164,0.68619246861924688,0.68619246861924688
SG-007-NOMOGRAM-001,c_line,C=1,E_y,0,0,1,165,0.69037656903765687,0.69037656903765687
SG-007-NOMOGRAM-001,c_line,C=1,E_y,0,0,1,166,0.69456066945606698,0.69456066945606698
SG-007-NOMOGRAM-001,c_line,C=1,E_y,0,0,1,167,0.69874476987447698,0.69874476987447698
SG-007-NOMOGRAM-001,c_line,C=1,E_y,0,0,1,168,0.70292887029288698,0.70292887029288698
SG-007-NOMOGRAM-001,c_line,C=1,E_y,0,0,1,169,0.70711297071129708,0.70711297071129708
SG-007-NOMOGRAM-001,c_line,C=1,E_y,0,0,1,170,0.71129707112970708,0.71129707112970708
SG-007-NOMOGRAM-001,c_line,C=1,E_y,0,0,1,171,0.71548117154811719,0.71548117154811719
SG-007-NOMOGRAM-001,c_line,C=1,E_y,0,0,1,172,0.71966527196652719,0.71966527196652719
SG-007-NOMOGRAM-001,c_line,C=1,E_y,0,0,1,173,0.72384937238493718,0.72384937238493718
SG-007-NOMOGRAM-001,c_line,C=1,E_y,0,0,1,174,0.72803347280334729,0.72803347280334729
SG-007-NOMOGRAM-001,c_line,C=1,E_y,0,0,1,175,0.73221757322175729,0.73221757322175729
SG-007-NOMOGRAM-001,c_line,C=1,E_y,0,0,1,176,0.7364016736401674,0.7364016736401674
SG-007-NOMOGRAM-001,c_line,C=1,E_y,0,0,1,177,0.7405857740585774,0.7405857740585774
SG-007-NOMOGRAM-001,c_line,C=1,E_y,0,0,1,178,0.74476987447698739,0.74476987447698739
SG-007-NOMOGRAM-001,c_line,C=1,E_y,0,0,1,179,0.7489539748953975,0.7489539748953975
SG-007-NOMOGRAM-001,c_line,C=1,E_y,0,0,1,180,0.7531380753138075,0.7531380753138075
SG-007-NOMOGRAM-001,c_line,C=1,E_y,0,0,1,181,0.75732217573221761,0.75732217573221761
SG-007-NOMOGRAM-001,c_line,C=1,E_y,0,0,1,182,0.7615062761506276,0.7615062761506276
SG-007-NOMOGRAM-001,c_line,C=1,E_y,0,0,1,183,0.76569037656903771,0.76569037656903771
SG-007-NOMOGRAM-001,c_line,C=1,E_y,0,0,1,184,0.76987447698744771,0.76987447698744771
SG-007-NOMOGRAM-001,c_line,C=1,E_y,0,0,1,185,0.77405857740585771,0.77405857740585771
SG-007-NOMOGRAM-001,c_line,C=1,E_y,0,0,1,186,0.77824267782426781,0.77824267782426781
SG-007-NOMOGRAM-001,c_line,C=1,E_y,0,0,1,187,0.78242677824267781,0.78242677824267781
SG-007-NOMOGRAM-001,c_line,C=1,E_y,0,0,1,188,0.78661087866108792,0.78661087866108792
SG-007-NOMOGRAM-001,c_line,C=1,E_y,0,0,1,189,0.79079497907949792,0.79079497907949792
SG-007-NOMOGRAM-001,c_line,C=1,E_y,0,0,1,190,0.79497907949790791,0.79497907949790791
SG-007-NOMOGRAM-001,c_line,C=1,E_y,0,0,1,191,0.79916317991631802,0.79916317991631802
SG-007-NOMOGRAM-001,c_line,C=1,E_y,0,0,1,192,0.80334728033472802,0.80334728033472802
SG-007-NOMOGRAM-001,c_line,C=1,E_y,0,0,1,193,0.80753138075313813,0.80753138075313813
SG-007-NOMOGRAM-001,c_line,C=1,E_y,0,0,1,194,0.81171548117154813,0.81171548117154813
SG-007-NOMOGRAM-001,c_line,C=1,E_y,0,0,1,195,0.81589958158995812,0.81589958158995812
SG-007-NOMOGRAM-001,c_line,C=1,E_y,0,0,1,196,0.82008368200836823,0.82008368200836823
SG-007-NOMOGRAM-001,c_line,C=1,E_y,0,0,1,197,0.82426778242677823,0.82426778242677823
SG-007-NOMOGRAM-001,c_line,C=1,E_y,0,0,1,198,0.82845188284518834,0.82845188284518834
SG-007-NOMOGRAM-001,c_line,C=1,E_y,0,0,1,199,0.83263598326359833,0.83263598326359833
SG-007-NOMOGRAM-001,c_line,C=1,E_y,0,0,1,200,0.83682008368200833,0.83682008368200833
SG-007-NOMOGRAM-001,c_line,C=1,E_y,0,0,1,201,0.84100418410041844,0.84100418410041844
SG-007-NOMOGRAM-001,c_line,C=1,E_y,0,0,1,202,0.84518828451882844,0.84518828451882844
SG-007-NOMOGRAM-001,c_line,C=1,E_y,0,0,1,203,0.84937238493723854,0.84937238493723854
SG-007-NOMOGRAM-001,c_line,C=1,E_y,0,0,1,204,0.85355648535564854,0.85355648535564854
SG-007-NOMOGRAM-001,c_line,C=1,E_y,0,0,1,205,0.85774058577405854,0.85774058577405854
SG-007-NOMOGRAM-001,c_line,C=1,E_y,0,0,1,206,0.86192468619246865,0.86192468619246865
SG-007-NOMOGRAM-001,c_line,C=1,E_y,0,0,1,207,0.86610878661087864,0.86610878661087864
SG-007-NOMOGRAM-001,c_line,C=1,E_y,0,0,1,208,0.87029288702928875,0.87029288702928875
SG-007-NOMOGRAM-001,c_line,C=1,E_y,0,0,1,209,0.87447698744769875,0.87447698744769875
SG-007-NOMOGRAM-001,c_line,C=1,E_y,0,0,1,210,0.87866108786610875,0.87866108786610875
SG-007-NOMOGRAM-001,c_line,C=1,E_y,0,0,1,211,0.88284518828451886,0.88284518828451886
SG-007-NOMOGRAM-001,c_line,C=1,E_y,0,0,1,212,0.88702928870292885,0.88702928870292885
SG-007-NOMOGRAM-001,c_line,C=1,E_y,0,0,1,213,0.89121338912133896,0.89121338912133896
SG-007-NOMOGRAM-001,c_line,C=1,E_y,0,0,1,214,0.89539748953974896,0.89539748953974896
SG-007-NOMOGRAM-001,c_line,C=1,E_y,0,0,1,215,0.89958158995815896,0.89958158995815896
SG-007-NOMOGRAM-001,c_line,C=1,E_y,0,0,1,216,0.90376569037656906,0.90376569037656906
SG-007-NOMOGRAM-001,c_line,C=1,E_y,0,0,1,217,0.90794979079497906,0.90794979079497906
SG-007-NOMOGRAM-001,c_line,C=1,E_y,0,0,1,218,0.91213389121338917,0.91213389121338917
SG-007-NOMOGRAM-001,c_line,C=1,E_y,0,0,1,219,0.91631799163179917,0.91631799163179917
SG-007-NOMOGRAM-001,c_line,C=1,E_y,0,0,1,220,0.92050209205020916,0.92050209205020916
SG-007-NOMOGRAM-001,c_line,C=1,E_y,0,0,1,221,0.92468619246861927,0.92468619246861927
SG-007-NOMOGRAM-001,c_line,C=1,E_y,0,0,1,222,0.92887029288702927,0.92887029288702927
SG-007-NOMOGRAM-001,c_line,C=1,E_y,0,0,1,223,0.93305439330543938,0.93305439330543938
SG-007-NOMOGRAM-001,c_line,C=1,E_y,0,0,1,224,0.93723849372384938,0.93723849372384938
SG-007-NOMOGRAM-001,c_line,C=1,E_y,0,0,1,225,0.94142259414225937,0.94142259414225937
SG-007-NOMOGRAM-001,c_line,C=1,E_y,0,0,1,226,0.94560669456066948,0.94560669456066948
SG-007-NOMOGRAM-001,c_line,C=1,E_y,0,0,1,227,0.94979079497907948,0.94979079497907948
SG-007-NOMOGRAM-001,c_line,C=1,E_y,0,0,1,228,0.95397489539748959,0.95397489539748959
SG-007-NOMOGRAM-001,c_line,C=1,E_y,0,0,1,229,0.95815899581589958,0.95815899581589958
SG-007-NOMOGRAM-001,c_line,C=1,E_y,0,0,1,230,0.96234309623430958,0.96234309623430958
SG-007-NOMOGRAM-001,c_line,C=1,E_y,0,0,1,231,0.96652719665271969,0.96652719665271969
SG-007-NOMOGRAM-001,c_line,C=1,E_y,0,0,1,232,0.97071129707112969,0.97071129707112969
SG-007-NOMOGRAM-001,c_line,C=1,E_y,0,0,1,233,0.97489539748953979,0.97489539748953979
SG-007-NOMOGRAM-001,c_line,C=1,E_y,0,0,1,234,0.97907949790794979,0.97907949790794979
SG-007-NOMOGRAM-001,c_line,C=1,E_y,0,0,1,235,0.98326359832635979,0.98326359832635979
SG-007-NOMOGRAM-001,c_line,C=1,E_y,0,0,1,236,0.9874476987447699,0.9874476987447699
SG-007-NOMOGRAM-001,c_line,C=1,E_y,0,0,1,237,0.99163179916317989,0.99163179916317989
SG-007-NOMOGRAM-001,c_line,C=1,E_y,0,0,1,238,0.99581589958159,0.99581589958159
SG-007-NOMOGRAM-001,c_line,C=1,E_y,0,0,1,239,1,1
SG-007-NOMOGRAM-001,c_line,C=2,E_y,0,0,2,0,0,0
SG-007-NOMOGRAM-001,c_line,C=2,E_y,0,0,2,1,0.0020920502092050207,0.0041841004184100415
SG-007-NOMOGRAM-001,c_line,C=2,E_y,0,0,2,2,0.0041841004184100415,0.008368200836820083
SG-007-NOMOGRAM-001,c_line,C=2,E_y,0,0,2,3,0.0062761506276150627,0.012552301255230125
SG-007-NOMOGRAM-001,c_line,C=2,E_y,0,0,2,4,0.008368200836820083,0.016736401673640166
SG-007-NOMOGRAM-001,c_line,C=2,E_y,0,0,2,5,0.010460251046025104,0.020920502092050208
SG-007-NOMOGRAM-001,c_line,C=2,E_y,0,0,2,6,0.012552301255230125,0.025104602510460251
SG-007-NOMOGRAM-001,c_line,C=2,E_y,0,0,2,7,0.014644351464435146,0.029288702928870293
SG-007-NOMOGRAM-001,c_line,C=2,E_y,0,0,2,8,0.016736401673640166,0.033472803347280332
SG-007-NOMOGRAM-001,c_line,C=2,E_y,0,0,2,9,0.018828451882845189,0.037656903765690378
SG-007-NOMOGRAM-001,c_line,C=2,E_y,0,0,2,10,0.020920502092050208,0.041841004184100417
SG-007-NOMOGRAM-001,c_line,C=2,E_y,0,0,2,11,0.023012552301255231,0.046025104602510462
SG-007-NOMOGRAM-001,c_line,C=2,E_y,0,0,2,12,0.025104602510460251,0.050209205020920501
SG-007-NOMOGRAM-001,c_line,C=2,E_y,0,0,2,13,0.027196652719665274,0.054393305439330547
SG-007-NOMOGRAM-001,c_line,C=2,E_y,0,0,2,14,0.029288702928870293,0.058577405857740586
SG-007-NOMOGRAM-001,c_line,C=2,E_y,0,0,2,15,0.031380753138075312,0.062761506276150625
SG-007-NOMOGRAM-001,c_line,C=2,E_y,0,0,2,16,0.033472803347280332,0.066945606694560664
SG-007-NOMOGRAM-001,c_line,C=2,E_y,0,0,2,17,0.035564853556485358,0.071129707112970716
SG-007-NOMOGRAM-001,c_line,C=2,E_y,0,0,2,18,0.037656903765690378,0.075313807531380755
SG-007-NOMOGRAM-001,c_line,C=2,E_y,0,0,2,19,0.039748953974895397,0.079497907949790794
SG-007-NOMOGRAM-001,c_line,C=2,E_y,0,0,2,20,0.041841004184100417,0.083682008368200833
SG-007-NOMOGRAM-001,c_line,C=2,E_y,0,0,2,21,0.043933054393305436,0.087866108786610872
SG-007-NOMOGRAM-001,c_line,C=2,E_y,0,0,2,22,0.046025104602510462,0.092050209205020925
SG-007-NOMOGRAM-001,c_line,C=2,E_y,0,0,2,23,0.048117154811715482,0.096234309623430964
SG-007-NOMOGRAM-001,c_line,C=2,E_y,0,0,2,24,0.050209205020920501,0.100418410041841
SG-007-NOMOGRAM-001,c_line,C=2,E_y,0,0,2,25,0.052301255230125521,0.10460251046025104
SG-007-NOMOGRAM-001,c_line,C=2,E_y,0,0,2,26,0.054393305439330547,0.10878661087866109
SG-007-NOMOGRAM-001,c_line,C=2,E_y,0,0,2,27,0.056485355648535567,0.11297071129707113
SG-007-NOMOGRAM-001,c_line,C=2,E_y,0,0,2,28,0.058577405857740586,0.11715481171548117
SG-007-NOMOGRAM-001,c_line,C=2,E_y,0,0,2,29,0.060669456066945605,0.12133891213389121
SG-007-NOMOGRAM-001,c_line,C=2,E_y,0,0,2,30,0.062761506276150625,0.12552301255230125
SG-007-NOMOGRAM-001,c_line,C=2,E_y,0,0,2,31,0.064853556485355651,0.1297071129707113
SG-007-NOMOGRAM-001,c_line,C=2,E_y,0,0,2,32,0.066945606694560664,0.13389121338912133
SG-007-NOMOGRAM-001,c_line,C=2,E_y,0,0,2,33,0.06903765690376569,0.13807531380753138
SG-007-NOMOGRAM-001,c_line,C=2,E_y,0,0,2,34,0.071129707112970716,0.14225941422594143
SG-007-NOMOGRAM-001,c_line,C=2,E_y,0,0,2,35,0.073221757322175729,0.14644351464435146
SG-007-NOMOGRAM-001,c_line,C=2,E_y,0,0,2,36,0.075313807531380755,0.15062761506276151
SG-007-NOMOGRAM-001,c_line,C=2,E_y,0,0,2,37,0.077405857740585768,0.15481171548117154
SG-007-NOMOGRAM-001,c_line,C=2,E_y,0,0,2,38,0.079497907949790794,0.15899581589958159
SG-007-NOMOGRAM-001,c_line,C=2,E_y,0,0,2,39,0.081589958158995821,0.16317991631799164
SG-007-NOMOGRAM-001,c_line,C=2,E_y,0,0,2,40,0.083682008368200833,0.16736401673640167
SG-007-NOMOGRAM-001,c_line,C=2,E_y,0,0,2,41,0.085774058577405859,0.17154811715481172
SG-007-NOMOGRAM-001,c_line,C=2,E_y,0,0,2,42,0.087866108786610872,0.17573221757322174
SG-007-NOMOGRAM-001,c_line,C=2,E_y,0,0,2,43,0.089958158995815898,0.1799163179916318
SG-007-NOMOGRAM-001,c_line,C=2,E_y,0,0,2,44,0.092050209205020925,0.18410041841004185
SG-007-NOMOGRAM-001,c_line,C=2,E_y,0,0,2,45,0.094142259414225937,0.18828451882845187
SG-007-NOMOGRAM-001,c_line,C=2,E_y,0,0,2,46,0.096234309623430964,0.19246861924686193
SG-007-NOMOGRAM-001,c_line,C=2,E_y,0,0,2,47,0.09832635983263599,0.19665271966527198
SG-007-NOMOGRAM-001,c_line,C=2,E_y,0,0,2,48,0.100418410041841,0.20083682008368201
SG-007-NOMOGRAM-001,c_line,C=2,E_y,0,0,2,49,0.10251046025104603,0.20502092050209206
SG-007-NOMOGRAM-001,c_line,C=2,E_y,0,0,2,50,0.10460251046025104,0.20920502092050208
SG-007-NOMOGRAM-001,c_line,C=2,E_y,0,0,2,51,0.10669456066945607,0.21338912133891214
SG-007-NOMOGRAM-001,c_line,C=2,E_y,0,0,2,52,0.10878661087866109,0.21757322175732219
SG-007-NOMOGRAM-001,c_line,C=2,E_y,0,0,2,53,0.11087866108786611,0.22175732217573221
SG-007-NOMOGRAM-001,c_line,C=2,E_y,0,0,2,54,0.11297071129707113,0.22594142259414227
SG-007-NOMOGRAM-001,c_line,C=2,E_y,0,0,2,55,0.11506276150627615,0.23012552301255229
SG-007-NOMOGRAM-001,c_line,C=2,E_y,0,0,2,56,0.11715481171548117,0.23430962343096234
SG-007-NOMOGRAM-001,c_line,C=2,E_y,0,0,2,57,0.1192468619246862,0.2384937238493724
SG-007-NOMOGRAM-001,c_line,C=2,E_y,0,0,2,58,0.12133891213389121,0.24267782426778242
SG-007-NOMOGRAM-001,c_line,C=2,E_y,0,0,2,59,0.12343096234309624,0.24686192468619247
SG-007-NOMOGRAM-001,c_line,C=2,E_y,0,0,2,60,0.12552301255230125,0.2510460251046025
SG-007-NOMOGRAM-001,c_line,C=2,E_y,0,0,2,61,0.12761506276150628,0.25523012552301255
SG-007-NOMOGRAM-001,c_line,C=2,E_y,0,0,2,62,0.1297071129707113,0.2594142259414226
SG-007-NOMOGRAM-001,c_line,C=2,E_y,0,0,2,63,0.13179916317991633,0.26359832635983266
SG-007-NOMOGRAM-001,c_line,C=2,E_y,0,0,2,64,0.13389121338912133,0.26778242677824265
SG-007-NOMOGRAM-001,c_line,C=2,E_y,0,0,2,65,0.13598326359832635,0.27196652719665271
SG-007-NOMOGRAM-001,c_line,C=2,E_y,0,0,2,66,0.13807531380753138,0.27615062761506276
SG-007-NOMOGRAM-001,c_line,C=2,E_y,0,0,2,67,0.14016736401673641,0.28033472803347281
SG-007-NOMOGRAM-001,c_line,C=2,E_y,0,0,2,68,0.14225941422594143,0.28451882845188287
SG-007-NOMOGRAM-001,c_line,C=2,E_y,0,0,2,69,0.14435146443514643,0.28870292887029286
SG-007-NOMOGRAM-001,c_line,C=2,E_y,0,0,2,70,0.14644351464435146,0.29288702928870292
SG-007-NOMOGRAM-001,c_line,C=2,E_y,0,0,2,71,0.14853556485355648,0.29707112970711297
SG-007-NOMOGRAM-001,c_line,C=2,E_y,0,0,2,72,0.15062761506276151,0.30125523012552302
SG-007-NOMOGRAM-001,c_line,C=2,E_y,0,0,2,73,0.15271966527196654,0.30543933054393307
SG-007-NOMOGRAM-001,c_line,C=2,E_y,0,0,2,74,0.15481171548117154,0.30962343096234307
SG-007-NOMOGRAM-001,c_line,C=2,E_y,0,0,2,75,0.15690376569037656,0.31380753138075312
SG-007-NOMOGRAM-001,c_line,C=2,E_y,0,0,2,76,0.15899581589958159,0.31799163179916318
SG-007-NOMOGRAM-001,c_line,C=2,E_y,0,0,2,77,0.16108786610878661,0.32217573221757323
SG-007-NOMOGRAM-001,c_line,C=2,E_y,0,0,2,78,0.16317991631799164,0.32635983263598328
SG-007-NOMOGRAM-001,c_line,C=2,E_y,0,0,2,79,0.16527196652719664,0.33054393305439328
SG-007-NOMOGRAM-001,c_line,C=2,E_y,0,0,2,80,0.16736401673640167,0.33472803347280333
SG-007-NOMOGRAM-001,c_line,C=2,E_y,0,0,2,81,0.16945606694560669,0.33891213389121339
SG-007-NOMOGRAM-001,c_line,C=2,E_y,0,0,2,82,0.17154811715481172,0.34309623430962344
SG-007-NOMOGRAM-001,c_line,C=2,E_y,0,0,2,83,0.17364016736401675,0.34728033472803349
SG-007-NOMOGRAM-001,c_line,C=2,E_y,0,0,2,84,0.17573221757322174,0.35146443514644349
SG-007-NOMOGRAM-001,c_line,C=2,E_y,0,0,2,85,0.17782426778242677,0.35564853556485354
SG-007-NOMOGRAM-001,c_line,C=2,E_y,0,0,2,86,0.1799163179916318,0.35983263598326359
SG-007-NOMOGRAM-001,c_line,C=2,E_y,0,0,2,87,0.18200836820083682,0.36401673640167365
SG-007-NOMOGRAM-001,c_line,C=2,E_y,0,0,2,88,0.18410041841004185,0.3682008368200837
SG-007-NOMOGRAM-001,c_line,C=2,E_y,0,0,2,89,0.18619246861924685,0.3723849372384937
SG-007-NOMOGRAM-001,c_line,C=2,E_y,0,0,2,90,0.18828451882845187,0.37656903765690375
SG-007-NOMOGRAM-001,c_line,C=2,E_y,0,0,2,91,0.1903765690376569,0.3807531380753138
SG-007-NOMOGRAM-001,c_line,C=2,E_y,0,0,2,92,0.19246861924686193,0.38493723849372385
SG-007-NOMOGRAM-001,c_line,C=2,E_y,0,0,2,93,0.19456066945606695,0.38912133891213391
SG-007-NOMOGRAM-001,c_line,C=2,E_y,0,0,2,94,0.19665271966527198,0.39330543933054396
SG-007-NOMOGRAM-001,c_line,C=2,E_y,0,0,2,95,0.19874476987447698,0.39748953974895396
SG-007-NOMOGRAM-001,c_line,C=2,E_y,0,0,2,96,0.20083682008368201,0.40167364016736401
SG-007-NOMOGRAM-001,c_line,C=2,E_y,0,0,2,97,0.20292887029288703,0.40585774058577406
SG-007-NOMOGRAM-001,c_line,C=2,E_y,0,0,2,98,0.20502092050209206,0.41004184100418412
SG-007-NOMOGRAM-001,c_line,C=2,E_y,0,0,2,99,0.20711297071129708,0.41422594142259417
SG-007-NOMOGRAM-001,c_line,C=2,E_y,0,0,2,100,0.20920502092050208,0.41841004184100417
SG-007-NOMOGRAM-001,c_line,C=2,E_y,0,0,2,101,0.21129707112970711,0.42259414225941422
SG-007-NOMOGRAM-001,c_line,C=2,E_y,0,0,2,102,0.21338912133891214,0.42677824267782427
SG-007-NOMOGRAM-001,c_line,C=2,E_y,0,0,2,103,0.21548117154811716,0.43096234309623432
SG-007-NOMOGRAM-001,c_line,C=2,E_y,0,0,2,104,0.21757322175732219,0.43514644351464438
SG-007-NOMOGRAM-001,c_line,C=2,E_y,0,0,2,105,0.21966527196652719,0.43933054393305437
SG-007-NOMOGRAM-001,c_line,C=2,E_y,0,0,2,106,0.22175732217573221,0.44351464435146443
SG-007-NOMOGRAM-001,c_line,C=2,E_y,0,0,2,107,0.22384937238493724,0.44769874476987448
SG-007-NOMOGRAM-001,c_line,C=2,E_y,0,0,2,108,0.22594142259414227,0.45188284518828453
SG-007-NOMOGRAM-001,c_line,C=2,E_y,0,0,2,109,0.22803347280334729,0.45606694560669458
SG-007-NOMOGRAM-001,c_line,C=2,E_y,0,0,2,110,0.23012552301255229,0.46025104602510458
SG-007-NOMOGRAM-001,c_line,C=2,E_y,0,0,2,111,0.23221757322175732,0.46443514644351463
SG-007-NOMOGRAM-001,c_line,C=2,E_y,0,0,2,112,0.23430962343096234,0.46861924686192469
SG-007-NOMOGRAM-001,c_line,C=2,E_y,0,0,2,113,0.23640167364016737,0.47280334728033474
SG-007-NOMOGRAM-001,c_line,C=2,E_y,0,0,2,114,0.2384937238493724,0.47698744769874479
SG-007-NOMOGRAM-001,c_line,C=2,E_y,0,0,2,115,0.2405857740585774,0.48117154811715479
SG-007-NOMOGRAM-001,c_line,C=2,E_y,0,0,2,116,0.24267782426778242,0.48535564853556484
SG-007-NOMOGRAM-001,c_line,C=2,E_y,0,0,2,117,0.24476987447698745,0.4895397489539749
SG-007-NOMOGRAM-001,c_line,C=2,E_y,0,0,2,118,0.24686192468619247,0.49372384937238495
SG-007-NOMOGRAM-001,c_line,C=2,E_y,0,0,2,119,0.2489539748953975,0.497907949790795
SG-007-NOMOGRAM-001,c_line,C=2,E_y,0,0,2,120,0.2510460251046025,0.502092050209205
SG-007-NOMOGRAM-001,c_line,C=2,E_y,0,0,2,121,0.25313807531380755,0.50627615062761511
SG-007-NOMOGRAM-001,c_line,C=2,E_y,0,0,2,122,0.25523012552301255,0.5104602510460251
SG-007-NOMOGRAM-001,c_line,C=2,E_y,0,0,2,123,0.25732217573221755,0.5146443514644351
SG-007-NOMOGRAM-001,c_line,C=2,E_y,0,0,2,124,0.2594142259414226,0.51882845188284521
SG-007-NOMOGRAM-001,c_line,C=2,E_y,0,0,2,125,0.2615062761506276,0.52301255230125521
SG-007-NOMOGRAM-001,c_line,C=2,E_y,0,0,2,126,0.26359832635983266,0.52719665271966532
SG-007-NOMOGRAM-001,c_line,C=2,E_y,0,0,2,127,0.26569037656903766,0.53138075313807531
SG-007-NOMOGRAM-001,c_line,C=2,E_y,0,0,2,128,0.26778242677824265,0.53556485355648531
SG-007-NOMOGRAM-001,c_line,C=2,E_y,0,0,2,129,0.26987447698744771,0.53974895397489542
SG-007-NOMOGRAM-001,c_line,C=2,E_y,0,0,2,130,0.27196652719665271,0.54393305439330542
SG-007-NOMOGRAM-001,c_line,C=2,E_y,0,0,2,131,0.27405857740585776,0.54811715481171552
SG-007-NOMOGRAM-001,c_line,C=2,E_y,0,0,2,132,0.27615062761506276,0.55230125523012552
SG-007-NOMOGRAM-001,c_line,C=2,E_y,0,0,2,133,0.27824267782426776,0.55648535564853552
SG-007-NOMOGRAM-001,c_line,C=2,E_y,0,0,2,134,0.28033472803347281,0.56066945606694563
SG-007-NOMOGRAM-001,c_line,C=2,E_y,0,0,2,135,0.28242677824267781,0.56485355648535562
SG-007-NOMOGRAM-001,c_line,C=2,E_y,0,0,2,136,0.28451882845188287,0.56903765690376573
SG-007-NOMOGRAM-001,c_line,C=2,E_y,0,0,2,137,0.28661087866108786,0.57322175732217573
SG-007-NOMOGRAM-001,c_line,C=2,E_y,0,0,2,138,0.28870292887029286,0.57740585774058573
SG-007-NOMOGRAM-001,c_line,C=2,E_y,0,0,2,139,0.29079497907949792,0.58158995815899583
SG-007-NOMOGRAM-001,c_line,C=2,E_y,0,0,2,140,0.29288702928870292,0.58577405857740583
SG-007-NOMOGRAM-001,c_line,C=2,E_y,0,0,2,141,0.29497907949790797,0.58995815899581594
SG-007-NOMOGRAM-001,c_line,C=2,E_y,0,0,2,142,0.29707112970711297,0.59414225941422594
SG-007-NOMOGRAM-001,c_line,C=2,E_y,0,0,2,143,0.29916317991631797,0.59832635983263593
SG-007-NOMOGRAM-001,c_line,C=2,E_y,0,0,2,144,0.30125523012552302,0.60251046025104604
SG-007-NOMOGRAM-001,c_line,C=2,E_y,0,0,2,145,0.30334728033472802,0.60669456066945604
SG-007-NOMOGRAM-001,c_line,C=2,E_y,0,0,2,146,0.30543933054393307,0.61087866108786615
SG-007-NOMOGRAM-001,c_line,C=2,E_y,0,0,2,147,0.30753138075313807,0.61506276150627615
SG-007-NOMOGRAM-001,c_line,C=2,E_y,0,0,2,148,0.30962343096234307,0.61924686192468614
SG-007-NOMOGRAM-001,c_line,C=2,E_y,0,0,2,149,0.31171548117154813,0.62343096234309625
SG-007-NOMOGRAM-001,c_line,C=2,E_y,0,0,2,150,0.31380753138075312,0.62761506276150625
SG-007-NOMOGRAM-001,c_line,C=2,E_y,0,0,2,151,0.31589958158995818,0.63179916317991636
SG-007-NOMOGRAM-001,c_line,C=2,E_y,0,0,2,152,0.31799163179916318,0.63598326359832635
SG-007-NOMOGRAM-001,c_line,C=2,E_y,0,0,2,153,0.32008368200836818,0.64016736401673635
SG-007-NOMOGRAM-001,c_line,C=2,E_y,0,0,2,154,0.32217573221757323,0.64435146443514646
SG-007-NOMOGRAM-001,c_line,C=2,E_y,0,0,2,155,0.32426778242677823,0.64853556485355646
SG-007-NOMOGRAM-001,c_line,C=2,E_y,0,0,2,156,0.32635983263598328,0.65271966527196656
SG-007-NOMOGRAM-001,c_line,C=2,E_y,0,0,2,157,0.32845188284518828,0.65690376569037656
SG-007-NOMOGRAM-001,c_line,C=2,E_y,0,0,2,158,0.33054393305439328,0.66108786610878656
SG-007-NOMOGRAM-001,c_line,C=2,E_y,0,0,2,159,0.33263598326359833,0.66527196652719667
SG-007-NOMOGRAM-001,c_line,C=2,E_y,0,0,2,160,0.33472803347280333,0.66945606694560666
SG-007-NOMOGRAM-001,c_line,C=2,E_y,0,0,2,161,0.33682008368200839,0.67364016736401677
SG-007-NOMOGRAM-001,c_line,C=2,E_y,0,0,2,162,0.33891213389121339,0.67782426778242677
SG-007-NOMOGRAM-001,c_line,C=2,E_y,0,0,2,163,0.34100418410041838,0.68200836820083677
SG-007-NOMOGRAM-001,c_line,C=2,E_y,0,0,2,164,0.34309623430962344,0.68619246861924688
SG-007-NOMOGRAM-001,c_line,C=2,E_y,0,0,2,165,0.34518828451882844,0.69037656903765687
SG-007-NOMOGRAM-001,c_line,C=2,E_y,0,0,2,166,0.34728033472803349,0.69456066945606698
SG-007-NOMOGRAM-001,c_line,C=2,E_y,0,0,2,167,0.34937238493723849,0.69874476987447698
SG-007-NOMOGRAM-001,c_line,C=2,E_y,0,0,2,168,0.35146443514644349,0.70292887029288698
SG-007-NOMOGRAM-001,c_line,C=2,E_y,0,0,2,169,0.35355648535564854,0.70711297071129708
SG-007-NOMOGRAM-001,c_line,C=2,E_y,0,0,2,170,0.35564853556485354,0.71129707112970708
SG-007-NOMOGRAM-001,c_line,C=2,E_y,0,0,2,171,0.35774058577405859,0.71548117154811719
SG-007-NOMOGRAM-001,c_line,C=2,E_y,0,0,2,172,0.35983263598326359,0.71966527196652719
SG-007-NOMOGRAM-001,c_line,C=2,E_y,0,0,2,173,0.36192468619246859,0.72384937238493718
SG-007-NOMOGRAM-001,c_line,C=2,E_y,0,0,2,174,0.36401673640167365,0.72803347280334729
SG-007-NOMOGRAM-001,c_line,C=2,E_y,0,0,2,175,0.36610878661087864,0.73221757322175729
SG-007-NOMOGRAM-001,c_line,C=2,E_y,0,0,2,176,0.3682008368200837,0.7364016736401674
SG-007-NOMOGRAM-001,c_line,C=2,E_y,0,0,2,177,0.3702928870292887,0.7405857740585774
SG-007-NOMOGRAM-001,c_line,C=2,E_y,0,0,2,178,0.3723849372384937,0.74476987447698739
SG-007-NOMOGRAM-001,c_line,C=2,E_y,0,0,2,179,0.37447698744769875,0.7489539748953975
SG-007-NOMOGRAM-001,c_line,C=2,E_y,0,0,2,180,0.37656903765690375,0.7531380753138075
SG-007-NOMOGRAM-001,c_line,C=2,E_y,0,0,2,181,0.3786610878661088,0.75732217573221761
SG-007-NOMOGRAM-001,c_line,C=2,E_y,0,0,2,182,0.3807531380753138,0.7615062761506276
SG-007-NOMOGRAM-001,c_line,C=2,E_y,0,0,2,183,0.38284518828451886,0.76569037656903771
SG-007-NOMOGRAM-001,c_line,C=2,E_y,0,0,2,184,0.38493723849372385,0.76987447698744771
SG-007-NOMOGRAM-001,c_line,C=2,E_y,0,0,2,185,0.38702928870292885,0.77405857740585771
SG-007-NOMOGRAM-001,c_line,C=2,E_y,0,0,2,186,0.38912133891213391,0.77824267782426781
SG-007-NOMOGRAM-001,c_line,C=2,E_y,0,0,2,187,0.39121338912133891,0.78242677824267781
SG-007-NOMOGRAM-001,c_line,C=2,E_y,0,0,2,188,0.39330543933054396,0.78661087866108792
SG-007-NOMOGRAM-001,c_line,C=2,E_y,0,0,2,189,0.39539748953974896,0.79079497907949792
SG-007-NOMOGRAM-001,c_line,C=2,E_y,0,0,2,190,0.39748953974895396,0.79497907949790791
SG-007-NOMOGRAM-001,c_line,C=2,E_y,0,0,2,191,0.39958158995815901,0.79916317991631802
SG-007-NOMOGRAM-001,c_line,C=2,E_y,0,0,2,192,0.40167364016736401,0.80334728033472802
SG-007-NOMOGRAM-001,c_line,C=2,E_y,0,0,2,193,0.40376569037656906,0.80753138075313813
SG-007-NOMOGRAM-001,c_line,C=2,E_y,0,0,2,194,0.40585774058577406,0.81171548117154813
SG-007-NOMOGRAM-001,c_line,C=2,E_y,0,0,2,195,0.40794979079497906,0.81589958158995812
SG-007-NOMOGRAM-001,c_line,C=2,E_y,0,0,2,196,0.41004184100418412,0.82008368200836823
SG-007-NOMOGRAM-001,c_line,C=2,E_y,0,0,2,197,0.41213389121338911,0.82426778242677823
SG-007-NOMOGRAM-001,c_line,C=2,E_y,0,0,2,198,0.41422594142259417,0.82845188284518834
SG-007-NOMOGRAM-001,c_line,C=2,E_y,0,0,2,199,0.41631799163179917,0.83263598326359833
SG-007-NOMOGRAM-001,c_line,C=2,E_y,0,0,2,200,0.41841004184100417,0.83682008368200833
SG-007-NOMOGRAM-001,c_line,C=2,E_y,0,0,2,201,0.42050209205020922,0.84100418410041844
SG-007-NOMOGRAM-001,c_line,C=2,E_y,0,0,2,202,0.42259414225941422,0.84518828451882844
SG-007-NOMOGRAM-001,c_line,C=2,E_y,0,0,2,203,0.42468619246861927,0.84937238493723854
SG-007-NOMOGRAM-001,c_line,C=2,E_y,0,0,2,204,0.42677824267782427,0.85355648535564854
SG-007-NOMOGRAM-001,c_line,C=2,E_y,0,0,2,205,0.42887029288702927,0.85774058577405854
SG-007-NOMOGRAM-001,c_line,C=2,E_y,0,0,2,206,0.43096234309623432,0.86192468619246865
SG-007-NOMOGRAM-001,c_line,C=2,E_y,0,0,2,207,0.43305439330543932,0.86610878661087864
SG-007-NOMOGRAM-001,c_line,C=2,E_y,0,0,2,208,0.43514644351464438,0.87029288702928875
SG-007-NOMOGRAM-001,c_line,C=2,E_y,0,0,2,209,0.43723849372384938,0.87447698744769875
SG-007-NOMOGRAM-001,c_line,C=2,E_y,0,0,2,210,0.43933054393305437,0.87866108786610875
SG-007-NOMOGRAM-001,c_line,C=2,E_y,0,0,2,211,0.44142259414225943,0.88284518828451886
SG-007-NOMOGRAM-001,c_line,C=2,E_y,0,0,2,212,0.44351464435146443,0.88702928870292885
SG-007-NOMOGRAM-001,c_line,C=2,E_y,0,0,2,213,0.44560669456066948,0.89121338912133896
SG-007-NOMOGRAM-001,c_line,C=2,E_y,0,0,2,214,0.44769874476987448,0.89539748953974896
SG-007-NOMOGRAM-001,c_line,C=2,E_y,0,0,2,215,0.44979079497907948,0.89958158995815896
SG-007-NOMOGRAM-001,c_line,C=2,E_y,0,0,2,216,0.45188284518828453,0.90376569037656906
SG-007-NOMOGRAM-001,c_line,C=2,E_y,0,0,2,217,0.45397489539748953,0.90794979079497906
SG-007-NOMOGRAM-001,c_line,C=2,E_y,0,0,2,218,0.45606694560669458,0.91213389121338917
SG-007-NOMOGRAM-001,c_line,C=2,E_y,0,0,2,219,0.45815899581589958,0.91631799163179917
SG-007-NOMOGRAM-001,c_line,C=2,E_y,0,0,2,220,0.46025104602510458,0.92050209205020916
SG-007-NOMOGRAM-001,c_line,C=2,E_y,0,0,2,221,0.46234309623430964,0.92468619246861927
SG-007-NOMOGRAM-001,c_line,C=2,E_y,0,0,2,222,0.46443514644351463,0.92887029288702927
SG-007-NOMOGRAM-001,c_line,C=2,E_y,0,0,2,223,0.46652719665271969,0.93305439330543938
SG-007-NOMOGRAM-001,c_line,C=2,E_y,0,0,2,224,0.46861924686192469,0.93723849372384938
SG-007-NOMOGRAM-001,c_line,C=2,E_y,0,0,2,225,0.47071129707112969,0.94142259414225937
SG-007-NOMOGRAM-001,c_line,C=2,E_y,0,0,2,226,0.47280334728033474,0.94560669456066948
SG-007-NOMOGRAM-001,c_line,C=2,E_y,0,0,2,227,0.47489539748953974,0.94979079497907948
SG-007-NOMOGRAM-001,c_line,C=2,E_y,0,0,2,228,0.47698744769874479,0.95397489539748959
SG-007-NOMOGRAM-001,c_line,C=2,E_y,0,0,2,229,0.47907949790794979,0.95815899581589958
SG-007-NOMOGRAM-001,c_line,C=2,E_y,0,0,2,230,0.48117154811715479,0.96234309623430958
SG-007-NOMOGRAM-001,c_line,C=2,E_y,0,0,2,231,0.48326359832635984,0.96652719665271969
SG-007-NOMOGRAM-001,c_line,C=2,E_y,0,0,2,232,0.48535564853556484,0.97071129707112969
SG-007-NOMOGRAM-001,c_line,C=2,E_y,0,0,2,233,0.4874476987447699,0.97489539748953979
SG-007-NOMOGRAM-001,c_line,C=2,E_y,0,0,2,234,0.4895397489539749,0.97907949790794979
SG-007-NOMOGRAM-001,c_line,C=2,E_y,0,0,2,235,0.49163179916317989,0.98326359832635979
SG-007-NOMOGRAM-001,c_line,C=2,E_y,0,0,2,236,0.49372384937238495,0.9874476987447699
SG-007-NOMOGRAM-001,c_line,C=2,E_y,0,0,2,237,0.49581589958158995,0.99163179916317989
SG-007-NOMOGRAM-001,c_line,C=2,E_y,0,0,2,238,0.497907949790795,0.99581589958159
SG-007-NOMOGRAM-001,c_line,C=2,E_y,0,0,2,239,0.5,1
SG-007-NOMOGRAM-001,c_line,C=5,E_y,0,0,5,0,0,0
SG-007-NOMOGRAM-001,c_line,C=5,E_y,0,0,5,1,0.00083682008368200843,0.0041841004184100423
SG-007-NOMOGRAM-001,c_line,C=5,E_y,0,0,5,2,0.0016736401673640169,0.0083682008368200847
SG-007-NOMOGRAM-001,c_line,C=5,E_y,0,0,5,3,0.0025104602510460255,0.012552301255230127
SG-007-NOMOGRAM-001,c_line,C=5,E_y,0,0,5,4,0.0033472803347280337,0.016736401673640169
SG-007-NOMOGRAM-001,c_line,C=5,E_y,0,0,5,5,0.0041841004184100415,0.020920502092050208
SG-007-NOMOGRAM-001,c_line,C=5,E_y,0,0,5,6,0.005020920502092051,0.025104602510460254
SG-007-NOMOGRAM-001,c_line,C=5,E_y,0,0,5,7,0.0058577405857740588,0.029288702928870293
SG-007-NOMOGRAM-001,c_line,C=5,E_y,0,0,5,8,0.0066945606694560674,0.033472803347280339
SG-007-NOMOGRAM-001,c_line,C=5,E_y,0,0,5,9,0.0075313807531380752,0.037656903765690378
SG-007-NOMOGRAM-001,c_line,C=5,E_y,0,0,5,10,0.008368200836820083,0.041841004184100417
SG-007-NOMOGRAM-001,c_line,C=5,E_y,0,0,5,11,0.0092050209205020925,0.046025104602510462
SG-007-NOMOGRAM-001,c_line,C=5,E_y,0,0,5,12,0.010041841004184102,0.050209205020920508
SG-007-NOMOGRAM-001,c_line,C=5,E_y,0,0,5,13,0.01087866108786611,0.054393305439330547
SG-007-NOMOGRAM-001,c_line,C=5,E_y,0,0,5,14,0.011715481171548118,0.058577405857740586
SG-007-NOMOGRAM-001,c_line,C=5,E_y,0,0,5,15,0.012552301255230125,0.062761506276150625
SG-007-NOMOGRAM-001,c_line,C=5,E_y,0,0,5,16,0.013389121338912135,0.066945606694560678
SG-007-NOMOGRAM-001,c_line,C=5,E_y,0,0,5,17,0.014225941422594144,0.071129707112970716
SG-007-NOMOGRAM-001,c_line,C=5,E_y,0,0,5,18,0.01506276150627615,0.075313807531380755
SG-007-NOMOGRAM-001,c_line,C=5,E_y,0,0,5,19,0.015899581589958162,0.079497907949790808
SG-007-NOMOGRAM-001,c_line,C=5,E_y,0,0,5,20,0.016736401673640166,0.083682008368200833
SG-007-NOMOGRAM-001,c_line,C=5,E_y,0,0,5,21,0.017573221757322177,0.087866108786610886
SG-007-NOMOGRAM-001,c_line,C=5,E_y,0,0,5,22,0.018410041841004185,0.092050209205020925
SG-007-NOMOGRAM-001,c_line,C=5,E_y,0,0,5,23,0.019246861924686196,0.096234309623430977
SG-007-NOMOGRAM-001,c_line,C=5,E_y,0,0,5,24,0.020083682008368204,0.10041841004184102
SG-007-NOMOGRAM-001,c_line,C=5,E_y,0,0,5,25,0.020920502092050208,0.10460251046025104
SG-007-NOMOGRAM-001,c_line,C=5,E_y,0,0,5,26,0.02175732217573222,0.10878661087866109
SG-007-NOMOGRAM-001,c_line,C=5,E_y,0,0,5,27,0.022594142259414227,0.11297071129707113
SG-007-NOMOGRAM-001,c_line,C=5,E_y,0,0,5,28,0.023430962343096235,0.11715481171548117
SG-007-NOMOGRAM-001,c_line,C=5,E_y,0,0,5,29,0.024267782426778246,0.12133891213389122
SG-007-NOMOGRAM-001,c_line,C=5,E_y,0,0,5,30,0.025104602510460251,0.12552301255230125
SG-007-NOMOGRAM-001,c_line,C=5,E_y,0,0,5,31,0.025941422594142262,0.1297071129707113
SG-007-NOMOGRAM-001,c_line,C=5,E_y,0,0,5,32,0.02677824267782427,0.13389121338912136
SG-007-NOMOGRAM-001,c_line,C=5,E_y,0,0,5,33,0.027615062761506277,0.13807531380753138
SG-007-NOMOGRAM-001,c_line,C=5,E_y,0,0,5,34,0.028451882845188289,0.14225941422594143
SG-007-NOMOGRAM-001,c_line,C=5,E_y,0,0,5,35,0.029288702928870293,0.14644351464435146
SG-007-NOMOGRAM-001,c_line,C=5,E_y,0,0,5,36,0.030125523012552301,0.15062761506276151
SG-007-NOMOGRAM-001,c_line,C=5,E_y,0,0,5,37,0.030962343096234312,0.15481171548117156
SG-007-NOMOGRAM-001,c_line,C=5,E_y,0,0,5,38,0.031799163179916323,0.15899581589958162
SG-007-NOMOGRAM-001,c_line,C=5,E_y,0,0,5,39,0.032635983263598331,0.16317991631799167
SG-007-NOMOGRAM-001,c_line,C=5,E_y,0,0,5,40,0.033472803347280332,0.16736401673640167
SG-007-NOMOGRAM-001,c_line,C=5,E_y,0,0,5,41,0.034309623430962347,0.17154811715481172
SG-007-NOMOGRAM-001,c_line,C=5,E_y,0,0,5,42,0.035146443514644354,0.17573221757322177
SG-007-NOMOGRAM-001,c_line,C=5,E_y,0,0,5,43,0.035983263598326355,0.17991631799163177
SG-007-NOMOGRAM-001,c_line,C=5,E_y,0,0,5,44,0.03682008368200837,0.18410041841004185
SG-007-NOMOGRAM-001,c_line,C=5,E_y,0,0,5,45,0.037656903765690378,0.18828451882845187
SG-007-NOMOGRAM-001,c_line,C=5,E_y,0,0,5,46,0.038493723849372392,0.19246861924686195
SG-007-NOMOGRAM-001,c_line,C=5,E_y,0,0,5,47,0.039330543933054393,0.19665271966527198
SG-007-NOMOGRAM-001,c_line,C=5,E_y,0,0,5,48,0.040167364016736408,0.20083682008368203
SG-007-NOMOGRAM-001,c_line,C=5,E_y,0,0,5,49,0.041004184100418416,0.20502092050209209
SG-007-NOMOGRAM-001,c_line,C=5,E_y,0,0,5,50,0.041841004184100417,0.20920502092050208
SG-007-NOMOGRAM-001,c_line,C=5,E_y,0,0,5,51,0.042677824267782431,0.21338912133891216
SG-007-NOMOGRAM-001,c_line,C=5,E_y,0,0,5,52,0.043514644351464439,0.21757322175732219
SG-007-NOMOGRAM-001,c_line,C=5,E_y,0,0,5,53,0.044351464435146447,0.22175732217573224
SG-007-NOMOGRAM-001,c_line,C=5,E_y,0,0,5,54,0.045188284518828455,0.22594142259414227
SG-007-NOMOGRAM-001,c_line,C=5,E_y,0,0,5,55,0.046025104602510462,0.23012552301255232
SG-007-NOMOGRAM-001,c_line,C=5,E_y,0,0,5,56,0.04686192468619247,0.23430962343096234
SG-007-NOMOGRAM-001,c_line,C=5,E_y,0,0,5,57,0.047698744769874478,0.2384937238493724
SG-007-NOMOGRAM-001,c_line,C=5,E_y,0,0,5,58,0.048535564853556493,0.24267782426778245
SG-007-NOMOGRAM-001,c_line,C=5,E_y,0,0,5,59,0.049372384937238493,0.24686192468619247
SG-007-NOMOGRAM-001,c_line,C=5,E_y,0,0,5,60,0.050209205020920501,0.2510460251046025
SG-007-NOMOGRAM-001,c_line,C=5,E_y,0,0,5,61,0.051046025104602516,0.25523012552301261
SG-007-NOMOGRAM-001,c_line,C=5,E_y,0,0,5,62,0.051882845188284524,0.2594142259414226
SG-007-NOMOGRAM-001,c_line,C=5,E_y,0,0,5,63,0.052719665271966532,0.26359832635983266
SG-007-NOMOGRAM-001,c_line,C=5,E_y,0,0,5,64,0.053556485355648539,0.26778242677824271
SG-007-NOMOGRAM-001,c_line,C=5,E_y,0,0,5,65,0.054393305439330547,0.27196652719665271
SG-007-NOMOGRAM-001,c_line,C=5,E_y,0,0,5,66,0.055230125523012555,0.27615062761506276
SG-007-NOMOGRAM-001,c_line,C=5,E_y,0,0,5,67,0.056066945606694563,0.28033472803347281
SG-007-NOMOGRAM-001,c_line,C=5,E_y,0,0,5,68,0.056903765690376577,0.28451882845188287
SG-007-NOMOGRAM-001,c_line,C=5,E_y,0,0,5,69,0.057740585774058578,0.28870292887029292
SG-007-NOMOGRAM-001,c_line,C=5,E_y,0,0,5,70,0.058577405857740586,0.29288702928870292
SG-007-NOMOGRAM-001,c_line,C=5,E_y,0,0,5,71,0.059414225941422601,0.29707112970711302
SG-007-NOMOGRAM-001,c_line,C=5,E_y,0,0,5,72,0.060251046025104602,0.30125523012552302
SG-007-NOMOGRAM-001,c_line,C=5,E_y,0,0,5,73,0.061087866108786616,0.30543933054393307
SG-007-NOMOGRAM-001,c_line,C=5,E_y,0,0,5,74,0.061924686192468624,0.30962343096234313
SG-007-NOMOGRAM-001,c_line,C=5,E_y,0,0,5,75,0.062761506276150625,0.31380753138075312
SG-007-NOMOGRAM-001,c_line,C=5,E_y,0,0,5,76,0.063598326359832646,0.31799163179916323
SG-007-NOMOGRAM-001,c_line,C=5,E_y,0,0,5,77,0.06443514644351464,0.32217573221757323
SG-007-NOMOGRAM-001,c_line,C=5,E_y,0,0,5,78,0.065271966527196662,0.32635983263598334
SG-007-NOMOGRAM-001,c_line,C=5,E_y,0,0,5,79,0.06610878661087867,0.33054393305439334
SG-007-NOMOGRAM-001,c_line,C=5,E_y,0,0,5,80,0.066945606694560664,0.33472803347280333
SG-007-NOMOGRAM-001,c_line,C=5,E_y,0,0,5,81,0.067782426778242671,0.33891213389121333
SG-007-NOMOGRAM-001,c_line,C=5,E_y,0,0,5,82,0.068619246861924693,0.34309623430962344
SG-007-NOMOGRAM-001,c_line,C=5,E_y,0,0,5,83,0.069456066945606701,0.34728033472803349
SG-007-NOMOGRAM-001,c_line,C=5,E_y,0,0,5,84,0.070292887029288709,0.35146443514644354
SG-007-NOMOGRAM-001,c_line,C=5,E_y,0,0,5,85,0.071129707112970716,0.3556485355648536
SG-007-NOMOGRAM-001,c_line,C=5,E_y,0,0,5,86,0.07196652719665271,0.35983263598326354
SG-007-NOMOGRAM-001,c_line,C=5,E_y,0,0,5,87,0.072803347280334732,0.36401673640167365
SG-007-NOMOGRAM-001,c_line,C=5,E_y,0,0,5,88,0.07364016736401674,0.3682008368200837
SG-007-NOMOGRAM-001,c_line,C=5,E_y,0,0,5,89,0.074476987447698748,0.37238493723849375
SG-007-NOMOGRAM-001,c_line,C=5,E_y,0,0,5,90,0.075313807531380755,0.37656903765690375
SG-007-NOMOGRAM-001,c_line,C=5,E_y,0,0,5,91,0.076150627615062763,0.3807531380753138
SG-007-NOMOGRAM-001,c_line,C=5,E_y,0,0,5,92,0.076987447698744785,0.38493723849372391
SG-007-NOMOGRAM-001,c_line,C=5,E_y,0,0,5,93,0.077824267782426779,0.38912133891213391
SG-007-NOMOGRAM-001,c_line,C=5,E_y,0,0,5,94,0.078661087866108786,0.39330543933054396
SG-007-NOMOGRAM-001,c_line,C=5,E_y,0,0,5,95,0.079497907949790794,0.39748953974895396
SG-007-NOMOGRAM-001,c_line,C=5,E_y,0,0,5,96,0.080334728033472816,0.40167364016736407
SG-007-NOMOGRAM-001,c_line,C=5,E_y,0,0,5,97,0.081171548117154824,0.40585774058577412
SG-007-NOMOGRAM-001,c_line,C=5,E_y,0,0,5,98,0.082008368200836831,0.41004184100418417
SG-007-NOMOGRAM-001,c_line,C=5,E_y,0,0,5,99,0.082845188284518825,0.41422594142259411
SG-007-NOMOGRAM-001,c_line,C=5,E_y,0,0,5,100,0.083682008368200833,0.41841004184100417
SG-007-NOMOGRAM-001,c_line,C=5,E_y,0,0,5,101,0.084518828451882855,0.42259414225941427
SG-007-NOMOGRAM-001,c_line,C=5,E_y,0,0,5,102,0.085355648535564863,0.42677824267782433
SG-007-NOMOGRAM-001,c_line,C=5,E_y,0,0,5,103,0.08619246861924687,0.43096234309623438
SG-007-NOMOGRAM-001,c_line,C=5,E_y,0,0,5,104,0.087029288702928878,0.43514644351464438
SG-007-NOMOGRAM-001,c_line,C=5,E_y,0,0,5,105,0.087866108786610872,0.43933054393305437
SG-007-NOMOGRAM-001,c_line,C=5,E_y,0,0,5,106,0.088702928870292894,0.44351464435146448
SG-007-NOMOGRAM-001,c_line,C=5,E_y,0,0,5,107,0.089539748953974901,0.44769874476987448
SG-007-NOMOGRAM-001,c_line,C=5,E_y,0,0,5,108,0.090376569037656909,0.45188284518828453
SG-007-NOMOGRAM-001,c_line,C=5,E_y,0,0,5,109,0.091213389121338917,0.45606694560669458
SG-007-NOMOGRAM-001,c_line,C=5,E_y,0,0,5,110,0.092050209205020925,0.46025104602510464
SG-007-NOMOGRAM-001,c_line,C=5,E_y,0,0,5,111,0.092887029288702946,0.46443514644351475
SG-007-NOMOGRAM-001,c_line,C=5,E_y,0,0,5,112,0.09372384937238494,0.46861924686192469
SG-007-NOMOGRAM-001,c_line,C=5,E_y,0,0,5,113,0.094560669456066948,0.47280334728033474
SG-007-NOMOGRAM-001,c_line,C=5,E_y,0,0,5,114,0.095397489539748956,0.47698744769874479
SG-007-NOMOGRAM-001,c_line,C=5,E_y,0,0,5,115,0.096234309623430964,0.48117154811715479
SG-007-NOMOGRAM-001,c_line,C=5,E_y,0,0,5,116,0.097071129707112985,0.4853556485355649
SG-007-NOMOGRAM-001,c_line,C=5,E_y,0,0,5,117,0.097907949790794993,0.48953974895397495
SG-007-NOMOGRAM-001,c_line,C=5,E_y,0,0,5,118,0.098744769874476987,0.49372384937238495
SG-007-NOMOGRAM-001,c_line,C=5,E_y,0,0,5,119,0.099581589958158995,0.497907949790795
SG-007-NOMOGRAM-001,c_line,C=5,E_y,0,0,5,120,0.100418410041841,0.502092050209205
SG-007-NOMOGRAM-001,c_line,C=5,E_y,0,0,5,121,0.10125523012552302,0.50627615062761511
SG-007-NOMOGRAM-001,c_line,C=5,E_y,0,0,5,122,0.10209205020920503,0.51046025104602522
SG-007-NOMOGRAM-001,c_line,C=5,E_y,0,0,5,123,0.10292887029288704,0.51464435146443521
SG-007-NOMOGRAM-001,c_line,C=5,E_y,0,0,5,124,0.10376569037656905,0.51882845188284521
SG-007-NOMOGRAM-001,c_line,C=5,E_y,0,0,5,125,0.10460251046025104,0.52301255230125521
SG-007-NOMOGRAM-001,c_line,C=5,E_y,0,0,5,126,0.10543933054393306,0.52719665271966532
SG-007-NOMOGRAM-001,c_line,C=5,E_y,0,0,5,127,0.10627615062761507,0.53138075313807531
SG-007-NOMOGRAM-001,c_line,C=5,E_y,0,0,5,128,0.10711297071129708,0.53556485355648542
SG-007-NOMOGRAM-001,c_line,C=5,E_y,0,0,5,129,0.10794979079497909,0.53974895397489542
SG-007-NOMOGRAM-001,c_line,C=5,E_y,0,0,5,130,0.10878661087866109,0.54393305439330542
SG-007-NOMOGRAM-001,c_line,C=5,E_y,0,0,5,131,0.1096234309623431,0.54811715481171552
SG-007-NOMOGRAM-001,c_line,C=5,E_y,0,0,5,132,0.11046025104602511,0.55230125523012552
SG-007-NOMOGRAM-001,c_line,C=5,E_y,0,0,5,133,0.11129707112970712,0.55648535564853563
SG-007-NOMOGRAM-001,c_line,C=5,E_y,0,0,5,134,0.11213389121338913,0.56066945606694563
SG-007-NOMOGRAM-001,c_line,C=5,E_y,0,0,5,135,0.11297071129707113,0.56485355648535562
SG-007-NOMOGRAM-001,c_line,C=5,E_y,0,0,5,136,0.11380753138075315,0.56903765690376573
SG-007-NOMOGRAM-001,c_line,C=5,E_y,0,0,5,137,0.11464435146443515,0.57322175732217573
SG-007-NOMOGRAM-001,c_line,C=5,E_y,0,0,5,138,0.11548117154811716,0.57740585774058584
SG-007-NOMOGRAM-001,c_line,C=5,E_y,0,0,5,139,0.11631799163179916,0.58158995815899583
SG-007-NOMOGRAM-001,c_line,C=5,E_y,0,0,5,140,0.11715481171548117,0.58577405857740583
SG-007-NOMOGRAM-001,c_line,C=5,E_y,0,0,5,141,0.11799163179916319,0.58995815899581594
SG-007-NOMOGRAM-001,c_line,C=5,E_y,0,0,5,142,0.1188284518828452,0.59414225941422605
SG-007-NOMOGRAM-001,c_line,C=5,E_y,0,0,5,143,0.11966527196652721,0.59832635983263605
SG-007-NOMOGRAM-001,c_line,C=5,E_y,0,0,5,144,0.1205020920502092,0.60251046025104604
SG-007-NOMOGRAM-001,c_line,C=5,E_y,0,0,5,145,0.12133891213389121,0.60669456066945604
SG-007-NOMOGRAM-001,c_line,C=5,E_y,0,0,5,146,0.12217573221757323,0.61087866108786615
SG-007-NOMOGRAM-001,c_line,C=5,E_y,0,0,5,147,0.12301255230125524,0.61506276150627626
SG-007-NOMOGRAM-001,c_line,C=5,E_y,0,0,5,148,0.12384937238493725,0.61924686192468625
SG-007-NOMOGRAM-001,c_line,C=5,E_y,0,0,5,149,0.12468619246861926,0.62343096234309625
SG-007-NOMOGRAM-001,c_line,C=5,E_y,0,0,5,150,0.12552301255230125,0.62761506276150625
SG-007-NOMOGRAM-001,c_line,C=5,E_y,0,0,5,151,0.12635983263598327,0.63179916317991636
SG-007-NOMOGRAM-001,c_line,C=5,E_y,0,0,5,152,0.12719665271966529,0.63598326359832646
SG-007-NOMOGRAM-001,c_line,C=5,E_y,0,0,5,153,0.12803347280334729,0.64016736401673646
SG-007-NOMOGRAM-001,c_line,C=5,E_y,0,0,5,154,0.12887029288702928,0.64435146443514646
SG-007-NOMOGRAM-001,c_line,C=5,E_y,0,0,5,155,0.1297071129707113,0.64853556485355646
SG-007-NOMOGRAM-001,c_line,C=5,E_y,0,0,5,156,0.13054393305439332,0.65271966527196668
SG-007-NOMOGRAM-001,c_line,C=5,E_y,0,0,5,157,0.13138075313807532,0.65690376569037656
SG-007-NOMOGRAM-001,c_line,C=5,E_y,0,0,5,158,0.13221757322175734,0.66108786610878667
SG-007-NOMOGRAM-001,c_line,C=5,E_y,0,0,5,159,0.13305439330543933,0.66527196652719667
SG-007-NOMOGRAM-001,c_line,C=5,E_y,0,0,5,160,0.13389121338912133,0.66945606694560666
SG-007-NOMOGRAM-001,c_line,C=5,E_y,0,0,5,161,0.13472803347280335,0.67364016736401677
SG-007-NOMOGRAM-001,c_line,C=5,E_y,0,0,5,162,0.13556485355648534,0.67782426778242666
SG-007-NOMOGRAM-001,c_line,C=5,E_y,0,0,5,163,0.13640167364016736,0.68200836820083688
SG-007-NOMOGRAM-001,c_line,C=5,E_y,0,0,5,164,0.13723849372384939,0.68619246861924688
SG-007-NOMOGRAM-001,c_line,C=5,E_y,0,0,5,165,0.13807531380753138,0.69037656903765687
SG-007-NOMOGRAM-001,c_line,C=5,E_y,0,0,5,166,0.1389121338912134,0.69456066945606698
SG-007-NOMOGRAM-001,c_line,C=5,E_y,0,0,5,167,0.1397489539748954,0.69874476987447698
SG-007-NOMOGRAM-001,c_line,C=5,E_y,0,0,5,168,0.14058577405857742,0.70292887029288709
SG-007-NOMOGRAM-001,c_line,C=5,E_y,0,0,5,169,0.14142259414225944,0.7071129707112972
SG-007-NOMOGRAM-001,c_line,C=5,E_y,0,0,5,170,0.14225941422594143,0.71129707112970719
SG-007-NOMOGRAM-001,c_line,C=5,E_y,0,0,5,171,0.14309623430962345,0.7154811715481173
SG-007-NOMOGRAM-001,c_line,C=5,E_y,0,0,5,172,0.14393305439330542,0.71966527196652708
SG-007-NOMOGRAM-001,c_line,C=5,E_y,0,0,5,173,0.14476987447698744,0.72384937238493718
SG-007-NOMOGRAM-001,c_line,C=5,E_y,0,0,5,174,0.14560669456066946,0.72803347280334729
SG-007-NOMOGRAM-001,c_line,C=5,E_y,0,0,5,175,0.14644351464435146,0.73221757322175729
SG-007-NOMOGRAM-001,c_line,C=5,E_y,0,0,5,176,0.14728033472803348,0.7364016736401674
SG-007-NOMOGRAM-001,c_line,C=5,E_y,0,0,5,177,0.14811715481171547,0.7405857740585774
SG-007-NOMOGRAM-001,c_line,C=5,E_y,0,0,5,178,0.1489539748953975,0.7447698744769875
SG-007-NOMOGRAM-001,c_line,C=5,E_y,0,0,5,179,0.14979079497907952,0.74895397489539761
SG-007-NOMOGRAM-001,c_line,C=5,E_y,0,0,5,180,0.15062761506276151,0.7531380753138075
SG-007-NOMOGRAM-001,c_line,C=5,E_y,0,0,5,181,0.15146443514644353,0.75732217573221772
SG-007-NOMOGRAM-001,c_line,C=5,E_y,0,0,5,182,0.15230125523012553,0.7615062761506276
SG-007-NOMOGRAM-001,c_line,C=5,E_y,0,0,5,183,0.15313807531380755,0.76569037656903771
SG-007-NOMOGRAM-001,c_line,C=5,E_y,0,0,5,184,0.15397489539748957,0.76987447698744782
SG-007-NOMOGRAM-001,c_line,C=5,E_y,0,0,5,185,0.15481171548117154,0.77405857740585771
SG-007-NOMOGRAM-001,c_line,C=5,E_y,0,0,5,186,0.15564853556485356,0.77824267782426781
SG-007-NOMOGRAM-001,c_line,C=5,E_y,0,0,5,187,0.15648535564853555,0.7824267782426777
SG-007-NOMOGRAM-001,c_line,C=5,E_y,0,0,5,188,0.15732217573221757,0.78661087866108792
SG-007-NOMOGRAM-001,c_line,C=5,E_y,0,0,5,189,0.15815899581589959,0.79079497907949792
SG-007-NOMOGRAM-001,c_line,C=5,E_y,0,0,5,190,0.15899581589958159,0.79497907949790791
SG-007-NOMOGRAM-001,c_line,C=5,E_y,0,0,5,191,0.15983263598326361,0.79916317991631802
SG-007-NOMOGRAM-001,c_line,C=5,E_y,0,0,5,192,0.16066945606694563,0.80334728033472813
SG-007-NOMOGRAM-001,c_line,C=5,E_y,0,0,5,193,0.16150627615062763,0.80753138075313813
SG-007-NOMOGRAM-001,c_line,C=5,E_y,0,0,5,194,0.16234309623430965,0.81171548117154824
SG-007-NOMOGRAM-001,c_line,C=5,E_y,0,0,5,195,0.16317991631799164,0.81589958158995823
SG-007-NOMOGRAM-001,c_line,C=5,E_y,0,0,5,196,0.16401673640167366,0.82008368200836834
SG-007-NOMOGRAM-001,c_line,C=5,E_y,0,0,5,197,0.16485355648535568,0.82426778242677845
SG-007-NOMOGRAM-001,c_line,C=5,E_y,0,0,5,198,0.16569037656903765,0.82845188284518823
SG-007-NOMOGRAM-001,c_line,C=5,E_y,0,0,5,199,0.16652719665271967,0.83263598326359833
SG-007-NOMOGRAM-001,c_line,C=5,E_y,0,0,5,200,0.16736401673640167,0.83682008368200833
SG-007-NOMOGRAM-001,c_line,C=5,E_y,0,0,5,201,0.16820083682008369,0.84100418410041844
SG-007-NOMOGRAM-001,c_line,C=5,E_y,0,0,5,202,0.16903765690376571,0.84518828451882855
SG-007-NOMOGRAM-001,c_line,C=5,E_y,0,0,5,203,0.1698744769874477,0.84937238493723854
SG-007-NOMOGRAM-001,c_line,C=5,E_y,0,0,5,204,0.17071129707112973,0.85355648535564865
SG-007-NOMOGRAM-001,c_line,C=5,E_y,0,0,5,205,0.17154811715481172,0.85774058577405854
SG-007-NOMOGRAM-001,c_line,C=5,E_y,0,0,5,206,0.17238493723849374,0.86192468619246876
SG-007-NOMOGRAM-001,c_line,C=5,E_y,0,0,5,207,0.17322175732217576,0.86610878661087876
SG-007-NOMOGRAM-001,c_line,C=5,E_y,0,0,5,208,0.17405857740585776,0.87029288702928875
SG-007-NOMOGRAM-001,c_line,C=5,E_y,0,0,5,209,0.17489539748953978,0.87447698744769886
SG-007-NOMOGRAM-001,c_line,C=5,E_y,0,0,5,210,0.17573221757322174,0.87866108786610875
SG-007-NOMOGRAM-001,c_line,C=5,E_y,0,0,5,211,0.17656903765690377,0.88284518828451886
SG-007-NOMOGRAM-001,c_line,C=5,E_y,0,0,5,212,0.17740585774058579,0.88702928870292896
SG-007-NOMOGRAM-001,c_line,C=5,E_y,0,0,5,213,0.17824267782426778,0.89121338912133896
SG-007-NOMOGRAM-001,c_line,C=5,E_y,0,0,5,214,0.1790794979079498,0.89539748953974896
SG-007-NOMOGRAM-001,c_line,C=5,E_y,0,0,5,215,0.1799163179916318,0.89958158995815896
SG-007-NOMOGRAM-001,c_line,C=5,E_y,0,0,5,216,0.18075313807531382,0.90376569037656906
SG-007-NOMOGRAM-001,c_line,C=5,E_y,0,0,5,217,0.18158995815899584,0.90794979079497917
SG-007-NOMOGRAM-001,c_line,C=5,E_y,0,0,5,218,0.18242677824267783,0.91213389121338917
SG-007-NOMOGRAM-001,c_line,C=5,E_y,0,0,5,219,0.18326359832635986,0.91631799163179928
SG-007-NOMOGRAM-001,c_line,C=5,E_y,0,0,5,220,0.18410041841004185,0.92050209205020928
SG-007-NOMOGRAM-001,c_line,C=5,E_y,0,0,5,221,0.18493723849372387,0.92468619246861938
SG-007-NOMOGRAM-001,c_line,C=5,E_y,0,0,5,222,0.18577405857740589,0.92887029288702949
SG-007-NOMOGRAM-001,c_line,C=5,E_y,0,0,5,223,0.18661087866108786,0.93305439330543927
SG-007-NOMOGRAM-001,c_line,C=5,E_y,0,0,5,224,0.18744769874476988,0.93723849372384938
SG-007-NOMOGRAM-001,c_line,C=5,E_y,0,0,5,225,0.18828451882845187,0.94142259414225937
SG-007-NOMOGRAM-001,c_line,C=5,E_y,0,0,5,226,0.1891213389121339,0.94560669456066948
SG-007-NOMOGRAM-001,c_line,C=5,E_y,0,0,5,227,0.18995815899581592,0.94979079497907959
SG-007-NOMOGRAM-001,c_line,C=5,E_y,0,0,5,228,0.19079497907949791,0.95397489539748959
SG-007-NOMOGRAM-001,c_line,C=5,E_y,0,0,5,229,0.19163179916317993,0.95815899581589969
SG-007-NOMOGRAM-001,c_line,C=5,E_y,0,0,5,230,0.19246861924686193,0.96234309623430958
SG-007-NOMOGRAM-001,c_line,C=5,E_y,0,0,5,231,0.19330543933054395,0.9665271966527198
SG-007-NOMOGRAM-001,c_line,C=5,E_y,0,0,5,232,0.19414225941422597,0.9707112970711298
SG-007-NOMOGRAM-001,c_line,C=5,E_y,0,0,5,233,0.19497907949790796,0.97489539748953979
SG-007-NOMOGRAM-001,c_line,C=5,E_y,0,0,5,234,0.19581589958158999,0.9790794979079499
SG-007-NOMOGRAM-001,c_line,C=5,E_y,0,0,5,235,0.19665271966527198,0.9832635983263599
SG-007-NOMOGRAM-001,c_line,C=5,E_y,0,0,5,236,0.19748953974895397,0.9874476987447699
SG-007-NOMOGRAM-001,c_line,C=5,E_y,0,0,5,237,0.198326359832636,0.99163179916318001
SG-007-NOMOGRAM-001,c_line,C=5,E_y,0,0,5,238,0.19916317991631799,0.99581589958159
SG-007-NOMOGRAM-001,c_line,C=5,E_y,0,0,5,239,0.20000000000000001,1
SG-007-NOMOGRAM-001,c_line,C=25,E_y,0,0,25,0,0,0
SG-007-NOMOGRAM-001,c_line,C=25,E_y,0,0,25,1,0.00016736401673640169,0.0041841004184100423
SG-007-NOMOGRAM-001,c_line,C=25,E_y,0,0,25,2,0.00033472803347280337,0.0083682008368200847
SG-007-NOMOGRAM-001,c_line,C=25,E_y,0,0,25,3,0.00050209205020920506,0.012552301255230127
SG-007-NOMOGRAM-001,c_line,C=25,E_y,0,0,25,4,0.00066945606694560674,0.016736401673640169
SG-007-NOMOGRAM-001,c_line,C=25,E_y,0,0,25,5,0.00083682008368200843,0.020920502092050212
SG-007-NOMOGRAM-001,c_line,C=25,E_y,0,0,25,6,0.0010041841004184101,0.025104602510460254
SG-007-NOMOGRAM-001,c_line,C=25,E_y,0,0,25,7,0.0011715481171548118,0.029288702928870296
SG-007-NOMOGRAM-001,c_line,C=25,E_y,0,0,25,8,0.0013389121338912135,0.033472803347280339
SG-007-NOMOGRAM-001,c_line,C=25,E_y,0,0,25,9,0.001506276150627615,0.037656903765690371
SG-007-NOMOGRAM-001,c_line,C=25,E_y,0,0,25,10,0.0016736401673640169,0.041841004184100423
SG-007-NOMOGRAM-001,c_line,C=25,E_y,0,0,25,11,0.0018410041841004183,0.046025104602510455
SG-007-NOMOGRAM-001,c_line,C=25,E_y,0,0,25,12,0.0020083682008368202,0.050209205020920508
SG-007-NOMOGRAM-001,c_line,C=25,E_y,0,0,25,13,0.0021757322175732217,0.05439330543933054
SG-007-NOMOGRAM-001,c_line,C=25,E_y,0,0,25,14,0.0023430962343096236,0.058577405857740593
SG-007-NOMOGRAM-001,c_line,C=25,E_y,0,0,25,15,0.0025104602510460251,0.062761506276150625
SG-007-NOMOGRAM-001,c_line,C=25,E_y,0,0,25,16,0.002677824267782427,0.066945606694560678
SG-007-NOMOGRAM-001,c_line,C=25,E_y,0,0,25,17,0.0028451882845188289,0.071129707112970716
SG-007-NOMOGRAM-001,c_line,C=25,E_y,0,0,25,18,0.0030125523012552299,0.075313807531380741
SG-007-NOMOGRAM-001,c_line,C=25,E_y,0,0,25,19,0.0031799163179916318,0.079497907949790794
SG-007-NOMOGRAM-001,c_line,C=25,E_y,0,0,25,20,0.0033472803347280337,0.083682008368200847
SG-007-NOMOGRAM-001,c_line,C=25,E_y,0,0,25,21,0.0035146443514644352,0.087866108786610886
SG-007-NOMOGRAM-001,c_line,C=25,E_y,0,0,25,22,0.0036820083682008366,0.092050209205020911
SG-007-NOMOGRAM-001,c_line,C=25,E_y,0,0,25,23,0.0038493723849372385,0.096234309623430964
SG-007-NOMOGRAM-001,c_line,C=25,E_y,0,0,25,24,0.0040167364016736404,0.10041841004184102
SG-007-NOMOGRAM-001,c_line,C=25,E_y,0,0,25,25,0.0041841004184100415,0.10460251046025104
SG-007-NOMOGRAM-001,c_line,C=25,E_y,0,0,25,26,0.0043514644351464434,0.10878661087866108
SG-007-NOMOGRAM-001,c_line,C=25,E_y,0,0,25,27,0.0045188284518828453,0.11297071129707113
SG-007-NOMOGRAM-001,c_line,C=25,E_y,0,0,25,28,0.0046861924686192472,0.11715481171548119
SG-007-NOMOGRAM-001,c_line,C=25,E_y,0,0,25,29,0.0048535564853556482,0.12133891213389121
SG-007-NOMOGRAM-001,c_line,C=25,E_y,0,0,25,30,0.0050209205020920501,0.12552301255230125
SG-007-NOMOGRAM-001,c_line,C=25,E_y,0,0,25,31,0.005188284518828452,0.1297071129707113
SG-007-NOMOGRAM-001,c_line,C=25,E_y,0,0,25,32,0.0053556485355648539,0.13389121338912136
SG-007-NOMOGRAM-001,c_line,C=25,E_y,0,0,25,33,0.0055230125523012558,0.13807531380753141
SG-007-NOMOGRAM-001,c_line,C=25,E_y,0,0,25,34,0.0056903765690376577,0.14225941422594143
SG-007-NOMOGRAM-001,c_line,C=25,E_y,0,0,25,35,0.0058577405857740588,0.14644351464435146
SG-007-NOMOGRAM-001,c_line,C=25,E_y,0,0,25,36,0.0060251046025104598,0.15062761506276148
SG-007-NOMOGRAM-001,c_line,C=25,E_y,0,0,25,37,0.0061924686192468617,0.15481171548117154
SG-007-NOMOGRAM-001,c_line,C=25,E_y,0,0,25,38,0.0063598326359832636,0.15899581589958159
SG-007-NOMOGRAM-001,c_line,C=25,E_y,0,0,25,39,0.0065271966527196655,0.16317991631799164
SG-007-NOMOGRAM-001,c_line,C=25,E_y,0,0,25,40,0.0066945606694560674,0.16736401673640169
SG-007-NOMOGRAM-001,c_line,C=25,E_y,0,0,25,41,0.0068619246861924693,0.17154811715481172
SG-007-NOMOGRAM-001,c_line,C=25,E_y,0,0,25,42,0.0070292887029288703,0.17573221757322177
SG-007-NOMOGRAM-001,c_line,C=25,E_y,0,0,25,43,0.0071966527196652723,0.1799163179916318
SG-007-NOMOGRAM-001,c_line,C=25,E_y,0,0,25,44,0.0073640167364016733,0.18410041841004182
SG-007-NOMOGRAM-001,c_line,C=25,E_y,0,0,25,45,0.0075313807531380752,0.18828451882845187
SG-007-NOMOGRAM-001,c_line,C=25,E_y,0,0,25,46,0.0076987447698744771,0.19246861924686193
SG-007-NOMOGRAM-001,c_line,C=25,E_y,0,0,25,47,0.007866108786610879,0.19665271966527198
SG-007-NOMOGRAM-001,c_line,C=25,E_y,0,0,25,48,0.0080334728033472809,0.20083682008368203
SG-007-NOMOGRAM-001,c_line,C=25,E_y,0,0,25,49,0.0082008368200836811,0.20502092050209203
SG-007-NOMOGRAM-001,c_line,C=25,E_y,0,0,25,50,0.008368200836820083,0.20920502092050208
SG-007-NOMOGRAM-001,c_line,C=25,E_y,0,0,25,51,0.0085355648535564849,0.21338912133891214
SG-007-NOMOGRAM-001,c_line,C=25,E_y,0,0,25,52,0.0087029288702928868,0.21757322175732216
SG-007-NOMOGRAM-001,c_line,C=25,E_y,0,0,25,53,0.0088702928870292887,0.22175732217573221
SG-007-NOMOGRAM-001,c_line,C=25,E_y,0,0,25,54,0.0090376569037656906,0.22594142259414227
SG-007-NOMOGRAM-001,c_line,C=25,E_y,0,0,25,55,0.0092050209205020925,0.23012552301255232
SG-007-NOMOGRAM-001,c_line,C=25,E_y,0,0,25,56,0.0093723849372384944,0.23430962343096237
SG-007-NOMOGRAM-001,c_line,C=25,E_y,0,0,25,57,0.0095397489539748963,0.2384937238493724
SG-007-NOMOGRAM-001,c_line,C=25,E_y,0,0,25,58,0.0097071129707112964,0.24267782426778242
SG-007-NOMOGRAM-001,c_line,C=25,E_y,0,0,25,59,0.0098744769874476983,0.24686192468619245
SG-007-NOMOGRAM-001,c_line,C=25,E_y,0,0,25,60,0.0100418410041841,0.2510460251046025
SG-007-NOMOGRAM-001,c_line,C=25,E_y,0,0,25,61,0.010209205020920502,0.25523012552301255
SG-007-NOMOGRAM-001,c_line,C=25,E_y,0,0,25,62,0.010376569037656904,0.2594142259414226
SG-007-NOMOGRAM-001,c_line,C=25,E_y,0,0,25,63,0.010543933054393306,0.26359832635983266
SG-007-NOMOGRAM-001,c_line,C=25,E_y,0,0,25,64,0.010711297071129708,0.26778242677824271
SG-007-NOMOGRAM-001,c_line,C=25,E_y,0,0,25,65,0.01087866108786611,0.27196652719665276
SG-007-NOMOGRAM-001,c_line,C=25,E_y,0,0,25,66,0.011046025104602512,0.27615062761506282
SG-007-NOMOGRAM-001,c_line,C=25,E_y,0,0,25,67,0.011213389121338914,0.28033472803347281
SG-007-NOMOGRAM-001,c_line,C=25,E_y,0,0,25,68,0.011380753138075315,0.28451882845188287
SG-007-NOMOGRAM-001,c_line,C=25,E_y,0,0,25,69,0.011548117154811716,0.28870292887029292
SG-007-NOMOGRAM-001,c_line,C=25,E_y,0,0,25,70,0.011715481171548118,0.29288702928870292
SG-007-NOMOGRAM-001,c_line,C=25,E_y,0,0,25,71,0.011882845188284518,0.29707112970711297
SG-007-NOMOGRAM-001,c_line,C=25,E_y,0,0,25,72,0.01205020920502092,0.30125523012552297
SG-007-NOMOGRAM-001,c_line,C=25,E_y,0,0,25,73,0.012217573221757322,0.30543933054393302
SG-007-NOMOGRAM-001,c_line,C=25,E_y,0,0,25,74,0.012384937238493723,0.30962343096234307
SG-007-NOMOGRAM-001,c_line,C=25,E_y,0,0,25,75,0.012552301255230125,0.31380753138075312
SG-007-NOMOGRAM-001,c_line,C=25,E_y,0,0,25,76,0.012719665271966527,0.31799163179916318
SG-007-NOMOGRAM-001,c_line,C=25,E_y,0,0,25,77,0.012887029288702929,0.32217573221757323
SG-007-NOMOGRAM-001,c_line,C=25,E_y,0,0,25,78,0.013054393305439331,0.32635983263598328
SG-007-NOMOGRAM-001,c_line,C=25,E_y,0,0,25,79,0.013221757322175733,0.33054393305439334
SG-007-NOMOGRAM-001,c_line,C=25,E_y,0,0,25,80,0.013389121338912135,0.33472803347280339
SG-007-NOMOGRAM-001,c_line,C=25,E_y,0,0,25,81,0.013556485355648537,0.33891213389121344
SG-007-NOMOGRAM-001,c_line,C=25,E_y,0,0,25,82,0.013723849372384939,0.34309623430962344
SG-007-NOMOGRAM-001,c_line,C=25,E_y,0,0,25,83,0.013891213389121341,0.34728033472803349
SG-007-NOMOGRAM-001,c_line,C=25,E_y,0,0,25,84,0.014058577405857741,0.35146443514644354
SG-007-NOMOGRAM-001,c_line,C=25,E_y,0,0,25,85,0.014225941422594143,0.35564853556485354
SG-007-NOMOGRAM-001,c_line,C=25,E_y,0,0,25,86,0.014393305439330545,0.35983263598326359
SG-007-NOMOGRAM-001,c_line,C=25,E_y,0,0,25,87,0.014560669456066945,0.36401673640167359
SG-007-NOMOGRAM-001,c_line,C=25,E_y,0,0,25,88,0.014728033472803347,0.36820083682008364
SG-007-NOMOGRAM-001,c_line,C=25,E_y,0,0,25,89,0.014895397489539748,0.3723849372384937
SG-007-NOMOGRAM-001,c_line,C=25,E_y,0,0,25,90,0.01506276150627615,0.37656903765690375
SG-007-NOMOGRAM-001,c_line,C=25,E_y,0,0,25,91,0.015230125523012552,0.3807531380753138
SG-007-NOMOGRAM-001,c_line,C=25,E_y,0,0,25,92,0.015397489539748954,0.38493723849372385
SG-007-NOMOGRAM-001,c_line,C=25,E_y,0,0,25,93,0.015564853556485356,0.38912133891213391
SG-007-NOMOGRAM-001,c_line,C=25,E_y,0,0,25,94,0.015732217573221758,0.39330543933054396
SG-007-NOMOGRAM-001,c_line,C=25,E_y,0,0,25,95,0.015899581589958162,0.39748953974895407
SG-007-NOMOGRAM-001,c_line,C=25,E_y,0,0,25,96,0.016066945606694562,0.40167364016736407
SG-007-NOMOGRAM-001,c_line,C=25,E_y,0,0,25,97,0.016234309623430962,0.40585774058577406
SG-007-NOMOGRAM-001,c_line,C=25,E_y,0,0,25,98,0.016401673640167362,0.41004184100418406
SG-007-NOMOGRAM-001,c_line,C=25,E_y,0,0,25,99,0.016569037656903766,0.41422594142259417
SG-007-NOMOGRAM-001,c_line,C=25,E_y,0,0,25,100,0.016736401673640166,0.41841004184100417
SG-007-NOMOGRAM-001,c_line,C=25,E_y,0,0,25,101,0.01690376569037657,0.42259414225941422
SG-007-NOMOGRAM-001,c_line,C=25,E_y,0,0,25,102,0.01707112970711297,0.42677824267782427
SG-007-NOMOGRAM-001,c_line,C=25,E_y,0,0,25,103,0.017238493723849373,0.43096234309623432
SG-007-NOMOGRAM-001,c_line,C=25,E_y,0,0,25,104,0.017405857740585774,0.43514644351464432
SG-007-NOMOGRAM-001,c_line,C=25,E_y,0,0,25,105,0.017573221757322177,0.43933054393305443
SG-007-NOMOGRAM-001,c_line,C=25,E_y,0,0,25,106,0.017740585774058577,0.44351464435146443
SG-007-NOMOGRAM-001,c_line,C=25,E_y,0,0,25,107,0.017907949790794981,0.44769874476987453
SG-007-NOMOGRAM-001,c_line,C=25,E_y,0,0,25,108,0.018075313807531381,0.45188284518828453
SG-007-NOMOGRAM-001,c_line,C=25,E_y,0,0,25,109,0.018242677824267785,0.45606694560669464
SG-007-NOMOGRAM-001,c_line,C=25,E_y,0,0,25,110,0.018410041841004185,0.46025104602510464
SG-007-NOMOGRAM-001,c_line,C=25,E_y,0,0,25,111,0.018577405857740589,0.46443514644351469
SG-007-NOMOGRAM-001,c_line,C=25,E_y,0,0,25,112,0.018744769874476989,0.46861924686192474
SG-007-NOMOGRAM-001,c_line,C=25,E_y,0,0,25,113,0.018912133891213392,0.4728033472803348
SG-007-NOMOGRAM-001,c_line,C=25,E_y,0,0,25,114,0.019079497907949793,0.47698744769874479
SG-007-NOMOGRAM-001,c_line,C=25,E_y,0,0,25,115,0.019246861924686196,0.4811715481171549
SG-007-NOMOGRAM-001,c_line,C=25,E_y,0,0,25,116,0.019414225941422593,0.48535564853556484
SG-007-NOMOGRAM-001,c_line,C=25,E_y,0,0,25,117,0.019581589958158993,0.48953974895397484
SG-007-NOMOGRAM-001,c_line,C=25,E_y,0,0,25,118,0.019748953974895397,0.49372384937238489
SG-007-NOMOGRAM-001,c_line,C=25,E_y,0,0,25,119,0.019916317991631797,0.49790794979079495
SG-007-NOMOGRAM-001,c_line,C=25,E_y,0,0,25,120,0.020083682008368201,0.502092050209205
SG-007-NOMOGRAM-001,c_line,C=25,E_y,0,0,25,121,0.020251046025104601,0.506276150627615
SG-007-NOMOGRAM-001,c_line,C=25,E_y,0,0,25,122,0.020418410041841004,0.5104602510460251
SG-007-NOMOGRAM-001,c_line,C=25,E_y,0,0,25,123,0.020585774058577404,0.5146443514644351
SG-007-NOMOGRAM-001,c_line,C=25,E_y,0,0,25,124,0.020753138075313808,0.51882845188284521
SG-007-NOMOGRAM-001,c_line,C=25,E_y,0,0,25,125,0.020920502092050208,0.52301255230125521
SG-007-NOMOGRAM-001,c_line,C=25,E_y,0,0,25,126,0.021087866108786612,0.52719665271966532
SG-007-NOMOGRAM-001,c_line,C=25,E_y,0,0,25,127,0.021255230125523012,0.53138075313807531
SG-007-NOMOGRAM-001,c_line,C=25,E_y,0,0,25,128,0.021422594142259416,0.53556485355648542
SG-007-NOMOGRAM-001,c_line,C=25,E_y,0,0,25,129,0.021589958158995816,0.53974895397489542
SG-007-NOMOGRAM-001,c_line,C=25,E_y,0,0,25,130,0.02175732217573222,0.54393305439330553
SG-007-NOMOGRAM-001,c_line,C=25,E_y,0,0,25,131,0.02192468619246862,0.54811715481171552
SG-007-NOMOGRAM-001,c_line,C=25,E_y,0,0,25,132,0.022092050209205023,0.55230125523012563
SG-007-NOMOGRAM-001,c_line,C=25,E_y,0,0,25,133,0.022259414225941423,0.55648535564853563
SG-007-NOMOGRAM-001,c_line,C=25,E_y,0,0,25,134,0.022426778242677827,0.56066945606694563
SG-007-NOMOGRAM-001,c_line,C=25,E_y,0,0,25,135,0.022594142259414227,0.56485355648535573
SG-007-NOMOGRAM-001,c_line,C=25,E_y,0,0,25,136,0.022761506276150631,0.56903765690376573
SG-007-NOMOGRAM-001,c_line,C=25,E_y,0,0,25,137,0.022928870292887031,0.57322175732217573
SG-007-NOMOGRAM-001,c_line,C=25,E_y,0,0,25,138,0.023096234309623431,0.57740585774058584
SG-007-NOMOGRAM-001,c_line,C=25,E_y,0,0,25,139,0.023263598326359835,0.58158995815899583
SG-007-NOMOGRAM-001,c_line,C=25,E_y,0,0,25,140,0.023430962343096235,0.58577405857740583
SG-007-NOMOGRAM-001,c_line,C=25,E_y,0,0,25,141,0.023598326359832635,0.58995815899581583
SG-007-NOMOGRAM-001,c_line,C=25,E_y,0,0,25,142,0.023765690376569035,0.59414225941422594
SG-007-NOMOGRAM-001,c_line,C=25,E_y,0,0,25,143,0.023933054393305439,0.59832635983263593
SG-007-NOMOGRAM-001,c_line,C=25,E_y,0,0,25,144,0.024100418410041839,0.60251046025104593
SG-007-NOMOGRAM-001,c_line,C=25,E_y,0,0,25,145,0.024267782426778243,0.60669456066945604
SG-007-NOMOGRAM-001,c_line,C=25,E_y,0,0,25,146,0.024435146443514643,0.61087866108786604
SG-007-NOMOGRAM-001,c_line,C=25,E_y,0,0,25,147,0.024602510460251047,0.61506276150627615
SG-007-NOMOGRAM-001,c_line,C=25,E_y,0,0,25,148,0.024769874476987447,0.61924686192468614
SG-007-NOMOGRAM-001,c_line,C=25,E_y,0,0,25,149,0.02493723849372385,0.62343096234309625
SG-007-NOMOGRAM-001,c_line,C=25,E_y,0,0,25,150,0.025104602510460251,0.62761506276150625
SG-007-NOMOGRAM-001,c_line,C=25,E_y,0,0,25,151,0.025271966527196654,0.63179916317991636
SG-007-NOMOGRAM-001,c_line,C=25,E_y,0,0,25,152,0.025439330543933054,0.63598326359832635
SG-007-NOMOGRAM-001,c_line,C=25,E_y,0,0,25,153,0.025606694560669458,0.64016736401673646
SG-007-NOMOGRAM-001,c_line,C=25,E_y,0,0,25,154,0.025774058577405858,0.64435146443514646
SG-007-NOMOGRAM-001,c_line,C=25,E_y,0,0,25,155,0.025941422594142262,0.64853556485355657
SG-007-NOMOGRAM-001,c_line,C=25,E_y,0,0,25,156,0.026108786610878662,0.65271966527196656
SG-007-NOMOGRAM-001,c_line,C=25,E_y,0,0,25,157,0.026276150627615062,0.65690376569037656
SG-007-NOMOGRAM-001,c_line,C=25,E_y,0,0,25,158,0.026443514644351466,0.66108786610878667
SG-007-NOMOGRAM-001,c_line,C=25,E_y,0,0,25,159,0.026610878661087866,0.66527196652719667
SG-007-NOMOGRAM-001,c_line,C=25,E_y,0,0,25,160,0.02677824267782427,0.66945606694560678
SG-007-NOMOGRAM-001,c_line,C=25,E_y,0,0,25,161,0.02694560669456067,0.67364016736401677
SG-007-NOMOGRAM-001,c_line,C=25,E_y,0,0,25,162,0.027112970711297073,0.67782426778242688
SG-007-NOMOGRAM-001,c_line,C=25,E_y,0,0,25,163,0.027280334728033474,0.68200836820083688
SG-007-NOMOGRAM-001,c_line,C=25,E_y,0,0,25,164,0.027447698744769877,0.68619246861924688
SG-007-NOMOGRAM-001,c_line,C=25,E_y,0,0,25,165,0.027615062761506277,0.69037656903765698
SG-007-NOMOGRAM-001,c_line,C=25,E_y,0,0,25,166,0.027782426778242681,0.69456066945606698
SG-007-NOMOGRAM-001,c_line,C=25,E_y,0,0,25,167,0.027949790794979078,0.69874476987447698
SG-007-NOMOGRAM-001,c_line,C=25,E_y,0,0,25,168,0.028117154811715481,0.70292887029288709
SG-007-NOMOGRAM-001,c_line,C=25,E_y,0,0,25,169,0.028284518828451882,0.70711297071129708
SG-007-NOMOGRAM-001,c_line,C=25,E_y,0,0,25,170,0.028451882845188285,0.71129707112970708
SG-007-NOMOGRAM-001,c_line,C=25,E_y,0,0,25,171,0.028619246861924685,0.71548117154811708
SG-007-NOMOGRAM-001,c_line,C=25,E_y,0,0,25,172,0.028786610878661089,0.71966527196652719
SG-007-NOMOGRAM-001,c_line,C=25,E_y,0,0,25,173,0.028953974895397489,0.72384937238493718
SG-007-NOMOGRAM-001,c_line,C=25,E_y,0,0,25,174,0.029121338912133889,0.72803347280334718
SG-007-NOMOGRAM-001,c_line,C=25,E_y,0,0,25,175,0.029288702928870293,0.73221757322175729
SG-007-NOMOGRAM-001,c_line,C=25,E_y,0,0,25,176,0.029456066945606693,0.73640167364016729
SG-007-NOMOGRAM-001,c_line,C=25,E_y,0,0,25,177,0.029623430962343097,0.7405857740585774
SG-007-NOMOGRAM-001,c_line,C=25,E_y,0,0,25,178,0.029790794979079497,0.74476987447698739
SG-007-NOMOGRAM-001,c_line,C=25,E_y,0,0,25,179,0.029958158995815901,0.7489539748953975
SG-007-NOMOGRAM-001,c_line,C=25,E_y,0,0,25,180,0.030125523012552301,0.7531380753138075
SG-007-NOMOGRAM-001,c_line,C=25,E_y,0,0,25,181,0.030292887029288704,0.75732217573221761
SG-007-NOMOGRAM-001,c_line,C=25,E_y,0,0,25,182,0.030460251046025105,0.7615062761506276
SG-007-NOMOGRAM-001,c_line,C=25,E_y,0,0,25,183,0.030627615062761508,0.76569037656903771
SG-007-NOMOGRAM-001,c_line,C=25,E_y,0,0,25,184,0.030794979079497908,0.76987447698744771
SG-007-NOMOGRAM-001,c_line,C=25,E_y,0,0,25,185,0.030962343096234312,0.77405857740585782
SG-007-NOMOGRAM-001,c_line,C=25,E_y,0,0,25,186,0.031129707112970712,0.77824267782426781
SG-007-NOMOGRAM-001,c_line,C=25,E_y,0,0,25,187,0.031297071129707116,0.78242677824267792
SG-007-NOMOGRAM-001,c_line,C=25,E_y,0,0,25,188,0.031464435146443516,0.78661087866108792
SG-007-NOMOGRAM-001,c_line,C=25,E_y,0,0,25,189,0.031631799163179916,0.79079497907949792
SG-007-NOMOGRAM-001,c_line,C=25,E_y,0,0,25,190,0.031799163179916323,0.79497907949790814
SG-007-NOMOGRAM-001,c_line,C=25,E_y,0,0,25,191,0.031966527196652723,0.79916317991631813
SG-007-NOMOGRAM-001,c_line,C=25,E_y,0,0,25,192,0.032133891213389124,0.80334728033472813
SG-007-NOMOGRAM-001,c_line,C=25,E_y,0,0,25,193,0.032301255230125524,0.80753138075313813
SG-007-NOMOGRAM-001,c_line,C=25,E_y,0,0,25,194,0.032468619246861924,0.81171548117154813
SG-007-NOMOGRAM-001,c_line,C=25,E_y,0,0,25,195,0.032635983263598324,0.81589958158995812
SG-007-NOMOGRAM-001,c_line,C=25,E_y,0,0,25,196,0.032803347280334724,0.82008368200836812
SG-007-NOMOGRAM-001,c_line,C=25,E_y,0,0,25,197,0.032970711297071131,0.82426778242677834
SG-007-NOMOGRAM-001,c_line,C=25,E_y,0,0,25,198,0.033138075313807532,0.82845188284518834
SG-007-NOMOGRAM-001,c_line,C=25,E_y,0,0,25,199,0.033305439330543932,0.83263598326359833
SG-007-NOMOGRAM-001,c_line,C=25,E_y,0,0,25,200,0.033472803347280332,0.83682008368200833
SG-007-NOMOGRAM-001,c_line,C=25,E_y,0,0,25,201,0.033640167364016739,0.84100418410041844
SG-007-NOMOGRAM-001,c_line,C=25,E_y,0,0,25,202,0.033807531380753139,0.84518828451882844
SG-007-NOMOGRAM-001,c_line,C=25,E_y,0,0,25,203,0.033974895397489546,0.84937238493723866
SG-007-NOMOGRAM-001,c_line,C=25,E_y,0,0,25,204,0.034142259414225939,0.85355648535564854
SG-007-NOMOGRAM-001,c_line,C=25,E_y,0,0,25,205,0.03430962343096234,0.85774058577405854
SG-007-NOMOGRAM-001,c_line,C=25,E_y,0,0,25,206,0.034476987447698747,0.86192468619246865
SG-007-NOMOGRAM-001,c_line,C=25,E_y,0,0,25,207,0.034644351464435147,0.86610878661087864
SG-007-NOMOGRAM-001,c_line,C=25,E_y,0,0,25,208,0.034811715481171547,0.87029288702928864
SG-007-NOMOGRAM-001,c_line,C=25,E_y,0,0,25,209,0.034979079497907947,0.87447698744769864
SG-007-NOMOGRAM-001,c_line,C=25,E_y,0,0,25,210,0.035146443514644354,0.87866108786610886
SG-007-NOMOGRAM-001,c_line,C=25,E_y,0,0,25,211,0.035313807531380755,0.88284518828451886
SG-007-NOMOGRAM-001,c_line,C=25,E_y,0,0,25,212,0.035481171548117155,0.88702928870292885
SG-007-NOMOGRAM-001,c_line,C=25,E_y,0,0,25,213,0.035648535564853555,0.89121338912133885
SG-007-NOMOGRAM-001,c_line,C=25,E_y,0,0,25,214,0.035815899581589962,0.89539748953974907
SG-007-NOMOGRAM-001,c_line,C=25,E_y,0,0,25,215,0.035983263598326355,0.89958158995815884
SG-007-NOMOGRAM-001,c_line,C=25,E_y,0,0,25,216,0.036150627615062762,0.90376569037656906
SG-007-NOMOGRAM-001,c_line,C=25,E_y,0,0,25,217,0.036317991631799162,0.90794979079497906
SG-007-NOMOGRAM-001,c_line,C=25,E_y,0,0,25,218,0.03648535564853557,0.91213389121338928
SG-007-NOMOGRAM-001,c_line,C=25,E_y,0,0,25,219,0.036652719665271963,0.91631799163179906
SG-007-NOMOGRAM-001,c_line,C=25,E_y,0,0,25,220,0.03682008368200837,0.92050209205020928
SG-007-NOMOGRAM-001,c_line,C=25,E_y,0,0,25,221,0.03698744769874477,0.92468619246861927
SG-007-NOMOGRAM-001,c_line,C=25,E_y,0,0,25,222,0.037154811715481177,0.92887029288702938
SG-007-NOMOGRAM-001,c_line,C=25,E_y,0,0,25,223,0.03732217573221757,0.93305439330543927
SG-007-NOMOGRAM-001,c_line,C=25,E_y,0,0,25,224,0.037489539748953978,0.93723849372384949
SG-007-NOMOGRAM-001,c_line,C=25,E_y,0,0,25,225,0.037656903765690378,0.94142259414225948
SG-007-NOMOGRAM-001,c_line,C=25,E_y,0,0,25,226,0.037824267782426785,0.94560669456066959
SG-007-NOMOGRAM-001,c_line,C=25,E_y,0,0,25,227,0.037991631799163178,0.94979079497907948
SG-007-NOMOGRAM-001,c_line,C=25,E_y,0,0,25,228,0.038158995815899585,0.95397489539748959
SG-007-NOMOGRAM-001,c_line,C=25,E_y,0,0,25,229,0.038326359832635985,0.95815899581589958
SG-007-NOMOGRAM-001,c_line,C=25,E_y,0,0,25,230,0.038493723849372392,0.9623430962343098
SG-007-NOMOGRAM-001,c_line,C=25,E_y,0,0,25,231,0.038661087866108786,0.96652719665271969
SG-007-NOMOGRAM-001,c_line,C=25,E_y,0,0,25,232,0.038828451882845186,0.97071129707112969
SG-007-NOMOGRAM-001,c_line,C=25,E_y,0,0,25,233,0.038995815899581593,0.97489539748953979
SG-007-NOMOGRAM-001,c_line,C=25,E_y,0,0,25,234,0.039163179916317986,0.97907949790794968
SG-007-NOMOGRAM-001,c_line,C=25,E_y,0,0,25,235,0.039330543933054393,0.98326359832635979
SG-007-NOMOGRAM-001,c_line,C=25,E_y,0,0,25,236,0.039497907949790793,0.98744769874476979
SG-007-NOMOGRAM-001,c_line,C=25,E_y,0,0,25,237,0.0396652719665272,0.99163179916318001
SG-007-NOMOGRAM-001,c_line,C=25,E_y,0,0,25,238,0.039832635983263594,0.99581589958158989
SG-007-NOMOGRAM-001,c_line,C=25,E_y,0,0,25,239,0.040000000000000001,1
