case_id,table_entry_interpretation,row_id,article_panel_id,solver_model,mode_id,mode_family,p,q,cutoff_found,guided_at_search_min,guided_at_search_max,guided_in_search_window,cutoff_status,cutoff_b_normalized,cutoff_a_normalized,cutoff_b_over_A4
SG-TBL-001,a_times_n1_over_lambda,SG-TBL-001A-1001,SG-006a,exact,E_y_1_2,E_y,1,2,1,0,1,1,found,16.566942940056329,16.566942940056329,1.4806821434010524
SG-TBL-001,a_times_n1_over_lambda,SG-TBL-001A-1001,SG-006a,exact,E_x_1_2,E_x,1,2,1,0,1,1,found,16.56538682505489,16.56538682505489,1.4805430645315201
SG-TBL-001,a_times_n1_over_lambda,SG-TBL-001A-1001,SG-006a,exact,E_y_1_3,E_y,1,3,1,0,1,1,found,26.306670458614825,26.306670458614825,2.3511771206881762
SG-TBL-001,a_times_n1_over_lambda,SG-TBL-001A-1001,SG-006a,exact,E_x_1_3,E_x,1,3,1,0,1,1,found,26.304639836549754,26.304639836549754,2.3509956324170669
SG-TBL-001,a_times_n1_over_lambda,SG-TBL-001A-1001,SG-006a,exact,E_y_1_4,E_y,1,4,1,0,1,1,found,36.62221490606666,36.62221490606666,3.2731361398063932
SG-TBL-001,a_times_n1_over_lambda,SG-TBL-001A-1001,SG-006a,exact,E_x_1_4,E_x,1,4,1,0,1,1,found,36.620190988183026,36.620190988183026,3.2729552507262021
SG-TBL-001,a_times_n1_over_lambda,SG-TBL-001A-1001,SG-006a,exact,E_y_2_1,E_y,2,1,1,0,1,1,found,16.56538682505489,16.56538682505489,1.4805430645315201
SG-TBL-001,a_times_n1_over_lambda,SG-TBL-001A-1001,SG-006a,exact,E_x_2_1,E_x,2,1,1,0,1,1,found,16.566942940056329,16.566942940056329,1.4806821434010524
SG-TBL-001,a_times_n1_over_lambda,SG-TBL-001A-1001,SG-006a,exact,E_y_2_2,E_y,2,2,1,0,1,1,found,23.73990159600973,23.73990159600973,2.1217703535586776
SG-TBL-001,a_times_n1_over_lambda,SG-TBL-001A-1001,SG-006a,exact,E_x_2_2,E_x,2,2,1,0,1,1,found,23.73990159600973,23.73990159600973,2.1217703535586776
SG-TBL-001,a_times_n1_over_lambda,SG-TBL-001A-1001,SG-006a,exact,E_y_2_3,E_y,2,3,1,0,1,1,found,32.219009848684067,32.219009848684067,2.8795965999051689
SG-TBL-001,a_times_n1_over_lambda,SG-TBL-001A-1001,SG-006a,exact,E_x_2_3,E_x,2,3,1,0,1,1,found,32.217669012397508,32.217669012397508,2.8794767617217505
SG-TBL-001,a_times_n1_over_lambda,SG-TBL-001A-1001,SG-006a,exact,E_y_2_4,E_y,2,4,1,0,1,1,found,41.550254572182894,41.550254572182894,3.7135831409213487
SG-TBL-001,a_times_n1_over_lambda,SG-TBL-001A-1001,SG-006a,exact,E_x_2_4,E_x,2,4,1,0,1,1,found,41.548218735754482,41.548218735754482,3.7134011866128596
SG-TBL-001,a_times_n1_over_lambda,SG-TBL-001A-1001,SG-006a,exact,E_y_3_1,E_y,3,1,1,0,1,1,found,26.304639836549754,26.304639836549754,2.3509956324170669
SG-TBL-001,a_times_n1_over_lambda,SG-TBL-001A-1001,SG-006a,exact,E_x_3_1,E_x,3,1,1,0,1,1,found,26.306670458614825,26.306670458614825,2.3511771206881762
SG-TBL-001,a_times_n1_over_lambda,SG-TBL-001A-1001,SG-006a,exact,E_y_3_2,E_y,3,2,1,0,1,1,found,32.217669012397508,32.217669012397508,2.8794767617217505
SG-TBL-001,a_times_n1_over_lambda,SG-TBL-001A-1001,SG-006a,exact,E_x_3_2,E_x,3,2,1,0,1,1,found,32.219009848684067,32.219009848684067,2.8795965999051689
SG-TBL-001,a_times_n1_over_lambda,SG-TBL-001A-1001,SG-006a,exact,E_y_3_3,E_y,3,3,1,0,1,1,found,39.563145624250168,39.563145624250168,3.5359838851719694
SG-TBL-001,a_times_n1_over_lambda,SG-TBL-001A-1001,SG-006a,exact,E_x_3_3,E_x,3,3,1,0,1,1,found,39.563145624250168,39.563145624250168,3.5359838851719694
SG-TBL-001,a_times_n1_over_lambda,SG-TBL-001A-1001,SG-006a,exact,E_y_3_4,E_y,3,4,1,0,1,1,found,47.922646065801374,47.922646065801374,4.2831200995202758
SG-TBL-001,a_times_n1_over_lambda,SG-TBL-001A-1001,SG-006a,exact,E_x_3_4,E_x,3,4,1,0,1,1,found,47.921550304591641,47.921550304591641,4.2830221650937155
SG-TBL-001,a_times_n1_over_lambda,SG-TBL-001A-1001,SG-006a,exact,E_y_4_1,E_y,4,1,1,0,1,1,found,36.620190988183026,36.620190988183026,3.2729552507262021
SG-TBL-001,a_times_n1_over_lambda,SG-TBL-001A-1001,SG-006a,exact,E_x_4_1,E_x,4,1,1,0,1,1,found,36.62221490606666,36.62221490606666,3.2731361398063932
SG-TBL-001,a_times_n1_over_lambda,SG-TBL-001A-1001,SG-006a,exact,E_y_4_2,E_y,4,2,1,0,1,1,found,41.548218735754482,41.548218735754482,3.7134011866128596
SG-TBL-001,a_times_n1_over_lambda,SG-TBL-001A-1001,SG-006a,exact,E_x_4_2,E_x,4,2,1,0,1,1,found,41.550254572182894,41.550254572182894,3.7135831409213487
SG-TBL-001,a_times_n1_over_lambda,SG-TBL-001A-1001,SG-006a,exact,E_y_4_3,E_y,4,3,1,0,1,1,found,47.921550304591641,47.921550304591641,4.2830221650937155
SG-TBL-001,a_times_n1_over_lambda,SG-TBL-001A-1001,SG-006a,exact,E_x_4_3,E_x,4,3,1,0,1,1,found,47.922646065801374,47.922646065801374,4.2831200995202758
SG-TBL-001,a_times_n1_over_lambda,SG-TBL-001A-1001,SG-006a,exact,E_y_4_4,E_y,4,4,0,0,0,0,above_search_max,nan,nan,nan
SG-TBL-001,a_times_n1_over_lambda,SG-TBL-001A-1001,SG-006a,exact,E_x_4_4,E_x,4,4,0,0,0,0,above_search_max,nan,nan,nan
SG-TBL-001,a_times_n1_over_lambda,SG-TBL-001A-1001,SG-006a,closed_form,E_y_1_2,E_y,1,2,1,0,1,1,found,17.907165421545507,17.907165421545507,1.6004654675608523
SG-TBL-001,a_times_n1_over_lambda,SG-TBL-001A-1001,SG-006a,closed_form,E_x_1_2,E_x,1,2,1,0,1,1,found,17.898630998581641,17.898630998581641,1.5997026975234017
SG-TBL-001,a_times_n1_over_lambda,SG-TBL-001A-1001,SG-006a,closed_form,E_y_1_3,E_y,1,3,1,0,1,1,found,28.27169061854482,28.27169061854482,2.5268021755192955
SG-TBL-001,a_times_n1_over_lambda,SG-TBL-001A-1001,SG-006a,closed_form,E_x_1_3,E_x,1,3,1,0,1,1,found,28.260311387926333,28.260311387926333,2.525785148802695
SG-TBL-001,a_times_n1_over_lambda,SG-TBL-001A-1001,SG-006a,closed_form,E_y_1_4,E_y,1,4,1,0,1,1,found,39.022714109867806,39.022714109867806,3.4876824395780224
SG-TBL-001,a_times_n1_over_lambda,SG-TBL-001A-1001,SG-006a,closed_form,E_x_1_4,E_x,1,4,1,0,1,1,found,39.010163137316709,39.010163137316709,3.4865606876044706
SG-TBL-001,a_times_n1_over_lambda,SG-TBL-001A-1001,SG-006a,closed_form,E_y_2_1,E_y,2,1,1,0,1,1,found,17.898630998581641,17.898630998581641,1.5997026975234017
SG-TBL-001,a_times_n1_over_lambda,SG-TBL-001A-1001,SG-006a,closed_form,E_x_2_1,E_x,2,1,1,0,1,1,found,17.907165421545507,17.907165421545507,1.6004654675608523
SG-TBL-001,a_times_n1_over_lambda,SG-TBL-001A-1001,SG-006a,closed_form,E_y_2_2,E_y,2,2,1,0,1,1,found,24.530641173273324,24.530641173273324,2.1924432578096966
SG-TBL-001,a_times_n1_over_lambda,SG-TBL-001A-1001,SG-006a,closed_form,E_x_2_2,E_x,2,2,1,0,1,1,found,24.530641173273324,24.530641173273324,2.1924432578096966
SG-TBL-001,a_times_n1_over_lambda,SG-TBL-001A-1001,SG-006a,closed_form,E_y_2_3,E_y,2,3,1,0,1,1,found,33.228403323739769,33.228403323739769,2.9698118496098576
SG-TBL-001,a_times_n1_over_lambda,SG-TBL-001A-1001,SG-006a,closed_form,E_x_2_3,E_x,2,3,1,0,1,1,found,33.222931966781616,33.222931966781616,2.9693228432447469
SG-TBL-001,a_times_n1_over_lambda,SG-TBL-001A-1001,SG-006a,closed_form,E_y_2_4,E_y,2,4,1,0,1,1,found,42.925910887271186,42.925910887271186,3.8365333888082529
SG-TBL-001,a_times_n1_over_lambda,SG-TBL-001A-1001,SG-006a,closed_form,E_x_2_4,E_x,2,4,1,0,1,1,found,42.917375719398251,42.917375719398251,3.835770552194032
SG-TBL-001,a_times_n1_over_lambda,SG-TBL-001A-1001,SG-006a,closed_form,E_y_3_1,E_y,3,1,1,0,1,1,found,28.260311387926333,28.260311387926333,2.525785148802695
SG-TBL-001,a_times_n1_over_lambda,SG-TBL-001A-1001,SG-006a,closed_form,E_x_3_1,E_x,3,1,1,0,1,1,found,28.27169061854482,28.27169061854482,2.5268021755192955
SG-TBL-001,a_times_n1_over_lambda,SG-TBL-001A-1001,SG-006a,closed_form,E_y_3_2,E_y,3,2,1,0,1,1,found,33.222931966781616,33.222931966781616,2.9693228432447469
SG-TBL-001,a_times_n1_over_lambda,SG-TBL-001A-1001,SG-006a,closed_form,E_x_3_2,E_x,3,2,1,0,1,1,found,33.228403323739769,33.228403323739769,2.9698118496098576
SG-TBL-001,a_times_n1_over_lambda,SG-TBL-001A-1001,SG-006a,closed_form,E_y_3_3,E_y,3,3,1,0,1,1,found,40.353885201513755,40.353885201513755,3.6066567894229875
SG-TBL-001,a_times_n1_over_lambda,SG-TBL-001A-1001,SG-006a,closed_form,E_x_3_3,E_x,3,3,1,0,1,1,found,40.353885201513755,40.353885201513755,3.6066567894229875
SG-TBL-001,a_times_n1_over_lambda,SG-TBL-001A-1001,SG-006a,closed_form,E_y_3_4,E_y,3,4,1,0,1,1,found,48.829759804010394,48.829759804010394,4.364194026017139
SG-TBL-001,a_times_n1_over_lambda,SG-TBL-001A-1001,SG-006a,closed_form,E_x_3_4,E_x,3,4,1,0,1,1,found,48.825776775330311,48.825776775330311,4.3638380400356231
SG-TBL-001,a_times_n1_over_lambda,SG-TBL-001A-1001,SG-006a,closed_form,E_y_4_1,E_y,4,1,1,0,1,1,found,39.010163137316709,39.010163137316709,3.4865606876044706
SG-TBL-001,a_times_n1_over_lambda,SG-TBL-001A-1001,SG-006a,closed_form,E_x_4_1,E_x,4,1,1,0,1,1,found,39.022714109867806,39.022714109867806,3.4876824395780224
SG-TBL-001,a_times_n1_over_lambda,SG-TBL-001A-1001,SG-006a,closed_form,E_y_4_2,E_y,4,2,1,0,1,1,found,42.917375719398251,42.917375719398251,3.835770552194032
SG-TBL-001,a_times_n1_over_lambda,SG-TBL-001A-1001,SG-006a,closed_form,E_x_4_2,E_x,4,2,1,0,1,1,found,42.925910887271186,42.925910887271186,3.8365333888082529
SG-TBL-001,a_times_n1_over_lambda,SG-TBL-001A-1001,SG-006a,closed_form,E_y_4_3,E_y,4,3,1,0,1,1,found,48.825776775330311,48.825776775330311,4.3638380400356231
SG-TBL-001,a_times_n1_over_lambda,SG-TBL-001A-1001,SG-006a,closed_form,E_x_4_3,E_x,4,3,1,0,1,1,found,48.829759804010394,48.829759804010394,4.364194026017139
SG-TBL-001,a_times_n1_over_lambda,SG-TBL-001A-1001,SG-006a,closed_form,E_y_4_4,E_y,4,4,0,0,0,0,above_search_max,nan,nan,nan
SG-TBL-001,a_times_n1_over_lambda,SG-TBL-001A-1001,SG-006a,closed_form,E_x_4_4,E_x,4,4,0,0,0,0,above_search_max,nan,nan,nan
SG-TBL-001,a_times_n1_over_lambda,SG-TBL-001A-1010,SG-006a,exact,E_y_1_2,E_y,1,2,1,0,1,1,found,5.288182674348354,5.288182674348354,1.4846124544701282
SG-TBL-001,a_times_n1_over_lambda,SG-TBL-001A-1010,SG-006a,exact,E_x_1_2,E_x,1,2,1,0,1,1,found,5.2831694364547728,5.2831694364547728,1.4832050304319733
SG-TBL-001,a_times_n1_over_lambda,SG-TBL-001A-1010,SG-006a,exact,E_y_1_3,E_y,1,3,1,0,1,1,found,8.3864754289388657,8.3864754289388657,2.354431879084927
SG-TBL-001,a_times_n1_over_lambda,SG-TBL-001A-1010,SG-006a,exact,E_x_1_3,E_x,1,3,1,0,1,1,found,8.3799388520419598,8.3799388520419598,2.3525967905359213
SG-TBL-001,a_times_n1_over_lambda,SG-TBL-001A-1010,SG-006a,exact,E_y_1_4,E_y,1,4,1,0,1,1,found,11.668382304608823,11.668382304608823,3.2757994115768279
SG-TBL-001,a_times_n1_over_lambda,SG-TBL-001A-1010,SG-006a,exact,E_x_1_4,E_x,1,4,1,0,1,1,found,11.661872544437649,11.661872544437649,3.2739718515962295
SG-TBL-001,a_times_n1_over_lambda,SG-TBL-001A-1010,SG-006a,exact,E_y_2_1,E_y,2,1,1,0,1,1,found,5.2831694364547728,5.2831694364547728,1.4832050304319733
SG-TBL-001,a_times_n1_over_lambda,SG-TBL-001A-1010,SG-006a,exact,E_x_2_1,E_x,2,1,1,0,1,1,found,5.288182674348354,5.288182674348354,1.4846124544701282
SG-TBL-001,a_times_n1_over_lambda,SG-TBL-001A-1010,SG-006a,exact,E_y_2_2,E_y,2,2,1,0,1,1,found,7.5720961630344386,7.5720961630344386,2.1258018042033067
SG-TBL-001,a_times_n1_over_lambda,SG-TBL-001A-1010,SG-006a,exact,E_x_2_2,E_x,2,2,1,0,1,1,found,7.5720961630344386,7.5720961630344386,2.1258018042033067
SG-TBL-001,a_times_n1_over_lambda,SG-TBL-001A-1010,SG-006a,exact,E_y_2_3,E_y,2,3,1,0,1,1,found,10.272298348695035,10.272298348695035,2.8838606764628905
SG-TBL-001,a_times_n1_over_lambda,SG-TBL-001A-1010,SG-006a,exact,E_x_2_3,E_x,2,3,1,0,1,1,found,10.267976386398075,10.267976386398075,2.8826473221880957
SG-TBL-001,a_times_n1_over_lambda,SG-TBL-001A-1010,SG-006a,exact,E_y_2_4,E_y,2,4,1,0,1,1,found,13.242073435038332,13.242073435038332,3.7175998552448837
SG-TBL-001,a_times_n1_over_lambda,SG-TBL-001A-1010,SG-006a,exact,E_x_2_4,E_x,2,4,1,0,1,1,found,13.235513765960931,13.235513765960931,3.7157582837619709
SG-TBL-001,a_times_n1_over_lambda,SG-TBL-001A-1010,SG-006a,exact,E_y_3_1,E_y,3,1,1,0,1,1,found,8.3799388520419598,8.3799388520419598,2.3525967905359213
SG-TBL-001,a_times_n1_over_lambda,SG-TBL-001A-1010,SG-006a,exact,E_x_3_1,E_x,3,1,1,0,1,1,found,8.3864754289388657,8.3864754289388657,2.354431879084927
SG-TBL-001,a_times_n1_over_lambda,SG-TBL-001A-1010,SG-006a,exact,E_y_3_2,E_y,3,2,1,0,1,1,found,10.267976386398075,10.267976386398075,2.8826473221880957
SG-TBL-001,a_times_n1_over_lambda,SG-TBL-001A-1010,SG-006a,exact,E_x_3_2,E_x,3,2,1,0,1,1,found,10.272298348695035,10.272298348695035,2.8838606764628905
SG-TBL-001,a_times_n1_over_lambda,SG-TBL-001A-1010,SG-006a,exact,E_y_3_3,E_y,3,3,1,0,1,1,found,12.609516039043662,12.609516039043662,3.5400147289185497
SG-TBL-001,a_times_n1_over_lambda,SG-TBL-001A-1010,SG-006a,exact,E_x_3_3,E_x,3,3,1,0,1,1,found,12.609516039043662,12.609516039043662,3.5400147289185497
SG-TBL-001,a_times_n1_over_lambda,SG-TBL-001A-1010,SG-006a,exact,E_y_3_4,E_y,3,4,1,0,1,1,found,15.271789690703155,15.271789690703155,4.287425486802098
SG-TBL-001,a_times_n1_over_lambda,SG-TBL-001A-1010,SG-006a,exact,E_x_3_4,E_x,3,4,1,0,1,1,found,15.268256587088111,15.268256587088111,4.2864335979145851
SG-TBL-001,a_times_n1_over_lambda,SG-TBL-001A-1010,SG-006a,exact,E_y_4_1,E_y,4,1,1,0,1,1,found,11.661872544437649,11.661872544437649,3.2739718515962295
SG-TBL-001,a_times_n1_over_lambda,SG-TBL-001A-1010,SG-006a,exact,E_x_4_1,E_x,4,1,1,0,1,1,found,11.668382304608823,11.668382304608823,3.2757994115768279
SG-TBL-001,a_times_n1_over_lambda,SG-TBL-001A-1010,SG-006a,exact,E_y_4_2,E_y,4,2,1,0,1,1,found,13.235513765960931,13.235513765960931,3.7157582837619709
SG-TBL-001,a_times_n1_over_lambda,SG-TBL-001A-1010,SG-006a,exact,E_x_4_2,E_x,4,2,1,0,1,1,found,13.242073435038332,13.242073435038332,3.7175998552448837
SG-TBL-001,a_times_n1_over_lambda,SG-TBL-001A-1010,SG-006a,exact,E_y_4_3,E_y,4,3,1,0,1,1,found,15.268256587088111,15.268256587088111,4.2864335979145851
SG-TBL-001,a_times_n1_over_lambda,SG-TBL-001A-1010,SG-006a,exact,E_x_4_3,E_x,4,3,1,0,1,1,found,15.271789690703155,15.271789690703155,4.287425486802098
SG-TBL-001,a_times_n1_over_lambda,SG-TBL-001A-1010,SG-006a,exact,E_y_4_4,E_y,4,4,1,0,1,1,found,17.646937404870989,17.646937404870989,4.954228071887596
SG-TBL-001,a_times_n1_over_lambda,SG-TBL-001A-1010,SG-006a,exact,E_x_4_4,E_x,4,4,1,0,1,1,found,17.646937404870989,17.646937404870989,4.954228071887596
SG-TBL-001,a_times_n1_over_lambda,SG-TBL-001A-1010,SG-006a,closed_form,E_y_1_2,E_y,1,2,1,0,1,1,found,5.7330326740443702,5.7330326740443702,1.6095003206029148
SG-TBL-001,a_times_n1_over_lambda,SG-TBL-001A-1010,SG-006a,closed_form,E_x_1_2,E_x,1,2,1,0,1,1,found,5.7062241423130029,5.7062241423130029,1.6019740525926385
SG-TBL-001,a_times_n1_over_lambda,SG-TBL-001A-1010,SG-006a,closed_form,E_y_1_3,E_y,1,3,1,0,1,1,found,9.0366193826496577,9.0366193826496577,2.5369542823974101
SG-TBL-001,a_times_n1_over_lambda,SG-TBL-001A-1010,SG-006a,closed_form,E_x_1_3,E_x,1,3,1,0,1,1,found,9.0008741770684715,9.0008741770684715,2.5269191189657754
SG-TBL-001,a_times_n1_over_lambda,SG-TBL-001A-1010,SG-006a,closed_form,E_y_1_4,E_y,1,4,1,0,1,1,found,12.460911153405906,12.460911153405906,3.4982951670957148
SG-TBL-001,a_times_n1_over_lambda,SG-TBL-001A-1010,SG-006a,closed_form,E_x_1_4,E_x,1,4,1,0,1,1,found,12.421486097127197,12.421486097127197,3.4872269167772307
SG-TBL-001,a_times_n1_over_lambda,SG-TBL-001A-1010,SG-006a,closed_form,E_y_2_1,E_y,2,1,1,0,1,1,found,5.7062241423130029,5.7062241423130029,1.6019740525926385
SG-TBL-001,a_times_n1_over_lambda,SG-TBL-001A-1010,SG-006a,closed_form,E_x_2_1,E_x,2,1,1,0,1,1,found,5.7330326740443702,5.7330326740443702,1.6095003206029148
SG-TBL-001,a_times_n1_over_lambda,SG-TBL-001A-1010,SG-006a,closed_form,E_y_2_2,E_y,2,2,1,0,1,1,found,7.8296231395006171,7.8296231395006171,2.1981003196230371
SG-TBL-001,a_times_n1_over_lambda,SG-TBL-001A-1010,SG-006a,closed_form,E_x_2_2,E_x,2,2,1,0,1,1,found,7.8296231395006171,7.8296231395006171,2.1981003196230371
SG-TBL-001,a_times_n1_over_lambda,SG-TBL-001A-1010,SG-006a,closed_form,E_y_2_3,E_y,2,3,1,0,1,1,found,10.606303647309542,10.606303647309542,2.9776298324694417
SG-TBL-001,a_times_n1_over_lambda,SG-TBL-001A-1010,SG-006a,closed_form,E_x_2_3,E_x,2,3,1,0,1,1,found,10.589118595570326,10.589118595570326,2.9728052748824827
SG-TBL-001,a_times_n1_over_lambda,SG-TBL-001A-1010,SG-006a,closed_form,E_y_2_4,E_y,2,4,1,0,1,1,found,13.697866148650647,13.697866148650647,3.84555979554119
SG-TBL-001,a_times_n1_over_lambda,SG-TBL-001A-1010,SG-006a,closed_form,E_x_2_4,E_x,2,4,1,0,1,1,found,13.671057616919281,13.671057616919281,3.8380335275309143
SG-TBL-001,a_times_n1_over_lambda,SG-TBL-001A-1010,SG-006a,closed_form,E_y_3_1,E_y,3,1,1,0,1,1,found,9.0008741770684715,9.0008741770684715,2.5269191189657754
SG-TBL-001,a_times_n1_over_lambda,SG-TBL-001A-1010,SG-006a,closed_form,E_x_3_1,E_x,3,1,1,0,1,1,found,9.0366193826496577,9.0366193826496577,2.5369542823974101
SG-TBL-001,a_times_n1_over_lambda,SG-TBL-001A-1010,SG-006a,closed_form,E_y_3_2,E_y,3,2,1,0,1,1,found,10.589118595570326,10.589118595570326,2.9728052748824827
SG-TBL-001,a_times_n1_over_lambda,SG-TBL-001A-1010,SG-006a,closed_form,E_x_3_2,E_x,3,2,1,0,1,1,found,10.606303647309542,10.606303647309542,2.9776298324694417
SG-TBL-001,a_times_n1_over_lambda,SG-TBL-001A-1010,SG-006a,closed_form,E_y_3_3,E_y,3,3,1,0,1,1,found,12.867020668238403,12.867020668238403,3.612306970531276
SG-TBL-001,a_times_n1_over_lambda,SG-TBL-001A-1010,SG-006a,closed_form,E_x_3_3,E_x,3,3,1,0,1,1,found,12.867020668238403,12.867020668238403,3.612306970531276
SG-TBL-001,a_times_n1_over_lambda,SG-TBL-001A-1010,SG-006a,closed_form,E_y_3_4,E_y,3,4,1,0,1,1,found,15.570974960774187,15.570974960774187,4.3714192149870268
SG-TBL-001,a_times_n1_over_lambda,SG-TBL-001A-1010,SG-006a,closed_form,E_x_3_4,E_x,3,4,1,0,1,1,found,15.558464213311673,15.558464213311673,4.3679069286986438
SG-TBL-001,a_times_n1_over_lambda,SG-TBL-001A-1010,SG-006a,closed_form,E_y_4_1,E_y,4,1,1,0,1,1,found,12.421486097127197,12.421486097127197,3.4872269167772307
SG-TBL-001,a_times_n1_over_lambda,SG-TBL-001A-1010,SG-006a,closed_form,E_x_4_1,E_x,4,1,1,0,1,1,found,12.460911153405906,12.460911153405906,3.4982951670957148
SG-TBL-001,a_times_n1_over_lambda,SG-TBL-001A-1010,SG-006a,closed_form,E_y_4_2,E_y,4,2,1,0,1,1,found,13.671057616919281,13.671057616919281,3.8380335275309143
SG-TBL-001,a_times_n1_over_lambda,SG-TBL-001A-1010,SG-006a,closed_form,E_x_4_2,E_x,4,2,1,0,1,1,found,13.697866148650647,13.697866148650647,3.84555979554119
SG-TBL-001,a_times_n1_over_lambda,SG-TBL-001A-1010,SG-006a,closed_form,E_y_4_3,E_y,4,3,1,0,1,1,found,15.558464213311673,15.558464213311673,4.3679069286986438
SG-TBL-001,a_times_n1_over_lambda,SG-TBL-001A-1010,SG-006a,closed_form,E_x_4_3,E_x,4,3,1,0,1,1,found,15.570974960774187,15.570974960774187,4.3714192149870268
SG-TBL-001,a_times_n1_over_lambda,SG-TBL-001A-1010,SG-006a,closed_form,E_y_4_4,E_y,4,4,1,0,1,1,found,17.90443011552096,17.90443011552096,5.0265169674699193
SG-TBL-001,a_times_n1_over_lambda,SG-TBL-001A-1010,SG-006a,closed_form,E_x_4_4,E_x,4,4,1,0,1,1,found,17.90443011552096,17.90443011552096,5.0265169674699193
SG-TBL-001,a_times_n1_over_lambda,SG-TBL-001A-1050,SG-006a,exact,E_y_1_2,E_y,1,2,1,0,1,1,found,2.4630547718703744,2.4630547718703744,1.5020234007512216
SG-TBL-001,a_times_n1_over_lambda,SG-TBL-001A-1050,SG-006a,exact,E_x_1_2,E_x,1,2,1,0,1,1,found,2.4509224382042882,2.4509224382042882,1.4946248445841799
SG-TBL-001,a_times_n1_over_lambda,SG-TBL-001A-1050,SG-006a,exact,E_y_1_3,E_y,1,3,1,0,1,1,found,3.8847688134014611,3.8847688134014611,2.3690149853251556
SG-TBL-001,a_times_n1_over_lambda,SG-TBL-001A-1050,SG-006a,exact,E_x_1_3,E_x,1,3,1,0,1,1,found,3.8690110073983668,3.8690110073983668,2.3594055387016155
SG-TBL-001,a_times_n1_over_lambda,SG-TBL-001A-1050,SG-006a,exact,E_y_1_4,E_y,1,4,1,0,1,1,found,5.3914211091399178,5.3914211091399178,3.2878037312515143
SG-TBL-001,a_times_n1_over_lambda,SG-TBL-001A-1050,SG-006a,exact,E_x_1_4,E_x,1,4,1,0,1,1,found,5.3757854682207107,5.3757854682207107,3.2782687835050783
SG-TBL-001,a_times_n1_over_lambda,SG-TBL-001A-1050,SG-006a,exact,E_y_2_1,E_y,2,1,1,0,1,1,found,2.4509224382042882,2.4509224382042882,1.4946248445841799
SG-TBL-001,a_times_n1_over_lambda,SG-TBL-001A-1050,SG-006a,exact,E_x_2_1,E_x,2,1,1,0,1,1,found,2.4630547718703744,2.4630547718703744,1.5020234007512216
SG-TBL-001,a_times_n1_over_lambda,SG-TBL-001A-1050,SG-006a,exact,E_y_2_2,E_y,2,2,1,0,1,1,found,3.5146652223169799,3.5146652223169799,2.1433179115695395
SG-TBL-001,a_times_n1_over_lambda,SG-TBL-001A-1050,SG-006a,exact,E_x_2_2,E_x,2,2,1,0,1,1,found,3.5146652223169799,3.5146652223169799,2.1433179115695395
SG-TBL-001,a_times_n1_over_lambda,SG-TBL-001A-1050,SG-006a,exact,E_y_2_3,E_y,2,3,1,0,1,1,found,4.7598030434548839,4.7598030434548839,2.9026295459954858
SG-TBL-001,a_times_n1_over_lambda,SG-TBL-001A-1050,SG-006a,exact,E_x_2_3,E_x,2,3,1,0,1,1,found,4.7493534593284128,4.7493534593284128,2.8962571664344097
SG-TBL-001,a_times_n1_over_lambda,SG-TBL-001A-1050,SG-006a,exact,E_y_2_4,E_y,2,4,1,0,1,1,found,6.125483536571263,6.125483536571263,3.7354506760966979
SG-TBL-001,a_times_n1_over_lambda,SG-TBL-001A-1050,SG-006a,exact,E_x_2_4,E_x,2,4,1,0,1,1,found,6.1096512396633624,6.1096512396633624,3.7257958033285825
SG-TBL-001,a_times_n1_over_lambda,SG-TBL-001A-1050,SG-006a,exact,E_y_3_1,E_y,3,1,1,0,1,1,found,3.8690110073983668,3.8690110073983668,2.3594055387016155
SG-TBL-001,a_times_n1_over_lambda,SG-TBL-001A-1050,SG-006a,exact,E_x_3_1,E_x,3,1,1,0,1,1,found,3.8847688134014611,3.8847688134014611,2.3690149853251556
SG-TBL-001,a_times_n1_over_lambda,SG-TBL-001A-1050,SG-006a,exact,E_y_3_2,E_y,3,2,1,0,1,1,found,4.7493534593284128,4.7493534593284128,2.8962571664344097
SG-TBL-001,a_times_n1_over_lambda,SG-TBL-001A-1050,SG-006a,exact,E_x_3_2,E_x,3,2,1,0,1,1,found,4.7598030434548839,4.7598030434548839,2.9026295459954858
SG-TBL-001,a_times_n1_over_lambda,SG-TBL-001A-1050,SG-006a,exact,E_y_3_3,E_y,3,3,1,0,1,1,found,5.8337004277110101,5.8337004277110101,3.5575151050094038
SG-TBL-001,a_times_n1_over_lambda,SG-TBL-001A-1050,SG-006a,exact,E_x_3_3,E_x,3,3,1,0,1,1,found,5.8337004277110101,5.8337004277110101,3.5575151050094038
SG-TBL-001,a_times_n1_over_lambda,SG-TBL-001A-1050,SG-006a,exact,E_y_3_4,E_y,3,4,1,0,1,1,found,7.0615921145677554,7.0615921145677554,4.3063096784431885
SG-TBL-001,a_times_n1_over_lambda,SG-TBL-001A-1050,SG-006a,exact,E_x_3_4,E_x,3,4,1,0,1,1,found,7.0530457730591287,7.0530457730591287,4.3010979368760198
SG-TBL-001,a_times_n1_over_lambda,SG-TBL-001A-1050,SG-006a,exact,E_y_4_1,E_y,4,1,1,0,1,1,found,5.3757854682207107,5.3757854682207107,3.2782687835050783
SG-TBL-001,a_times_n1_over_lambda,SG-TBL-001A-1050,SG-006a,exact,E_x_4_1,E_x,4,1,1,0,1,1,found,5.3914211091399178,5.3914211091399178,3.2878037312515143
SG-TBL-001,a_times_n1_over_lambda,SG-TBL-001A-1050,SG-006a,exact,E_y_4_2,E_y,4,2,1,0,1,1,found,6.1096512396633624,6.1096512396633624,3.7257958033285825
SG-TBL-001,a_times_n1_over_lambda,SG-TBL-001A-1050,SG-006a,exact,E_x_4_2,E_x,4,2,1,0,1,1,found,6.125483536571263,6.125483536571263,3.7354506760966979
SG-TBL-001,a_times_n1_over_lambda,SG-TBL-001A-1050,SG-006a,exact,E_y_4_3,E_y,4,3,1,0,1,1,found,7.0530457730591287,7.0530457730591287,4.3010979368760198
SG-TBL-001,a_times_n1_over_lambda,SG-TBL-001A-1050,SG-006a,exact,E_x_4_3,E_x,4,3,1,0,1,1,found,7.0615921145677554,7.0615921145677554,4.3063096784431885
SG-TBL-001,a_times_n1_over_lambda,SG-TBL-001A-1050,SG-006a,exact,E_y_4_4,E_y,4,4,1,0,1,1,found,8.1527453169226618,8.1527453169226618,4.9717182038480612
SG-TBL-001,a_times_n1_over_lambda,SG-TBL-001A-1050,SG-006a,exact,E_x_4_4,E_x,4,4,1,0,1,1,found,8.1527453169226618,8.1527453169226618,4.9717182038480612
SG-TBL-001,a_times_n1_over_lambda,SG-TBL-001A-1050,SG-006a,closed_form,E_y_1_2,E_y,1,2,1,0,1,1,found,2.7010628965497006,2.7010628965497006,1.6471658380693295
SG-TBL-001,a_times_n1_over_lambda,SG-TBL-001A-1050,SG-006a,closed_form,E_x_1_2,E_x,1,2,1,0,1,1,found,2.6428557035326952,2.6428557035326952,1.6116698486978895
SG-TBL-001,a_times_n1_over_lambda,SG-TBL-001A-1050,SG-006a,closed_form,E_y_1_3,E_y,1,3,1,0,1,1,found,4.2292266757786265,4.2292266757786265,2.579072746026255
SG-TBL-001,a_times_n1_over_lambda,SG-TBL-001A-1050,SG-006a,closed_form,E_x_1_3,E_x,1,3,1,0,1,1,found,4.1515915098786351,4.1515915098786351,2.5317291638880302
SG-TBL-001,a_times_n1_over_lambda,SG-TBL-001A-1050,SG-006a,closed_form,E_y_1_4,E_y,1,4,1,0,1,1,found,5.8086856369674198,5.8086856369674198,3.5422605513994418
SG-TBL-001,a_times_n1_over_lambda,SG-TBL-001A-1050,SG-006a,closed_form,E_x_1_4,E_x,1,4,1,0,1,1,found,5.7230523826181887,5.7230523826181887,3.4900395641181268
SG-TBL-001,a_times_n1_over_lambda,SG-TBL-001A-1050,SG-006a,closed_form,E_y_2_1,E_y,2,1,1,0,1,1,found,2.6428557035326952,2.6428557035326952,1.6116698486978895
SG-TBL-001,a_times_n1_over_lambda,SG-TBL-001A-1050,SG-006a,closed_form,E_x_2_1,E_x,2,1,1,0,1,1,found,2.7010628965497006,2.7010628965497006,1.6471658380693295
SG-TBL-001,a_times_n1_over_lambda,SG-TBL-001A-1050,SG-006a,closed_form,E_y_2_2,E_y,2,2,1,0,1,1,found,3.6434689356386656,3.6434689356386656,2.2218651666782474
SG-TBL-001,a_times_n1_over_lambda,SG-TBL-001A-1050,SG-006a,closed_form,E_x_2_2,E_x,2,2,1,0,1,1,found,3.6434689356386656,3.6434689356386656,2.2218651666782474
SG-TBL-001,a_times_n1_over_lambda,SG-TBL-001A-1050,SG-006a,closed_form,E_y_2_3,E_y,2,3,1,0,1,1,found,4.9362243227660656,4.9362243227660656,3.010215009762756
SG-TBL-001,a_times_n1_over_lambda,SG-TBL-001A-1050,SG-006a,closed_form,E_x_2_3,E_x,2,3,1,0,1,1,found,4.8989036345481871,4.8989036345481871,2.9874560570688922
SG-TBL-001,a_times_n1_over_lambda,SG-TBL-001A-1050,SG-006a,closed_form,E_y_2_4,E_y,2,4,1,0,1,1,found,6.3675238539278514,6.3675238539278514,3.8830520306206897
SG-TBL-001,a_times_n1_over_lambda,SG-TBL-001A-1050,SG-006a,closed_form,E_x_2_4,E_x,2,4,1,0,1,1,found,6.3092965483665466,6.3092965483665466,3.8475437761902134
SG-TBL-001,a_times_n1_over_lambda,SG-TBL-001A-1050,SG-006a,closed_form,E_y_3_1,E_y,3,1,1,0,1,1,found,4.1515915098786351,4.1515915098786351,2.5317291638880302
SG-TBL-001,a_times_n1_over_lambda,SG-TBL-001A-1050,SG-006a,closed_form,E_x_3_1,E_x,3,1,1,0,1,1,found,4.2292266757786265,4.2292266757786265,2.579072746026255
SG-TBL-001,a_times_n1_over_lambda,SG-TBL-001A-1050,SG-006a,closed_form,E_y_3_2,E_y,3,2,1,0,1,1,found,4.8989036345481871,4.8989036345481871,2.9874560570688922
SG-TBL-001,a_times_n1_over_lambda,SG-TBL-001A-1050,SG-006a,closed_form,E_x_3_2,E_x,3,2,1,0,1,1,found,4.9362243227660656,4.9362243227660656,3.010215009762756
SG-TBL-001,a_times_n1_over_lambda,SG-TBL-001A-1050,SG-006a,closed_form,E_y_3_3,E_y,3,3,1,0,1,1,found,5.9622776886820805,5.9622776886820805,3.6359242646386023
SG-TBL-001,a_times_n1_over_lambda,SG-TBL-001A-1050,SG-006a,closed_form,E_x_3_3,E_x,3,3,1,0,1,1,found,5.9622776886820805,5.9622776886820805,3.6359242646386023
SG-TBL-001,a_times_n1_over_lambda,SG-TBL-001A-1050,SG-006a,closed_form,E_y_3_4,E_y,3,4,1,0,1,1,found,7.2176892954111107,7.2176892954111107,4.4015010729244279
SG-TBL-001,a_times_n1_over_lambda,SG-TBL-001A-1050,SG-006a,closed_form,E_x_3_4,E_x,3,4,1,0,1,1,found,7.1905172480642801,7.1905172480642801,4.3849309781675556
SG-TBL-001,a_times_n1_over_lambda,SG-TBL-001A-1050,SG-006a,closed_form,E_y_4_1,E_y,4,1,1,0,1,1,found,5.7230523826181887,5.7230523826181887,3.4900395641181268
SG-TBL-001,a_times_n1_over_lambda,SG-TBL-001A-1050,SG-006a,closed_form,E_x_4_1,E_x,4,1,1,0,1,1,found,5.8086856369674198,5.8086856369674198,3.5422605513994418
SG-TBL-001,a_times_n1_over_lambda,SG-TBL-001A-1050,SG-006a,closed_form,E_y_4_2,E_y,4,2,1,0,1,1,found,6.3092965483665466,6.3092965483665466,3.8475437761902134
SG-TBL-001,a_times_n1_over_lambda,SG-TBL-001A-1050,SG-006a,closed_form,E_x_4_2,E_x,4,2,1,0,1,1,found,6.3675238539278514,6.3675238539278514,3.8830520306206897
SG-TBL-001,a_times_n1_over_lambda,SG-TBL-001A-1050,SG-006a,closed_form,E_y_4_3,E_y,4,3,1,0,1,1,found,7.1905172480642801,7.1905172480642801,4.3849309781675556
SG-TBL-001,a_times_n1_over_lambda,SG-TBL-001A-1050,SG-006a,closed_form,E_x_4_3,E_x,4,3,1,0,1,1,found,7.2176892954111107,7.2176892954111107,4.4015010729244279
SG-TBL-001,a_times_n1_over_lambda,SG-TBL-001A-1050,SG-006a,closed_form,E_y_4_4,E_y,4,4,1,0,1,1,found,8.2812123313546167,8.2812123313546167,5.0500601327832877
SG-TBL-001,a_times_n1_over_lambda,SG-TBL-001A-1050,SG-006a,closed_form,E_x_4_4,E_x,4,4,1,0,1,1,found,8.2812123313546167,8.2812123313546167,5.0500601327832877
SG-TBL-001,a_times_n1_over_lambda,SG-TBL-001A-1500,SG-006e,exact,E_y_1_2,E_y,1,2,1,0,1,1,found,1.1277606086432932,1.1277606086432932,1.681166255515294
SG-TBL-001,a_times_n1_over_lambda,SG-TBL-001A-1500,SG-006e,exact,E_x_1_2,E_x,1,2,1,0,1,1,found,1.0636395826935772,1.0636395826935772,1.5855802736415652
SG-TBL-001,a_times_n1_over_lambda,SG-TBL-001A-1500,SG-006e,exact,E_y_1_3,E_y,1,3,1,0,1,1,found,1.7010515509545798,1.7010515509545798,2.5357779341105924
SG-TBL-001,a_times_n1_over_lambda,SG-TBL-001A-1500,SG-006e,exact,E_x_1_3,E_x,1,3,1,0,1,1,found,1.6169043901562687,1.6169043901562687,2.4103387530048392
SG-TBL-001,a_times_n1_over_lambda,SG-TBL-001A-1500,SG-006e,exact,E_y_1_4,E_y,1,4,1,0,1,1,found,2.3038043910264965,2.3038043910264965,3.4343088167985023
SG-TBL-001,a_times_n1_over_lambda,SG-TBL-001A-1500,SG-006e,exact,E_x_1_4,E_x,1,4,1,0,1,1,found,2.219856865853072,2.219856865853072,3.3091672349114005
SG-TBL-001,a_times_n1_over_lambda,SG-TBL-001A-1500,SG-006e,exact,E_y_2_1,E_y,2,1,1,0,1,1,found,1.0636395826935772,1.0636395826935772,1.5855802736415652
SG-TBL-001,a_times_n1_over_lambda,SG-TBL-001A-1500,SG-006e,exact,E_x_2_1,E_x,2,1,1,0,1,1,found,1.1277606086432932,1.1277606086432932,1.681166255515294
SG-TBL-001,a_times_n1_over_lambda,SG-TBL-001A-1500,SG-006e,exact,E_y_2_2,E_y,2,2,1,0,1,1,found,1.5398144976794719,1.5398144976794719,2.2954199263673281
SG-TBL-001,a_times_n1_over_lambda,SG-TBL-001A-1500,SG-006e,exact,E_x_2_2,E_x,2,2,1,0,1,1,found,1.5398144976794719,1.5398144976794719,2.2954199263673281
SG-TBL-001,a_times_n1_over_lambda,SG-TBL-001A-1500,SG-006e,exact,E_y_2_3,E_y,2,3,1,0,1,1,found,2.0678537051379671,2.0678537051379671,3.082574301475534
SG-TBL-001,a_times_n1_over_lambda,SG-TBL-001A-1500,SG-006e,exact,E_x_2_3,E_x,2,3,1,0,1,1,found,2.0152363096177579,2.0152363096177579,3.0041369193540799
SG-TBL-001,a_times_n1_over_lambda,SG-TBL-001A-1500,SG-006e,exact,E_y_2_4,E_y,2,4,1,0,1,1,found,2.6306794202327728,2.6306794202327728,3.9215853404334773
SG-TBL-001,a_times_n1_over_lambda,SG-TBL-001A-1500,SG-006e,exact,E_x_2_4,E_x,2,4,1,0,1,1,found,2.549862747788429,2.549862747788429,3.8011109582328864
SG-TBL-001,a_times_n1_over_lambda,SG-TBL-001A-1500,SG-006e,exact,E_y_3_1,E_y,3,1,1,0,1,1,found,1.6169043901562687,1.6169043901562687,2.4103387530048392
SG-TBL-001,a_times_n1_over_lambda,SG-TBL-001A-1500,SG-006e,exact,E_x_3_1,E_x,3,1,1,0,1,1,found,1.7010515509545798,1.7010515509545798,2.5357779341105924
SG-TBL-001,a_times_n1_over_lambda,SG-TBL-001A-1500,SG-006e,exact,E_y_3_2,E_y,3,2,1,0,1,1,found,2.0152363096177579,2.0152363096177579,3.0041369193540799
SG-TBL-001,a_times_n1_over_lambda,SG-TBL-001A-1500,SG-006e,exact,E_x_3_2,E_x,3,2,1,0,1,1,found,2.0678537051379671,2.0678537051379671,3.082574301475534
SG-TBL-001,a_times_n1_over_lambda,SG-TBL-001A-1500,SG-006e,exact,E_y_3_3,E_y,3,3,1,0,1,1,found,2.4869134637713426,2.4869134637713426,3.7072717061014555
SG-TBL-001,a_times_n1_over_lambda,SG-TBL-001A-1500,SG-006e,exact,E_x_3_3,E_x,3,3,1,0,1,1,found,2.4869134637713426,2.4869134637713426,3.7072717061014555
SG-TBL-001,a_times_n1_over_lambda,SG-TBL-001A-1500,SG-006e,exact,E_y_3_4,E_y,3,4,1,0,1,1,found,3.0058253006637097,3.0058253006637097,4.4808198005151993
SG-TBL-001,a_times_n1_over_lambda,SG-TBL-001A-1500,SG-006e,exact,E_x_3_4,E_x,3,4,1,0,1,1,found,2.9635152116417887,2.9635152116417887,4.4177476437238106
SG-TBL-001,a_times_n1_over_lambda,SG-TBL-001A-1500,SG-006e,exact,E_y_4_1,E_y,4,1,1,0,1,1,found,2.219856865853072,2.219856865853072,3.3091672349114005
SG-TBL-001,a_times_n1_over_lambda,SG-TBL-001A-1500,SG-006e,exact,E_x_4_1,E_x,4,1,1,0,1,1,found,2.3038043910264965,2.3038043910264965,3.4343088167985023
SG-TBL-001,a_times_n1_over_lambda,SG-TBL-001A-1500,SG-006e,exact,E_y_4_2,E_y,4,2,1,0,1,1,found,2.549862747788429,2.549862747788429,3.8011109582328864
SG-TBL-001,a_times_n1_over_lambda,SG-TBL-001A-1500,SG-006e,exact,E_x_4_2,E_x,4,2,1,0,1,1,found,2.6306794202327728,2.6306794202327728,3.9215853404334773
SG-TBL-001,a_times_n1_over_lambda,SG-TBL-001A-1500,SG-006e,exact,E_y_4_3,E_y,4,3,1,0,1,1,found,2.9635152116417887,2.9635152116417887,4.4177476437238106
SG-TBL-001,a_times_n1_over_lambda,SG-TBL-001A-1500,SG-006e,exact,E_x_4_3,E_x,4,3,1,0,1,1,found,3.0058253006637097,3.0058253006637097,4.4808198005151993
SG-TBL-001,a_times_n1_over_lambda,SG-TBL-001A-1500,SG-006e,exact,E_y_4_4,E_y,4,4,1,0,1,1,found,3.4346686947345724,3.4346686947345724,5.1201017877446517
SG-TBL-001,a_times_n1_over_lambda,SG-TBL-001A-1500,SG-006e,exact,E_x_4_4,E_x,4,4,1,0,1,1,found,3.4346686947345724,3.4346686947345724,5.1201017877446517
SG-TBL-001,a_times_n1_over_lambda,SG-TBL-001A-1500,SG-006e,closed_form,E_y_1_2,E_y,1,2,1,0,1,1,found,1.2706818382441996,1.2706818382441996,1.8942206453922819
SG-TBL-001,a_times_n1_over_lambda,SG-TBL-001A-1500,SG-006e,closed_form,E_x_1_2,E_x,1,2,1,0,1,1,found,1.1305838139355182,1.1305838139355182,1.6853748414805285
SG-TBL-001,a_times_n1_over_lambda,SG-TBL-001A-1500,SG-006e,closed_form,E_y_1_3,E_y,1,3,1,0,1,1,found,1.9109840536117551,1.9109840536117551,2.848726831862658
SG-TBL-001,a_times_n1_over_lambda,SG-TBL-001A-1500,SG-006e,closed_form,E_x_1_3,E_x,1,3,1,0,1,1,found,1.7220401082932946,1.7220401082932946,2.5670658280832712
SG-TBL-001,a_times_n1_over_lambda,SG-TBL-001A-1500,SG-006e,closed_form,E_y_1_4,E_y,1,4,1,0,1,1,found,2.5636376059055328,2.5636376059055328,3.8216453043197256
SG-TBL-001,a_times_n1_over_lambda,SG-TBL-001A-1500,SG-006e,closed_form,E_x_1_4,E_x,1,4,1,0,1,1,found,2.3546384742856024,2.3546384742856024,3.510087793959332
SG-TBL-001,a_times_n1_over_lambda,SG-TBL-001A-1500,SG-006e,closed_form,E_y_2_1,E_y,2,1,1,0,1,1,found,1.1305838139355182,1.1305838139355182,1.6853748414805285
SG-TBL-001,a_times_n1_over_lambda,SG-TBL-001A-1500,SG-006e,closed_form,E_x_2_1,E_x,2,1,1,0,1,1,found,1.2706818382441996,1.2706818382441996,1.8942206453922819
SG-TBL-001,a_times_n1_over_lambda,SG-TBL-001A-1500,SG-006e,closed_form,E_y_2_2,E_y,2,2,1,0,1,1,found,1.5999726074934004,1.5999726074934004,2.3850983416618883
SG-TBL-001,a_times_n1_over_lambda,SG-TBL-001A-1500,SG-006e,closed_form,E_x_2_2,E_x,2,2,1,0,1,1,found,1.5999726074934004,1.5999726074934004,2.3850983416618883
SG-TBL-001,a_times_n1_over_lambda,SG-TBL-001A-1500,SG-006e,closed_form,E_y_2_3,E_y,2,3,1,0,1,1,found,2.1629249571263793,2.1629249571263793,3.2242981562436022
SG-TBL-001,a_times_n1_over_lambda,SG-TBL-001A-1500,SG-006e,closed_form,E_x_2_3,E_x,2,3,1,0,1,1,found,2.072414038330316,2.072414038330316,3.0893724448209614
SG-TBL-001,a_times_n1_over_lambda,SG-TBL-001A-1500,SG-006e,closed_form,E_y_2_4,E_y,2,4,1,0,1,1,found,2.7669724491238599,2.7669724491238599,4.1247589920733532
SG-TBL-001,a_times_n1_over_lambda,SG-TBL-001A-1500,SG-006e,closed_form,E_x_2_4,E_x,2,4,1,0,1,1,found,2.6251886956393715,2.6251886956393715,3.9134002514757609
SG-TBL-001,a_times_n1_over_lambda,SG-TBL-001A-1500,SG-006e,closed_form,E_y_3_1,E_y,3,1,1,0,1,1,found,1.7220401082932946,1.7220401082932946,2.5670658280832712
SG-TBL-001,a_times_n1_over_lambda,SG-TBL-001A-1500,SG-006e,closed_form,E_x_3_1,E_x,3,1,1,0,1,1,found,1.9109840536117551,1.9109840536117551,2.848726831862658
SG-TBL-001,a_times_n1_over_lambda,SG-TBL-001A-1500,SG-006e,closed_form,E_y_3_2,E_y,3,2,1,0,1,1,found,2.072414038330316,2.072414038330316,3.0893724448209614
SG-TBL-001,a_times_n1_over_lambda,SG-TBL-001A-1500,SG-006e,closed_form,E_x_3_2,E_x,3,2,1,0,1,1,found,2.1629249571263793,2.1629249571263793,3.2242981562436022
SG-TBL-001,a_times_n1_over_lambda,SG-TBL-001A-1500,SG-006e,closed_form,E_y_3_3,E_y,3,3,1,0,1,1,found,2.545009665340185,2.545009665340185,3.7938764100630964
SG-TBL-001,a_times_n1_over_lambda,SG-TBL-001A-1500,SG-006e,closed_form,E_x_3_3,E_x,3,3,1,0,1,1,found,2.545009665340185,2.545009665340185,3.7938764100630964
SG-TBL-001,a_times_n1_over_lambda,SG-TBL-001A-1500,SG-006e,closed_form,E_y_3_4,E_y,3,4,1,0,1,1,found,3.0845249415934086,3.0845249415934086,4.5981382984642867
SG-TBL-001,a_times_n1_over_lambda,SG-TBL-001A-1500,SG-006e,closed_form,E_x_3_4,E_x,3,4,1,0,1,1,found,3.0183986204862592,3.0183986204862592,4.499562999065911
SG-TBL-001,a_times_n1_over_lambda,SG-TBL-001A-1500,SG-006e,closed_form,E_y_4_1,E_y,4,1,1,0,1,1,found,2.3546384742856024,2.3546384742856024,3.510087793959332
SG-TBL-001,a_times_n1_over_lambda,SG-TBL-001A-1500,SG-006e,closed_form,E_x_4_1,E_x,4,1,1,0,1,1,found,2.5636376059055328,2.5636376059055328,3.8216453043197256
SG-TBL-001,a_times_n1_over_lambda,SG-TBL-001A-1500,SG-006e,closed_form,E_y_4_2,E_y,4,2,1,0,1,1,found,2.6251886956393715,2.6251886956393715,3.9134002514757609
SG-TBL-001,a_times_n1_over_lambda,SG-TBL-001A-1500,SG-006e,closed_form,E_x_4_2,E_x,4,2,1,0,1,1,found,2.7669724491238599,2.7669724491238599,4.1247589920733532
SG-TBL-001,a_times_n1_over_lambda,SG-TBL-001A-1500,SG-006e,closed_form,E_y_4_3,E_y,4,3,1,0,1,1,found,3.0183986204862592,3.0183986204862592,4.499562999065911
SG-TBL-001,a_times_n1_over_lambda,SG-TBL-001A-1500,SG-006e,closed_form,E_x_4_3,E_x,4,3,1,0,1,1,found,3.0845249415934086,3.0845249415934086,4.5981382984642867
SG-TBL-001,a_times_n1_over_lambda,SG-TBL-001A-1500,SG-006e,closed_form,E_y_4_4,E_y,4,4,1,0,1,1,found,3.49185461744666,3.49185461744666,5.2053495281048372
SG-TBL-001,a_times_n1_over_lambda,SG-TBL-001A-1500,SG-006e,closed_form,E_x_4_4,E_x,4,4,1,0,1,1,found,3.49185461744666,3.49185461744666,5.2053495281048372
SG-TBL-001,a_times_n1_over_lambda,SG-TBL-001B-1001,SG-006b,exact,E_y_1_2,E_y,1,2,1,0,1,1,found,14.187027063071728,28.374054126143456,1.2679754928984115
SG-TBL-001,a_times_n1_over_lambda,SG-TBL-001B-1001,SG-006b,exact,E_x_1_2,E_x,1,2,1,0,1,1,found,14.184613557755945,28.36922711551189,1.2677597841682604
SG-TBL-001,a_times_n1_over_lambda,SG-TBL-001B-1001,SG-006b,exact,E_y_1_3,E_y,1,3,1,0,1,1,found,24.312195850014682,48.624391700029364,2.1729195538512256
SG-TBL-001,a_times_n1_over_lambda,SG-TBL-001B-1001,SG-006b,exact,E_x_1_3,E_x,1,3,1,0,1,1,found,24.310146605223412,48.620293210446825,2.1727364011609032
SG-TBL-001,a_times_n1_over_lambda,SG-TBL-001B-1001,SG-006b,exact,E_y_1_4,E_y,1,4,1,0,1,1,found,34.975815438181158,69.951630876362316,3.1259880327703726
SG-TBL-001,a_times_n1_over_lambda,SG-TBL-001B-1001,SG-006b,exact,E_x_1_4,E_x,1,4,1,0,1,1,found,34.974155035912993,69.948310071825986,3.1258396331532414
SG-TBL-001,a_times_n1_over_lambda,SG-TBL-001B-1001,SG-006b,exact,E_y_2_1,E_y,2,1,1,0,1,1,found,10.237058191448451,20.474116382896902,0.91494425494675213
SG-TBL-001,a_times_n1_over_lambda,SG-TBL-001B-1001,SG-006b,exact,E_x_2_1,E_x,2,1,1,0,1,1,found,10.236137483865026,20.472274967730051,0.91486196606080583
SG-TBL-001,a_times_n1_over_lambda,SG-TBL-001B-1001,SG-006b,exact,E_y_2_2,E_y,2,2,1,0,1,1,found,17.703062577098603,35.406125154197206,1.5822236327043324
SG-TBL-001,a_times_n1_over_lambda,SG-TBL-001B-1001,SG-006b,exact,E_x_2_2,E_x,2,2,1,0,1,1,found,17.700342914164061,35.400685828328122,1.5819805609223014
SG-TBL-001,a_times_n1_over_lambda,SG-TBL-001B-1001,SG-006b,exact,E_y_2_3,E_y,2,3,1,0,1,1,found,26.920050916075702,53.840101832151404,2.4059984292276981
SG-TBL-001,a_times_n1_over_lambda,SG-TBL-001B-1001,SG-006b,exact,E_x_2_3,E_x,2,3,1,0,1,1,found,26.91707574933767,53.83415149867534,2.4057325216140497
SG-TBL-001,a_times_n1_over_lambda,SG-TBL-001B-1001,SG-006b,exact,E_y_2_4,E_y,2,4,1,0,1,1,found,36.991153459399939,73.982306918799878,3.3061102817412928
SG-TBL-001,a_times_n1_over_lambda,SG-TBL-001B-1001,SG-006b,exact,E_x_2_4,E_x,2,4,1,0,1,1,found,36.988438265919683,73.976876531839366,3.3058676094198733
SG-TBL-001,a_times_n1_over_lambda,SG-TBL-001B-1001,SG-006b,exact,E_y_3_1,E_y,3,1,1,0,1,1,found,15.03865103647113,30.07730207294226,1.3440899827513271
SG-TBL-001,a_times_n1_over_lambda,SG-TBL-001B-1001,SG-006b,exact,E_x_3_1,E_x,3,1,1,0,1,1,found,15.038397022485734,30.076794044971468,1.3440672800732463
SG-TBL-001,a_times_n1_over_lambda,SG-TBL-001B-1001,SG-006b,exact,E_y_3_2,E_y,3,2,1,0,1,1,found,21.640762796700002,43.281525593400005,1.9341583512777261
SG-TBL-001,a_times_n1_over_lambda,SG-TBL-001B-1001,SG-006b,exact,E_x_3_2,E_x,3,2,1,0,1,1,found,21.63852732464672,43.27705464929344,1.9339585543952629
SG-TBL-001,a_times_n1_over_lambda,SG-TBL-001B-1001,SG-006b,exact,E_y_3_3,E_y,3,3,1,0,1,1,found,30.057648051679131,60.115296103358261,2.6864233735692093
SG-TBL-001,a_times_n1_over_lambda,SG-TBL-001B-1001,SG-006b,exact,E_x_3_3,E_x,3,3,1,0,1,1,found,30.054529117494813,60.109058234989625,2.6861446166392273
SG-TBL-001,a_times_n1_over_lambda,SG-TBL-001B-1001,SG-006b,exact,E_y_3_4,E_y,3,4,1,0,1,1,found,39.522190524786708,79.044381049573417,3.5323234944362629
SG-TBL-001,a_times_n1_over_lambda,SG-TBL-001B-1001,SG-006b,exact,E_x_3_4,E_x,3,4,1,0,1,1,found,39.518971772789968,79.037943545579935,3.5320358162192949
SG-TBL-001,a_times_n1_over_lambda,SG-TBL-001B-1001,SG-006b,exact,E_y_4_1,E_y,4,1,1,0,1,1,found,20.035343010276559,40.070686020553119,1.7906728320107754
SG-TBL-001,a_times_n1_over_lambda,SG-TBL-001B-1001,SG-006b,exact,E_x_4_1,E_x,4,1,1,0,1,1,found,20.035525512993338,40.071051025986677,1.7906891433190739
SG-TBL-001,a_times_n1_over_lambda,SG-TBL-001B-1001,SG-006b,exact,E_y_4_2,E_y,4,2,1,0,1,1,found,25.911351696252822,51.822703392505645,2.315845229071313
SG-TBL-001,a_times_n1_over_lambda,SG-TBL-001B-1001,SG-006b,exact,E_x_4_2,E_x,4,2,1,0,1,1,found,25.909769509434696,51.819539018869392,2.315703820014881
SG-TBL-001,a_times_n1_over_lambda,SG-TBL-001B-1001,SG-006b,exact,E_y_4_3,E_y,4,3,1,0,1,1,found,33.61601898163557,67.232037963271139,3.004455270862989
SG-TBL-001,a_times_n1_over_lambda,SG-TBL-001B-1001,SG-006b,exact,E_x_4_3,E_x,4,3,1,0,1,1,found,33.613186092525723,67.226372185051446,3.0042020794121358
SG-TBL-001,a_times_n1_over_lambda,SG-TBL-001B-1001,SG-006b,exact,E_y_4_4,E_y,4,4,1,0,1,1,found,42.488370680063966,84.976741360127932,3.7974279259491217
SG-TBL-001,a_times_n1_over_lambda,SG-TBL-001B-1001,SG-006b,exact,E_x_4_4,E_x,4,4,1,0,1,1,found,42.485061049163356,84.970122098326712,3.7971321253663879
SG-TBL-001,a_times_n1_over_lambda,SG-TBL-001B-1001,SG-006b,closed_form,E_y_1_2,E_y,1,2,1,0,1,1,found,16.221010902673004,32.442021805346009,1.4497642249632834
SG-TBL-001,a_times_n1_over_lambda,SG-TBL-001B-1001,SG-006b,closed_form,E_x_1_2,E_x,1,2,1,0,1,1,found,16.208773536831142,32.417547073662284,1.4486705018092969
SG-TBL-001,a_times_n1_over_lambda,SG-TBL-001B-1001,SG-006b,closed_form,E_y_1_3,E_y,1,3,1,0,1,1,found,27.033066282123325,54.066132564246651,2.4160992568240833
SG-TBL-001,a_times_n1_over_lambda,SG-TBL-001B-1001,SG-006b,closed_form,E_x_1_3,E_x,1,3,1,0,1,1,found,27.019635571986431,54.039271143972861,2.4148988776868547
SG-TBL-001,a_times_n1_over_lambda,SG-TBL-001B-1001,SG-006b,closed_form,E_y_1_4,E_y,1,4,1,0,1,1,found,38.056070965081446,76.112141930162892,3.4012880306212825
SG-TBL-001,a_times_n1_over_lambda,SG-TBL-001B-1001,SG-006b,closed_form,E_x_1_4,E_x,1,4,1,0,1,1,found,38.042264075875281,76.084528151750561,3.4000540302159301
SG-TBL-001,a_times_n1_over_lambda,SG-TBL-001B-1001,SG-006b,closed_form,E_y_2_1,E_y,2,1,1,0,1,1,found,10.778913227021693,21.557826454043386,0.96337292874542668
SG-TBL-001,a_times_n1_over_lambda,SG-TBL-001B-1001,SG-006b,closed_form,E_x_2_1,E_x,2,1,1,0,1,1,found,10.778779143393038,21.557558286786076,0.96336094492708491
SG-TBL-001,a_times_n1_over_lambda,SG-TBL-001B-1001,SG-006b,closed_form,E_y_2_2,E_y,2,2,1,0,1,1,found,18.75435718610883,37.508714372217661,1.6761838256408057
SG-TBL-001,a_times_n1_over_lambda,SG-TBL-001B-1001,SG-006b,closed_form,E_x_2_2,E_x,2,2,1,0,1,1,found,18.746115512400873,37.492231024801747,1.6754472202734023
SG-TBL-001,a_times_n1_over_lambda,SG-TBL-001B-1001,SG-006b,closed_form,E_y_2_3,E_y,2,3,1,0,1,1,found,28.681427840441454,57.362855680882909,2.5634227270685024
SG-TBL-001,a_times_n1_over_lambda,SG-TBL-001B-1001,SG-006b,closed_form,E_x_2_3,E_x,2,3,1,0,1,1,found,28.670021048188204,57.340042096376408,2.5624032370114662
SG-TBL-001,a_times_n1_over_lambda,SG-TBL-001B-1001,SG-006b,closed_form,E_y_2_4,E_y,2,4,1,0,1,1,found,39.257082608938219,78.514165217876439,3.5086292885413402
SG-TBL-001,a_times_n1_over_lambda,SG-TBL-001B-1001,SG-006b,closed_form,E_x_2_4,E_x,2,4,1,0,1,1,found,39.244427349120386,78.488854698240772,3.5074982158201893
SG-TBL-001,a_times_n1_over_lambda,SG-TBL-001B-1001,SG-006b,closed_form,E_y_3_1,E_y,3,1,1,0,1,1,found,15.698488491624595,31.396976983249189,1.4030634180391779
SG-TBL-001,a_times_n1_over_lambda,SG-TBL-001B-1001,SG-006b,closed_form,E_x_3_1,E_x,3,1,1,0,1,1,found,15.701100887656214,31.402201775312427,1.4032969027665354
SG-TBL-001,a_times_n1_over_lambda,SG-TBL-001B-1001,SG-006b,closed_form,E_y_3_2,E_y,3,2,1,0,1,1,found,22.301894903779036,44.603789807558073,1.9932474969893434
SG-TBL-001,a_times_n1_over_lambda,SG-TBL-001B-1001,SG-006b,closed_form,E_x_3_2,E_x,3,2,1,0,1,1,found,22.297336060404781,44.594672120809562,1.9928400471657253
SG-TBL-001,a_times_n1_over_lambda,SG-TBL-001B-1001,SG-006b,closed_form,E_y_3_3,E_y,3,3,1,0,1,1,found,31.21555404365062,62.43110808730124,2.7899120336227119
SG-TBL-001,a_times_n1_over_lambda,SG-TBL-001B-1001,SG-006b,closed_form,E_x_3_3,E_x,3,3,1,0,1,1,found,31.206681431978939,62.413362863957879,2.7891190377323345
SG-TBL-001,a_times_n1_over_lambda,SG-TBL-001B-1001,SG-006b,closed_form,E_y_3_4,E_y,3,4,1,0,1,1,found,41.172879178971044,82.345758357942088,3.6798549505056801
SG-TBL-001,a_times_n1_over_lambda,SG-TBL-001B-1001,SG-006b,closed_form,E_x_3_4,E_x,3,4,1,0,1,1,found,41.161861974149943,82.323723948299886,3.6788702800986042
SG-TBL-001,a_times_n1_over_lambda,SG-TBL-001B-1001,SG-006b,closed_form,E_y_4_1,E_y,4,1,1,0,1,1,found,20.855563852936033,41.711127705872066,1.8639806450312937
SG-TBL-001,a_times_n1_over_lambda,SG-TBL-001B-1001,SG-006b,closed_form,E_x_4_1,E_x,4,1,1,0,1,1,found,20.859634780883788,41.719269561767575,1.8643444870715016
SG-TBL-001,a_times_n1_over_lambda,SG-TBL-001B-1001,SG-006b,closed_form,E_y_4_2,E_y,4,2,1,0,1,1,found,26.459520580917594,52.919041161835189,2.3648382075603447
SG-TBL-001,a_times_n1_over_lambda,SG-TBL-001B-1001,SG-006b,closed_form,E_x_4_2,E_x,4,2,1,0,1,1,found,26.457740248292684,52.915480496585367,2.364679089083475
SG-TBL-001,a_times_n1_over_lambda,SG-TBL-001B-1001,SG-006b,closed_form,E_y_4_3,E_y,4,3,1,0,1,1,found,34.428211194574821,68.856422389149643,3.0770455194719117
SG-TBL-001,a_times_n1_over_lambda,SG-TBL-001B-1001,SG-006b,closed_form,E_x_4_3,E_x,4,3,1,0,1,1,found,34.421831048578014,68.843662097156027,3.0764752894491525
SG-TBL-001,a_times_n1_over_lambda,SG-TBL-001B-1001,SG-006b,closed_form,E_y_4_4,E_y,4,4,1,0,1,1,found,43.702054716646678,87.404109433293357,3.9059017878560072
SG-TBL-001,a_times_n1_over_lambda,SG-TBL-001B-1001,SG-006b,closed_form,E_x_4_4,E_x,4,4,1,0,1,1,found,43.692889355719082,87.385778711438164,3.9050826272955819
SG-TBL-001,a_times_n1_over_lambda,SG-TBL-001B-1010,SG-006b,exact,E_y_1_2,E_y,1,2,1,0,1,1,found,4.5270077922940253,9.0540155845880506,1.2709190593063653
SG-TBL-001,a_times_n1_over_lambda,SG-TBL-001B-1010,SG-006b,exact,E_x_1_2,E_x,1,2,1,0,1,1,found,4.5192756363749513,9.0385512727499027,1.2687483220825844
SG-TBL-001,a_times_n1_over_lambda,SG-TBL-001B-1010,SG-006b,exact,E_y_1_3,E_y,1,3,1,0,1,1,found,7.7474693553149692,15.494938710629938,2.1750363411838096
SG-TBL-001,a_times_n1_over_lambda,SG-TBL-001B-1010,SG-006b,exact,E_x_1_3,E_x,1,3,1,0,1,1,found,7.7409022371470932,15.481804474294186,2.1731926784318976
SG-TBL-001,a_times_n1_over_lambda,SG-TBL-001B-1010,SG-006b,exact,E_y_1_4,E_y,1,4,1,0,1,1,found,11.140439190417528,22.280878380835055,3.1275838579836979
SG-TBL-001,a_times_n1_over_lambda,SG-TBL-001B-1010,SG-006b,exact,E_x_1_4,E_x,1,4,1,0,1,1,found,11.13511830508709,22.27023661017418,3.1260900645357728
SG-TBL-001,a_times_n1_over_lambda,SG-TBL-001B-1010,SG-006b,exact,E_y_2_1,E_y,2,1,1,0,1,1,found,3.2699633449316026,6.5399266898632051,0.91801448749016168
SG-TBL-001,a_times_n1_over_lambda,SG-TBL-001B-1010,SG-006b,exact,E_x_2_1,E_x,2,1,1,0,1,1,found,3.2670537301897999,6.5341074603795999,0.91719763781809138
SG-TBL-001,a_times_n1_over_lambda,SG-TBL-001B-1010,SG-006b,exact,E_y_2_2,E_y,2,2,1,0,1,1,found,5.6497175766527672,11.299435153305534,1.586110313326321
SG-TBL-001,a_times_n1_over_lambda,SG-TBL-001B-1010,SG-006b,exact,E_x_2_2,E_x,2,2,1,0,1,1,found,5.6410304473340513,11.282060894668103,1.5836714754165191
SG-TBL-001,a_times_n1_over_lambda,SG-TBL-001B-1010,SG-006b,exact,E_y_2_3,E_y,2,3,1,0,1,1,found,8.5822881805896749,17.16457636117935,2.4094046490792391
SG-TBL-001,a_times_n1_over_lambda,SG-TBL-001B-1010,SG-006b,exact,E_x_2_3,E_x,2,3,1,0,1,1,found,8.5727615387737757,17.145523077547551,2.4067301251529449
SG-TBL-001,a_times_n1_over_lambda,SG-TBL-001B-1010,SG-006b,exact,E_y_2_4,E_y,2,4,1,0,1,1,found,11.786362489461897,23.572724978923794,3.3089213482798083
SG-TBL-001,a_times_n1_over_lambda,SG-TBL-001B-1010,SG-006b,exact,E_x_2_4,E_x,2,4,1,0,1,1,found,11.777667166143658,23.555334332287316,3.3064802099741066
SG-TBL-001,a_times_n1_over_lambda,SG-TBL-001B-1010,SG-006b,exact,E_y_3_1,E_y,3,1,1,0,1,1,found,4.7960488279163833,9.5920976558327666,1.3464500492220484
SG-TBL-001,a_times_n1_over_lambda,SG-TBL-001B-1010,SG-006b,exact,E_x_3_1,E_x,3,1,1,0,1,1,found,4.7952830614149562,9.5905661228299124,1.3462350667686718
SG-TBL-001,a_times_n1_over_lambda,SG-TBL-001B-1010,SG-006b,exact,E_y_3_2,E_y,3,2,1,0,1,1,found,6.9032602065801623,13.806520413160325,1.9380317795848176
SG-TBL-001,a_times_n1_over_lambda,SG-TBL-001B-1010,SG-006b,exact,E_x_3_2,E_x,3,2,1,0,1,1,found,6.896146325170994,13.792292650341988,1.9360346176881786
SG-TBL-001,a_times_n1_over_lambda,SG-TBL-001B-1010,SG-006b,exact,E_y_3_3,E_y,3,3,1,0,1,1,found,9.5832396014034735,19.166479202806947,2.690413274758543
SG-TBL-001,a_times_n1_over_lambda,SG-TBL-001B-1010,SG-006b,exact,E_x_3_3,E_x,3,3,1,0,1,1,found,9.5732742081582565,19.146548416316513,2.6876155750880479
SG-TBL-001,a_times_n1_over_lambda,SG-TBL-001B-1010,SG-006b,exact,E_y_3_4,E_y,3,4,1,0,1,1,found,12.594960516244175,25.18992103248835,3.5359283892891979
SG-TBL-001,a_times_n1_over_lambda,SG-TBL-001B-1010,SG-006b,exact,E_x_3_4,E_x,3,4,1,0,1,1,found,12.584659913927318,25.169319827854636,3.533036582513625
SG-TBL-001,a_times_n1_over_lambda,SG-TBL-001B-1010,SG-006b,exact,E_y_4_1,E_y,4,1,1,0,1,1,found,6.3847103954851647,12.769420790970329,1.792453316202852
SG-TBL-001,a_times_n1_over_lambda,SG-TBL-001B-1010,SG-006b,exact,E_x_4_1,E_x,4,1,1,0,1,1,found,6.3853450579941278,12.770690115988256,1.7926314923217981
SG-TBL-001,a_times_n1_over_lambda,SG-TBL-001B-1010,SG-006b,exact,E_y_4_2,E_y,4,2,1,0,1,1,found,8.2614871397614458,16.522974279522892,2.3193424765051316
SG-TBL-001,a_times_n1_over_lambda,SG-TBL-001B-1010,SG-006b,exact,E_x_4_2,E_x,4,2,1,0,1,1,found,8.2564828407764423,16.512965681552885,2.3179375619897788
SG-TBL-001,a_times_n1_over_lambda,SG-TBL-001B-1010,SG-006b,exact,E_y_4_3,E_y,4,3,1,0,1,1,found,10.716470481157302,21.432940962314603,3.0085582371165218
SG-TBL-001,a_times_n1_over_lambda,SG-TBL-001B-1010,SG-006b,exact,E_x_4_3,E_x,4,3,1,0,1,1,found,10.707439203858378,21.414878407716756,3.0060227825788424
SG-TBL-001,a_times_n1_over_lambda,SG-TBL-001B-1010,SG-006b,exact,E_y_4_4,E_y,4,4,1,0,1,1,found,13.540778983682394,27.081557967364787,3.8014589057060992
SG-TBL-001,a_times_n1_over_lambda,SG-TBL-001B-1010,SG-006b,exact,E_x_4_4,E_x,4,4,1,0,1,1,found,13.530201275199648,27.060402550399296,3.7984893037236613
SG-TBL-001,a_times_n1_over_lambda,SG-TBL-001B-1010,SG-006b,closed_form,E_y_1_2,E_y,1,2,1,0,1,1,found,5.2005046446621428,10.401009289324286,1.4599975909392291
SG-TBL-001,a_times_n1_over_lambda,SG-TBL-001B-1010,SG-006b,closed_form,E_x_1_2,E_x,1,2,1,0,1,1,found,5.1620375414192683,10.324075082838537,1.4491982778143668
SG-TBL-001,a_times_n1_over_lambda,SG-TBL-001B-1010,SG-006b,closed_form,E_y_1_3,E_y,1,3,1,0,1,1,found,8.644803927540778,17.289607855081556,2.4269554150492421
SG-TBL-001,a_times_n1_over_lambda,SG-TBL-001B-1010,SG-006b,closed_form,E_x_1_3,E_x,1,3,1,0,1,1,found,8.6026085545122619,17.205217109024524,2.4151094217890208
SG-TBL-001,a_times_n1_over_lambda,SG-TBL-001B-1010,SG-006b,closed_form,E_y_1_4,E_y,1,4,1,0,1,1,found,12.154742361009124,24.309484722018247,3.4123408742216785
SG-TBL-001,a_times_n1_over_lambda,SG-TBL-001B-1010,SG-006b,closed_form,E_x_1_4,E_x,1,4,1,0,1,1,found,12.111371521502733,24.222743043005465,3.4001648787129857
SG-TBL-001,a_times_n1_over_lambda,SG-TBL-001B-1010,SG-006b,closed_form,E_y_2_1,E_y,2,1,1,0,1,1,found,3.4452873732149598,6.8905747464299196,0.9672352220952537
SG-TBL-001,a_times_n1_over_lambda,SG-TBL-001B-1010,SG-006b,closed_form,E_x_2_1,E_x,2,1,1,0,1,1,found,3.4447800901532162,6.8895601803064324,0.96709280667623654
SG-TBL-001,a_times_n1_over_lambda,SG-TBL-001B-1010,SG-006b,closed_form,E_y_2_2,E_y,2,2,1,0,1,1,found,5.9995291003584867,11.999058200716973,1.684316933027612
SG-TBL-001,a_times_n1_over_lambda,SG-TBL-001B-1010,SG-006b,closed_form,E_x_2_2,E_x,2,2,1,0,1,1,found,5.9735876427590853,11.947175285518171,1.6770340887291355
SG-TBL-001,a_times_n1_over_lambda,SG-TBL-001B-1010,SG-006b,closed_form,E_y_2_3,E_y,2,3,1,0,1,1,found,9.1657828870415692,18.331565774083138,2.5732158412526678
SG-TBL-001,a_times_n1_over_lambda,SG-TBL-001B-1010,SG-006b,closed_form,E_x_2_3,E_x,2,3,1,0,1,1,found,9.129928179830312,18.259856359660624,2.5631499361667069
SG-TBL-001,a_times_n1_over_lambda,SG-TBL-001B-1010,SG-006b,closed_form,E_y_2_4,E_y,2,4,1,0,1,1,found,12.534934255331752,25.069868510663504,3.5190765254195675
SG-TBL-001,a_times_n1_over_lambda,SG-TBL-001B-1010,SG-006b,closed_form,E_x_2_4,E_x,2,4,1,0,1,1,found,12.495173989981414,24.990347979962827,3.5079141679960086
SG-TBL-001,a_times_n1_over_lambda,SG-TBL-001B-1010,SG-006b,closed_form,E_y_3_1,E_y,3,1,1,0,1,1,found,5.006241303831338,10.012482607662676,1.4054598048972731
SG-TBL-001,a_times_n1_over_lambda,SG-TBL-001B-1010,SG-006b,closed_form,E_x_3_1,E_x,3,1,1,0,1,1,found,5.0143988028168689,10.028797605633738,1.4077499535810531
SG-TBL-001,a_times_n1_over_lambda,SG-TBL-001B-1010,SG-006b,closed_form,E_y_3_2,E_y,3,2,1,0,1,1,found,7.1219833809137327,14.243966761827465,1.9994364565208076
SG-TBL-001,a_times_n1_over_lambda,SG-TBL-001B-1010,SG-006b,closed_form,E_x_3_2,E_x,3,2,1,0,1,1,found,7.1076044015586355,14.215208803117271,1.9953996799667946
SG-TBL-001,a_times_n1_over_lambda,SG-TBL-001B-1010,SG-006b,closed_form,E_y_3_3,E_y,3,3,1,0,1,1,found,9.9677810196578527,19.935562039315705,2.7983700179265365
SG-TBL-001,a_times_n1_over_lambda,SG-TBL-001B-1010,SG-006b,closed_form,E_x_3_3,E_x,3,3,1,0,1,1,found,9.9398789614439025,19.879757922887805,2.7905367516268083
SG-TBL-001,a_times_n1_over_lambda,SG-TBL-001B-1010,SG-006b,closed_form,E_y_3_4,E_y,3,4,1,0,1,1,found,13.141768452078107,26.283536904156215,3.6894400816291748
SG-TBL-001,a_times_n1_over_lambda,SG-TBL-001B-1010,SG-006b,closed_form,E_x_3_4,E_x,3,4,1,0,1,1,found,13.107144334614279,26.214288669228559,3.6797196541822972
SG-TBL-001,a_times_n1_over_lambda,SG-TBL-001B-1010,SG-006b,closed_form,E_y_4_1,E_y,4,1,1,0,1,1,found,6.6452535086870199,13.29050701737404,1.8655985864413771
SG-TBL-001,a_times_n1_over_lambda,SG-TBL-001B-1010,SG-006b,closed_form,E_x_4_1,E_x,4,1,1,0,1,1,found,6.6580130557715886,13.316026111543177,1.8691807211144162
SG-TBL-001,a_times_n1_over_lambda,SG-TBL-001B-1010,SG-006b,closed_form,E_y_4_2,E_y,4,2,1,0,1,1,found,8.4403450165689016,16.880690033137803,2.3695553091246384
SG-TBL-001,a_times_n1_over_lambda,SG-TBL-001B-1010,SG-006b,closed_form,E_x_4_2,E_x,4,2,1,0,1,1,found,8.4347045652568333,16.869409130513667,2.3679718002365382
SG-TBL-001,a_times_n1_over_lambda,SG-TBL-001B-1010,SG-006b,closed_form,E_y_4_3,E_y,4,3,1,0,1,1,found,10.9858653485775,21.971730697154999,3.0841885623097869
SG-TBL-001,a_times_n1_over_lambda,SG-TBL-001B-1010,SG-006b,closed_form,E_x_4_3,E_x,4,3,1,0,1,1,found,10.965787070095537,21.931574140191074,3.0785517558425601
SG-TBL-001,a_times_n1_over_lambda,SG-TBL-001B-1010,SG-006b,closed_form,E_y_4_4,E_y,4,4,1,0,1,1,found,13.943469365984203,27.886938731968407,3.9145108166698739
SG-TBL-001,a_times_n1_over_lambda,SG-TBL-001B-1010,SG-006b,closed_form,E_x_4_4,E_x,4,4,1,0,1,1,found,13.914657028913499,27.829314057826998,3.9064219972981351
SG-TBL-001,a_times_n1_over_lambda,SG-TBL-001B-1050,SG-006b,exact,E_y_1_2,E_y,1,2,1,0,1,1,found,2.1056786967813963,4.2113573935627926,1.2840878380578067
SG-TBL-001,a_times_n1_over_lambda,SG-TBL-001B-1050,SG-006b,exact,E_x_1_2,E_x,1,2,1,0,1,1,found,2.0873867101967321,4.1747734203934641,1.272932993995801
SG-TBL-001,a_times_n1_over_lambda,SG-TBL-001B-1050,SG-006b,exact,E_y_1_3,E_y,1,3,1,0,1,1,found,3.5823491482436651,7.1646982964873303,2.1845930150538981
SG-TBL-001,a_times_n1_over_lambda,SG-TBL-001B-1050,SG-006b,exact,E_x_1_3,E_x,1,3,1,0,1,1,found,3.5667984269559376,7.1335968539118753,2.1751098531122781
SG-TBL-001,a_times_n1_over_lambda,SG-TBL-001B-1050,SG-006b,exact,E_y_1_4,E_y,1,4,1,0,1,1,found,5.1405469153821457,10.281093830764291,3.134815290242293
SG-TBL-001,a_times_n1_over_lambda,SG-TBL-001B-1050,SG-006b,exact,E_x_1_4,E_x,1,4,1,0,1,1,found,5.1279572075605397,10.255914415121079,3.1271378175475579
SG-TBL-001,a_times_n1_over_lambda,SG-TBL-001B-1050,SG-006b,exact,E_y_2_1,E_y,2,1,1,0,1,1,found,1.5272776784002779,3.0545553568005559,0.93136654474809411
SG-TBL-001,a_times_n1_over_lambda,SG-TBL-001B-1050,SG-006b,exact,E_x_2_1,E_x,2,1,1,0,1,1,found,1.520786540955305,3.0415730819106099,0.92740811050976912
SG-TBL-001,a_times_n1_over_lambda,SG-TBL-001B-1050,SG-006b,exact,E_y_2_2,E_y,2,2,1,0,1,1,found,2.6290711615979667,5.2581423231959334,1.6032637406441592
SG-TBL-001,a_times_n1_over_lambda,SG-TBL-001B-1050,SG-006b,exact,E_x_2_2,E_x,2,2,1,0,1,1,found,2.6087835636734957,5.2175671273469915,1.5908919301689712
SG-TBL-001,a_times_n1_over_lambda,SG-TBL-001B-1050,SG-006b,exact,E_y_2_3,E_y,2,3,1,0,1,1,found,3.975964303612709,7.9519286072254181,2.4246279428219384
SG-TBL-001,a_times_n1_over_lambda,SG-TBL-001B-1050,SG-006b,exact,E_x_2_3,E_x,2,3,1,0,1,1,found,3.9535261532664294,7.9070523065328588,2.4109446795528497
SG-TBL-001,a_times_n1_over_lambda,SG-TBL-001B-1050,SG-006b,exact,E_y_2_4,E_y,2,4,1,0,1,1,found,5.4467991375923148,10.89359827518463,3.3215744356519701
SG-TBL-001,a_times_n1_over_lambda,SG-TBL-001B-1050,SG-006b,exact,E_x_2_4,E_x,2,4,1,0,1,1,found,5.4262649747729306,10.852529949545861,3.3090522646382374
SG-TBL-001,a_times_n1_over_lambda,SG-TBL-001B-1050,SG-006b,exact,E_y_3_1,E_y,3,1,1,0,1,1,found,2.2246443963050844,4.4492887926101687,1.356635662252405
SG-TBL-001,a_times_n1_over_lambda,SG-TBL-001B-1050,SG-006b,exact,E_x_3_1,E_x,3,1,1,0,1,1,found,2.2233221827447407,4.4466443654894814,1.3558293481861861
SG-TBL-001,a_times_n1_over_lambda,SG-TBL-001B-1050,SG-006b,exact,E_y_3_2,E_y,3,2,1,0,1,1,found,3.2057804915308958,6.4115609830617917,1.9549534062105587
SG-TBL-001,a_times_n1_over_lambda,SG-TBL-001B-1050,SG-006b,exact,E_x_3_2,E_x,3,2,1,0,1,1,found,3.1894491055607794,6.3788982111215589,1.9449941782737854
SG-TBL-001,a_times_n1_over_lambda,SG-TBL-001B-1050,SG-006b,exact,E_y_3_3,E_y,3,3,1,0,1,1,found,4.4407681819796565,8.881536363959313,2.7080752741766232
SG-TBL-001,a_times_n1_over_lambda,SG-TBL-001B-1050,SG-006b,exact,E_x_3_3,E_x,3,3,1,0,1,1,found,4.4174808353185657,8.8349616706371314,2.6938741528593724
SG-TBL-001,a_times_n1_over_lambda,SG-TBL-001B-1050,SG-006b,exact,E_y_3_4,E_y,3,4,1,0,1,1,found,5.8247108653187745,11.649421730637549,3.5520330778820095
SG-TBL-001,a_times_n1_over_lambda,SG-TBL-001B-1050,SG-006b,exact,E_x_3_4,E_x,3,4,1,0,1,1,found,5.8004871679842473,11.600974335968495,3.5372609499274428
SG-TBL-001,a_times_n1_over_lambda,SG-TBL-001B-1050,SG-006b,exact,E_y_4_1,E_y,4,1,1,0,1,1,found,2.9518313132226464,5.9036626264452927,1.8000897739532533
SG-TBL-001,a_times_n1_over_lambda,SG-TBL-001B-1050,SG-006b,exact,E_x_4_1,E_x,4,1,1,0,1,1,found,2.9538135161995891,5.9076270323991782,1.8012985636604124
SG-TBL-001,a_times_n1_over_lambda,SG-TBL-001B-1050,SG-006b,exact,E_y_4_2,E_y,4,2,1,0,1,1,found,3.8281736035645011,7.6563472071290022,2.3345020177223335
SG-TBL-001,a_times_n1_over_lambda,SG-TBL-001B-1050,SG-006b,exact,E_x_4_2,E_x,4,2,1,0,1,1,found,3.8169724062085146,7.6339448124170293,2.3276712883624873
SG-TBL-001,a_times_n1_over_lambda,SG-TBL-001B-1050,SG-006b,exact,E_y_4_3,E_y,4,3,1,0,1,1,found,4.9630395586788634,9.9260791173577267,3.0265675132871102
SG-TBL-001,a_times_n1_over_lambda,SG-TBL-001B-1050,SG-006b,exact,E_x_4_3,E_x,4,3,1,0,1,1,found,4.9421537987887856,9.8843075975775712,3.0138309308709803
SG-TBL-001,a_times_n1_over_lambda,SG-TBL-001B-1050,SG-006b,exact,E_y_4_4,E_y,4,4,1,0,1,1,found,6.2630362066626546,12.526072413325309,3.819333231885822
SG-TBL-001,a_times_n1_over_lambda,SG-TBL-001B-1050,SG-006b,exact,E_x_4_4,E_x,4,4,1,0,1,1,found,6.2383044813573356,12.476608962714671,3.8042512976252478
SG-TBL-001,a_times_n1_over_lambda,SG-TBL-001B-1050,SG-006b,closed_form,E_y_1_2,E_y,1,2,1,0,1,1,found,2.4638749167323111,4.9277498334646221,1.5025235426030001
SG-TBL-001,a_times_n1_over_lambda,SG-TBL-001B-1050,SG-006b,closed_form,E_x_1_2,E_x,1,2,1,0,1,1,found,2.3800927613675587,4.7601855227351173,1.4514313950143896
SG-TBL-001,a_times_n1_over_lambda,SG-TBL-001B-1050,SG-006b,closed_form,E_y_1_3,E_y,1,3,1,0,1,1,found,4.0535249786078928,8.1070499572157857,2.4719260988155871
SG-TBL-001,a_times_n1_over_lambda,SG-TBL-001B-1050,SG-006b,closed_form,E_x_1_3,E_x,1,3,1,0,1,1,found,3.9618065622448917,7.9236131244897834,2.4159942497838833
SG-TBL-001,a_times_n1_over_lambda,SG-TBL-001B-1050,SG-006b,closed_form,E_y_1_4,E_y,1,4,1,0,1,1,found,5.6706688885390761,11.341337777078152,3.4580949907296139
SG-TBL-001,a_times_n1_over_lambda,SG-TBL-001B-1050,SG-006b,closed_form,E_x_1_4,E_x,1,4,1,0,1,1,found,5.5764341694116588,11.152868338823318,3.4006286465341433
SG-TBL-001,a_times_n1_over_lambda,SG-TBL-001B-1050,SG-006b,closed_form,E_y_2_1,E_y,2,1,1,0,1,1,found,1.6133340410888195,3.226668082177639,0.98384555253060024
SG-TBL-001,a_times_n1_over_lambda,SG-TBL-001B-1050,SG-006b,closed_form,E_x_2_1,E_x,2,1,1,0,1,1,found,1.6114337781071661,3.2228675562143323,0.98268673158247444
SG-TBL-001,a_times_n1_over_lambda,SG-TBL-001B-1050,SG-006b,closed_form,E_y_2_2,E_y,2,2,1,0,1,1,found,2.8178020629286764,5.6356041258573528,1.7183558748025607
SG-TBL-001,a_times_n1_over_lambda,SG-TBL-001B-1050,SG-006b,closed_form,E_x_2_2,E_x,2,2,1,0,1,1,found,2.760971461832523,5.5219429236650459,1.6836993605828789
SG-TBL-001,a_times_n1_over_lambda,SG-TBL-001B-1050,SG-006b,closed_form,E_y_2_3,E_y,2,3,1,0,1,1,found,4.2863239543139926,8.5726479086279852,2.6138918858435174
SG-TBL-001,a_times_n1_over_lambda,SG-TBL-001B-1050,SG-006b,closed_form,E_x_2_3,E_x,2,3,1,0,1,1,found,4.2082485471665851,8.4164970943331703,2.5662798351908505
SG-TBL-001,a_times_n1_over_lambda,SG-TBL-001B-1050,SG-006b,closed_form,E_y_2_4,E_y,2,4,1,0,1,1,found,5.8416687197983279,11.683337439596656,3.5623743396946659
SG-TBL-001,a_times_n1_over_lambda,SG-TBL-001B-1050,SG-006b,closed_form,E_x_2_4,E_x,2,4,1,0,1,1,found,5.7552145756781101,11.51042915135622,3.5096527563001243
SG-TBL-001,a_times_n1_over_lambda,SG-TBL-001B-1050,SG-006b,closed_form,E_y_3_1,E_y,3,1,1,0,1,1,found,2.3215466347336768,4.6430932694673537,1.4157287166851302
SG-TBL-001,a_times_n1_over_lambda,SG-TBL-001B-1050,SG-006b,closed_form,E_x_3_1,E_x,3,1,1,0,1,1,found,2.3388166061043734,4.6776332122087467,1.4262603140435568
SG-TBL-001,a_times_n1_over_lambda,SG-TBL-001B-1050,SG-006b,closed_form,E_y_3_2,E_y,3,2,1,0,1,1,found,3.3213881410658352,6.6427762821316705,2.0254534198076835
SG-TBL-001,a_times_n1_over_lambda,SG-TBL-001B-1050,SG-006b,closed_form,E_x_3_2,E_x,3,2,1,0,1,1,found,3.2896416072547439,6.5792832145094877,2.0060937055124191
SG-TBL-001,a_times_n1_over_lambda,SG-TBL-001B-1050,SG-006b,closed_form,E_y_3_3,E_y,3,3,1,0,1,1,found,4.6466103890538211,9.2932207781076421,2.8336022480055041
SG-TBL-001,a_times_n1_over_lambda,SG-TBL-001B-1050,SG-006b,closed_form,E_x_3_3,E_x,3,3,1,0,1,1,found,4.585708860009909,9.1714177200198179,2.7964631949847623
SG-TBL-001,a_times_n1_over_lambda,SG-TBL-001B-1050,SG-006b,closed_form,E_y_3_4,E_y,3,4,1,0,1,1,found,6.1152767927944645,12.230553585588929,3.7292263857669377
SG-TBL-001,a_times_n1_over_lambda,SG-TBL-001B-1050,SG-006b,closed_form,E_x_3_4,E_x,3,4,1,0,1,1,found,6.0399106198549282,12.079821239709856,3.6832664839924907
SG-TBL-001,a_times_n1_over_lambda,SG-TBL-001B-1050,SG-006b,closed_form,E_y_4_1,E_y,4,1,1,0,1,1,found,3.0705735400319099,6.1411470800638197,1.8725013197141243
SG-TBL-001,a_times_n1_over_lambda,SG-TBL-001B-1050,SG-006b,closed_form,E_x_4_1,E_x,4,1,1,0,1,1,found,3.0980241833627229,6.1960483667254458,1.8892413082517099
SG-TBL-001,a_times_n1_over_lambda,SG-TBL-001B-1050,SG-006b,closed_form,E_y_4_2,E_y,4,2,1,0,1,1,found,3.9182286380231375,7.836457276046275,2.389419500945662
SG-TBL-001,a_times_n1_over_lambda,SG-TBL-001B-1050,SG-006b,closed_form,E_x_4_2,E_x,4,2,1,0,1,1,found,3.9055406022071835,7.8110812044143669,2.3816820657400855
SG-TBL-001,a_times_n1_over_lambda,SG-TBL-001B-1050,SG-006b,closed_form,E_y_4_3,E_y,4,3,1,0,1,1,found,5.1064315707981596,10.212863141596319,3.1140110245495221
SG-TBL-001,a_times_n1_over_lambda,SG-TBL-001B-1050,SG-006b,closed_form,E_x_4_3,E_x,4,3,1,0,1,1,found,5.0624841716885562,10.124968343377112,3.0872109620342045
SG-TBL-001,a_times_n1_over_lambda,SG-TBL-001B-1050,SG-006b,closed_form,E_y_4_4,E_y,4,4,1,0,1,1,found,6.4778009343147271,12.955601868629454,3.9503013493119785
SG-TBL-001,a_times_n1_over_lambda,SG-TBL-001B-1050,SG-006b,closed_form,E_x_4_4,E_x,4,4,1,0,1,1,found,6.4150036117434492,12.830007223486898,3.9120062009117849
SG-TBL-001,a_times_n1_over_lambda,SG-TBL-001B-1500,SG-006f,exact,E_y_1_2,E_y,1,2,1,0,1,1,found,0.9620846423506737,1.9241692847013474,1.434191106936453
SG-TBL-001,a_times_n1_over_lambda,SG-TBL-001B-1500,SG-006f,exact,E_x_1_2,E_x,1,2,1,0,1,1,found,0.87429711103439334,1.7485942220687867,1.3033251818697233
SG-TBL-001,a_times_n1_over_lambda,SG-TBL-001B-1500,SG-006f,exact,E_y_1_3,E_y,1,3,1,0,1,1,found,1.5457655760645863,3.0915311521291726,2.3042912702396916
SG-TBL-001,a_times_n1_over_lambda,SG-TBL-001B-1500,SG-006f,exact,E_x_1_3,E_x,1,3,1,0,1,1,found,1.4680089899897575,2.936017979979515,2.188378595465271
SG-TBL-001,a_times_n1_over_lambda,SG-TBL-001B-1500,SG-006f,exact,E_y_1_4,E_y,1,4,1,0,1,1,found,2.1664081518352027,4.3328163036704055,3.2294905963421332
SG-TBL-001,a_times_n1_over_lambda,SG-TBL-001B-1500,SG-006f,exact,E_x_1_4,E_x,1,4,1,0,1,1,found,2.102489741146564,4.2049794822931279,3.1342066554664365
SG-TBL-001,a_times_n1_over_lambda,SG-TBL-001B-1500,SG-006f,exact,E_y_2_1,E_y,2,1,1,0,1,1,found,0.70433791771531096,1.4086758354306219,1.0499649754280593
SG-TBL-001,a_times_n1_over_lambda,SG-TBL-001B-1500,SG-006f,exact,E_x_2_1,E_x,2,1,1,0,1,1,found,0.68442873358726497,1.3688574671745299,1.020286116036812
SG-TBL-001,a_times_n1_over_lambda,SG-TBL-001B-1500,SG-006f,exact,E_y_2_2,E_y,2,2,1,0,1,1,found,1.1901452516019346,2.3802905032038693,1.7741637904536778
SG-TBL-001,a_times_n1_over_lambda,SG-TBL-001B-1500,SG-006f,exact,E_x_2_2,E_x,2,2,1,0,1,1,found,1.104211798906326,2.2084235978126521,1.6460617626079157
SG-TBL-001,a_times_n1_over_lambda,SG-TBL-001B-1500,SG-006f,exact,E_y_2_3,E_y,2,3,1,0,1,1,found,1.7403440134227273,3.4806880268454545,2.5943516788320165
SG-TBL-001,a_times_n1_over_lambda,SG-TBL-001B-1500,SG-006f,exact,E_x_2_3,E_x,2,3,1,0,1,1,found,1.6374586655199526,3.2749173310399051,2.44097925763247
SG-TBL-001,a_times_n1_over_lambda,SG-TBL-001B-1500,SG-006f,exact,E_y_2_4,E_y,2,4,1,0,1,1,found,2.3300981906056397,4.6601963812112794,3.4735052989623147
SG-TBL-001,a_times_n1_over_lambda,SG-TBL-001B-1500,SG-006f,exact,E_x_2_4,E_x,2,4,1,0,1,1,found,2.2316480311751365,4.4632960623502731,3.3267444663741172
SG-TBL-001,a_times_n1_over_lambda,SG-TBL-001B-1500,SG-006f,exact,E_y_3_1,E_y,3,1,1,0,1,1,found,0.96695113316178316,1.9339022663235663,1.4414456431134657
SG-TBL-001,a_times_n1_over_lambda,SG-TBL-001B-1500,SG-006f,exact,E_x_3_1,E_x,3,1,1,0,1,1,found,0.97422665983438494,1.9484533196687699,1.4522913579214991
SG-TBL-001,a_times_n1_over_lambda,SG-TBL-001B-1500,SG-006f,exact,E_y_3_2,E_y,3,2,1,0,1,1,found,1.4146958494186403,2.8293916988372807,2.1089040578579246
SG-TBL-001,a_times_n1_over_lambda,SG-TBL-001B-1500,SG-006f,exact,E_x_3_2,E_x,3,2,1,0,1,1,found,1.3538576376438141,2.7077152752876281,2.0182118064192309
SG-TBL-001,a_times_n1_over_lambda,SG-TBL-001B-1500,SG-006f,exact,E_y_3_3,E_y,3,3,1,0,1,1,found,1.936477075964212,3.8729541519284241,2.886729585817335
SG-TBL-001,a_times_n1_over_lambda,SG-TBL-001B-1500,SG-006f,exact,E_x_3_3,E_x,3,3,1,0,1,1,found,1.8382876347005364,3.6765752694010727,2.7403574089251341
SG-TBL-001,a_times_n1_over_lambda,SG-TBL-001B-1500,SG-006f,exact,E_y_3_4,E_y,3,4,1,0,1,1,found,2.5018168590962881,5.0036337181925763,3.7294883761295425
SG-TBL-001,a_times_n1_over_lambda,SG-TBL-001B-1500,SG-006f,exact,E_x_3_4,E_x,3,4,1,0,1,1,found,2.3928977479040618,4.7857954958081237,3.5671213516797584
SG-TBL-001,a_times_n1_over_lambda,SG-TBL-001B-1500,SG-006f,exact,E_y_4_1,E_y,4,1,1,0,1,1,found,1.2481982484459877,2.4963964968919754,1.8607040886142667
SG-TBL-001,a_times_n1_over_lambda,SG-TBL-001B-1500,SG-006f,exact,E_x_4_1,E_x,4,1,1,0,1,1,found,1.2713984407484533,2.5427968814969066,1.8952888933338534
SG-TBL-001,a_times_n1_over_lambda,SG-TBL-001B-1500,SG-006f,exact,E_y_4_2,E_y,4,2,1,0,1,1,found,1.6527762302756308,3.3055524605512616,2.4638133349947711
SG-TBL-001,a_times_n1_over_lambda,SG-TBL-001B-1500,SG-006f,exact,E_x_4_2,E_x,4,2,1,0,1,1,found,1.6185759660601615,3.237151932120323,2.4128305912386097
SG-TBL-001,a_times_n1_over_lambda,SG-TBL-001B-1500,SG-006f,exact,E_y_4_3,E_y,4,3,1,0,1,1,found,2.1434679327905171,4.2869358655810341,3.1952933368736978
SG-TBL-001,a_times_n1_over_lambda,SG-TBL-001B-1500,SG-006f,exact,E_x_4_3,E_x,4,3,1,0,1,1,found,2.0625447383522983,4.1250894767045967,3.0746601610601716
SG-TBL-001,a_times_n1_over_lambda,SG-TBL-001B-1500,SG-006f,exact,E_y_4_4,E_y,4,4,1,0,1,1,found,2.6845266605913638,5.3690533211827276,4.001856066995197
SG-TBL-001,a_times_n1_over_lambda,SG-TBL-001B-1500,SG-006f,exact,E_x_4_4,E_x,4,4,1,0,1,1,found,2.5802185364067549,5.1604370728135098,3.8463626961403472
SG-TBL-001,a_times_n1_over_lambda,SG-TBL-001B-1500,SG-006f,closed_form,E_y_1_2,E_y,1,2,1,0,1,1,found,1.1917661736905574,2.3835323473811147,1.7765801184379386
SG-TBL-001,a_times_n1_over_lambda,SG-TBL-001B-1500,SG-006f,closed_form,E_x_1_2,E_x,1,2,1,0,1,1,found,0.9844646897912025,1.968929379582405,1.467553311880915
SG-TBL-001,a_times_n1_over_lambda,SG-TBL-001B-1500,SG-006f,closed_form,E_y_1_3,E_y,1,3,1,0,1,1,found,1.8497867956757545,3.6995735913515091,2.7574993460083346
SG-TBL-001,a_times_n1_over_lambda,SG-TBL-001B-1500,SG-006f,closed_form,E_x_1_3,E_x,1,3,1,0,1,1,found,1.6248093649744986,3.2496187299489971,2.4221227937074965
SG-TBL-001,a_times_n1_over_lambda,SG-TBL-001B-1500,SG-006f,closed_form,E_y_1_4,E_y,1,4,1,0,1,1,found,2.5139998465776436,5.0279996931552873,3.7476497015811026
SG-TBL-001,a_times_n1_over_lambda,SG-TBL-001B-1500,SG-006f,closed_form,E_x_1_4,E_x,1,4,1,0,1,1,found,2.2833156676590445,4.566631335318089,3.403766031317295
SG-TBL-001,a_times_n1_over_lambda,SG-TBL-001B-1500,SG-006f,closed_form,E_y_2_1,E_y,2,1,1,0,1,1,found,0.7472402094304561,1.4944804188609122,1.1139199358717862
SG-TBL-001,a_times_n1_over_lambda,SG-TBL-001B-1500,SG-006f,closed_form,E_x_2_1,E_x,2,1,1,0,1,1,found,0.72883127212524412,1.4576625442504882,1.0864775123997956
SG-TBL-001,a_times_n1_over_lambda,SG-TBL-001B-1500,SG-006f,closed_form,E_y_2_2,E_y,2,2,1,0,1,1,found,1.3055406020581724,2.6110812041163447,1.9461850223920503
SG-TBL-001,a_times_n1_over_lambda,SG-TBL-001B-1500,SG-006f,closed_form,E_x_2_2,E_x,2,2,1,0,1,1,found,1.1602915316820144,2.3205830633640288,1.7296604923722236
SG-TBL-001,a_times_n1_over_lambda,SG-TBL-001B-1500,SG-006f,closed_form,E_y_2_3,E_y,2,3,1,0,1,1,found,1.9291799469292161,3.8583598938584323,2.8758516681087758
SG-TBL-001,a_times_n1_over_lambda,SG-TBL-001B-1500,SG-006f,closed_form,E_x_2_3,E_x,2,3,1,0,1,1,found,1.7358350789546966,3.4716701579093932,2.5876301561809441
SG-TBL-001,a_times_n1_over_lambda,SG-TBL-001B-1500,SG-006f,closed_form,E_y_2_4,E_y,2,4,1,0,1,1,found,2.5746816274523736,5.1493632549047472,3.8381087596021981
SG-TBL-001,a_times_n1_over_lambda,SG-TBL-001B-1500,SG-006f,closed_form,E_x_2_4,E_x,2,4,1,0,1,1,found,2.3621881274878973,4.7243762549757946,3.5213421524705857
SG-TBL-001,a_times_n1_over_lambda,SG-TBL-001B-1500,SG-006f,closed_form,E_y_3_1,E_y,3,1,1,0,1,1,found,1.0032609798014165,2.006521959602833,1.4955731666726739
SG-TBL-001,a_times_n1_over_lambda,SG-TBL-001B-1500,SG-006f,closed_form,E_x_3_1,E_x,3,1,1,0,1,1,found,1.0371275247633456,2.0742550495266912,1.5460584311379584
SG-TBL-001,a_times_n1_over_lambda,SG-TBL-001B-1500,SG-006f,closed_form,E_y_3_2,E_y,3,2,1,0,1,1,found,1.4788220897316933,2.9576441794633865,2.2044978128455734
SG-TBL-001,a_times_n1_over_lambda,SG-TBL-001B-1500,SG-006f,closed_form,E_x_3_2,E_x,3,2,1,0,1,1,found,1.393600025177002,2.787200050354004,2.0774562598274637
SG-TBL-001,a_times_n1_over_lambda,SG-TBL-001B-1500,SG-006f,closed_form,E_y_3_3,E_y,3,3,1,0,1,1,found,2.055511307120323,4.1110226142406461,3.0641753408269934
SG-TBL-001,a_times_n1_over_lambda,SG-TBL-001B-1500,SG-006f,closed_form,E_x_3_3,E_x,3,3,1,0,1,1,found,1.902583714276552,3.8051674285531041,2.8362043453376056
SG-TBL-001,a_times_n1_over_lambda,SG-TBL-001B-1500,SG-006f,closed_form,E_y_3_4,E_y,3,4,1,0,1,1,found,2.6730498468875874,5.3460996937751748,3.9847474432573673
SG-TBL-001,a_times_n1_over_lambda,SG-TBL-001B-1500,SG-006f,closed_form,E_x_3_4,E_x,3,4,1,0,1,1,found,2.48666987851262,4.97333975702524,3.7069085906369081
SG-TBL-001,a_times_n1_over_lambda,SG-TBL-001B-1500,SG-006f,closed_form,E_y_4_1,E_y,4,1,1,0,1,1,found,1.2913076248764992,2.5826152497529984,1.9249677527251006
SG-TBL-001,a_times_n1_over_lambda,SG-TBL-001B-1500,SG-006f,closed_form,E_x_4_1,E_x,4,1,1,0,1,1,found,1.3534650705754756,2.7069301411509512,2.0176266019855431
SG-TBL-001,a_times_n1_over_lambda,SG-TBL-001B-1500,SG-006f,closed_form,E_y_4_2,E_y,4,2,1,0,1,1,found,1.695811860710382,3.3916237214207641,2.5279670650658792
SG-TBL-001,a_times_n1_over_lambda,SG-TBL-001B-1500,SG-006f,closed_form,E_x_4_2,E_x,4,2,1,0,1,1,found,1.6578550201654432,3.3157100403308863,2.4713843479528106
SG-TBL-001,a_times_n1_over_lambda,SG-TBL-001B-1500,SG-006f,closed_form,E_y_4_3,E_y,4,3,1,0,1,1,found,2.2216483721137044,4.4432967442274087,3.3118378547653275
SG-TBL-001,a_times_n1_over_lambda,SG-TBL-001B-1500,SG-006f,closed_form,E_x_4_3,E_x,4,3,1,0,1,1,found,2.1093481187522407,4.2186962375044814,3.1444305211608734
SG-TBL-001,a_times_n1_over_lambda,SG-TBL-001B-1500,SG-006f,closed_form,E_y_4_4,E_y,4,4,1,0,1,1,found,2.805496910363436,5.6109938207268719,4.1821878681588514
SG-TBL-001,a_times_n1_over_lambda,SG-TBL-001B-1500,SG-006f,closed_form,E_x_4_4,E_x,4,4,1,0,1,1,found,2.6490056726336473,5.2980113452672946,3.9489045045275937
SG-TBL-001,a_times_n1_over_lambda,SG-TBL-001C-1001,SG-006c,exact,E_y_1_2,E_y,1,2,1,0,1,1,found,12.802457911223172,51.209831644892688,1.1442286539756279
SG-TBL-001,a_times_n1_over_lambda,SG-TBL-001C-1001,SG-006c,exact,E_x_1_2,E_x,1,2,1,0,1,1,found,12.800443677157162,51.201774708628648,1.1440486303934283
SG-TBL-001,a_times_n1_over_lambda,SG-TBL-001C-1001,SG-006c,exact,E_y_1_3,E_y,1,3,1,0,1,1,found,23.31955463454128,93.27821853816512,2.0842015490947978
SG-TBL-001,a_times_n1_over_lambda,SG-TBL-001C-1001,SG-006c,exact,E_x_1_3,E_x,1,3,1,0,1,1,found,23.318181022256621,93.272724089026482,2.084078781533564
SG-TBL-001,a_times_n1_over_lambda,SG-TBL-001C-1001,SG-006c,exact,E_y_1_4,E_y,1,4,1,0,1,1,found,34.224599245190618,136.89839698076247,3.0588475587058777
SG-TBL-001,a_times_n1_over_lambda,SG-TBL-001C-1001,SG-006c,exact,E_x_1_4,E_x,1,4,1,0,1,1,found,34.223588403612382,136.89435361444953,3.058757214030936
SG-TBL-001,a_times_n1_over_lambda,SG-TBL-001C-1001,SG-006c,exact,E_y_2_1,E_y,2,1,1,0,1,1,found,6.6572480341792097,26.628992136716839,0.59499621167690209
SG-TBL-001,a_times_n1_over_lambda,SG-TBL-001C-1001,SG-006c,exact,E_x_2_1,E_x,2,1,1,0,1,1,found,6.6550393788516509,26.620157515406603,0.59479881155810677
SG-TBL-001,a_times_n1_over_lambda,SG-TBL-001C-1001,SG-006c,exact,E_y_2_2,E_y,2,2,1,0,1,1,found,14.553575203269723,58.214300813078893,1.3007359899829865
SG-TBL-001,a_times_n1_over_lambda,SG-TBL-001C-1001,SG-006c,exact,E_x_2_2,E_x,2,2,1,0,1,1,found,14.550525545626879,58.202102182507517,1.3004634246924811
SG-TBL-001,a_times_n1_over_lambda,SG-TBL-001C-1001,SG-006c,exact,E_y_2_3,E_y,2,3,1,0,1,1,found,24.470798904895776,97.883195619583105,2.1870948131070223
SG-TBL-001,a_times_n1_over_lambda,SG-TBL-001C-1001,SG-006c,exact,E_x_2_3,E_x,2,3,1,0,1,1,found,24.468380185216663,97.873520740866653,2.186878638339492
SG-TBL-001,a_times_n1_over_lambda,SG-TBL-001C-1001,SG-006c,exact,E_y_2_4,E_y,2,4,1,0,1,1,found,35.060362615138288,140.24145046055315,3.1335444960025063
SG-TBL-001,a_times_n1_over_lambda,SG-TBL-001C-1001,SG-006c,exact,E_x_2_4,E_x,2,4,1,0,1,1,found,35.058481719791885,140.23392687916754,3.1333763896618798
SG-TBL-001,a_times_n1_over_lambda,SG-TBL-001C-1001,SG-006c,exact,E_y_3_1,E_y,3,1,1,0,1,1,found,9.1646476456522947,36.658590582609179,0.81909681035176607
SG-TBL-001,a_times_n1_over_lambda,SG-TBL-001C-1001,SG-006c,exact,E_x_3_1,E_x,3,1,1,0,1,1,found,9.1626982186734693,36.650792874693877,0.81892257894843146
SG-TBL-001,a_times_n1_over_lambda,SG-TBL-001C-1001,SG-006c,exact,E_y_3_2,E_y,3,2,1,0,1,1,found,16.426258672326803,65.705034689307212,1.4681083883130872
SG-TBL-001,a_times_n1_over_lambda,SG-TBL-001C-1001,SG-006c,exact,E_x_3_2,E_x,3,2,1,0,1,1,found,16.42278739616275,65.691149584651001,1.4677981405715743
SG-TBL-001,a_times_n1_over_lambda,SG-TBL-001C-1001,SG-006c,exact,E_y_3_3,E_y,3,3,1,0,1,1,found,25.801659369468688,103.20663747787475,2.3060414004394976
SG-TBL-001,a_times_n1_over_lambda,SG-TBL-001C-1001,SG-006c,exact,E_x_3_3,E_x,3,3,1,0,1,1,found,25.798512128740548,103.19404851496219,2.30576011359231
SG-TBL-001,a_times_n1_over_lambda,SG-TBL-001C-1001,SG-006c,exact,E_y_3_4,E_y,3,4,1,0,1,1,found,36.058654710650444,144.23461884260178,3.2227675521252697
SG-TBL-001,a_times_n1_over_lambda,SG-TBL-001C-1001,SG-006c,exact,E_x_3_4,E_x,3,4,1,0,1,1,found,36.056059447526934,144.22423779010774,3.2225355986635895
SG-TBL-001,a_times_n1_over_lambda,SG-TBL-001C-1001,SG-006c,exact,E_y_4_1,E_y,4,1,1,0,1,1,found,11.667203858494759,46.668815433979034,1.0427645268774197
SG-TBL-001,a_times_n1_over_lambda,SG-TBL-001C-1001,SG-006c,exact,E_x_4_1,E_x,4,1,1,0,1,1,found,11.665602304041389,46.662409216165557,1.0426213868250052
SG-TBL-001,a_times_n1_over_lambda,SG-TBL-001C-1001,SG-006c,exact,E_y_4_2,E_y,4,2,1,0,1,1,found,18.405976632684474,73.623906530737898,1.6450470693647643
SG-TBL-001,a_times_n1_over_lambda,SG-TBL-001C-1001,SG-006c,exact,E_x_4_2,E_x,4,2,1,0,1,1,found,18.402450233250857,73.609800933003427,1.6447318949423768
SG-TBL-001,a_times_n1_over_lambda,SG-TBL-001C-1001,SG-006c,exact,E_y_4_3,E_y,4,3,1,0,1,1,found,27.287437078952784,109.14974831581114,2.4388338251769088
SG-TBL-001,a_times_n1_over_lambda,SG-TBL-001C-1001,SG-006c,exact,E_x_4_3,E_x,4,3,1,0,1,1,found,27.283833208978173,109.13533283591269,2.4385117267705914
SG-TBL-001,a_times_n1_over_lambda,SG-TBL-001C-1001,SG-006c,exact,E_y_4_4,E_y,4,4,1,0,1,1,found,37.205158379822961,148.82063351929185,3.3252371215823473
SG-TBL-001,a_times_n1_over_lambda,SG-TBL-001C-1001,SG-006c,exact,E_x_4_4,E_x,4,4,1,0,1,1,found,37.202005179822443,148.80802071928977,3.3249553021210114
SG-TBL-001,a_times_n1_over_lambda,SG-TBL-001C-1001,SG-006c,closed_form,E_y_1_2,E_y,1,2,1,0,1,1,found,15.565455929636958,62.261823718547831,1.3911735395179134
SG-TBL-001,a_times_n1_over_lambda,SG-TBL-001C-1001,SG-006c,closed_form,E_x_1_2,E_x,1,2,1,0,1,1,found,15.551831543147564,62.207326172590257,1.3899558504208582
SG-TBL-001,a_times_n1_over_lambda,SG-TBL-001C-1001,SG-006c,closed_form,E_y_1_3,E_y,1,3,1,0,1,1,found,26.621410174518818,106.48564069807527,2.3793072035190508
SG-TBL-001,a_times_n1_over_lambda,SG-TBL-001C-1001,SG-006c,closed_form,E_x_1_3,E_x,1,3,1,0,1,1,found,26.6073902413249,106.4295609652996,2.3780541621578886
SG-TBL-001,a_times_n1_over_lambda,SG-TBL-001C-1001,SG-006c,closed_form,E_y_1_4,E_y,1,4,1,0,1,1,found,37.758571424186222,151.03428569674489,3.374698800522077
SG-TBL-001,a_times_n1_over_lambda,SG-TBL-001C-1001,SG-006c,closed_form,E_x_1_4,E_x,1,4,1,0,1,1,found,37.744447948634622,150.97779179453849,3.3734365049900843
SG-TBL-001,a_times_n1_over_lambda,SG-TBL-001C-1001,SG-006c,closed_form,E_y_2_1,E_y,2,1,1,0,1,1,found,7.1970150896906837,28.788060358762735,0.64323827079328899
SG-TBL-001,a_times_n1_over_lambda,SG-TBL-001C-1001,SG-006c,closed_form,E_x_2_1,E_x,2,1,1,0,1,1,found,7.1917426234483717,28.766970493793487,0.64276704042538557
SG-TBL-001,a_times_n1_over_lambda,SG-TBL-001C-1001,SG-006c,closed_form,E_y_2_2,E_y,2,2,1,0,1,1,found,16.408642318248749,65.634569272994995,1.4665339143132923
SG-TBL-001,a_times_n1_over_lambda,SG-TBL-001C-1001,SG-006c,closed_form,E_x_2_2,E_x,2,2,1,0,1,1,found,16.396536056399349,65.586144225597394,1.4654519086705731
SG-TBL-001,a_times_n1_over_lambda,SG-TBL-001C-1001,SG-006c,closed_form,E_y_2_3,E_y,2,3,1,0,1,1,found,27.10521891742944,108.42087566971776,2.4225479492040622
SG-TBL-001,a_times_n1_over_lambda,SG-TBL-001C-1001,SG-006c,closed_form,E_x_2_3,E_x,2,3,1,0,1,1,found,27.091779268383974,108.36711707353589,2.4213467711456111
SG-TBL-001,a_times_n1_over_lambda,SG-TBL-001C-1001,SG-006c,closed_form,E_y_2_4,E_y,2,4,1,0,1,1,found,38.093253845125432,152.37301538050173,3.4046112766009764
SG-TBL-001,a_times_n1_over_lambda,SG-TBL-001C-1001,SG-006c,closed_form,E_x_2_4,E_x,2,4,1,0,1,1,found,38.079425353556871,152.31770141422749,3.4033753454693345
SG-TBL-001,a_times_n1_over_lambda,SG-TBL-001C-1001,SG-006c,closed_form,E_y_3_1,E_y,3,1,1,0,1,1,found,9.5472992296516885,38.189196918606754,0.85329656401917997
SG-TBL-001,a_times_n1_over_lambda,SG-TBL-001C-1001,SG-006c,closed_form,E_x_3_1,E_x,3,1,1,0,1,1,found,9.5444857081770884,38.177942832708354,0.85304510356430985
SG-TBL-001,a_times_n1_over_lambda,SG-TBL-001C-1001,SG-006c,closed_form,E_y_3_2,E_y,3,2,1,0,1,1,found,17.690040822029115,70.760163288116459,1.5810598042130475
SG-TBL-001,a_times_n1_over_lambda,SG-TBL-001C-1001,SG-006c,closed_form,E_x_3_2,E_x,3,2,1,0,1,1,found,17.679822904616589,70.719291618466357,1.5801465706786397
SG-TBL-001,a_times_n1_over_lambda,SG-TBL-001C-1001,SG-006c,closed_form,E_y_3_3,E_y,3,3,1,0,1,1,found,27.886546568870543,111.54618627548217,2.4923796559842621
SG-TBL-001,a_times_n1_over_lambda,SG-TBL-001C-1001,SG-006c,closed_form,E_x_3_3,E_x,3,3,1,0,1,1,found,27.873977718502278,111.49591087400911,2.4912563061682635
SG-TBL-001,a_times_n1_over_lambda,SG-TBL-001C-1001,SG-006c,closed_form,E_y_3_4,E_y,3,4,1,0,1,1,found,38.642815709710121,154.57126283884048,3.4537287536472254
SG-TBL-001,a_times_n1_over_lambda,SG-TBL-001C-1001,SG-006c,closed_form,E_x_3_4,E_x,3,4,1,0,1,1,found,38.629453531205662,154.51781412482265,3.4525344995727059
SG-TBL-001,a_times_n1_over_lambda,SG-TBL-001C-1001,SG-006c,closed_form,E_y_4_1,E_y,4,1,1,0,1,1,found,12.015550891011952,48.062203564047806,1.0738982871988758
SG-TBL-001,a_times_n1_over_lambda,SG-TBL-001C-1001,SG-006c,closed_form,E_x_4_1,E_x,4,1,1,0,1,1,found,12.014259218722582,48.057036874890329,1.0737828430821843
SG-TBL-001,a_times_n1_over_lambda,SG-TBL-001C-1001,SG-006c,closed_form,E_y_4_2,E_y,4,2,1,0,1,1,found,19.29634928494692,77.185397139787682,1.7246247495648961
SG-TBL-001,a_times_n1_over_lambda,SG-TBL-001C-1001,SG-006c,closed_form,E_x_4_2,E_x,4,2,1,0,1,1,found,19.28798917070031,77.151956682801242,1.7238775584912902
SG-TBL-001,a_times_n1_over_lambda,SG-TBL-001C-1001,SG-006c,closed_form,E_y_4_3,E_y,4,3,1,0,1,1,found,28.93393487483263,115.73573949933052,2.5859907203463801
SG-TBL-001,a_times_n1_over_lambda,SG-TBL-001C-1001,SG-006c,closed_form,E_x_4_3,E_x,4,3,1,0,1,1,found,28.922419325858353,115.68967730343341,2.5849615100811327
SG-TBL-001,a_times_n1_over_lambda,SG-TBL-001C-1001,SG-006c,closed_form,E_y_4_4,E_y,4,4,1,0,1,1,found,39.395896410048003,157.58358564019201,3.5210358693634376
SG-TBL-001,a_times_n1_over_lambda,SG-TBL-001C-1001,SG-006c,closed_form,E_x_4_4,E_x,4,4,1,0,1,1,found,39.383141332417736,157.53256532967094,3.5198958753552994
SG-TBL-001,a_times_n1_over_lambda,SG-TBL-001C-1010,SG-006c,exact,E_y_1_2,E_y,1,2,1,0,1,1,found,4.0826807187497618,16.330722874999047,1.1461780002574993
SG-TBL-001,a_times_n1_over_lambda,SG-TBL-001C-1010,SG-006c,exact,E_x_1_2,E_x,1,2,1,0,1,1,found,4.076236510574816,16.304946042299264,1.1443688434441142
SG-TBL-001,a_times_n1_over_lambda,SG-TBL-001C-1010,SG-006c,exact,E_y_1_3,E_y,1,3,1,0,1,1,found,7.4282944509387008,29.713177803754803,2.085430692632777
SG-TBL-001,a_times_n1_over_lambda,SG-TBL-001C-1010,SG-006c,exact,E_x_1_3,E_x,1,3,1,0,1,1,found,7.4238972528278815,29.695589011311526,2.0841962165410637
SG-TBL-001,a_times_n1_over_lambda,SG-TBL-001C-1010,SG-006c,exact,E_y_1_4,E_y,1,4,1,0,1,1,found,10.898721418678761,43.594885674715044,3.0597236427663104
SG-TBL-001,a_times_n1_over_lambda,SG-TBL-001C-1010,SG-006c,exact,E_x_1_4,E_x,1,4,1,0,1,1,found,10.895487768501042,43.581951074004166,3.0588158228926647
SG-TBL-001,a_times_n1_over_lambda,SG-TBL-001C-1010,SG-006c,exact,E_y_2_1,E_y,2,1,1,0,1,1,found,2.1302457971870892,8.5209831887483567,0.59804844808548818
SG-TBL-001,a_times_n1_over_lambda,SG-TBL-001C-1010,SG-006c,exact,E_x_2_1,E_x,2,1,1,0,1,1,found,2.1232078965008254,8.4928315860033017,0.59607261713266679
SG-TBL-001,a_times_n1_over_lambda,SG-TBL-001C-1010,SG-006c,exact,E_y_2_2,E_y,2,2,1,0,1,1,found,4.6440881270170209,18.576352508068084,1.303788370713939
SG-TBL-001,a_times_n1_over_lambda,SG-TBL-001C-1010,SG-006c,exact,E_x_2_2,E_x,2,2,1,0,1,1,found,4.6343439717590797,18.537375887036319,1.3010527817327937
SG-TBL-001,a_times_n1_over_lambda,SG-TBL-001C-1010,SG-006c,exact,E_y_2_3,E_y,2,3,1,0,1,1,found,7.7983198265731328,31.193279306292531,2.1893121798971249
SG-TBL-001,a_times_n1_over_lambda,SG-TBL-001C-1010,SG-006c,exact,E_x_2_3,E_x,2,3,1,0,1,1,found,7.7905839461088178,31.162335784435271,2.187140397038843
SG-TBL-001,a_times_n1_over_lambda,SG-TBL-001C-1010,SG-006c,exact,E_y_2_4,E_y,2,4,1,0,1,1,found,11.167585165947674,44.670340663790697,3.1352048604797518
SG-TBL-001,a_times_n1_over_lambda,SG-TBL-001C-1010,SG-006c,exact,E_x_2_4,E_x,2,4,1,0,1,1,found,11.16156779065728,44.64627116262912,3.1335155333801654
SG-TBL-001,a_times_n1_over_lambda,SG-TBL-001C-1010,SG-006c,exact,E_y_3_1,E_y,3,1,1,0,1,1,found,2.9276895558834077,11.710758223533631,0.82192402289170718
SG-TBL-001,a_times_n1_over_lambda,SG-TBL-001C-1010,SG-006c,exact,E_x_3_1,E_x,3,1,1,0,1,1,found,2.9214963820576667,11.685985528230667,0.8201853418436803
SG-TBL-001,a_times_n1_over_lambda,SG-TBL-001C-1010,SG-006c,exact,E_y_3_2,E_y,3,2,1,0,1,1,found,5.2422009286284439,20.968803714513776,1.4717034691763349
SG-TBL-001,a_times_n1_over_lambda,SG-TBL-001C-1010,SG-006c,exact,E_x_3_2,E_x,3,2,1,0,1,1,found,5.231129345446826,20.924517381787304,1.4685952160590845
SG-TBL-001,a_times_n1_over_lambda,SG-TBL-001C-1010,SG-006c,exact,E_y_3_3,E_y,3,3,1,0,1,1,found,8.2246372340619551,32.898548936247821,2.308997177880542
SG-TBL-001,a_times_n1_over_lambda,SG-TBL-001C-1010,SG-006c,exact,E_x_3_3,E_x,3,3,1,0,1,1,found,8.214578727185728,32.858314908742912,2.3061733373475253
SG-TBL-001,a_times_n1_over_lambda,SG-TBL-001C-1010,SG-006c,exact,E_y_3_4,E_y,3,4,1,0,1,1,found,11.487792514264587,45.951170057058349,3.2251003589144243
SG-TBL-001,a_times_n1_over_lambda,SG-TBL-001C-1010,SG-006c,exact,E_x_3_4,E_x,3,4,1,0,1,1,found,11.479491992741824,45.917967970967297,3.2227700578658114
SG-TBL-001,a_times_n1_over_lambda,SG-TBL-001C-1010,SG-006c,exact,E_y_4_1,E_y,4,1,1,0,1,1,found,3.7232077246904369,14.892830898761748,1.0452590046609822
SG-TBL-001,a_times_n1_over_lambda,SG-TBL-001C-1010,SG-006c,exact,E_x_4_1,E_x,4,1,1,0,1,1,found,3.7181371288001541,14.872548515200616,1.0438354778515142
SG-TBL-001,a_times_n1_over_lambda,SG-TBL-001C-1010,SG-006c,exact,E_y_4_2,E_y,4,2,1,0,1,1,found,5.8731336779892445,23.492534711956978,1.6488324897333921
SG-TBL-001,a_times_n1_over_lambda,SG-TBL-001C-1010,SG-006c,exact,E_x_4_2,E_x,4,2,1,0,1,1,found,5.8619011944532398,23.447604777812959,1.6456790652057045
SG-TBL-001,a_times_n1_over_lambda,SG-TBL-001C-1010,SG-006c,exact,E_y_4_3,E_y,4,3,1,0,1,1,found,8.6994638636708252,34.797855454683301,2.4423007287300349
SG-TBL-001,a_times_n1_over_lambda,SG-TBL-001C-1010,SG-006c,exact,E_x_4_3,E_x,4,3,1,0,1,1,found,8.6879572536051271,34.751829014420508,2.439070345503084
SG-TBL-001,a_times_n1_over_lambda,SG-TBL-001C-1010,SG-006c,exact,E_y_4_4,E_y,4,4,1,0,1,1,found,11.854757058620452,47.419028234481807,3.3281225437459656
SG-TBL-001,a_times_n1_over_lambda,SG-TBL-001C-1010,SG-006c,exact,E_x_4_4,E_x,4,4,1,0,1,1,found,11.844677694290876,47.378710777163505,3.3252928476597439
SG-TBL-001,a_times_n1_over_lambda,SG-TBL-001C-1010,SG-006c,closed_form,E_y_1_2,E_y,1,2,1,0,1,1,found,4.9941670730710026,19.97666829228401,1.4020700669723918
SG-TBL-001,a_times_n1_over_lambda,SG-TBL-001C-1010,SG-006c,closed_form,E_x_1_2,E_x,1,2,1,0,1,1,found,4.9513571500778193,19.805428600311277,1.3900515440195287
SG-TBL-001,a_times_n1_over_lambda,SG-TBL-001C-1010,SG-006c,closed_form,E_y_1_3,E_y,1,3,1,0,1,1,found,8.5147755837440471,34.059102334976188,2.390451059862885
SG-TBL-001,a_times_n1_over_lambda,SG-TBL-001C-1010,SG-006c,closed_form,E_x_1_3,E_x,1,3,1,0,1,1,found,8.470733581185339,33.882934324741356,2.3780866410171382
SG-TBL-001,a_times_n1_over_lambda,SG-TBL-001C-1010,SG-006c,closed_form,E_y_1_4,E_y,1,4,1,0,1,1,found,12.060588092058897,48.242352368235586,3.3859078614206859
SG-TBL-001,a_times_n1_over_lambda,SG-TBL-001C-1010,SG-006c,closed_form,E_x_1_4,E_x,1,4,1,0,1,1,found,12.01622279897332,48.064891195893281,3.373452681500265
SG-TBL-001,a_times_n1_over_lambda,SG-TBL-001C-1010,SG-006c,closed_form,E_y_2_1,E_y,2,1,1,0,1,1,found,2.3113458502292623,9.2453834009170492,0.64889075267451068
SG-TBL-001,a_times_n1_over_lambda,SG-TBL-001C-1010,SG-006c,closed_form,E_x_2_1,E_x,2,1,1,0,1,1,found,2.2946040193736552,9.1784160774946209,0.64419062559315388
SG-TBL-001,a_times_n1_over_lambda,SG-TBL-001C-1010,SG-006c,closed_form,E_y_2_2,E_y,2,2,1,0,1,1,found,5.25920422255993,21.03681689023972,1.4764769997996525
SG-TBL-001,a_times_n1_over_lambda,SG-TBL-001C-1010,SG-006c,closed_form,E_x_2_2,E_x,2,2,1,0,1,1,found,5.2211334109306344,20.884533643722538,1.4657889421856816
SG-TBL-001,a_times_n1_over_lambda,SG-TBL-001C-1010,SG-006c,closed_form,E_y_2_3,E_y,2,3,1,0,1,1,found,8.6674968367814991,34.669987347125996,2.4333262569360699
SG-TBL-001,a_times_n1_over_lambda,SG-TBL-001C-1010,SG-006c,closed_form,E_x_2_3,E_x,2,3,1,0,1,1,found,8.625270922482013,34.501083689928052,2.4214716894729418
SG-TBL-001,a_times_n1_over_lambda,SG-TBL-001C-1010,SG-006c,closed_form,E_y_2_4,E_y,2,4,1,0,1,1,found,12.166473188698291,48.665892754793163,3.4156342046455803
SG-TBL-001,a_times_n1_over_lambda,SG-TBL-001C-1010,SG-006c,closed_form,E_x_2_4,E_x,2,4,1,0,1,1,found,12.123031582832336,48.492126331329345,3.4034383420813725
SG-TBL-001,a_times_n1_over_lambda,SG-TBL-001C-1010,SG-006c,closed_form,E_y_3_1,E_y,3,1,1,0,1,1,found,3.0539635580778128,12.215854232311251,0.85737437850119891
SG-TBL-001,a_times_n1_over_lambda,SG-TBL-001C-1010,SG-006c,closed_form,E_x_3_1,E_x,3,1,1,0,1,1,found,3.0449970878660686,12.179988351464274,0.85485711800383324
SG-TBL-001,a_times_n1_over_lambda,SG-TBL-001C-1010,SG-006c,closed_form,E_y_3_2,E_y,3,2,1,0,1,1,found,5.6629054464399804,22.651621785759922,1.5898126959669585
SG-TBL-001,a_times_n1_over_lambda,SG-TBL-001C-1010,SG-006c,closed_form,E_x_3_2,E_x,3,2,1,0,1,1,found,5.6307432533800608,22.522973013520243,1.5807834329251493
SG-TBL-001,a_times_n1_over_lambda,SG-TBL-001C-1010,SG-006c,closed_form,E_y_3_3,E_y,3,3,1,0,1,1,found,8.9142837145924574,35.65713485836983,2.5026095807091262
SG-TBL-001,a_times_n1_over_lambda,SG-TBL-001C-1010,SG-006c,closed_form,E_x_3_3,E_x,3,3,1,0,1,1,found,8.8747804428637025,35.49912177145481,2.4915193720661253
SG-TBL-001,a_times_n1_over_lambda,SG-TBL-001C-1010,SG-006c,closed_form,E_y_3_4,E_y,3,4,1,0,1,1,found,12.340380399972201,49.361521599888803,3.4644571798865464
SG-TBL-001,a_times_n1_over_lambda,SG-TBL-001C-1010,SG-006c,closed_form,E_x_3_4,E_x,3,4,1,0,1,1,found,12.298400305658578,49.193601222634314,3.4526716243004745
SG-TBL-001,a_times_n1_over_lambda,SG-TBL-001C-1010,SG-006c,closed_form,E_y_4_1,E_y,4,1,1,0,1,1,found,3.836268530189991,15.345074120759964,1.0769998673152299
SG-TBL-001,a_times_n1_over_lambda,SG-TBL-001C-1010,SG-006c,closed_form,E_x_4_1,E_x,4,1,1,0,1,1,found,3.8321193867921828,15.328477547168731,1.0758350304812736
SG-TBL-001,a_times_n1_over_lambda,SG-TBL-001C-1010,SG-006c,closed_form,E_y_4_2,E_y,4,2,1,0,1,1,found,6.1700998640060423,24.680399456024169,1.7322032288827085
SG-TBL-001,a_times_n1_over_lambda,SG-TBL-001C-1010,SG-006c,closed_form,E_x_4_2,E_x,4,2,1,0,1,1,found,6.143762114793061,24.575048459172244,1.7248091290733403
SG-TBL-001,a_times_n1_over_lambda,SG-TBL-001C-1010,SG-006c,closed_form,E_y_4_3,E_y,4,3,1,0,1,1,found,9.2453592859208591,36.981437143683436,2.5955562406173009
SG-TBL-001,a_times_n1_over_lambda,SG-TBL-001C-1010,SG-006c,closed_form,E_x_4_3,E_x,4,3,1,0,1,1,found,9.2091529816389084,36.836611926555634,2.58539162763446
SG-TBL-001,a_times_n1_over_lambda,SG-TBL-001C-1010,SG-006c,closed_form,E_y_4_4,E_y,4,4,1,0,1,1,found,12.578763958811763,50.315055835247051,3.5313813430987668
SG-TBL-001,a_times_n1_over_lambda,SG-TBL-001C-1010,SG-006c,closed_form,E_x_4_4,E_x,4,4,1,0,1,1,found,12.538684127479794,50.154736509919175,3.5201292702350333
SG-TBL-001,a_times_n1_over_lambda,SG-TBL-001C-1050,SG-006c,exact,E_y_1_2,E_y,1,2,1,0,1,1,found,1.8939271262288091,7.5757085049152364,1.1549572081797359
SG-TBL-001,a_times_n1_over_lambda,SG-TBL-001C-1050,SG-006c,exact,E_x_1_2,E_x,1,2,1,0,1,1,found,1.8787645025551314,7.5150580102205256,1.1457107164513551
SG-TBL-001,a_times_n1_over_lambda,SG-TBL-001C-1050,SG-006c,exact,E_y_1_3,E_y,1,3,1,0,1,1,found,3.4288785167038442,13.715514066815377,2.0910033464303974
SG-TBL-001,a_times_n1_over_lambda,SG-TBL-001C-1050,SG-006c,exact,E_x_1_3,E_x,1,3,1,0,1,1,found,3.4185198114812376,13.67407924592495,2.0846863867657031
SG-TBL-001,a_times_n1_over_lambda,SG-TBL-001C-1050,SG-006c,exact,E_y_1_4,E_y,1,4,1,0,1,1,found,5.0239373631775379,20.095749452710152,3.0637042950006252
SG-TBL-001,a_times_n1_over_lambda,SG-TBL-001C-1050,SG-006c,exact,E_x_1_4,E_x,1,4,1,0,1,1,found,5.0163199232518672,20.065279693007469,3.0590590174563155
SG-TBL-001,a_times_n1_over_lambda,SG-TBL-001C-1050,SG-006c,exact,E_y_2_1,E_y,2,1,1,0,1,1,found,1.0026881447434426,4.0107525789737704,0.61146064401841072
SG-TBL-001,a_times_n1_over_lambda,SG-TBL-001C-1050,SG-006c,exact,E_x_2_1,E_x,2,1,1,0,1,1,found,0.98644987240433679,3.9457994896173472,0.60155819876235705
SG-TBL-001,a_times_n1_over_lambda,SG-TBL-001C-1050,SG-006c,exact,E_y_2_2,E_y,2,2,1,0,1,1,found,2.1603304389119149,8.6413217556476596,1.3174156375486499
SG-TBL-001,a_times_n1_over_lambda,SG-TBL-001C-1050,SG-006c,exact,E_x_2_2,E_x,2,2,1,0,1,1,found,2.137567508220672,8.5502700328826879,1.3035343162892117
SG-TBL-001,a_times_n1_over_lambda,SG-TBL-001C-1050,SG-006c,exact,E_y_2_3,E_y,2,3,1,0,1,1,found,3.6064901606738555,14.425960642695422,2.1993147199879859
SG-TBL-001,a_times_n1_over_lambda,SG-TBL-001C-1050,SG-006c,exact,E_x_2_3,E_x,2,3,1,0,1,1,found,3.5883195942640298,14.353278377056119,2.1882339205416392
SG-TBL-001,a_times_n1_over_lambda,SG-TBL-001C-1050,SG-006c,exact,E_y_2_4,E_y,2,4,1,0,1,1,found,5.153520251363517,20.614081005454068,3.1427267075815957
SG-TBL-001,a_times_n1_over_lambda,SG-TBL-001C-1050,SG-006c,exact,E_x_2_4,E_x,2,4,1,0,1,1,found,5.1393662345409394,20.557464938163758,3.1340952858507696
SG-TBL-001,a_times_n1_over_lambda,SG-TBL-001C-1050,SG-006c,exact,E_y_3_1,E_y,3,1,1,0,1,1,found,1.3680846555531025,5.4723386222124102,0.83428723969828955
SG-TBL-001,a_times_n1_over_lambda,SG-TBL-001C-1050,SG-006c,exact,E_x_3_1,E_x,3,1,1,0,1,1,found,1.3539783129096032,5.415913251638413,0.82568489069999207
SG-TBL-001,a_times_n1_over_lambda,SG-TBL-001C-1050,SG-006c,exact,E_y_3_2,E_y,3,2,1,0,1,1,found,2.4394672268629076,9.7578689074516305,1.4876392120713313
SG-TBL-001,a_times_n1_over_lambda,SG-TBL-001C-1050,SG-006c,exact,E_x_3_2,E_x,3,2,1,0,1,1,found,2.413776058703661,9.6551042348146439,1.4719721890686235
SG-TBL-001,a_times_n1_over_lambda,SG-TBL-001C-1050,SG-006c,exact,E_y_3_3,E_y,3,3,1,0,1,1,found,3.8080983047187322,15.232393218874929,2.3222596717591859
SG-TBL-001,a_times_n1_over_lambda,SG-TBL-001C-1050,SG-006c,exact,E_x_3_3,E_x,3,3,1,0,1,1,found,3.7845606686174857,15.138242674469943,2.3079059185961608
SG-TBL-001,a_times_n1_over_lambda,SG-TBL-001C-1050,SG-006c,exact,E_y_3_4,E_y,3,4,1,0,1,1,found,5.3058675600588305,21.223470240235322,3.2356313499448937
SG-TBL-001,a_times_n1_over_lambda,SG-TBL-001C-1050,SG-006c,exact,E_x_3_4,E_x,3,4,1,0,1,1,found,5.2863822291791429,21.145528916716572,3.2237487790467867
SG-TBL-001,a_times_n1_over_lambda,SG-TBL-001C-1050,SG-006c,exact,E_y_4_1,E_y,4,1,1,0,1,1,found,1.7318475808203218,6.927390323281287,1.0561176400276233
SG-TBL-001,a_times_n1_over_lambda,SG-TBL-001C-1050,SG-006c,exact,E_x_4_1,E_x,4,1,1,0,1,1,found,1.7204549418389794,6.8818197673559176,1.049170165476218
SG-TBL-001,a_times_n1_over_lambda,SG-TBL-001C-1050,SG-006c,exact,E_y_4_2,E_y,4,2,1,0,1,1,found,2.7311445586383343,10.924578234553337,1.6655102780333293
SG-TBL-001,a_times_n1_over_lambda,SG-TBL-001C-1050,SG-006c,exact,E_x_4_2,E_x,4,2,1,0,1,1,found,2.7052507752180093,10.821003100872037,1.649719695917375
SG-TBL-001,a_times_n1_over_lambda,SG-TBL-001C-1050,SG-006c,exact,E_y_4_3,E_y,4,3,1,0,1,1,found,4.0303195719420923,16.121278287768369,2.4577749462573704
SG-TBL-001,a_times_n1_over_lambda,SG-TBL-001C-1050,SG-006c,exact,E_x_4_3,E_x,4,3,1,0,1,1,found,4.0035035911202428,16.014014364480971,2.4414219884715691
SG-TBL-001,a_times_n1_over_lambda,SG-TBL-001C-1050,SG-006c,exact,E_y_4_4,E_y,4,4,1,0,1,1,found,5.4788175632059577,21.915270252823831,3.3410999553749372
SG-TBL-001,a_times_n1_over_lambda,SG-TBL-001C-1050,SG-006c,exact,E_x_4_4,E_x,4,4,1,0,1,1,found,5.4552121403813363,21.820848561525345,3.3267048644203485
SG-TBL-001,a_times_n1_over_lambda,SG-TBL-001C-1050,SG-006c,closed_form,E_y_1_2,E_y,1,2,1,0,1,1,found,2.3732142712175843,9.4928570848703373,1.4472367448242711
SG-TBL-001,a_times_n1_over_lambda,SG-TBL-001C-1050,SG-006c,closed_form,E_x_1_2,E_x,1,2,1,0,1,1,found,2.2800976605713368,9.1203906422853471,1.390452247058882
SG-TBL-001,a_times_n1_over_lambda,SG-TBL-001C-1050,SG-006c,closed_form,E_y_1_3,E_y,1,3,1,0,1,1,found,3.9955613708496101,15.98224548339844,2.4365786529369098
SG-TBL-001,a_times_n1_over_lambda,SG-TBL-001C-1050,SG-006c,closed_form,E_x_1_3,E_x,1,3,1,0,1,1,found,3.8998673748970032,15.599469499588013,2.3782224105692014
SG-TBL-001,a_times_n1_over_lambda,SG-TBL-001C-1050,SG-006c,closed_form,E_y_1_4,E_y,1,4,1,0,1,1,found,5.6283595444262033,22.513438177704813,3.4322938491335164
SG-TBL-001,a_times_n1_over_lambda,SG-TBL-001C-1050,SG-006c,closed_form,E_x_1_4,E_x,1,4,1,0,1,1,found,5.5319802321493619,22.127920928597447,3.3735196862357113
SG-TBL-001,a_times_n1_over_lambda,SG-TBL-001C-1050,SG-006c,closed_form,E_y_2_1,E_y,2,1,1,0,1,1,found,1.1041030421853062,4.4164121687412248,0.67330561428953106
SG-TBL-001,a_times_n1_over_lambda,SG-TBL-001C-1050,SG-006c,closed_form,E_x_2_1,E_x,2,1,1,0,1,1,found,1.0661238543689253,4.2644954174757013,0.65014509447761837
SG-TBL-001,a_times_n1_over_lambda,SG-TBL-001C-1050,SG-006c,closed_form,E_y_2_2,E_y,2,2,1,0,1,1,found,2.489027515649795,9.9561100625991799,1.5178621345804255
SG-TBL-001,a_times_n1_over_lambda,SG-TBL-001C-1050,SG-006c,closed_form,E_x_2_2,E_x,2,2,1,0,1,1,found,2.4059492993354801,9.6237971973419203,1.4671992640580562
SG-TBL-001,a_times_n1_over_lambda,SG-TBL-001C-1050,SG-006c,closed_form,E_y_2_3,E_y,2,3,1,0,1,1,found,4.0634650449454774,16.25386017978191,2.4779877635477661
SG-TBL-001,a_times_n1_over_lambda,SG-TBL-001C-1050,SG-006c,closed_form,E_x_2_3,E_x,2,3,1,0,1,1,found,3.9716415964066982,15.886566385626793,2.4219918636522113
SG-TBL-001,a_times_n1_over_lambda,SG-TBL-001C-1050,SG-006c,closed_form,E_y_2_4,E_y,2,4,1,0,1,1,found,5.6758720782399159,22.703488312959664,3.4612680069282242
SG-TBL-001,a_times_n1_over_lambda,SG-TBL-001C-1050,SG-006c,closed_form,E_x_2_4,E_x,2,4,1,0,1,1,found,5.5814704994857305,22.325881997942922,3.403699908168905
SG-TBL-001,a_times_n1_over_lambda,SG-TBL-001C-1050,SG-006c,closed_form,E_y_3_1,E_y,3,1,1,0,1,1,found,1.4348374451696873,5.739349780678749,0.87499451637545234
SG-TBL-001,a_times_n1_over_lambda,SG-TBL-001C-1050,SG-006c,closed_form,E_x_3_1,E_x,3,1,1,0,1,1,found,1.4141840969026087,5.6567363876104348,0.86239966353039788
SG-TBL-001,a_times_n1_over_lambda,SG-TBL-001C-1050,SG-006c,closed_form,E_y_3_2,E_y,3,2,1,0,1,1,found,2.6670205530524251,10.668082212209701,1.626406089998242
SG-TBL-001,a_times_n1_over_lambda,SG-TBL-001C-1050,SG-006c,closed_form,E_x_3_2,E_x,3,2,1,0,1,1,found,2.5965692900121216,10.386277160048486,1.583443405242897
SG-TBL-001,a_times_n1_over_lambda,SG-TBL-001C-1050,SG-006c,closed_form,E_y_3_3,E_y,3,3,1,0,1,1,found,4.1734538455307479,16.693815382122992,2.5450612830595478
SG-TBL-001,a_times_n1_over_lambda,SG-TBL-001C-1050,SG-006c,closed_form,E_x_3_3,E_x,3,3,1,0,1,1,found,4.087452606111766,16.349810424447064,2.492615890624029
SG-TBL-001,a_times_n1_over_lambda,SG-TBL-001C-1050,SG-006c,closed_form,E_y_3_4,E_y,3,4,1,0,1,1,found,5.7539772817492469,23.015909126996988,3.5088982280387215
SG-TBL-001,a_times_n1_over_lambda,SG-TBL-001C-1050,SG-006c,closed_form,E_x_3_4,E_x,3,4,1,0,1,1,found,5.6627102802693852,22.650841121077541,3.4532416614431485
SG-TBL-001,a_times_n1_over_lambda,SG-TBL-001C-1050,SG-006c,closed_form,E_y_4_1,E_y,4,1,1,0,1,1,found,1.788011488318443,7.1520459532737721,1.0903675902533525
SG-TBL-001,a_times_n1_over_lambda,SG-TBL-001C-1050,SG-006c,closed_form,E_x_4_1,E_x,4,1,1,0,1,1,found,1.7781578314304347,7.1126313257217388,1.0843586198488808
SG-TBL-001,a_times_n1_over_lambda,SG-TBL-001C-1050,SG-006c,closed_form,E_y_4_2,E_y,4,2,1,0,1,1,found,2.8926467995345586,11.570587198138234,1.7639977935649798
SG-TBL-001,a_times_n1_over_lambda,SG-TBL-001C-1050,SG-006c,closed_form,E_x_4_2,E_x,4,2,1,0,1,1,found,2.8347509784996507,11.339003913998603,1.7286916854778662
SG-TBL-001,a_times_n1_over_lambda,SG-TBL-001C-1050,SG-006c,closed_form,E_y_4_3,E_y,4,3,1,0,1,1,found,4.3214583344757553,17.285833337903021,2.6353175811940854
SG-TBL-001,a_times_n1_over_lambda,SG-TBL-001C-1050,SG-006c,closed_form,E_x_4_3,E_x,4,3,1,0,1,1,found,4.2425262819230554,16.970105127692221,2.5871831298787984
SG-TBL-001,a_times_n1_over_lambda,SG-TBL-001C-1050,SG-006c,closed_form,E_y_4_4,E_y,4,4,1,0,1,1,found,5.8611734183132658,23.444693673253063,3.574268721390363
SG-TBL-001,a_times_n1_over_lambda,SG-TBL-001C-1050,SG-006c,closed_form,E_x_4_4,E_x,4,4,1,0,1,1,found,5.7739855387806873,23.095942155122749,3.5210996904717504
SG-TBL-001,a_times_n1_over_lambda,SG-TBL-001C-1500,SG-006g,exact,E_y_1_2,E_y,1,2,1,0,1,1,found,0.84709079787135111,3.3883631914854044,1.2627684047699168
SG-TBL-001,a_times_n1_over_lambda,SG-TBL-001C-1500,SG-006g,exact,E_x_1_2,E_x,1,2,1,0,1,1,found,0.77470649585127827,3.0988259834051131,1.1548642582227446
SG-TBL-001,a_times_n1_over_lambda,SG-TBL-001C-1500,SG-006g,exact,E_y_1_3,E_y,1,3,1,0,1,1,found,1.4520485687255862,5.8081942749023447,2.1645862042011239
SG-TBL-001,a_times_n1_over_lambda,SG-TBL-001C-1500,SG-006g,exact,E_x_1_3,E_x,1,3,1,0,1,1,found,1.4006222827732562,5.6024891310930247,2.0879244233879559
SG-TBL-001,a_times_n1_over_lambda,SG-TBL-001C-1500,SG-006g,exact,E_y_1_4,E_y,1,4,1,0,1,1,found,2.0913637796044342,8.3654551184177368,3.1176210512509357
SG-TBL-001,a_times_n1_over_lambda,SG-TBL-001C-1500,SG-006g,exact,E_x_1_4,E_x,1,4,1,0,1,1,found,2.0531439861655238,8.2125759446620954,3.0606463471073333
SG-TBL-001,a_times_n1_over_lambda,SG-TBL-001C-1500,SG-006g,exact,E_y_2_1,E_y,2,1,1,0,1,1,found,0.49830501392483706,1.9932200556993482,0.7428292564432768
SG-TBL-001,a_times_n1_over_lambda,SG-TBL-001C-1500,SG-006g,exact,E_x_2_1,E_x,2,1,1,0,1,1,found,0.43322380021214479,1.7328952008485792,0.64581191116342918
SG-TBL-001,a_times_n1_over_lambda,SG-TBL-001C-1500,SG-006g,exact,E_y_2_2,E_y,2,2,1,0,1,1,found,0.9859813246130944,3.9439252984523776,1.469814177586777
SG-TBL-001,a_times_n1_over_lambda,SG-TBL-001C-1500,SG-006g,exact,E_x_2_2,E_x,2,2,1,0,1,1,found,0.88605699017643924,3.544227960705757,1.3208557746489213
SG-TBL-001,a_times_n1_over_lambda,SG-TBL-001C-1500,SG-006g,exact,E_y_2_3,E_y,2,3,1,0,1,1,found,1.5585340620577335,6.2341362482309339,2.3233254053399786
SG-TBL-001,a_times_n1_over_lambda,SG-TBL-001C-1500,SG-006g,exact,E_x_2_3,E_x,2,3,1,0,1,1,found,1.4728188677132128,5.8912754708528512,2.1955487378340099
SG-TBL-001,a_times_n1_over_lambda,SG-TBL-001C-1500,SG-006g,exact,E_y_2_4,E_y,2,4,1,0,1,1,found,2.1739354577660559,8.6957418310642236,3.240711641508017
SG-TBL-001,a_times_n1_over_lambda,SG-TBL-001C-1500,SG-006g,exact,E_x_2_4,E_x,2,4,1,0,1,1,found,2.104968053549527,8.4198722141981079,3.1379011054681065
SG-TBL-001,a_times_n1_over_lambda,SG-TBL-001C-1500,SG-006g,exact,E_y_3_1,E_y,3,1,1,0,1,1,found,0.6368744848668576,2.5474979394674304,0.94939642753163667
SG-TBL-001,a_times_n1_over_lambda,SG-TBL-001C-1500,SG-006g,exact,E_x_3_1,E_x,3,1,1,0,1,1,found,0.58607839196920386,2.3443135678768154,0.87367408305793781
SG-TBL-001,a_times_n1_over_lambda,SG-TBL-001C-1500,SG-006g,exact,E_y_3_2,E_y,3,2,1,0,1,1,found,1.1091557602584359,4.4366230410337435,1.6534317850488816
SG-TBL-001,a_times_n1_over_lambda,SG-TBL-001C-1500,SG-006g,exact,E_x_3_2,E_x,3,2,1,0,1,1,found,1.0037973143160341,4.0151892572641366,1.4963726869615837
SG-TBL-001,a_times_n1_over_lambda,SG-TBL-001C-1500,SG-006g,exact,E_y_3_3,E_y,3,3,1,0,1,1,found,1.6614603799581524,6.6458415198326097,2.4767589010060389
SG-TBL-001,a_times_n1_over_lambda,SG-TBL-001C-1500,SG-006g,exact,E_x_3_3,E_x,3,3,1,0,1,1,found,1.5561004441976545,6.2244017767906179,2.3196975820290491
SG-TBL-001,a_times_n1_over_lambda,SG-TBL-001C-1500,SG-006g,exact,E_y_3_4,E_y,3,4,1,0,1,1,found,2.258551166355609,9.0342046654224362,3.366849292421719
SG-TBL-001,a_times_n1_over_lambda,SG-TBL-001C-1500,SG-006g,exact,E_x_3_4,E_x,3,4,1,0,1,1,found,2.1669117103517044,8.6676468414068175,3.2302412570578314
SG-TBL-001,a_times_n1_over_lambda,SG-TBL-001C-1500,SG-006g,exact,E_y_4_1,E_y,4,1,1,0,1,1,found,0.7734319564700125,3.09372782588005,1.1529642870917378
SG-TBL-001,a_times_n1_over_lambda,SG-TBL-001C-1500,SG-006g,exact,E_x_4_1,E_x,4,1,1,0,1,1,found,0.73723161146044736,2.9489264458417894,1.0989999989248489
SG-TBL-001,a_times_n1_over_lambda,SG-TBL-001C-1500,SG-006g,exact,E_y_4_2,E_y,4,2,1,0,1,1,found,1.2271344552934171,4.9085378211736685,1.8293040397121718
SG-TBL-001,a_times_n1_over_lambda,SG-TBL-001C-1500,SG-006g,exact,E_x_4_2,E_x,4,2,1,0,1,1,found,1.1270484755933285,4.5081939023733142,1.6801046702427971
SG-TBL-001,a_times_n1_over_lambda,SG-TBL-001C-1500,SG-006g,exact,E_y_4_3,E_y,4,3,1,0,1,1,found,1.7629065635800358,7.0516262543201433,2.6279859427636767
SG-TBL-001,a_times_n1_over_lambda,SG-TBL-001C-1500,SG-006g,exact,E_x_4_3,E_x,4,3,1,0,1,1,found,1.6487261597812171,6.5949046391248682,2.4577758463686541
SG-TBL-001,a_times_n1_over_lambda,SG-TBL-001C-1500,SG-006g,exact,E_y_4_4,E_y,4,4,1,0,1,1,found,2.3448794208467003,9.3795176833868013,3.4955398560357067
SG-TBL-001,a_times_n1_over_lambda,SG-TBL-001C-1500,SG-006g,exact,E_x_4_4,E_x,4,4,1,0,1,1,found,2.2379879520833486,8.9519518083333942,3.3361954624559398
SG-TBL-001,a_times_n1_over_lambda,SG-TBL-001C-1500,SG-006g,closed_form,E_y_1_2,E_y,1,2,1,0,1,1,found,1.1636823576688768,4.6547294306755074,1.7347152373098882
SG-TBL-001,a_times_n1_over_lambda,SG-TBL-001C-1500,SG-006g,closed_form,E_x_1_2,E_x,1,2,1,0,1,1,found,0.93458557993173597,3.7383423197269439,1.3931979250122835
SG-TBL-001,a_times_n1_over_lambda,SG-TBL-001C-1500,SG-006g,closed_form,E_y_1_3,E_y,1,3,1,0,1,1,found,1.830243361890316,7.320973447561264,2.7283657150363299
SG-TBL-001,a_times_n1_over_lambda,SG-TBL-001C-1500,SG-006g,closed_form,E_x_1_3,E_x,1,3,1,0,1,1,found,1.595964996814728,6.3838599872589121,2.3791241483919783
SG-TBL-001,a_times_n1_over_lambda,SG-TBL-001C-1500,SG-006g,closed_form,E_y_1_4,E_y,1,4,1,0,1,1,found,2.4990532465279101,9.9962129861116402,3.7253686257519654
SG-TBL-001,a_times_n1_over_lambda,SG-TBL-001C-1500,SG-006g,closed_form,E_x_1_4,E_x,1,4,1,0,1,1,found,2.2633193291723721,9.0532773166894884,3.3739572498790986
SG-TBL-001,a_times_n1_over_lambda,SG-TBL-001C-1500,SG-006g,closed_form,E_y_2_1,E_y,2,1,1,0,1,1,found,0.57921256527304632,2.3168502610921853,0.86343911291504383
SG-TBL-001,a_times_n1_over_lambda,SG-TBL-001C-1500,SG-006g,closed_form,E_x_2_1,E_x,2,1,1,0,1,1,found,0.46293300777673724,1.851732031106949,0.69009978294481555
SG-TBL-001,a_times_n1_over_lambda,SG-TBL-001C-1500,SG-006g,closed_form,E_y_2_2,E_y,2,2,1,0,1,1,found,1.1984584365785123,4.793833746314049,1.7865563549317827
SG-TBL-001,a_times_n1_over_lambda,SG-TBL-001C-1500,SG-006g,closed_form,E_x_2_2,E_x,2,2,1,0,1,1,found,0.99062508761882795,3.9625003504753118,1.4767366907549231
SG-TBL-001,a_times_n1_over_lambda,SG-TBL-001C-1500,SG-006g,closed_form,E_y_2_3,E_y,2,3,1,0,1,1,found,1.8528021875023839,7.4112087500095356,2.7619944267437617
SG-TBL-001,a_times_n1_over_lambda,SG-TBL-001C-1500,SG-006g,closed_form,E_x_2_3,E_x,2,3,1,0,1,1,found,1.6270336633920666,6.5081346535682663,2.4254385820167816
SG-TBL-001,a_times_n1_over_lambda,SG-TBL-001C-1500,SG-006g,closed_form,E_y_2_4,E_y,2,4,1,0,1,1,found,2.5156982392072669,10.062792956829067,3.750181515829317
SG-TBL-001,a_times_n1_over_lambda,SG-TBL-001C-1500,SG-006g,closed_form,E_x_2_4,E_x,2,4,1,0,1,1,found,2.2844203677773471,9.1376814711093886,3.4054128210234791
SG-TBL-001,a_times_n1_over_lambda,SG-TBL-001C-1500,SG-006g,closed_form,E_y_3_1,E_y,3,1,1,0,1,1,found,0.68155263975262637,2.7262105590105055,1.0159986884875321
SG-TBL-001,a_times_n1_over_lambda,SG-TBL-001C-1500,SG-006g,closed_form,E_x_3_1,E_x,3,1,1,0,1,1,found,0.61156024068593973,2.4462409627437589,0.91166018033992946
SG-TBL-001,a_times_n1_over_lambda,SG-TBL-001C-1500,SG-006g,closed_form,E_y_3_2,E_y,3,2,1,0,1,1,found,1.2541351735591892,5.016540694236757,1.8695543340345628
SG-TBL-001,a_times_n1_over_lambda,SG-TBL-001C-1500,SG-006g,closed_form,E_x_3_2,E_x,3,2,1,0,1,1,found,1.0740995955467225,4.2963983821868901,1.6011731401650013
SG-TBL-001,a_times_n1_over_lambda,SG-TBL-001C-1500,SG-006g,closed_form,E_y_3_3,E_y,3,3,1,0,1,1,found,1.8897690439224237,7.5590761756896949,2.8171013626568837
SG-TBL-001,a_times_n1_over_lambda,SG-TBL-001C-1500,SG-006g,closed_form,E_x_3_3,E_x,3,3,1,0,1,1,found,1.6769477839767928,6.7077911359071711,2.4998461597931612
SG-TBL-001,a_times_n1_over_lambda,SG-TBL-001C-1500,SG-006g,closed_form,E_y_3_4,E_y,3,4,1,0,1,1,found,2.5431876178085799,10.17275047123432,3.7911602619704934
SG-TBL-001,a_times_n1_over_lambda,SG-TBL-001C-1500,SG-006g,closed_form,E_x_3_4,E_x,3,4,1,0,1,1,found,2.3190027703344818,9.2760110813379271,3.4569652229854895
SG-TBL-001,a_times_n1_over_lambda,SG-TBL-001C-1500,SG-006g,closed_form,E_y_4_1,E_y,4,1,1,0,1,1,found,0.8031143473088741,3.2124573892354964,1.1972121828586786
SG-TBL-001,a_times_n1_over_lambda,SG-TBL-001C-1500,SG-006g,closed_form,E_x_4_1,E_x,4,1,1,0,1,1,found,0.7642852182686326,3.0571408730745304,1.1393291348312846
SG-TBL-001,a_times_n1_over_lambda,SG-TBL-001C-1500,SG-006g,closed_form,E_y_4_2,E_y,4,2,1,0,1,1,found,1.3279578949511048,5.3118315798044193,1.9796027495787969
SG-TBL-001,a_times_n1_over_lambda,SG-TBL-001C-1500,SG-006g,closed_form,E_x_4_2,E_x,4,2,1,0,1,1,found,1.1767920120060444,4.7071680480241778,1.7542579561495095
SG-TBL-001,a_times_n1_over_lambda,SG-TBL-001C-1500,SG-006g,closed_form,E_y_4_3,E_y,4,3,1,0,1,1,found,1.940279091745615,7.7611163669824599,2.8923972963098312
SG-TBL-001,a_times_n1_over_lambda,SG-TBL-001C-1500,SG-006g,closed_form,E_x_4_3,E_x,4,3,1,0,1,1,found,1.74342421233654,6.97369684934616,2.5989433682690208
SG-TBL-001,a_times_n1_over_lambda,SG-TBL-001C-1500,SG-006g,closed_form,E_y_4_4,E_y,4,4,1,0,1,1,found,2.5811593565344815,10.324637426137926,3.8477651879804782
SG-TBL-001,a_times_n1_over_lambda,SG-TBL-001C-1500,SG-006g,closed_form,E_x_4_4,E_x,4,4,1,0,1,1,found,2.3662694841623302,9.4650779366493207,3.5274262797802218
SG-TBL-001,a_times_n1_over_lambda,SG-TBL-001D-1001,SG-006h,exact,E_y_1_2,E_y,1,2,1,0,1,1,found,19.956873546242718,19.956873546242718,1.7836595686333641
SG-TBL-001,a_times_n1_over_lambda,SG-TBL-001D-1001,SG-006h,exact,E_x_1_2,E_x,1,2,1,0,1,1,found,19.858721350431445,19.858721350431445,1.7748871473001582
SG-TBL-001,a_times_n1_over_lambda,SG-TBL-001D-1001,SG-006h,exact,E_y_1_3,E_y,1,3,1,0,1,1,found,30.336682042181486,30.336682042181486,2.7113622321524562
SG-TBL-001,a_times_n1_over_lambda,SG-TBL-001D-1001,SG-006h,exact,E_x_1_3,E_x,1,3,1,0,1,1,found,30.229225187450641,30.229225187450641,2.7017582004031042
SG-TBL-001,a_times_n1_over_lambda,SG-TBL-001D-1001,SG-006h,exact,E_y_1_4,E_y,1,4,1,0,1,1,found,41.023823623359199,41.023823623359199,3.6665330056925813
SG-TBL-001,a_times_n1_over_lambda,SG-TBL-001D-1001,SG-006h,exact,E_x_1_4,E_x,1,4,1,0,1,1,found,40.91195094779134,40.91195094779134,3.6565343068591765
SG-TBL-001,a_times_n1_over_lambda,SG-TBL-001D-1001,SG-006h,exact,E_y_2_1,E_y,2,1,1,0,1,1,found,17.667306942790749,17.667306942790749,1.5790279478132103
SG-TBL-001,a_times_n1_over_lambda,SG-TBL-001D-1001,SG-006h,exact,E_x_2_1,E_x,2,1,1,0,1,1,found,17.629092363715174,17.629092363715174,1.5756124930090547
SG-TBL-001,a_times_n1_over_lambda,SG-TBL-001D-1001,SG-006h,exact,E_y_2_2,E_y,2,2,1,0,1,1,found,25.853857381194832,25.853857381194832,2.3107066343431568
SG-TBL-001,a_times_n1_over_lambda,SG-TBL-001D-1001,SG-006h,exact,E_x_2_2,E_x,2,2,1,0,1,1,found,25.785914971828461,25.785914971828461,2.3046342338591068
SG-TBL-001,a_times_n1_over_lambda,SG-TBL-001D-1001,SG-006h,exact,E_y_2_3,E_y,2,3,1,0,1,1,found,35.097130580842482,35.097130580842482,3.1368306587221078
SG-TBL-001,a_times_n1_over_lambda,SG-TBL-001D-1001,SG-006h,exact,E_x_2_3,E_x,2,3,1,0,1,1,found,35.011063789427276,35.011063789427276,3.1291383788821023
SG-TBL-001,a_times_n1_over_lambda,SG-TBL-001D-1001,SG-006h,exact,E_y_2_4,E_y,2,4,1,0,1,1,found,44.970052306652065,44.970052306652065,4.0192299616892759
SG-TBL-001,a_times_n1_over_lambda,SG-TBL-001D-1001,SG-006h,exact,E_x_2_4,E_x,2,4,1,0,1,1,found,44.873271488398302,44.873271488398302,4.0105801081869972
SG-TBL-001,a_times_n1_over_lambda,SG-TBL-001D-1001,SG-006h,exact,E_y_3_1,E_y,3,1,1,0,1,1,found,26.899157707095142,26.899157707095142,2.4041310840229855
SG-TBL-001,a_times_n1_over_lambda,SG-TBL-001D-1001,SG-006h,exact,E_x_3_1,E_x,3,1,1,0,1,1,found,26.879901063293214,26.879901063293214,2.4024100079788107
SG-TBL-001,a_times_n1_over_lambda,SG-TBL-001D-1001,SG-006h,exact,E_y_3_2,E_y,3,2,1,0,1,1,found,33.575310447067025,33.575310447067025,3.0008169170376777
SG-TBL-001,a_times_n1_over_lambda,SG-TBL-001D-1001,SG-006h,exact,E_x_3_2,E_x,3,2,1,0,1,1,found,33.53106433942915,33.53106433942915,2.996862390138451
SG-TBL-001,a_times_n1_over_lambda,SG-TBL-001D-1001,SG-006h,exact,E_y_3_3,E_y,3,3,1,0,1,1,found,41.620224623978139,41.620224623978139,3.7198367633694325
SG-TBL-001,a_times_n1_over_lambda,SG-TBL-001D-1001,SG-006h,exact,E_x_3_3,E_x,3,3,1,0,1,1,found,41.555652183145284,41.555652183145284,3.7140655561863709
SG-TBL-001,a_times_n1_over_lambda,SG-TBL-001D-1001,SG-006h,exact,E_y_3_4,E_y,3,4,0,0,0,0,above_search_max,nan,nan,nan
SG-TBL-001,a_times_n1_over_lambda,SG-TBL-001D-1001,SG-006h,exact,E_x_3_4,E_x,3,4,0,0,0,0,above_search_max,nan,nan,nan
SG-TBL-001,a_times_n1_over_lambda,SG-TBL-001D-1001,SG-006h,exact,E_y_4_1,E_y,4,1,1,0,1,1,found,36.977771913260213,36.977771913260213,3.3049142966707894
SG-TBL-001,a_times_n1_over_lambda,SG-TBL-001D-1001,SG-006h,exact,E_x_4_1,E_x,4,1,1,0,1,1,found,36.967229960411785,36.967229960411785,3.3039721022420574
SG-TBL-001,a_times_n1_over_lambda,SG-TBL-001D-1001,SG-006h,exact,E_y_4_2,E_y,4,2,1,0,1,1,found,42.459138214290142,42.459138214290142,3.7948152538203228
SG-TBL-001,a_times_n1_over_lambda,SG-TBL-001D-1001,SG-006h,exact,E_x_4_2,E_x,4,2,1,0,1,1,found,42.430212651044144,42.430212651044144,3.7922300113201746
SG-TBL-001,a_times_n1_over_lambda,SG-TBL-001D-1001,SG-006h,exact,E_y_4_3,E_y,4,3,1,0,1,1,found,49.415637474507093,49.415637474507093,4.4165572536844717
SG-TBL-001,a_times_n1_over_lambda,SG-TBL-001D-1001,SG-006h,exact,E_x_4_3,E_x,4,3,1,0,1,1,found,49.368286585956824,49.368286585956824,4.4123252348138662
SG-TBL-001,a_times_n1_over_lambda,SG-TBL-001D-1001,SG-006h,exact,E_y_4_4,E_y,4,4,0,0,0,0,above_search_max,nan,nan,nan
SG-TBL-001,a_times_n1_over_lambda,SG-TBL-001D-1001,SG-006h,exact,E_x_4_4,E_x,4,4,0,0,0,0,above_search_max,nan,nan,nan
SG-TBL-001,a_times_n1_over_lambda,SG-TBL-001D-1001,SG-006h,closed_form,E_y_1_2,E_y,1,2,1,0,1,1,found,20.778307100832464,20.778307100832464,1.8570757686331061
SG-TBL-001,a_times_n1_over_lambda,SG-TBL-001D-1001,SG-006h,closed_form,E_x_1_2,E_x,1,2,1,0,1,1,found,20.672808611989026,20.672808611989026,1.8476467672083121
SG-TBL-001,a_times_n1_over_lambda,SG-TBL-001D-1001,SG-006h,closed_form,E_y_1_3,E_y,1,3,1,0,1,1,found,31.426799820959566,31.426799820959566,2.8087922731130019
SG-TBL-001,a_times_n1_over_lambda,SG-TBL-001D-1001,SG-006h,closed_form,E_x_1_3,E_x,1,3,1,0,1,1,found,31.311925161927935,31.311925161927935,2.7985252699022793
SG-TBL-001,a_times_n1_over_lambda,SG-TBL-001D-1001,SG-006h,closed_form,E_y_1_4,E_y,1,4,1,0,1,1,found,42.298617763519289,42.298617763519289,3.7804686259622393
SG-TBL-001,a_times_n1_over_lambda,SG-TBL-001D-1001,SG-006h,closed_form,E_x_1_4,E_x,1,4,1,0,1,1,found,42.179599175453177,42.179599175453177,3.7698312561879881
SG-TBL-001,a_times_n1_over_lambda,SG-TBL-001D-1001,SG-006h,closed_form,E_y_2_1,E_y,2,1,1,0,1,1,found,18.71959377065301,18.71959377065301,1.6730768210054114
SG-TBL-001,a_times_n1_over_lambda,SG-TBL-001D-1001,SG-006h,closed_form,E_x_2_1,E_x,2,1,1,0,1,1,found,18.695128722786905,18.695128722786905,1.6708902401954295
SG-TBL-001,a_times_n1_over_lambda,SG-TBL-001D-1001,SG-006h,closed_form,E_y_2_2,E_y,2,2,1,0,1,1,found,26.402470231652259,26.402470231652259,2.3597392925862533
SG-TBL-001,a_times_n1_over_lambda,SG-TBL-001D-1001,SG-006h,closed_form,E_x_2_2,E_x,2,2,1,0,1,1,found,26.335556541681285,26.335556541681285,2.3537588346195917
SG-TBL-001,a_times_n1_over_lambda,SG-TBL-001D-1001,SG-006h,closed_form,E_y_2_3,E_y,2,3,1,0,1,1,found,35.714662416428311,35.714662416428311,3.1920229995928433
SG-TBL-001,a_times_n1_over_lambda,SG-TBL-001D-1001,SG-006h,closed_form,E_x_2_3,E_x,2,3,1,0,1,1,found,35.624947805404652,35.624947805404652,3.1840046933171742
SG-TBL-001,a_times_n1_over_lambda,SG-TBL-001D-1001,SG-006h,closed_form,E_y_2_4,E_y,2,4,1,0,1,1,found,45.748225268274538,45.748225268274538,4.0887797158546029
SG-TBL-001,a_times_n1_over_lambda,SG-TBL-001D-1001,SG-006h,closed_form,E_x_2_4,E_x,2,4,1,0,1,1,found,45.646269566863779,45.646269566863779,4.0796673535411045
SG-TBL-001,a_times_n1_over_lambda,SG-TBL-001D-1001,SG-006h,closed_form,E_y_3_1,E_y,3,1,1,0,1,1,found,28.657527433633803,28.657527433633803,2.5612866114490935
SG-TBL-001,a_times_n1_over_lambda,SG-TBL-001D-1001,SG-006h,closed_form,E_x_3_1,E_x,3,1,1,0,1,1,found,28.653498220592734,28.653498220592734,2.5609264977079254
SG-TBL-001,a_times_n1_over_lambda,SG-TBL-001D-1001,SG-006h,closed_form,E_y_3_2,E_y,3,2,1,0,1,1,found,34.387002081125971,34.387002081125971,3.0733624260581252
SG-TBL-001,a_times_n1_over_lambda,SG-TBL-001D-1001,SG-006h,closed_form,E_x_3_2,E_x,3,2,1,0,1,1,found,34.350152175426487,34.350152175426487,3.0700689398939809
SG-TBL-001,a_times_n1_over_lambda,SG-TBL-001D-1001,SG-006h,closed_form,E_y_3_3,E_y,3,3,1,0,1,1,found,42.178675488233552,42.178675488233552,3.7697487009949668
SG-TBL-001,a_times_n1_over_lambda,SG-TBL-001D-1001,SG-006h,closed_form,E_x_3_3,E_x,3,3,1,0,1,1,found,42.11543122023344,42.11543122023344,3.764096200190258
SG-TBL-001,a_times_n1_over_lambda,SG-TBL-001D-1001,SG-006h,closed_form,E_y_3_4,E_y,3,4,0,0,0,0,above_search_max,nan,nan,nan
SG-TBL-001,a_times_n1_over_lambda,SG-TBL-001D-1001,SG-006h,closed_form,E_x_3_4,E_x,3,4,0,0,0,0,above_search_max,nan,nan,nan
SG-TBL-001,a_times_n1_over_lambda,SG-TBL-001D-1001,SG-006h,closed_form,E_y_4_1,E_y,4,1,1,0,1,1,found,39.237461704611775,39.237461704611775,3.5068756564573369
SG-TBL-001,a_times_n1_over_lambda,SG-TBL-001D-1001,SG-006h,closed_form,E_x_4_1,E_x,4,1,1,0,1,1,found,39.24149091765284,39.24149091765284,3.5072357701985042
SG-TBL-001,a_times_n1_over_lambda,SG-TBL-001D-1001,SG-006h,closed_form,E_y_4_2,E_y,4,2,1,0,1,1,found,43.670425878465174,43.670425878465174,3.9030749382627343
SG-TBL-001,a_times_n1_over_lambda,SG-TBL-001D-1001,SG-006h,closed_form,E_x_4_2,E_x,4,2,1,0,1,1,found,43.651704824268826,43.651704824268826,3.9014017309151585
SG-TBL-001,a_times_n1_over_lambda,SG-TBL-001D-1001,SG-006h,closed_form,E_y_4_3,E_y,4,3,0,0,0,0,above_search_max,nan,nan,nan
SG-TBL-001,a_times_n1_over_lambda,SG-TBL-001D-1001,SG-006h,closed_form,E_x_4_3,E_x,4,3,0,0,0,0,above_search_max,nan,nan,nan
SG-TBL-001,a_times_n1_over_lambda,SG-TBL-001D-1001,SG-006h,closed_form,E_y_4_4,E_y,4,4,0,0,0,0,above_search_max,nan,nan,nan
SG-TBL-001,a_times_n1_over_lambda,SG-TBL-001D-1001,SG-006h,closed_form,E_x_4_4,E_x,4,4,0,0,0,0,above_search_max,nan,nan,nan
SG-TBL-001,a_times_n1_over_lambda,SG-TBL-001D-1010,SG-006h,exact,E_y_1_2,E_y,1,2,1,0,1,1,found,6.305936263650656,6.305936263650656,1.7703381465097034
SG-TBL-001,a_times_n1_over_lambda,SG-TBL-001D-1010,SG-006h,exact,E_x_1_2,E_x,1,2,1,0,1,1,found,6.2083263616263853,6.2083263616263853,1.7429349940188148
SG-TBL-001,a_times_n1_over_lambda,SG-TBL-001D-1010,SG-006h,exact,E_y_1_3,E_y,1,3,1,0,1,1,found,9.6039123173058023,9.6039123173058023,2.6962169644921059
SG-TBL-001,a_times_n1_over_lambda,SG-TBL-001D-1010,SG-006h,exact,E_x_1_3,E_x,1,3,1,0,1,1,found,9.4956874613463889,9.4956874613463889,2.6658337536737728
SG-TBL-001,a_times_n1_over_lambda,SG-TBL-001D-1010,SG-006h,exact,E_y_1_4,E_y,1,4,1,0,1,1,found,13.002731923162937,13.002731923162937,3.6504067548390422
SG-TBL-001,a_times_n1_over_lambda,SG-TBL-001D-1010,SG-006h,exact,E_x_1_4,E_x,1,4,1,0,1,1,found,12.88968080148101,12.88968080148101,3.6186686108344968
SG-TBL-001,a_times_n1_over_lambda,SG-TBL-001D-1010,SG-006h,exact,E_y_2_1,E_y,2,1,1,0,1,1,found,5.6080004352331159,5.6080004352331159,1.5743985795360094
SG-TBL-001,a_times_n1_over_lambda,SG-TBL-001D-1010,SG-006h,exact,E_x_2_1,E_x,2,1,1,0,1,1,found,5.5768885639309893,5.5768885639309893,1.5656641854234421
SG-TBL-001,a_times_n1_over_lambda,SG-TBL-001D-1010,SG-006h,exact,E_y_2_2,E_y,2,2,1,0,1,1,found,8.2002906267344962,8.2002906267344962,2.3021620742753335
SG-TBL-001,a_times_n1_over_lambda,SG-TBL-001D-1010,SG-006h,exact,E_x_2_2,E_x,2,2,1,0,1,1,found,8.1369748474657513,8.1369748474657513,2.284386706014546
SG-TBL-001,a_times_n1_over_lambda,SG-TBL-001D-1010,SG-006h,exact,E_y_2_3,E_y,2,3,1,0,1,1,found,11.13324858337641,11.13324858337641,3.1255651560163424
SG-TBL-001,a_times_n1_over_lambda,SG-TBL-001D-1010,SG-006h,exact,E_x_2_3,E_x,2,3,1,0,1,1,found,11.049120045304296,11.049120045304296,3.1019467821647586
SG-TBL-001,a_times_n1_over_lambda,SG-TBL-001D-1010,SG-006h,exact,E_y_2_4,E_y,2,4,1,0,1,1,found,14.269948848485946,14.269948848485946,4.0061671636039895
SG-TBL-001,a_times_n1_over_lambda,SG-TBL-001D-1010,SG-006h,exact,E_x_2_4,E_x,2,4,1,0,1,1,found,14.173465993851423,14.173465993851423,3.979080420113061
SG-TBL-001,a_times_n1_over_lambda,SG-TBL-001D-1010,SG-006h,exact,E_y_3_1,E_y,3,1,1,0,1,1,found,8.554865098893643,8.554865098893643,2.4017058513763216
SG-TBL-001,a_times_n1_over_lambda,SG-TBL-001D-1010,SG-006h,exact,E_x_3_1,E_x,3,1,1,0,1,1,found,8.5426031510531892,8.5426031510531892,2.3982634134725962
SG-TBL-001,a_times_n1_over_lambda,SG-TBL-001D-1010,SG-006h,exact,E_y_3_2,E_y,3,2,1,0,1,1,found,10.669473424404863,10.669473424404863,2.9953642118577961
SG-TBL-001,a_times_n1_over_lambda,SG-TBL-001D-1010,SG-006h,exact,E_x_3_2,E_x,3,2,1,0,1,1,found,10.632269686907531,10.632269686907531,2.9849195779556239
SG-TBL-001,a_times_n1_over_lambda,SG-TBL-001D-1010,SG-006h,exact,E_y_3_3,E_y,3,3,1,0,1,1,found,13.221117653697728,13.221117653697728,3.7117166972892539
SG-TBL-001,a_times_n1_over_lambda,SG-TBL-001D-1010,SG-006h,exact,E_x_3_3,E_x,3,3,1,0,1,1,found,13.161437030583624,13.161437030583624,3.6949618683013061
SG-TBL-001,a_times_n1_over_lambda,SG-TBL-001D-1010,SG-006h,exact,E_y_3_4,E_y,3,4,1,0,1,1,found,16.057168157547711,16.057168157547711,4.5079138332062367
SG-TBL-001,a_times_n1_over_lambda,SG-TBL-001D-1010,SG-006h,exact,E_x_3_4,E_x,3,4,1,0,1,1,found,15.980847011208535,15.980847011208535,4.4864873183953549
SG-TBL-001,a_times_n1_over_lambda,SG-TBL-001D-1010,SG-006h,exact,E_y_4_1,E_y,4,1,1,0,1,1,found,11.767014221847056,11.767014221847056,3.303489486174751
SG-TBL-001,a_times_n1_over_lambda,SG-TBL-001D-1010,SG-006h,exact,E_x_4_1,E_x,4,1,1,0,1,1,found,11.762625962644815,11.762625962644815,3.3022575196058401
SG-TBL-001,a_times_n1_over_lambda,SG-TBL-001D-1010,SG-006h,exact,E_y_4_2,E_y,4,2,1,0,1,1,found,13.504250878691671,13.504250878691671,3.7912039499023833
SG-TBL-001,a_times_n1_over_lambda,SG-TBL-001D-1010,SG-006h,exact,E_x_4_2,E_x,4,2,1,0,1,1,found,13.48309397190809,13.48309397190809,3.7852643276837088
SG-TBL-001,a_times_n1_over_lambda,SG-TBL-001D-1010,SG-006h,exact,E_y_4_3,E_y,4,3,1,0,1,1,found,15.710829399824142,15.710829399824142,4.4106821631135453
SG-TBL-001,a_times_n1_over_lambda,SG-TBL-001D-1010,SG-006h,exact,E_x_4_3,E_x,4,3,1,0,1,1,found,15.670275061428548,15.670275061428548,4.3992968764144029
SG-TBL-001,a_times_n1_over_lambda,SG-TBL-001D-1010,SG-006h,exact,E_y_4_4,E_y,4,4,1,0,1,1,found,18.249690989851956,18.249690989851956,5.1234460309380614
SG-TBL-001,a_times_n1_over_lambda,SG-TBL-001D-1010,SG-006h,exact,E_x_4_4,E_x,4,4,1,0,1,1,found,18.191965752989052,18.191965752989052,5.1072401600630606
SG-TBL-001,a_times_n1_over_lambda,SG-TBL-001D-1010,SG-006h,closed_form,E_y_1_2,E_y,1,2,1,0,1,1,found,6.5767345397174353,6.5767345397174353,1.8463624667828908
SG-TBL-001,a_times_n1_over_lambda,SG-TBL-001D-1010,SG-006h,closed_form,E_x_1_2,E_x,1,2,1,0,1,1,found,6.4635485894978046,6.4635485894978046,1.8145864708094146
SG-TBL-001,a_times_n1_over_lambda,SG-TBL-001D-1010,SG-006h,closed_form,E_y_1_3,E_y,1,3,1,0,1,1,found,9.9637555311620254,9.9637555311620254,2.7972398961580089
SG-TBL-001,a_times_n1_over_lambda,SG-TBL-001D-1010,SG-006h,closed_form,E_x_1_3,E_x,1,3,1,0,1,1,found,9.8375843264162555,9.8375843264162555,2.7618184000607409
SG-TBL-001,a_times_n1_over_lambda,SG-TBL-001D-1010,SG-006h,closed_form,E_y_1_4,E_y,1,4,1,0,1,1,found,13.423541473150253,13.423541473150253,3.7685454685225896
SG-TBL-001,a_times_n1_over_lambda,SG-TBL-001D-1010,SG-006h,closed_form,E_x_1_4,E_x,1,4,1,0,1,1,found,13.2916784183681,13.2916784183681,3.73152603378111
SG-TBL-001,a_times_n1_over_lambda,SG-TBL-001D-1010,SG-006h,closed_form,E_y_2_1,E_y,2,1,1,0,1,1,found,5.9471597595512868,5.9471597595512868,1.6696146845648465
SG-TBL-001,a_times_n1_over_lambda,SG-TBL-001D-1010,SG-006h,closed_form,E_x_2_1,E_x,2,1,1,0,1,1,found,5.9422262269258512,5.9422262269258512,1.6682296371050105
SG-TBL-001,a_times_n1_over_lambda,SG-TBL-001D-1010,SG-006h,closed_form,E_y_2_2,E_y,2,2,1,0,1,1,found,8.379518723338844,8.379518723338844,2.3524788429642252
SG-TBL-001,a_times_n1_over_lambda,SG-TBL-001D-1010,SG-006h,closed_form,E_x_2_2,E_x,2,2,1,0,1,1,found,8.3181195950508098,8.3181195950508098,2.3352415582175787
SG-TBL-001,a_times_n1_over_lambda,SG-TBL-001D-1010,SG-006h,closed_form,E_y_2_3,E_y,2,3,1,0,1,1,found,11.336841165125374,11.336841165125374,3.1827220473560471
SG-TBL-001,a_times_n1_over_lambda,SG-TBL-001D-1010,SG-006h,closed_form,E_x_2_3,E_x,2,3,1,0,1,1,found,11.244585669338701,11.244585669338701,3.1568220990235916
SG-TBL-001,a_times_n1_over_lambda,SG-TBL-001D-1010,SG-006h,closed_form,E_y_2_4,E_y,2,4,1,0,1,1,found,14.527183075696229,14.527183075696229,4.0783834921519517
SG-TBL-001,a_times_n1_over_lambda,SG-TBL-001D-1010,SG-006h,closed_form,E_x_2_4,E_x,2,4,1,0,1,1,found,14.418312383592127,14.418312383592127,4.0478189683111694
SG-TBL-001,a_times_n1_over_lambda,SG-TBL-001D-1010,SG-006h,closed_form,E_y_3_1,E_y,3,1,1,0,1,1,found,9.1174733005464041,9.1174733005464041,2.5596533343958368
SG-TBL-001,a_times_n1_over_lambda,SG-TBL-001D-1010,SG-006h,closed_form,E_x_3_1,E_x,3,1,1,0,1,1,found,9.1386257378756994,9.1386257378756994,2.5655917018531107
SG-TBL-001,a_times_n1_over_lambda,SG-TBL-001D-1010,SG-006h,closed_form,E_y_3_2,E_y,3,2,1,0,1,1,found,10.931022909730672,10.931022909730672,3.0687920125384518
SG-TBL-001,a_times_n1_over_lambda,SG-TBL-001D-1010,SG-006h,closed_form,E_x_3_2,E_x,3,2,1,0,1,1,found,10.909141206443309,10.909141206443309,3.06264890984591
SG-TBL-001,a_times_n1_over_lambda,SG-TBL-001D-1010,SG-006h,closed_form,E_y_3_3,E_y,3,3,1,0,1,1,found,13.403134689778092,13.403134689778092,3.7628164370923884
SG-TBL-001,a_times_n1_over_lambda,SG-TBL-001D-1010,SG-006h,closed_form,E_x_3_3,E_x,3,3,1,0,1,1,found,13.346107432693245,13.346107432693245,3.7468065181228503
SG-TBL-001,a_times_n1_over_lambda,SG-TBL-001D-1010,SG-006h,closed_form,E_y_3_4,E_y,3,4,1,0,1,1,found,16.24288888141513,16.24288888141513,4.5600533519570243
SG-TBL-001,a_times_n1_over_lambda,SG-TBL-001D-1010,SG-006h,closed_form,E_x_3_4,E_x,3,4,1,0,1,1,found,16.162003677338365,16.162003677338365,4.5373455166287906
SG-TBL-001,a_times_n1_over_lambda,SG-TBL-001D-1010,SG-006h,closed_form,E_y_4_1,E_y,4,1,1,0,1,1,found,12.488225478380919,12.488225478380919,3.5059634322712072
SG-TBL-001,a_times_n1_over_lambda,SG-TBL-001D-1010,SG-006h,closed_form,E_x_4_1,E_x,4,1,1,0,1,1,found,12.519693416208028,12.519693416208028,3.5147977890420568
SG-TBL-001,a_times_n1_over_lambda,SG-TBL-001D-1010,SG-006h,closed_form,E_y_4_2,E_y,4,2,1,0,1,1,found,13.892233776748181,13.892233776748181,3.9001268593491694
SG-TBL-001,a_times_n1_over_lambda,SG-TBL-001D-1010,SG-006h,closed_form,E_x_4_2,E_x,4,2,1,0,1,1,found,13.893961965739727,13.893961965739727,3.9006120337575676
SG-TBL-001,a_times_n1_over_lambda,SG-TBL-001D-1010,SG-006h,closed_form,E_y_4_3,E_y,4,3,1,0,1,1,found,15.946704849898811,15.946704849898811,4.4769021960528868
SG-TBL-001,a_times_n1_over_lambda,SG-TBL-001D-1010,SG-006h,closed_form,E_x_4_3,E_x,4,3,1,0,1,1,found,15.91737778067589,15.91737778067589,4.4686688699931318
SG-TBL-001,a_times_n1_over_lambda,SG-TBL-001D-1010,SG-006h,closed_form,E_y_4_4,E_y,4,4,1,0,1,1,found,18.433611268550163,18.433611268550163,5.175080089971134
SG-TBL-001,a_times_n1_over_lambda,SG-TBL-001D-1010,SG-006h,closed_form,E_x_4_4,E_x,4,4,1,0,1,1,found,18.378792666792869,18.378792666792869,5.1596902322606031
SG-TBL-001,a_times_n1_over_lambda,SG-TBL-001D-1050,SG-006h,exact,E_y_1_2,E_y,1,2,1,0,1,1,found,2.8706280329823493,2.8706280329823493,1.7505702794898532
SG-TBL-001,a_times_n1_over_lambda,SG-TBL-001D-1050,SG-006h,exact,E_x_1_2,E_x,1,2,1,0,1,1,found,2.7748826383054253,2.7748826383054253,1.692182693082388
SG-TBL-001,a_times_n1_over_lambda,SG-TBL-001D-1050,SG-006h,exact,E_y_1_3,E_y,1,3,1,0,1,1,found,4.3811002223193647,4.3811002223193647,2.6716884781100538
SG-TBL-001,a_times_n1_over_lambda,SG-TBL-001D-1050,SG-006h,exact,E_x_1_3,E_x,1,3,1,0,1,1,found,4.2719017702341073,4.2719017702341073,2.6050969299922189
SG-TBL-001,a_times_n1_over_lambda,SG-TBL-001D-1050,SG-006h,exact,E_y_1_4,E_y,1,4,1,0,1,1,found,5.9412518858909618,5.9412518858909618,3.6231022810706701
SG-TBL-001,a_times_n1_over_lambda,SG-TBL-001D-1050,SG-006h,exact,E_x_1_4,E_x,1,4,1,0,1,1,found,5.8263772268593321,5.8263772268593321,3.5530492607361688
SG-TBL-001,a_times_n1_over_lambda,SG-TBL-001D-1050,SG-006h,exact,E_y_2_1,E_y,2,1,1,0,1,1,found,2.5751896554231637,2.5751896554231637,1.5704056474882289
SG-TBL-001,a_times_n1_over_lambda,SG-TBL-001D-1050,SG-006h,exact,E_x_2_1,E_x,2,1,1,0,1,1,found,2.5581208094954495,2.5581208094954495,1.5599967007201572
SG-TBL-001,a_times_n1_over_lambda,SG-TBL-001D-1050,SG-006h,exact,E_y_2_2,E_y,2,2,1,0,1,1,found,3.7590452989935867,3.7590452989935867,2.2923461012946516
SG-TBL-001,a_times_n1_over_lambda,SG-TBL-001D-1050,SG-006h,exact,E_x_2_2,E_x,2,2,1,0,1,1,found,3.70525467172265,3.70525467172265,2.2595434280351037
SG-TBL-001,a_times_n1_over_lambda,SG-TBL-001D-1050,SG-006h,exact,E_y_2_3,E_y,2,3,1,0,1,1,found,5.1005661569535743,5.1005661569535743,3.1104341699256328
SG-TBL-001,a_times_n1_over_lambda,SG-TBL-001D-1050,SG-006h,exact,E_x_2_3,E_x,2,3,1,0,1,1,found,5.0205919766426073,5.0205919766426073,3.06166420684773
SG-TBL-001,a_times_n1_over_lambda,SG-TBL-001D-1050,SG-006h,exact,E_y_2_4,E_y,2,4,1,0,1,1,found,6.537934462130071,6.537934462130071,3.9869720587821473
SG-TBL-001,a_times_n1_over_lambda,SG-TBL-001D-1050,SG-006h,exact,E_x_2_4,E_x,2,4,1,0,1,1,found,6.4423030385375029,6.4423030385375029,3.9286539743758828
SG-TBL-001,a_times_n1_over_lambda,SG-TBL-001D-1050,SG-006h,exact,E_y_3_1,E_y,3,1,1,0,1,1,found,3.9354256083071224,3.9354256083071224,2.3999065806824045
SG-TBL-001,a_times_n1_over_lambda,SG-TBL-001D-1050,SG-006h,exact,E_x_3_1,E_x,3,1,1,0,1,1,found,3.9367537811398501,3.9367537811398501,2.400716528840189
SG-TBL-001,a_times_n1_over_lambda,SG-TBL-001D-1050,SG-006h,exact,E_y_3_2,E_y,3,2,1,0,1,1,found,4.9033939462900165,4.9033939462900165,2.990194345063915
SG-TBL-001,a_times_n1_over_lambda,SG-TBL-001D-1050,SG-006h,exact,E_x_3_2,E_x,3,2,1,0,1,1,found,4.880092446357013,4.880092446357013,2.975984592779195
SG-TBL-001,a_times_n1_over_lambda,SG-TBL-001D-1050,SG-006h,exact,E_y_3_3,E_y,3,3,1,0,1,1,found,6.0714709264039994,6.0714709264039994,3.7025126329263158
SG-TBL-001,a_times_n1_over_lambda,SG-TBL-001D-1050,SG-006h,exact,E_x_3_3,E_x,3,3,1,0,1,1,found,6.0215106214582921,6.0215106214582921,3.6720457720208493
SG-TBL-001,a_times_n1_over_lambda,SG-TBL-001D-1050,SG-006h,exact,E_y_3_4,E_y,3,4,1,0,1,1,found,7.3708120544254783,7.3708120544254783,4.4948786014527604
SG-TBL-001,a_times_n1_over_lambda,SG-TBL-001D-1050,SG-006h,exact,E_x_3_4,E_x,3,4,1,0,1,1,found,7.3000509092211736,7.3000509092211736,4.4517269439359808
SG-TBL-001,a_times_n1_over_lambda,SG-TBL-001D-1050,SG-006h,exact,E_y_4_1,E_y,4,1,1,0,1,1,found,5.4155241312086577,5.4155241312086577,3.3025022688518688
SG-TBL-001,a_times_n1_over_lambda,SG-TBL-001D-1050,SG-006h,exact,E_x_4_1,E_x,4,1,1,0,1,1,found,5.4230871927738189,5.4230871927738189,3.3071143853106384
SG-TBL-001,a_times_n1_over_lambda,SG-TBL-001D-1050,SG-006h,exact,E_y_4_2,E_y,4,2,1,0,1,1,found,6.2119644974172115,6.2119644974172115,3.7881886129032862
SG-TBL-001,a_times_n1_over_lambda,SG-TBL-001D-1050,SG-006h,exact,E_x_4_2,E_x,4,2,1,0,1,1,found,6.2060044801235197,6.2060044801235197,3.7845540670757853
SG-TBL-001,a_times_n1_over_lambda,SG-TBL-001D-1050,SG-006h,exact,E_y_4_3,E_y,4,3,1,0,1,1,found,7.2232172654569133,7.2232172654569133,4.4048721471133883
SG-TBL-001,a_times_n1_over_lambda,SG-TBL-001D-1050,SG-006h,exact,E_x_4_3,E_x,4,3,1,0,1,1,found,7.1959826457500444,7.1959826457500444,4.388263894395072
SG-TBL-001,a_times_n1_over_lambda,SG-TBL-001D-1050,SG-006h,exact,E_y_4_4,E_y,4,4,1,0,1,1,found,8.38697824254632,8.38697824254632,5.1145584441590755
SG-TBL-001,a_times_n1_over_lambda,SG-TBL-001D-1050,SG-006h,exact,E_x_4_4,E_x,4,4,1,0,1,1,found,8.3390835703909403,8.3390835703909403,5.0853512502426925
SG-TBL-001,a_times_n1_over_lambda,SG-TBL-001D-1050,SG-006h,closed_form,E_y_1_2,E_y,1,2,1,0,1,1,found,3.0166376554965972,3.0166376554965972,1.8396100654726535
SG-TBL-001,a_times_n1_over_lambda,SG-TBL-001D-1050,SG-006h,closed_form,E_x_1_2,E_x,1,2,1,0,1,1,found,2.8917737661302079,2.8917737661302079,1.7634653991505524
SG-TBL-001,a_times_n1_over_lambda,SG-TBL-001D-1050,SG-006h,closed_form,E_y_1_3,E_y,1,3,1,0,1,1,found,4.5750290989875797,4.5750290989875797,2.789950448636946
SG-TBL-001,a_times_n1_over_lambda,SG-TBL-001D-1050,SG-006h,closed_form,E_x_1_3,E_x,1,3,1,0,1,1,found,4.4300556449592126,4.4300556449592126,2.7015425403251943
SG-TBL-001,a_times_n1_over_lambda,SG-TBL-001D-1050,SG-006h,closed_form,E_y_1_4,E_y,1,4,1,0,1,1,found,6.1674114872515204,6.1674114872515204,3.7610192358325687
SG-TBL-001,a_times_n1_over_lambda,SG-TBL-001D-1050,SG-006h,closed_form,E_x_1_4,E_x,1,4,1,0,1,1,found,6.0137635673582555,6.0137635673582555,3.6673214529849782
SG-TBL-001,a_times_n1_over_lambda,SG-TBL-001D-1050,SG-006h,closed_form,E_y_2_1,E_y,2,1,1,0,1,1,found,2.73432829990983,2.73432829990983,1.6674517914524938
SG-TBL-001,a_times_n1_over_lambda,SG-TBL-001D-1050,SG-006h,closed_form,E_x_2_1,E_x,2,1,1,0,1,1,found,2.765209994316101,2.765209994316101,1.6862841082092357
SG-TBL-001,a_times_n1_over_lambda,SG-TBL-001D-1050,SG-006h,closed_form,E_y_2_2,E_y,2,2,1,0,1,1,found,3.8501685330271722,3.8501685330271722,2.347914995431196
SG-TBL-001,a_times_n1_over_lambda,SG-TBL-001D-1050,SG-006h,closed_form,E_x_2_2,E_x,2,2,1,0,1,1,found,3.8005382227897644,3.8005382227897644,2.3176493723461999
SG-TBL-001,a_times_n1_over_lambda,SG-TBL-001D-1050,SG-006h,closed_form,E_y_2_3,E_y,2,3,1,0,1,1,found,5.2094949519634257,5.2094949519634257,3.1768612754001024
SG-TBL-001,a_times_n1_over_lambda,SG-TBL-001D-1050,SG-006h,closed_form,E_x_2_3,E_x,2,3,1,0,1,1,found,5.114298555254936,5.114298555254936,3.1188084796781599
SG-TBL-001,a_times_n1_over_lambda,SG-TBL-001D-1050,SG-006h,closed_form,E_y_2_4,E_y,2,4,1,0,1,1,found,6.6770804926753033,6.6770804926753033,4.0718262798037417
SG-TBL-001,a_times_n1_over_lambda,SG-TBL-001D-1050,SG-006h,closed_form,E_x_2_4,E_x,2,4,1,0,1,1,found,6.5571687586605538,6.5571687586605538,3.9987015435730333
SG-TBL-001,a_times_n1_over_lambda,SG-TBL-001D-1050,SG-006h,closed_form,E_y_3_1,E_y,3,1,1,0,1,1,found,4.1957065135240548,4.1957065135240548,2.5586314352286426
SG-TBL-001,a_times_n1_over_lambda,SG-TBL-001D-1050,SG-006h,closed_form,E_x_3_1,E_x,3,1,1,0,1,1,found,4.2610462106764313,4.2610462106764313,2.5984769779432049
SG-TBL-001,a_times_n1_over_lambda,SG-TBL-001D-1050,SG-006h,closed_form,E_y_3_2,E_y,3,2,1,0,1,1,found,5.0275740091502659,5.0275740091502659,3.0659219993788094
SG-TBL-001,a_times_n1_over_lambda,SG-TBL-001D-1050,SG-006h,closed_form,E_x_3_2,E_x,3,2,1,0,1,1,found,5.0330841013789183,5.0330841013789183,3.0692821712930742
SG-TBL-001,a_times_n1_over_lambda,SG-TBL-001D-1050,SG-006h,closed_form,E_y_3_3,E_y,3,3,1,0,1,1,found,6.1632034960389124,6.1632034960389124,3.7584531129254879
SG-TBL-001,a_times_n1_over_lambda,SG-TBL-001D-1050,SG-006h,closed_form,E_x_3_3,E_x,3,3,1,0,1,1,found,6.1183987066149701,6.1183987066149701,3.7311301954861045
SG-TBL-001,a_times_n1_over_lambda,SG-TBL-001D-1050,SG-006h,closed_form,E_y_3_4,E_y,3,4,1,0,1,1,found,7.4688785856962197,7.4688785856962197,4.5546816665252035
SG-TBL-001,a_times_n1_over_lambda,SG-TBL-001D-1050,SG-006h,closed_form,E_x_3_4,E_x,3,4,1,0,1,1,found,7.389387106448412,7.389387106448412,4.5062060648641529
SG-TBL-001,a_times_n1_over_lambda,SG-TBL-001D-1050,SG-006h,closed_form,E_y_4_1,E_y,4,1,1,0,1,1,found,5.7482273288071166,5.7482273288071166,3.5053917839389261
SG-TBL-001,a_times_n1_over_lambda,SG-TBL-001D-1050,SG-006h,closed_form,E_x_4_1,E_x,4,1,1,0,1,1,found,5.8272852709889396,5.8272852709889396,3.5536030054385441
SG-TBL-001,a_times_n1_over_lambda,SG-TBL-001D-1050,SG-006h,closed_form,E_y_4_2,E_y,4,2,1,0,1,1,found,6.3924879908561714,6.3924879908561714,3.8982756944523387
SG-TBL-001,a_times_n1_over_lambda,SG-TBL-001D-1050,SG-006h,closed_form,E_x_4_2,E_x,4,2,1,0,1,1,found,6.430403861403466,6.430403861403466,3.9213976020413623
SG-TBL-001,a_times_n1_over_lambda,SG-TBL-001D-1050,SG-006h,closed_form,E_y_4_3,E_y,4,3,1,0,1,1,found,7.3361223849654191,7.3361223849654191,4.4737241001853096
SG-TBL-001,a_times_n1_over_lambda,SG-TBL-001D-1050,SG-006h,closed_form,E_x_4_3,E_x,4,3,1,0,1,1,found,7.3302346238493925,7.3302346238493925,4.470133617718048
SG-TBL-001,a_times_n1_over_lambda,SG-TBL-001D-1050,SG-006h,closed_form,E_y_4_4,E_y,4,4,1,0,1,1,found,8.4792344832420365,8.4792344832420365,5.1708182699546157
SG-TBL-001,a_times_n1_over_lambda,SG-TBL-001D-1050,SG-006h,closed_form,E_x_4_4,E_x,4,4,1,0,1,1,found,8.4368595871329291,8.4368595871329291,5.1449771533512898
SG-TBL-001,a_times_n1_over_lambda,SG-TBL-001E-1001,SG-006i,exact,E_y_1_2,E_y,1,2,1,0,1,1,found,18.224934682548046,36.449869365096092,1.6288663181094813
SG-TBL-001,a_times_n1_over_lambda,SG-TBL-001E-1001,SG-006i,exact,E_x_1_2,E_x,1,2,1,0,1,1,found,18.1165079562366,36.233015912473199,1.6191756034074578
SG-TBL-001,a_times_n1_over_lambda,SG-TBL-001E-1001,SG-006i,exact,E_y_1_3,E_y,1,3,1,0,1,1,found,28.926999771594996,57.853999543189992,2.5853708906310389
SG-TBL-001,a_times_n1_over_lambda,SG-TBL-001E-1001,SG-006i,exact,E_x_1_3,E_x,1,3,1,0,1,1,found,28.812843949794768,57.625687899589536,2.5751681340019816
SG-TBL-001,a_times_n1_over_lambda,SG-TBL-001E-1001,SG-006i,exact,E_y_1_4,E_y,1,4,1,0,1,1,found,39.859286451041704,79.718572902083409,3.5624516792453136
SG-TBL-001,a_times_n1_over_lambda,SG-TBL-001E-1001,SG-006i,exact,E_x_1_4,E_x,1,4,1,0,1,1,found,39.743010618090636,79.486021236181273,3.5520594451329202
SG-TBL-001,a_times_n1_over_lambda,SG-TBL-001E-1001,SG-006i,exact,E_y_2_1,E_y,2,1,1,0,1,1,found,11.822631366103888,23.645262732207776,1.056655969368824
SG-TBL-001,a_times_n1_over_lambda,SG-TBL-001E-1001,SG-006i,exact,E_x_2_1,E_x,2,1,1,0,1,1,found,11.764093433469533,23.528186866939066,1.0514241005879079
SG-TBL-001,a_times_n1_over_lambda,SG-TBL-001E-1001,SG-006i,exact,E_y_2_2,E_y,2,2,1,0,1,1,found,20.702385970652102,41.404771941304205,1.8502902643809558
SG-TBL-001,a_times_n1_over_lambda,SG-TBL-001E-1001,SG-006i,exact,E_x_2_2,E_x,2,2,1,0,1,1,found,20.610832179188733,41.221664358377467,1.8421075800636995
SG-TBL-001,a_times_n1_over_lambda,SG-TBL-001E-1001,SG-006i,exact,E_y_2_3,E_y,2,3,1,0,1,1,found,30.739835757911209,61.479671515822417,2.7473943782210868
SG-TBL-001,a_times_n1_over_lambda,SG-TBL-001E-1001,SG-006i,exact,E_x_2_3,E_x,2,3,1,0,1,1,found,30.63499800339341,61.269996006786819,2.7380244303900092
SG-TBL-001,a_times_n1_over_lambda,SG-TBL-001E-1001,SG-006i,exact,E_y_2_4,E_y,2,4,1,0,1,1,found,41.271415747851123,82.542831495702245,3.6886617254514653
SG-TBL-001,a_times_n1_over_lambda,SG-TBL-001E-1001,SG-006i,exact,E_x_2_4,E_x,2,4,1,0,1,1,found,41.160720028579227,82.321440057158455,3.6787682179123928
SG-TBL-001,a_times_n1_over_lambda,SG-TBL-001E-1001,SG-006i,exact,E_y_3_1,E_y,3,1,1,0,1,1,found,16.07693133950233,32.153862679004661,1.4368870129641989
SG-TBL-001,a_times_n1_over_lambda,SG-TBL-001E-1001,SG-006i,exact,E_x_3_1,E_x,3,1,1,0,1,1,found,16.038146905004979,32.076293810009957,1.433420626932091
SG-TBL-001,a_times_n1_over_lambda,SG-TBL-001E-1001,SG-006i,exact,E_y_3_2,E_y,3,2,1,0,1,1,found,23.902177797406914,47.804355594813828,2.1362739028602689
SG-TBL-001,a_times_n1_over_lambda,SG-TBL-001E-1001,SG-006i,exact,E_x_3_2,E_x,3,2,1,0,1,1,found,23.828099572211503,47.656199144423006,2.1296531095335482
SG-TBL-001,a_times_n1_over_lambda,SG-TBL-001E-1001,SG-006i,exact,E_y_3_3,E_y,3,3,1,0,1,1,found,33.204479079842571,66.408958159685142,2.967673603533854
SG-TBL-001,a_times_n1_over_lambda,SG-TBL-001E-1001,SG-006i,exact,E_x_3_3,E_x,3,3,1,0,1,1,found,33.111419082283973,66.222838164567946,2.9593563009905584
SG-TBL-001,a_times_n1_over_lambda,SG-TBL-001E-1001,SG-006i,exact,E_y_3_4,E_y,3,4,1,0,1,1,found,43.243367286473529,86.486734572947057,3.8649062771140845
SG-TBL-001,a_times_n1_over_lambda,SG-TBL-001E-1001,SG-006i,exact,E_x_3_4,E_x,3,4,1,0,1,1,found,43.140500561296939,86.281001122593878,3.8557124914126293
SG-TBL-001,a_times_n1_over_lambda,SG-TBL-001E-1001,SG-006i,exact,E_y_4_1,E_y,4,1,1,0,1,1,found,20.752017025798562,41.504034051597124,1.85472607474014
SG-TBL-001,a_times_n1_over_lambda,SG-TBL-001E-1001,SG-006i,exact,E_x_4_1,E_x,4,1,1,0,1,1,found,20.725691195130345,41.45138239026069,1.8523731851622818
SG-TBL-001,a_times_n1_over_lambda,SG-TBL-001E-1001,SG-006i,exact,E_y_4_2,E_y,4,2,1,0,1,1,found,27.645798668712377,55.291597337424754,2.4708626435749541
SG-TBL-001,a_times_n1_over_lambda,SG-TBL-001E-1001,SG-006i,exact,E_x_4_2,E_x,4,2,1,0,1,1,found,27.586909883916377,55.173819767832754,2.4655994171360436
SG-TBL-001,a_times_n1_over_lambda,SG-TBL-001E-1001,SG-006i,exact,E_y_4_3,E_y,4,3,1,0,1,1,found,36.211180797517294,72.422361595034587,3.2363996781031128
SG-TBL-001,a_times_n1_over_lambda,SG-TBL-001E-1001,SG-006i,exact,E_x_4_3,E_x,4,3,1,0,1,1,found,36.130388707071546,72.260777414143092,3.2291788283613161
SG-TBL-001,a_times_n1_over_lambda,SG-TBL-001E-1001,SG-006i,exact,E_y_4_4,E_y,4,4,1,0,1,1,found,45.710144027918574,91.420288055837148,4.0853761782920204
SG-TBL-001,a_times_n1_over_lambda,SG-TBL-001E-1001,SG-006i,exact,E_x_4_4,E_x,4,4,1,0,1,1,found,45.616319753676663,91.232639507353326,4.0769905679841782
SG-TBL-001,a_times_n1_over_lambda,SG-TBL-001E-1001,SG-006i,closed_form,E_y_1_2,E_y,1,2,1,0,1,1,found,19.422066095173356,38.844132190346713,1.7358607776420829
SG-TBL-001,a_times_n1_over_lambda,SG-TBL-001E-1001,SG-006i,closed_form,E_x_1_2,E_x,1,2,1,0,1,1,found,19.304290760308501,38.608581520617001,1.7253345244945677
SG-TBL-001,a_times_n1_over_lambda,SG-TBL-001E-1001,SG-006i,closed_form,E_y_1_3,E_y,1,3,1,0,1,1,found,30.382285374104974,60.764570748209948,2.7154380619240088
SG-TBL-001,a_times_n1_over_lambda,SG-TBL-001E-1001,SG-006i,closed_form,E_x_1_3,E_x,1,3,1,0,1,1,found,30.260184352397914,60.520368704795828,2.7045251974814364
SG-TBL-001,a_times_n1_over_lambda,SG-TBL-001E-1001,SG-006i,closed_form,E_y_1_4,E_y,1,4,1,0,1,1,found,41.455270474553103,82.910540949106206,3.7050938705848497
SG-TBL-001,a_times_n1_over_lambda,SG-TBL-001E-1001,SG-006i,closed_form,E_x_1_4,E_x,1,4,1,0,1,1,found,41.331595460027444,82.663190920054888,3.6940403294302988
SG-TBL-001,a_times_n1_over_lambda,SG-TBL-001E-1001,SG-006i,closed_form,E_y_2_1,E_y,2,1,1,0,1,1,found,12.218051436096431,24.436102872192862,1.0919969154262119
SG-TBL-001,a_times_n1_over_lambda,SG-TBL-001E-1001,SG-006i,closed_form,E_x_2_1,E_x,2,1,1,0,1,1,found,12.159708669632675,24.31941733926535,1.0867824897586598
SG-TBL-001,a_times_n1_over_lambda,SG-TBL-001E-1001,SG-006i,closed_form,E_y_2_2,E_y,2,2,1,0,1,1,found,21.387107857465743,42.774215714931486,1.9114877631994909
SG-TBL-001,a_times_n1_over_lambda,SG-TBL-001E-1001,SG-006i,closed_form,E_x_2_2,E_x,2,2,1,0,1,1,found,21.288335152417428,42.576670304834856,1.9026598834180708
SG-TBL-001,a_times_n1_over_lambda,SG-TBL-001E-1001,SG-006i,closed_form,E_y_2_3,E_y,2,3,1,0,1,1,found,31.741388320326799,63.482776640653597,2.8369088408598579
SG-TBL-001,a_times_n1_over_lambda,SG-TBL-001E-1001,SG-006i,closed_form,E_x_2_3,E_x,2,3,1,0,1,1,found,31.629091791510582,63.258183583021165,2.8268722598451399
SG-TBL-001,a_times_n1_over_lambda,SG-TBL-001E-1001,SG-006i,closed_form,E_y_2_4,E_y,2,4,1,0,1,1,found,42.488196371346717,84.976392742693434,3.7974123469852774
SG-TBL-001,a_times_n1_over_lambda,SG-TBL-001E-1001,SG-006i,closed_form,E_x_2_4,E_x,2,4,1,0,1,1,found,42.370345800668005,84.74069160133601,3.7868793695841374
SG-TBL-001,a_times_n1_over_lambda,SG-TBL-001E-1001,SG-006i,closed_form,E_y_3_1,E_y,3,1,1,0,1,1,found,16.58238639444113,33.16477278888226,1.4820624129669431
SG-TBL-001,a_times_n1_over_lambda,SG-TBL-001E-1001,SG-006i,closed_form,E_x_3_1,E_x,3,1,1,0,1,1,found,16.549266993254424,33.098533986508848,1.4791023432597719
SG-TBL-001,a_times_n1_over_lambda,SG-TBL-001E-1001,SG-006i,closed_form,E_y_3_2,E_y,3,2,1,0,1,1,found,24.354237771779292,48.708475543558585,2.1766770800922681
SG-TBL-001,a_times_n1_over_lambda,SG-TBL-001E-1001,SG-006i,closed_form,E_x_3_2,E_x,3,2,1,0,1,1,found,24.276832782775156,48.553665565550311,2.1697589549171363
SG-TBL-001,a_times_n1_over_lambda,SG-TBL-001E-1001,SG-006i,closed_form,E_y_3_3,E_y,3,3,1,0,1,1,found,33.896456380784521,67.792912761569042,3.0295195600782128
SG-TBL-001,a_times_n1_over_lambda,SG-TBL-001E-1001,SG-006i,closed_form,E_x_3_3,E_x,3,3,1,0,1,1,found,33.797550337016581,67.595100674033162,3.0206797630552185
SG-TBL-001,a_times_n1_over_lambda,SG-TBL-001E-1001,SG-006i,closed_form,E_y_3_4,E_y,3,4,1,0,1,1,found,44.159826653599737,88.319653307199474,3.9468154757493639
SG-TBL-001,a_times_n1_over_lambda,SG-TBL-001E-1001,SG-006i,closed_form,E_x_3_4,E_x,3,4,1,0,1,1,found,44.050605854243031,88.101211708486062,3.9370537902120488
SG-TBL-001,a_times_n1_over_lambda,SG-TBL-001E-1001,SG-006i,closed_form,E_y_4_1,E_y,4,1,1,0,1,1,found,21.439781121164568,42.879562242329136,1.916195473081495
SG-TBL-001,a_times_n1_over_lambda,SG-TBL-001E-1001,SG-006i,closed_form,E_x_4_1,E_x,4,1,1,0,1,1,found,21.420712939351798,42.841425878703596,1.9144912409597661
SG-TBL-001,a_times_n1_over_lambda,SG-TBL-001E-1001,SG-006i,closed_form,E_y_4_2,E_y,4,2,1,0,1,1,found,28.041204585433007,56.082409170866015,2.5062023246737395
SG-TBL-001,a_times_n1_over_lambda,SG-TBL-001E-1001,SG-006i,closed_form,E_x_4_2,E_x,4,2,1,0,1,1,found,27.982376138269892,55.964752276539784,2.5009444909530818
SG-TBL-001,a_times_n1_over_lambda,SG-TBL-001E-1001,SG-006i,closed_form,E_y_4_3,E_y,4,3,1,0,1,1,found,36.719319014847279,73.438638029694559,3.2818148876262283
SG-TBL-001,a_times_n1_over_lambda,SG-TBL-001E-1001,SG-006i,closed_form,E_x_4_3,E_x,4,3,1,0,1,1,found,36.634782266616824,73.269564533233648,3.2742593564688542
SG-TBL-001,a_times_n1_over_lambda,SG-TBL-001E-1001,SG-006i,closed_form,E_y_4_4,E_y,4,4,1,0,1,1,found,46.405816822648049,92.811633645296098,4.1475524221852309
SG-TBL-001,a_times_n1_over_lambda,SG-TBL-001E-1001,SG-006i,closed_form,E_x_4_4,E_x,4,4,1,0,1,1,found,46.306845226883894,92.613690453767788,4.1387067664066031
SG-TBL-001,a_times_n1_over_lambda,SG-TBL-001E-1010,SG-006i,exact,E_y_1_2,E_y,1,2,1,0,1,1,found,5.7470220659673217,11.494044131934643,1.6134277237881378
SG-TBL-001,a_times_n1_over_lambda,SG-TBL-001E-1010,SG-006i,exact,E_x_1_2,E_x,1,2,1,0,1,1,found,5.6369997444748865,11.273999488949773,1.5825398897596901
SG-TBL-001,a_times_n1_over_lambda,SG-TBL-001E-1010,SG-006i,exact,E_y_1_3,E_y,1,3,1,0,1,1,found,9.1493449790775792,18.298689958155158,2.5686010379465811
SG-TBL-001,a_times_n1_over_lambda,SG-TBL-001E-1010,SG-006i,exact,E_x_1_3,E_x,1,3,1,0,1,1,found,9.0336241033673303,18.067248206734661,2.5361133831318208
SG-TBL-001,a_times_n1_over_lambda,SG-TBL-001E-1010,SG-006i,exact,E_y_1_4,E_y,1,4,1,0,1,1,found,12.627611369639634,25.255222739279269,3.5450948395775193
SG-TBL-001,a_times_n1_over_lambda,SG-TBL-001E-1010,SG-006i,exact,E_x_1_4,E_x,1,4,1,0,1,1,found,12.510009598582982,25.020019197165965,3.5120791393398254
SG-TBL-001,a_times_n1_over_lambda,SG-TBL-001E-1010,SG-006i,exact,E_y_2_1,E_y,2,1,1,0,1,1,found,3.7386839550733564,7.4773679101467128,1.0496038251389477
SG-TBL-001,a_times_n1_over_lambda,SG-TBL-001E-1010,SG-006i,exact,E_x_2_1,E_x,2,1,1,0,1,1,found,3.6821170517802235,7.3642341035604471,1.0337231465937156
SG-TBL-001,a_times_n1_over_lambda,SG-TBL-001E-1010,SG-006i,exact,E_y_2_2,E_y,2,2,1,0,1,1,found,6.5476920257508748,13.09538405150175,1.8382090271989997
SG-TBL-001,a_times_n1_over_lambda,SG-TBL-001E-1010,SG-006i,exact,E_x_2_2,E_x,2,2,1,0,1,1,found,6.4549828803539278,12.909965760707856,1.8121817205843413
SG-TBL-001,a_times_n1_over_lambda,SG-TBL-001E-1010,SG-006i,exact,E_y_2_3,E_y,2,3,1,0,1,1,found,9.7344144232571104,19.468828846514221,2.7328543243869712
SG-TBL-001,a_times_n1_over_lambda,SG-TBL-001E-1010,SG-006i,exact,E_x_2_3,E_x,2,3,1,0,1,1,found,9.6275259341299524,19.255051868259905,2.7028462872275463
SG-TBL-001,a_times_n1_over_lambda,SG-TBL-001E-1010,SG-006i,exact,E_y_2_4,E_y,2,4,1,0,1,1,found,13.082728450745346,26.165456901490693,3.6728651017753724
SG-TBL-001,a_times_n1_over_lambda,SG-TBL-001E-1010,SG-006i,exact,E_x_2_4,E_x,2,4,1,0,1,1,found,12.969924638867379,25.939849277734758,3.641196387901684
SG-TBL-001,a_times_n1_over_lambda,SG-TBL-001E-1010,SG-006i,exact,E_y_3_1,E_y,3,1,1,0,1,1,found,5.1021073737740519,10.204214747548104,1.4323733913148597
SG-TBL-001,a_times_n1_over_lambda,SG-TBL-001E-1010,SG-006i,exact,E_x_3_1,E_x,3,1,1,0,1,1,found,5.0661275218427164,10.132255043685433,1.4222723529096699
SG-TBL-001,a_times_n1_over_lambda,SG-TBL-001E-1010,SG-006i,exact,E_y_3_2,E_y,3,2,1,0,1,1,found,7.5764166355133042,15.152833271026608,2.1270147402243018
SG-TBL-001,a_times_n1_over_lambda,SG-TBL-001E-1010,SG-006i,exact,E_x_3_2,E_x,3,2,1,0,1,1,found,7.5023428797721845,15.004685759544369,2.1062191612712367
SG-TBL-001,a_times_n1_over_lambda,SG-TBL-001E-1010,SG-006i,exact,E_y_3_3,E_y,3,3,1,0,1,1,found,10.527046814411879,21.054093628823757,2.9553791485449823
SG-TBL-001,a_times_n1_over_lambda,SG-TBL-001E-1010,SG-006i,exact,E_x_3_3,E_x,3,3,1,0,1,1,found,10.432313006222248,20.864626012444496,2.928783435015657
SG-TBL-001,a_times_n1_over_lambda,SG-TBL-001E-1010,SG-006i,exact,E_y_3_4,E_y,3,4,1,0,1,1,found,13.716581988483671,27.433163976967343,3.8508141089080032
SG-TBL-001,a_times_n1_over_lambda,SG-TBL-001E-1010,SG-006i,exact,E_x_3_4,E_x,3,4,1,0,1,1,found,13.611468617618087,27.222937235236174,3.821304421151686
SG-TBL-001,a_times_n1_over_lambda,SG-TBL-001E-1010,SG-006i,exact,E_y_4_1,E_y,4,1,1,0,1,1,found,6.595693964809179,13.191387929618358,1.851685164646059
SG-TBL-001,a_times_n1_over_lambda,SG-TBL-001E-1010,SG-006i,exact,E_x_4_1,E_x,4,1,1,0,1,1,found,6.5724371594190591,13.144874318838118,1.8451560136958007
SG-TBL-001,a_times_n1_over_lambda,SG-TBL-001E-1010,SG-006i,exact,E_y_4_2,E_y,4,2,1,0,1,1,found,8.7758945116400717,17.551789023280143,2.4637579851952434
SG-TBL-001,a_times_n1_over_lambda,SG-TBL-001E-1010,SG-006i,exact,E_x_4_2,E_x,4,2,1,0,1,1,found,8.7181089371442795,17.436217874288559,2.4475351750413306
SG-TBL-001,a_times_n1_over_lambda,SG-TBL-001E-1010,SG-006i,exact,E_y_4_3,E_y,4,3,1,0,1,1,found,11.49146938532591,22.98293877065182,3.2261326092936704
SG-TBL-001,a_times_n1_over_lambda,SG-TBL-001E-1010,SG-006i,exact,E_x_4_3,E_x,4,3,1,0,1,1,found,11.409784893840552,22.819569787681104,3.2032003808015515
SG-TBL-001,a_times_n1_over_lambda,SG-TBL-001E-1010,SG-006i,exact,E_y_4_4,E_y,4,4,1,0,1,1,found,14.50791153371334,29.01582306742668,4.0729731701176117
SG-TBL-001,a_times_n1_over_lambda,SG-TBL-001E-1010,SG-006i,exact,E_x_4_4,E_x,4,4,1,0,1,1,found,14.412152730673551,28.824305461347102,4.0460896979736498
SG-TBL-001,a_times_n1_over_lambda,SG-TBL-001E-1010,SG-006i,closed_form,E_y_1_2,E_y,1,2,1,0,1,1,found,6.1411914336681361,12.282382867336272,1.7240874321408484
SG-TBL-001,a_times_n1_over_lambda,SG-TBL-001E-1010,SG-006i,closed_form,E_x_1_2,E_x,1,2,1,0,1,1,found,6.0104233951866632,12.020846790373326,1.6873754139426216
SG-TBL-001,a_times_n1_over_lambda,SG-TBL-001E-1010,SG-006i,closed_form,E_y_1_3,E_y,1,3,1,0,1,1,found,9.6289874456822879,19.257974891364576,2.7032565942056834
SG-TBL-001,a_times_n1_over_lambda,SG-TBL-001E-1010,SG-006i,closed_form,E_x_1_3,E_x,1,3,1,0,1,1,found,9.4926221606135357,18.985244321227071,2.6649731964795662
SG-TBL-001,a_times_n1_over_lambda,SG-TBL-001E-1010,SG-006i,closed_form,E_y_1_4,E_y,1,4,1,0,1,1,found,13.153608036488297,26.307216072976594,3.6927639445805021
SG-TBL-001,a_times_n1_over_lambda,SG-TBL-001E-1010,SG-006i,closed_form,E_x_1_4,E_x,1,4,1,0,1,1,found,13.01523447662592,26.030468953251841,3.6539167407315225
SG-TBL-001,a_times_n1_over_lambda,SG-TBL-001E-1010,SG-006i,closed_form,E_y_2_1,E_y,2,1,1,0,1,1,found,3.8677156105637547,7.7354312211275094,1.0858283685328745
SG-TBL-001,a_times_n1_over_lambda,SG-TBL-001E-1010,SG-006i,closed_form,E_x_2_1,E_x,2,1,1,0,1,1,found,3.8121468853950495,7.6242937707900991,1.0702279200338725
SG-TBL-001,a_times_n1_over_lambda,SG-TBL-001E-1010,SG-006i,closed_form,E_y_2_2,E_y,2,2,1,0,1,1,found,6.7731566269695751,13.54631325393915,1.9015063025815433
SG-TBL-001,a_times_n1_over_lambda,SG-TBL-001E-1010,SG-006i,closed_form,E_x_2_2,E_x,2,2,1,0,1,1,found,6.6664074358344063,13.332814871668813,1.8715373721524498
SG-TBL-001,a_times_n1_over_lambda,SG-TBL-001E-1010,SG-006i,closed_form,E_y_2_3,E_y,2,3,1,0,1,1,found,10.064958874434232,20.129917748868465,2.825651876815324
SG-TBL-001,a_times_n1_over_lambda,SG-TBL-001E-1010,SG-006i,closed_form,E_x_2_3,E_x,2,3,1,0,1,1,found,9.9409404568374207,19.881880913674841,2.7908347574595536
SG-TBL-001,a_times_n1_over_lambda,SG-TBL-001E-1010,SG-006i,closed_form,E_y_2_4,E_y,2,4,1,0,1,1,found,13.484402777105569,26.968805554211137,3.7856317636473111
SG-TBL-001,a_times_n1_over_lambda,SG-TBL-001E-1010,SG-006i,closed_form,E_x_2_4,E_x,2,4,1,0,1,1,found,13.353331560641525,26.70666312128305,3.7488346308007139
SG-TBL-001,a_times_n1_over_lambda,SG-TBL-001E-1010,SG-006i,closed_form,E_y_3_1,E_y,3,1,1,0,1,1,found,5.265594797283411,10.531189594566822,1.4782710994762245
SG-TBL-001,a_times_n1_over_lambda,SG-TBL-001E-1010,SG-006i,closed_form,E_x_3_1,E_x,3,1,1,0,1,1,found,5.2401412551105029,10.480282510221006,1.4711252332973606
SG-TBL-001,a_times_n1_over_lambda,SG-TBL-001E-1010,SG-006i,closed_form,E_y_3_2,E_y,3,2,1,0,1,1,found,7.7249366015195848,15.44987320303917,2.1687104615805191
SG-TBL-001,a_times_n1_over_lambda,SG-TBL-001E-1010,SG-006i,closed_form,E_x_3_2,E_x,3,2,1,0,1,1,found,7.6447344790399079,15.289468958079816,2.1461943956197418
SG-TBL-001,a_times_n1_over_lambda,SG-TBL-001E-1010,SG-006i,closed_form,E_y_3_3,E_y,3,3,1,0,1,1,found,10.755535001456739,21.511070002913478,3.0195252700153223
SG-TBL-001,a_times_n1_over_lambda,SG-TBL-001E-1010,SG-006i,closed_form,E_x_3_3,E_x,3,3,1,0,1,1,found,10.648258414715531,21.296516829431063,2.9894082777409081
SG-TBL-001,a_times_n1_over_lambda,SG-TBL-001E-1010,SG-006i,closed_form,E_y_3_4,E_y,3,4,1,0,1,1,found,14.019473925977945,28.038947851955889,3.9358484525481834
SG-TBL-001,a_times_n1_over_lambda,SG-TBL-001E-1010,SG-006i,closed_form,E_x_3_4,E_x,3,4,1,0,1,1,found,13.899186012893917,27.798372025787835,3.9020786407084715
SG-TBL-001,a_times_n1_over_lambda,SG-TBL-001E-1010,SG-006i,closed_form,E_y_4_1,E_y,4,1,1,0,1,1,found,6.8166913464665395,13.633382692933079,1.9137283060082726
SG-TBL-001,a_times_n1_over_lambda,SG-TBL-001E-1010,SG-006i,closed_form,E_x_4_1,E_x,4,1,1,0,1,1,found,6.8078500209748736,13.615700041949747,1.911246178830136
SG-TBL-001,a_times_n1_over_lambda,SG-TBL-001E-1010,SG-006i,closed_form,E_y_4_2,E_y,4,2,1,0,1,1,found,8.9049418102204783,17.809883620440957,2.4999869202540732
SG-TBL-001,a_times_n1_over_lambda,SG-TBL-001E-1010,SG-006i,closed_form,E_x_4_2,E_x,4,2,1,0,1,1,found,8.8475026184320456,17.695005236864091,2.4838613541087406
SG-TBL-001,a_times_n1_over_lambda,SG-TBL-001E-1010,SG-006i,closed_form,E_y_4_3,E_y,4,3,1,0,1,1,found,11.659035930782558,23.318071861565116,3.2731754963603756
SG-TBL-001,a_times_n1_over_lambda,SG-TBL-001E-1010,SG-006i,closed_form,E_x_4_3,E_x,4,3,1,0,1,1,found,11.569582782834768,23.139165565669536,3.2480622834263659
SG-TBL-001,a_times_n1_over_lambda,SG-TBL-001E-1010,SG-006i,closed_form,E_y_4_4,E_y,4,4,1,0,1,1,found,14.73794019266963,29.475880385339259,4.1375517660175065
SG-TBL-001,a_times_n1_over_lambda,SG-TBL-001E-1010,SG-006i,closed_form,E_x_4_4,E_x,4,4,1,0,1,1,found,14.630402887761594,29.260805775523188,4.1073615793280318
SG-TBL-001,a_times_n1_over_lambda,SG-TBL-001E-1050,SG-006i,exact,E_y_1_2,E_y,1,2,1,0,1,1,found,2.603727121055126,5.2074542421102521,1.5878084034751743
SG-TBL-001,a_times_n1_over_lambda,SG-TBL-001E-1050,SG-006i,exact,E_x_1_2,E_x,1,2,1,0,1,1,found,2.4912384057044976,4.9824768114089952,1.5192103825514318
SG-TBL-001,a_times_n1_over_lambda,SG-TBL-001E-1050,SG-006i,exact,E_y_1_3,E_y,1,3,1,0,1,1,found,4.1638467535376531,8.3276935070753062,2.5392026731936213
SG-TBL-001,a_times_n1_over_lambda,SG-TBL-001E-1050,SG-006i,exact,E_x_1_3,E_x,1,3,1,0,1,1,found,4.0456416061520581,8.0912832123041163,2.4671186499351427
SG-TBL-001,a_times_n1_over_lambda,SG-TBL-001E-1050,SG-006i,exact,E_y_1_4,E_y,1,4,1,0,1,1,found,5.7621735160052765,11.524347032010553,3.5138964667263846
SG-TBL-001,a_times_n1_over_lambda,SG-TBL-001E-1050,SG-006i,exact,E_x_1_4,E_x,1,4,1,0,1,1,found,5.6425783683359629,11.285156736671926,3.4409647916101229
SG-TBL-001,a_times_n1_over_lambda,SG-TBL-001E-1050,SG-006i,exact,E_y_2_1,E_y,2,1,1,0,1,1,found,1.708777002692222,3.417554005384444,1.0420487087910877
SG-TBL-001,a_times_n1_over_lambda,SG-TBL-001E-1050,SG-006i,exact,E_x_2_1,E_x,2,1,1,0,1,1,found,1.6568017187714577,3.3136034375429153,1.0103530706748496
SG-TBL-001,a_times_n1_over_lambda,SG-TBL-001E-1050,SG-006i,exact,E_y_2_2,E_y,2,2,1,0,1,1,found,2.986190987974406,5.9723819759488119,1.8210430374002344
SG-TBL-001,a_times_n1_over_lambda,SG-TBL-001E-1050,SG-006i,exact,E_x_2_2,E_x,2,2,1,0,1,1,found,2.891919768303632,5.7838395366072639,1.7635544343939211
SG-TBL-001,a_times_n1_over_lambda,SG-TBL-001E-1050,SG-006i,exact,E_y_2_3,E_y,2,3,1,0,1,1,found,4.443566805273294,8.8871336105465879,2.7097819344283307
SG-TBL-001,a_times_n1_over_lambda,SG-TBL-001E-1050,SG-006i,exact,E_x_2_3,E_x,2,3,1,0,1,1,found,4.333186182528733,8.666372365057466,2.6424694733960803
SG-TBL-001,a_times_n1_over_lambda,SG-TBL-001E-1050,SG-006i,exact,E_y_2_4,E_y,2,4,1,0,1,1,found,5.9794873224198817,11.958974644839763,3.6464190668199228
SG-TBL-001,a_times_n1_over_lambda,SG-TBL-001E-1050,SG-006i,exact,E_x_2_4,E_x,2,4,1,0,1,1,found,5.8630647423863405,11.726129484772681,3.5754220912011379
SG-TBL-001,a_times_n1_over_lambda,SG-TBL-001E-1050,SG-006i,exact,E_y_3_1,E_y,3,1,1,0,1,1,found,2.3421835950016971,4.6843671900033943,1.4283135757783778
SG-TBL-001,a_times_n1_over_lambda,SG-TBL-001E-1050,SG-006i,exact,E_x_3_1,E_x,3,1,1,0,1,1,found,2.3120348910987376,4.6240697821974752,1.4099282522842609
SG-TBL-001,a_times_n1_over_lambda,SG-TBL-001E-1050,SG-006i,exact,E_y_3_2,E_y,3,2,1,0,1,1,found,3.4692659954726697,6.9385319909453393,2.1156324934964426
SG-TBL-001,a_times_n1_over_lambda,SG-TBL-001E-1050,SG-006i,exact,E_x_3_2,E_x,3,2,1,0,1,1,found,3.395830626785755,6.79166125357151,2.0708500373893952
SG-TBL-001,a_times_n1_over_lambda,SG-TBL-001E-1050,SG-006i,exact,E_y_3_3,E_y,3,3,1,0,1,1,found,4.8174359115958207,9.6348718231916415,2.9377752997922482
SG-TBL-001,a_times_n1_over_lambda,SG-TBL-001E-1050,SG-006i,exact,E_x_3_3,E_x,3,3,1,0,1,1,found,4.7199235926568512,9.4398471853137025,2.8783102052354481
SG-TBL-001,a_times_n1_over_lambda,SG-TBL-001E-1050,SG-006i,exact,E_y_3_4,E_y,3,4,1,0,1,1,found,6.2787917779386042,12.557583555877208,3.8289413157250247
SG-TBL-001,a_times_n1_over_lambda,SG-TBL-001E-1050,SG-006i,exact,E_x_3_4,E_x,3,4,1,0,1,1,found,6.1697229400277127,12.339445880055425,3.7624288090987519
SG-TBL-001,a_times_n1_over_lambda,SG-TBL-001E-1050,SG-006i,exact,E_y_4_1,E_y,4,1,1,0,1,1,found,3.0324245129525664,6.0648490259051329,1.8492372282925789
SG-TBL-001,a_times_n1_over_lambda,SG-TBL-001E-1050,SG-006i,exact,E_x_4_1,E_x,4,1,1,0,1,1,found,3.0153511975705625,6.0307023951411249,1.8388255559558317
SG-TBL-001,a_times_n1_over_lambda,SG-TBL-001E-1050,SG-006i,exact,E_y_4_2,E_y,4,2,1,0,1,1,found,4.0274814684689026,8.0549629369378053,2.456044210149035
SG-TBL-001,a_times_n1_over_lambda,SG-TBL-001E-1050,SG-006i,exact,E_x_4_2,E_x,4,2,1,0,1,1,found,3.9723649030923842,7.9447298061847684,2.4224329515160408
SG-TBL-001,a_times_n1_over_lambda,SG-TBL-001E-1050,SG-006i,exact,E_y_4_3,E_y,4,3,1,0,1,1,found,5.2684597174823296,10.536919434964659,3.2128192486618778
SG-TBL-001,a_times_n1_over_lambda,SG-TBL-001E-1050,SG-006i,exact,E_x_4_3,E_x,4,3,1,0,1,1,found,5.1855014315247541,10.371002863049508,3.1622295142322745
SG-TBL-001,a_times_n1_over_lambda,SG-TBL-001E-1050,SG-006i,exact,E_y_4_4,E_y,4,4,1,0,1,1,found,6.6497274324297901,13.29945486485958,4.055145799515552
SG-TBL-001,a_times_n1_over_lambda,SG-TBL-001E-1050,SG-006i,exact,E_x_4_4,E_x,4,4,1,0,1,1,found,6.550586742311717,13.101173484623434,3.9946876894383272
SG-TBL-001,a_times_n1_over_lambda,SG-TBL-001E-1050,SG-006i,closed_form,E_y_1_2,E_y,1,2,1,0,1,1,found,2.815020572543145,5.6300411450862899,1.7166596625641051
SG-TBL-001,a_times_n1_over_lambda,SG-TBL-001E-1050,SG-006i,closed_form,E_x_1_2,E_x,1,2,1,0,1,1,found,2.6623529529571526,5.3247059059143051,1.6235596877791292
SG-TBL-001,a_times_n1_over_lambda,SG-TBL-001E-1050,SG-006i,closed_form,E_y_1_3,E_y,1,3,1,0,1,1,found,4.4202563664317136,8.8405127328634272,2.6955667310062625
SG-TBL-001,a_times_n1_over_lambda,SG-TBL-001E-1050,SG-006i,closed_form,E_x_1_3,E_x,1,3,1,0,1,1,found,4.2594945651292786,8.5189891302585572,2.5975307513516923
SG-TBL-001,a_times_n1_over_lambda,SG-TBL-001E-1050,SG-006i,closed_form,E_y_1_4,E_y,1,4,1,0,1,1,found,6.0427189269661898,12.08543785393238,3.6849790496429926
SG-TBL-001,a_times_n1_over_lambda,SG-TBL-001E-1050,SG-006i,closed_form,E_x_1_4,E_x,1,4,1,0,1,1,found,5.8791234916448598,11.75824698328972,3.5852150594487648
SG-TBL-001,a_times_n1_over_lambda,SG-TBL-001E-1050,SG-006i,closed_form,E_y_2_1,E_y,2,1,1,0,1,1,found,1.774250783473253,3.5485015669465061,1.0819760185658862
SG-TBL-001,a_times_n1_over_lambda,SG-TBL-001E-1050,SG-006i,closed_form,E_x_2_1,E_x,2,1,1,0,1,1,found,1.7256216309964656,3.4512432619929312,1.0523209228639878
SG-TBL-001,a_times_n1_over_lambda,SG-TBL-001E-1050,SG-006i,closed_form,E_y_2_2,E_y,2,2,1,0,1,1,found,3.1078301660716532,6.2156603321433064,1.8952212059236528
SG-TBL-001,a_times_n1_over_lambda,SG-TBL-001E-1050,SG-006i,closed_form,E_x_2_2,E_x,2,2,1,0,1,1,found,2.9884272049367429,5.9768544098734857,1.8224067302603959
SG-TBL-001,a_times_n1_over_lambda,SG-TBL-001E-1050,SG-006i,closed_form,E_y_2_3,E_y,2,3,1,0,1,1,found,4.6219285726547232,9.2438571453094465,2.8185507492617967
SG-TBL-001,a_times_n1_over_lambda,SG-TBL-001E-1050,SG-006i,closed_form,E_x_2_3,E_x,2,3,1,0,1,1,found,4.4781737898290164,8.9563475796580327,2.7308860126753034
SG-TBL-001,a_times_n1_over_lambda,SG-TBL-001E-1050,SG-006i,closed_form,E_y_2_4,E_y,2,4,1,0,1,1,found,6.1955787330865864,12.391157466173173,3.7781962238809728
SG-TBL-001,a_times_n1_over_lambda,SG-TBL-001E-1050,SG-006i,closed_form,E_x_2_4,E_x,2,4,1,0,1,1,found,6.0419673137366772,12.083934627473354,3.6845206998442244
SG-TBL-001,a_times_n1_over_lambda,SG-TBL-001E-1050,SG-006i,closed_form,E_y_3_1,E_y,3,1,1,0,1,1,found,2.4202254812419417,4.8404509624838834,1.4759051846659863
SG-TBL-001,a_times_n1_over_lambda,SG-TBL-001E-1050,SG-006i,closed_form,E_x_3_1,E_x,3,1,1,0,1,1,found,2.4092350931465623,4.8184701862931245,1.4692030112952892
SG-TBL-001,a_times_n1_over_lambda,SG-TBL-001E-1050,SG-006i,closed_form,E_y_3_2,E_y,3,2,1,0,1,1,found,3.5480922709405416,7.0961845418810832,2.1637024396864319
SG-TBL-001,a_times_n1_over_lambda,SG-TBL-001E-1050,SG-006i,closed_form,E_x_3_2,E_x,3,2,1,0,1,1,found,3.4643197993934161,6.9286395987868321,2.1126161974966173
SG-TBL-001,a_times_n1_over_lambda,SG-TBL-001E-1050,SG-006i,closed_form,E_y_3_3,E_y,3,3,1,0,1,1,found,4.9411623248457914,9.8823246496915829,3.0132263088866789
SG-TBL-001,a_times_n1_over_lambda,SG-TBL-001E-1050,SG-006i,closed_form,E_x_3_3,E_x,3,3,1,0,1,1,found,4.8201615338027484,9.6403230676054967,2.9394374424222733
SG-TBL-001,a_times_n1_over_lambda,SG-TBL-001E-1050,SG-006i,closed_form,E_y_3_4,E_y,3,4,1,0,1,1,found,6.4427551983296869,12.885510396659374,3.9289297110734562
SG-TBL-001,a_times_n1_over_lambda,SG-TBL-001E-1050,SG-006i,closed_form,E_x_3_4,E_x,3,4,1,0,1,1,found,6.3037916705012318,12.607583341002464,3.8441867841060708
SG-TBL-001,a_times_n1_over_lambda,SG-TBL-001E-1050,SG-006i,closed_form,E_y_4_1,E_y,4,1,1,0,1,1,found,3.1356517741084096,6.2713035482168191,1.9121874166612252
SG-TBL-001,a_times_n1_over_lambda,SG-TBL-001E-1050,SG-006i,closed_form,E_x_4_1,E_x,4,1,1,0,1,1,found,3.1451486195623879,6.2902972391247758,1.91797879583318
SG-TBL-001,a_times_n1_over_lambda,SG-TBL-001E-1050,SG-006i,closed_form,E_y_4_2,E_y,4,2,1,0,1,1,found,4.0931392417848098,8.1862784835696196,2.4960837225009356
SG-TBL-001,a_times_n1_over_lambda,SG-TBL-001E-1050,SG-006i,closed_form,E_x_4_2,E_x,4,2,1,0,1,1,found,4.0391951632499703,8.0783903264999406,2.4631874713835629
SG-TBL-001,a_times_n1_over_lambda,SG-TBL-001E-1050,SG-006i,closed_form,E_y_4_3,E_y,4,3,1,0,1,1,found,5.3585110273957248,10.71702205479145,3.2677344605779766
SG-TBL-001,a_times_n1_over_lambda,SG-TBL-001E-1050,SG-006i,closed_form,E_x_4_3,E_x,4,3,1,0,1,1,found,5.261397234797478,10.522794469594956,3.2085123958946564
SG-TBL-001,a_times_n1_over_lambda,SG-TBL-001E-1050,SG-006i,closed_form,E_y_4_4,E_y,4,4,1,0,1,1,found,6.7745183207094666,13.549036641418933,4.1312459482159678
SG-TBL-001,a_times_n1_over_lambda,SG-TBL-001E-1050,SG-006i,closed_form,E_x_4_4,E_x,4,4,1,0,1,1,found,6.6527413344383231,13.305482668876646,4.0569837413250829
SG-TBL-001,a_times_n1_over_lambda,SG-TBL-001F-1001,SG-006j,exact,E_y_1_2,E_y,1,2,1,0,1,1,found,17.397145563960073,69.588582255840294,1.554882085120342
SG-TBL-001,a_times_n1_over_lambda,SG-TBL-001F-1001,SG-006j,exact,E_x_1_2,E_x,1,2,1,0,1,1,found,17.283117121607066,69.132468486428266,1.5446907131187093
SG-TBL-001,a_times_n1_over_lambda,SG-TBL-001F-1001,SG-006j,exact,E_y_1_3,E_y,1,3,1,0,1,1,found,28.331588755100956,113.32635502040382,2.5321556134796106
SG-TBL-001,a_times_n1_over_lambda,SG-TBL-001F-1001,SG-006j,exact,E_x_1_3,E_x,1,3,1,0,1,1,found,28.214655912369484,112.85862364947793,2.5217046586573431
SG-TBL-001,a_times_n1_over_lambda,SG-TBL-001F-1001,SG-006j,exact,E_y_1_4,E_y,1,4,1,0,1,1,found,39.399270848035812,157.59708339214325,3.5213374621250377
SG-TBL-001,a_times_n1_over_lambda,SG-TBL-001F-1001,SG-006j,exact,E_x_1_4,E_x,1,4,1,0,1,1,found,39.281440389901391,157.12576155960556,3.5108062822966484
SG-TBL-001,a_times_n1_over_lambda,SG-TBL-001F-1001,SG-006j,exact,E_y_2_1,E_y,2,1,1,0,1,1,found,8.7898980568349359,35.159592227339743,0.78560330304528991
SG-TBL-001,a_times_n1_over_lambda,SG-TBL-001F-1001,SG-006j,exact,E_x_2_1,E_x,2,1,1,0,1,1,found,8.7122539520263658,34.849015808105463,0.77866380672744839
SG-TBL-001,a_times_n1_over_lambda,SG-TBL-001F-1001,SG-006j,exact,E_y_2_2,E_y,2,2,1,0,1,1,found,18.411303477287294,73.645213909149177,1.6455231598367726
SG-TBL-001,a_times_n1_over_lambda,SG-TBL-001F-1001,SG-006j,exact,E_x_2_2,E_x,2,2,1,0,1,1,found,18.304929720312359,73.219718881249435,1.6360159307089142
SG-TBL-001,a_times_n1_over_lambda,SG-TBL-001F-1001,SG-006j,exact,E_y_2_3,E_y,2,3,1,0,1,1,found,29.012542147040364,116.05016858816145,2.5930163004259756
SG-TBL-001,a_times_n1_over_lambda,SG-TBL-001F-1001,SG-006j,exact,E_x_2_3,E_x,2,3,1,0,1,1,found,28.898983742296693,115.59593496918677,2.5828669383653073
SG-TBL-001,a_times_n1_over_lambda,SG-TBL-001F-1001,SG-006j,exact,E_y_2_4,E_y,2,4,1,0,1,1,found,39.907482811361561,159.62993124544624,3.5667592627482412
SG-TBL-001,a_times_n1_over_lambda,SG-TBL-001F-1001,SG-006j,exact,E_x_2_4,E_x,2,4,1,0,1,1,found,39.79143045112491,159.16572180449964,3.5563870016664172
SG-TBL-001,a_times_n1_over_lambda,SG-TBL-001F-1001,SG-006j,exact,E_y_3_1,E_y,3,1,1,0,1,1,found,10.771575872898103,43.08630349159241,0.96271714757506099
SG-TBL-001,a_times_n1_over_lambda,SG-TBL-001F-1001,SG-006j,exact,E_x_3_1,E_x,3,1,1,0,1,1,found,10.710154397338627,42.840617589354508,0.95722756012302923
SG-TBL-001,a_times_n1_over_lambda,SG-TBL-001F-1001,SG-006j,exact,E_y_3_2,E_y,3,2,1,0,1,1,found,19.684381347000603,78.73752538800241,1.7593053872316557
SG-TBL-001,a_times_n1_over_lambda,SG-TBL-001F-1001,SG-006j,exact,E_x_3_2,E_x,3,2,1,0,1,1,found,19.587262340039015,78.349049360156059,1.7506253078764493
SG-TBL-001,a_times_n1_over_lambda,SG-TBL-001F-1001,SG-006j,exact,E_y_3_3,E_y,3,3,1,0,1,1,found,29.902414965331545,119.60965986132618,2.6725493076144002
SG-TBL-001,a_times_n1_over_lambda,SG-TBL-001F-1001,SG-006j,exact,E_x_3_3,E_x,3,3,1,0,1,1,found,29.79355693668127,119.17422774672508,2.6628200449633783
SG-TBL-001,a_times_n1_over_lambda,SG-TBL-001F-1001,SG-006j,exact,E_y_3_4,E_y,3,4,1,0,1,1,found,40.582427766919139,162.32971106767656,3.6270829414793591
SG-TBL-001,a_times_n1_over_lambda,SG-TBL-001F-1001,SG-006j,exact,E_x_3_4,E_x,3,4,1,0,1,1,found,40.469034731984138,161.87613892793655,3.6169483594613121
SG-TBL-001,a_times_n1_over_lambda,SG-TBL-001F-1001,SG-006j,exact,E_y_4_1,E_y,4,1,1,0,1,1,found,12.916862532645464,51.667450130581855,1.1544536472453863
SG-TBL-001,a_times_n1_over_lambda,SG-TBL-001F-1001,SG-006j,exact,E_x_4_1,E_x,4,1,1,0,1,1,found,12.86814250126481,51.472570005059239,1.1500992602741573
SG-TBL-001,a_times_n1_over_lambda,SG-TBL-001F-1001,SG-006j,exact,E_y_4_2,E_y,4,2,1,0,1,1,found,21.175261683464054,84.701046733856217,1.8925538628337379
SG-TBL-001,a_times_n1_over_lambda,SG-TBL-001F-1001,SG-006j,exact,E_x_4_2,E_x,4,2,1,0,1,1,found,21.087867464125161,84.351469856500643,1.884742943192149
SG-TBL-001,a_times_n1_over_lambda,SG-TBL-001F-1001,SG-006j,exact,E_y_4_3,E_y,4,3,1,0,1,1,found,30.982880212664604,123.93152085065842,2.7691166468078814
SG-TBL-001,a_times_n1_over_lambda,SG-TBL-001F-1001,SG-006j,exact,E_x_4_3,E_x,4,3,1,0,1,1,found,30.879652951508756,123.51861180603503,2.7598906379504409
SG-TBL-001,a_times_n1_over_lambda,SG-TBL-001F-1001,SG-006j,exact,E_y_4_4,E_y,4,4,1,0,1,1,found,41.415283011943103,165.66113204777241,3.7015199630715094
SG-TBL-001,a_times_n1_over_lambda,SG-TBL-001F-1001,SG-006j,exact,E_x_4_4,E_x,4,4,1,0,1,1,found,41.305282292813061,165.22112917125224,3.6916885716575076
SG-TBL-001,a_times_n1_over_lambda,SG-TBL-001F-1001,SG-006j,closed_form,E_y_1_2,E_y,1,2,1,0,1,1,found,18.935004334449772,75.740017337799088,1.6923292912087484
SG-TBL-001,a_times_n1_over_lambda,SG-TBL-001F-1001,SG-006j,closed_form,E_x_1_2,E_x,1,2,1,0,1,1,found,18.811854480803014,75.247417923212055,1.681322686676036
SG-TBL-001,a_times_n1_over_lambda,SG-TBL-001F-1001,SG-006j,closed_form,E_y_1_3,E_y,1,3,1,0,1,1,found,30.047281897366041,120.18912758946416,2.6854968912578578
SG-TBL-001,a_times_n1_over_lambda,SG-TBL-001F-1001,SG-006j,closed_form,E_x_1_3,E_x,1,3,1,0,1,1,found,29.922605725079773,119.69042290031909,2.6743538709263563
SG-TBL-001,a_times_n1_over_lambda,SG-TBL-001F-1001,SG-006j,closed_form,E_y_1_4,E_y,1,4,1,0,1,1,found,41.200699297189701,164.8027971887588,3.6823413930812787
SG-TBL-001,a_times_n1_over_lambda,SG-TBL-001F-1001,SG-006j,closed_form,E_x_1_4,E_x,1,4,1,0,1,1,found,41.07553371965885,164.3021348786354,3.671154631812831
SG-TBL-001,a_times_n1_over_lambda,SG-TBL-001F-1001,SG-006j,closed_form,E_y_2_1,E_y,2,1,1,0,1,1,found,9.3090989184379573,37.236395673751829,0.83200724415836413
SG-TBL-001,a_times_n1_over_lambda,SG-TBL-001F-1001,SG-006j,closed_form,E_x_2_1,E_x,2,1,1,0,1,1,found,9.2206707653403299,36.88268306136132,0.82410391596200672
SG-TBL-001,a_times_n1_over_lambda,SG-TBL-001F-1001,SG-006j,closed_form,E_y_2_2,E_y,2,2,1,0,1,1,found,19.54066008508206,78.162640340328238,1.7464601986582515
SG-TBL-001,a_times_n1_over_lambda,SG-TBL-001F-1001,SG-006j,closed_form,E_x_2_2,E_x,2,2,1,0,1,1,found,19.424624857753511,77.698499431014042,1.7360894688421038
SG-TBL-001,a_times_n1_over_lambda,SG-TBL-001F-1001,SG-006j,closed_form,E_y_2_3,E_y,2,3,1,0,1,1,found,30.434750063270325,121.7390002530813,2.7201271303108139
SG-TBL-001,a_times_n1_over_lambda,SG-TBL-001F-1001,SG-006j,closed_form,E_x_2_3,E_x,2,3,1,0,1,1,found,30.313152600079771,121.25261040031909,2.7092592717637918
SG-TBL-001,a_times_n1_over_lambda,SG-TBL-001F-1001,SG-006j,closed_form,E_y_2_4,E_y,2,4,1,0,1,1,found,41.484520073235025,165.9380802929401,3.7077080739793247
SG-TBL-001,a_times_n1_over_lambda,SG-TBL-001F-1001,SG-006j,closed_form,E_x_2_4,E_x,2,4,1,0,1,1,found,41.361043949425216,165.44417579770086,3.6966723088219817
SG-TBL-001,a_times_n1_over_lambda,SG-TBL-001F-1001,SG-006j,closed_form,E_y_3_1,E_y,3,1,1,0,1,1,found,11.099252424240111,44.397009696960446,0.99200346914560533
SG-TBL-001,a_times_n1_over_lambda,SG-TBL-001F-1001,SG-006j,closed_form,E_x_3_1,E_x,3,1,1,0,1,1,found,11.033167818039658,44.132671272158632,0.98609711112235698
SG-TBL-001,a_times_n1_over_lambda,SG-TBL-001F-1001,SG-006j,closed_form,E_y_3_2,E_y,3,2,1,0,1,1,found,20.505872259587047,82.023489038348188,1.8327267136425771
SG-TBL-001,a_times_n1_over_lambda,SG-TBL-001F-1001,SG-006j,closed_form,E_x_3_2,E_x,3,2,1,0,1,1,found,20.399911182224756,81.599644728899023,1.8232563680445044
SG-TBL-001,a_times_n1_over_lambda,SG-TBL-001F-1001,SG-006j,closed_form,E_y_3_3,E_y,3,3,1,0,1,1,found,31.068802491724483,124.27520996689793,2.7767960107547851
SG-TBL-001,a_times_n1_over_lambda,SG-TBL-001F-1001,SG-006j,closed_form,E_x_3_3,E_x,3,3,1,0,1,1,found,30.951996283531187,123.80798513412475,2.7663563739831738
SG-TBL-001,a_times_n1_over_lambda,SG-TBL-001F-1001,SG-006j,closed_form,E_y_3_4,E_y,3,4,1,0,1,1,found,41.952969536483273,167.81187814593309,3.7495760732732926
SG-TBL-001,a_times_n1_over_lambda,SG-TBL-001F-1001,SG-006j,closed_form,E_x_3_4,E_x,3,4,1,0,1,1,found,41.832207116335624,167.3288284653425,3.7387828472838325
SG-TBL-001,a_times_n1_over_lambda,SG-TBL-001F-1001,SG-006j,closed_form,E_y_4_1,E_y,4,1,1,0,1,1,found,13.190390155464414,52.761560621857654,1.1789003703554002
SG-TBL-001,a_times_n1_over_lambda,SG-TBL-001F-1001,SG-006j,closed_form,E_x_4_1,E_x,4,1,1,0,1,1,found,13.140965440124273,52.56386176049709,1.1744830017611085
SG-TBL-001,a_times_n1_over_lambda,SG-TBL-001F-1001,SG-006j,closed_form,E_y_4_2,E_y,4,2,1,0,1,1,found,21.778719952404501,87.114879809618003,1.946488368815974
SG-TBL-001,a_times_n1_over_lambda,SG-TBL-001F-1001,SG-006j,closed_form,E_x_4_2,E_x,4,2,1,0,1,1,found,21.684092666208748,86.736370664834993,1.9380309887516183
SG-TBL-001,a_times_n1_over_lambda,SG-TBL-001F-1001,SG-006j,closed_form,E_y_4_3,E_y,4,3,1,0,1,1,found,31.93353835418819,127.73415341675276,2.8540823848879819
SG-TBL-001,a_times_n1_over_lambda,SG-TBL-001F-1001,SG-006j,closed_form,E_x_4_3,E_x,4,3,1,0,1,1,found,31.82281283855438,127.29125135421752,2.8441862142781682
SG-TBL-001,a_times_n1_over_lambda,SG-TBL-001F-1001,SG-006j,closed_form,E_y_4_4,E_y,4,4,1,0,1,1,found,42.599528987854711,170.39811595141884,3.807362777661472
SG-TBL-001,a_times_n1_over_lambda,SG-TBL-001F-1001,SG-006j,closed_form,E_x_4_4,E_x,4,4,1,0,1,1,found,42.48236522331834,169.92946089327336,3.7968911840409492
SG-TBL-001,a_times_n1_over_lambda,SG-TBL-001F-1010,SG-006j,exact,E_y_1_2,E_y,1,2,1,0,1,1,found,5.4782909125089647,21.913163650035859,1.5379837306629263
SG-TBL-001,a_times_n1_over_lambda,SG-TBL-001F-1010,SG-006j,exact,E_x_1_2,E_x,1,2,1,0,1,1,found,5.3628322447836396,21.451328979134558,1.5055696885170264
SG-TBL-001,a_times_n1_over_lambda,SG-TBL-001F-1010,SG-006j,exact,E_y_1_3,E_y,1,3,1,0,1,1,found,8.9565461294353028,35.826184517741211,2.514474395390363
SG-TBL-001,a_times_n1_over_lambda,SG-TBL-001F-1010,SG-006j,exact,E_x_1_3,E_x,1,3,1,0,1,1,found,8.8385741385817518,35.354296554327007,2.4813547590832838
SG-TBL-001,a_times_n1_over_lambda,SG-TBL-001F-1010,SG-006j,exact,E_y_1_4,E_y,1,4,1,0,1,1,found,12.478924544006588,49.915698176026353,3.5033522737956653
SG-TBL-001,a_times_n1_over_lambda,SG-TBL-001F-1010,SG-006j,exact,E_x_1_4,E_x,1,4,1,0,1,1,found,12.360329809188842,49.441319236755369,3.4700578074000417
SG-TBL-001,a_times_n1_over_lambda,SG-TBL-001F-1010,SG-006j,exact,E_y_2_1,E_y,2,1,1,0,1,1,found,2.7630542275309562,11.052216910123825,0.7757040501771777
SG-TBL-001,a_times_n1_over_lambda,SG-TBL-001F-1010,SG-006j,exact,E_x_2_1,E_x,2,1,1,0,1,1,found,2.6847978074848653,10.739191229939461,0.75373422367964871
SG-TBL-001,a_times_n1_over_lambda,SG-TBL-001F-1010,SG-006j,exact,E_y_2_2,E_y,2,2,1,0,1,1,found,5.8079787182807916,23.231914873123166,1.6305407871560813
SG-TBL-001,a_times_n1_over_lambda,SG-TBL-001F-1010,SG-006j,exact,E_x_2_2,E_x,2,2,1,0,1,1,found,5.6993218150734908,22.797287260293963,1.6000362827356487
SG-TBL-001,a_times_n1_over_lambda,SG-TBL-001F-1010,SG-006j,exact,E_y_2_3,E_y,2,3,1,0,1,1,found,9.177186699658634,36.708746798634536,2.5764173649673956
SG-TBL-001,a_times_n1_over_lambda,SG-TBL-001F-1010,SG-006j,exact,E_x_2_3,E_x,2,3,1,0,1,1,found,9.0616609901189804,36.246643960475922,2.5439845014004794
SG-TBL-001,a_times_n1_over_lambda,SG-TBL-001F-1010,SG-006j,exact,E_y_2_4,E_y,2,4,1,0,1,1,found,12.643247010558841,50.572988042235366,3.5494844132121215
SG-TBL-001,a_times_n1_over_lambda,SG-TBL-001F-1010,SG-006j,exact,E_x_2_4,E_x,2,4,1,0,1,1,found,12.525619912594557,50.102479650378228,3.5164616026598225
SG-TBL-001,a_times_n1_over_lambda,SG-TBL-001F-1010,SG-006j,exact,E_y_3_1,E_y,3,1,1,0,1,1,found,3.402794781476258,13.611179125905032,0.95530578720186377
SG-TBL-001,a_times_n1_over_lambda,SG-TBL-001F-1010,SG-006j,exact,E_x_3_1,E_x,3,1,1,0,1,1,found,3.341131210476159,13.364524841904636,0.93799426240565731
SG-TBL-001,a_times_n1_over_lambda,SG-TBL-001F-1010,SG-006j,exact,E_y_3_2,E_y,3,2,1,0,1,1,found,6.2200631485879416,24.880252594351767,1.746229997457919
SG-TBL-001,a_times_n1_over_lambda,SG-TBL-001F-1010,SG-006j,exact,E_x_3_2,E_x,3,2,1,0,1,1,found,6.1203801646828655,24.481520658731462,1.7182448448038541
SG-TBL-001,a_times_n1_over_lambda,SG-TBL-001F-1010,SG-006j,exact,E_y_3_3,E_y,3,3,1,0,1,1,found,9.46473351076245,37.8589340430498,2.6571436944640405
SG-TBL-001,a_times_n1_over_lambda,SG-TBL-001F-1010,SG-006j,exact,E_x_3_3,E_x,3,3,1,0,1,1,found,9.353283198624851,37.413132794499404,2.6258549641679658
SG-TBL-001,a_times_n1_over_lambda,SG-TBL-001F-1010,SG-006j,exact,E_y_3_4,E_y,3,4,1,0,1,1,found,12.860986904948948,51.443947619795793,3.6106130426398853
SG-TBL-001,a_times_n1_over_lambda,SG-TBL-001F-1010,SG-006j,exact,E_x_3_4,E_x,3,4,1,0,1,1,found,12.745368826687333,50.981475306749331,3.5781542473373484
SG-TBL-001,a_times_n1_over_lambda,SG-TBL-001F-1010,SG-006j,exact,E_y_4_1,E_y,4,1,1,0,1,1,found,4.0919518567621704,16.367807427048682,1.1487807936570351
SG-TBL-001,a_times_n1_over_lambda,SG-TBL-001F-1010,SG-006j,exact,E_x_4_1,E_x,4,1,1,0,1,1,found,4.0433376024663445,16.173350409865378,1.1351327538980354
SG-TBL-001,a_times_n1_over_lambda,SG-TBL-001F-1010,SG-006j,exact,E_y_4_2,E_y,4,2,1,0,1,1,found,6.7009503582119923,26.803801432847969,1.8812350047672077
SG-TBL-001,a_times_n1_over_lambda,SG-TBL-001F-1010,SG-006j,exact,E_x_4_2,E_x,4,2,1,0,1,1,found,6.6110673977434633,26.444269590973853,1.8560011256118008
SG-TBL-001,a_times_n1_over_lambda,SG-TBL-001F-1010,SG-006j,exact,E_y_4_3,E_y,4,3,1,0,1,1,found,9.8130954414606109,39.252381765842443,2.7549433532175991
SG-TBL-001,a_times_n1_over_lambda,SG-TBL-001F-1010,SG-006j,exact,E_x_4_3,E_x,4,3,1,0,1,1,found,9.7069168506562704,38.827667402625082,2.7251346139940367
SG-TBL-001,a_times_n1_over_lambda,SG-TBL-001F-1010,SG-006j,exact,E_y_4_4,E_y,4,4,1,0,1,1,found,13.129219714254141,52.516878857016565,3.6859171298688826
SG-TBL-001,a_times_n1_over_lambda,SG-TBL-001F-1010,SG-006j,exact,E_x_4_4,E_x,4,4,1,0,1,1,found,13.016504546552898,52.066018186211593,3.654273302096315
SG-TBL-001,a_times_n1_over_lambda,SG-TBL-001F-1010,SG-006j,closed_form,E_y_1_2,E_y,1,2,1,0,1,1,found,5.9843508335947995,23.937403334379198,1.6800557633097148
SG-TBL-001,a_times_n1_over_lambda,SG-TBL-001F-1010,SG-006j,closed_form,E_x_1_2,E_x,1,2,1,0,1,1,found,5.8465709662437444,23.386283864974978,1.6413752336001726
SG-TBL-001,a_times_n1_over_lambda,SG-TBL-001F-1010,SG-006j,closed_form,E_y_1_3,E_y,1,3,1,0,1,1,found,9.5214821718633154,38.085928687453261,2.6730753999729147
SG-TBL-001,a_times_n1_over_lambda,SG-TBL-001F-1010,SG-006j,closed_form,E_x_1_3,E_x,1,3,1,0,1,1,found,9.3818027864396569,37.527211145758628,2.6338615966679355
SG-TBL-001,a_times_n1_over_lambda,SG-TBL-001F-1010,SG-006j,closed_form,E_y_1_4,E_y,1,4,1,0,1,1,found,13.072068802267317,52.288275209069269,3.6698724958339173
SG-TBL-001,a_times_n1_over_lambda,SG-TBL-001F-1010,SG-006j,closed_form,E_x_1_4,E_x,1,4,1,0,1,1,found,12.931791254878043,51.727165019512171,3.6304907636280981
SG-TBL-001,a_times_n1_over_lambda,SG-TBL-001F-1010,SG-006j,closed_form,E_y_2_1,E_y,2,1,1,0,1,1,found,2.9318804141879085,11.727521656751634,0.82310057083207289
SG-TBL-001,a_times_n1_over_lambda,SG-TBL-001F-1010,SG-006j,closed_form,E_x_2_1,E_x,2,1,1,0,1,1,found,2.8374348857998841,11.349739543199536,0.79658578941311364
SG-TBL-001,a_times_n1_over_lambda,SG-TBL-001F-1010,SG-006j,closed_form,E_y_2_2,E_y,2,2,1,0,1,1,found,6.1796212914586057,24.718485165834423,1.7348762889207017
SG-TBL-001,a_times_n1_over_lambda,SG-TBL-001F-1010,SG-006j,closed_form,E_x_2_2,E_x,2,2,1,0,1,1,found,6.0505523905158043,24.202209562063217,1.6986412891817664
SG-TBL-001,a_times_n1_over_lambda,SG-TBL-001F-1010,SG-006j,closed_form,E_y_2_3,E_y,2,3,1,0,1,1,found,9.6458976259827587,38.583590503931035,2.7080039839664778
SG-TBL-001,a_times_n1_over_lambda,SG-TBL-001F-1010,SG-006j,closed_form,E_x_2_3,E_x,2,3,1,0,1,1,found,9.5099450205266471,38.039780082106589,2.6698364425430574
SG-TBL-001,a_times_n1_over_lambda,SG-TBL-001F-1010,SG-006j,closed_form,E_y_2_4,E_y,2,4,1,0,1,1,found,13.163008043766025,52.6520321750641,3.6954029169337681
SG-TBL-001,a_times_n1_over_lambda,SG-TBL-001F-1010,SG-006j,closed_form,E_x_2_4,E_x,2,4,1,0,1,1,found,13.02476111844182,52.099044473767279,3.6565912646578171
SG-TBL-001,a_times_n1_over_lambda,SG-TBL-001F-1010,SG-006j,closed_form,E_y_3_1,E_y,3,1,1,0,1,1,found,3.5094962984323499,14.0379851937294,0.98526133350934642
SG-TBL-001,a_times_n1_over_lambda,SG-TBL-001F-1010,SG-006j,closed_form,E_x_3_1,E_x,3,1,1,0,1,1,found,3.4413386103510852,13.765354441404341,0.96612664039744378
SG-TBL-001,a_times_n1_over_lambda,SG-TBL-001F-1010,SG-006j,closed_form,E_y_3_2,E_y,3,2,1,0,1,1,found,6.4903802134096633,25.961520853638653,1.8221192217535964
SG-TBL-001,a_times_n1_over_lambda,SG-TBL-001F-1010,SG-006j,closed_form,E_x_3_2,E_x,3,2,1,0,1,1,found,6.3735300555825241,25.494120222330096,1.7893145305581759
SG-TBL-001,a_times_n1_over_lambda,SG-TBL-001F-1010,SG-006j,closed_form,E_y_3_3,E_y,3,3,1,0,1,1,found,9.849406033009295,39.39762413203718,2.7651372439664654
SG-TBL-001,a_times_n1_over_lambda,SG-TBL-001F-1010,SG-006j,closed_form,E_x_3_3,E_x,3,3,1,0,1,1,found,9.7192354115843784,38.876941646337514,2.7285929455421747
SG-TBL-001,a_times_n1_over_lambda,SG-TBL-001F-1010,SG-006j,closed_form,E_y_3_4,E_y,3,4,1,0,1,1,found,13.313078165501356,53.252312662005423,3.737533831369241
SG-TBL-001,a_times_n1_over_lambda,SG-TBL-001F-1010,SG-006j,closed_form,E_x_3_4,E_x,3,4,1,0,1,1,found,13.178090217262508,52.71236086905003,3.6996371092815417
SG-TBL-001,a_times_n1_over_lambda,SG-TBL-001F-1010,SG-006j,closed_form,E_y_4_1,E_y,4,1,1,0,1,1,found,4.1809684880077835,16.723873952031134,1.1737714582275431
SG-TBL-001,a_times_n1_over_lambda,SG-TBL-001F-1010,SG-006j,closed_form,E_x_4_1,E_x,4,1,1,0,1,1,found,4.131943043917417,16.527772175669668,1.1600079804196486
SG-TBL-001,a_times_n1_over_lambda,SG-TBL-001F-1010,SG-006j,closed_form,E_y_4_2,E_y,4,2,1,0,1,1,found,6.8995110793411722,27.598044317364689,1.9369792438962534
SG-TBL-001,a_times_n1_over_lambda,SG-TBL-001F-1010,SG-006j,closed_form,E_x_4_2,E_x,4,2,1,0,1,1,found,6.796264450550078,27.185057802200312,1.9079936281517669
SG-TBL-001,a_times_n1_over_lambda,SG-TBL-001F-1010,SG-006j,closed_form,E_y_4_3,E_y,4,3,1,0,1,1,found,10.126798243969677,40.507192975878709,2.8430127555599705
SG-TBL-001,a_times_n1_over_lambda,SG-TBL-001F-1010,SG-006j,closed_form,E_x_4_3,E_x,4,3,1,0,1,1,found,10.003939649760724,40.015758599042897,2.8085212467877665
SG-TBL-001,a_times_n1_over_lambda,SG-TBL-001F-1010,SG-006j,closed_form,E_y_4_4,E_y,4,4,1,0,1,1,found,13.520156176686285,54.080624706745141,3.795669227474848
SG-TBL-001,a_times_n1_over_lambda,SG-TBL-001F-1010,SG-006j,closed_form,E_x_4_4,E_x,4,4,1,0,1,1,found,13.389481996744873,53.557927986979493,3.7589835592660434
SG-TBL-001,a_times_n1_over_lambda,SG-TBL-001F-1050,SG-006j,exact,E_y_1_2,E_y,1,2,1,0,1,1,found,2.4728264887630944,9.8913059550523776,1.5079824023966606
SG-TBL-001,a_times_n1_over_lambda,SG-TBL-001F-1050,SG-006j,exact,E_x_1_2,E_x,1,2,1,0,1,1,found,2.3551725740730758,9.4206902962923031,1.4362345326080401
SG-TBL-001,a_times_n1_over_lambda,SG-TBL-001F-1050,SG-006j,exact,E_y_1_3,E_y,1,3,1,0,1,1,found,4.070224349647761,16.280897398591044,2.4821097319065646
SG-TBL-001,a_times_n1_over_lambda,SG-TBL-001F-1050,SG-006j,exact,E_x_1_3,E_x,1,3,1,0,1,1,found,3.9508511848747734,15.803404739499094,2.4093134267011376
SG-TBL-001,a_times_n1_over_lambda,SG-TBL-001F-1050,SG-006j,exact,E_y_1_4,E_y,1,4,1,0,1,1,found,5.6901884852349767,22.760753940939907,3.4699984576542264
SG-TBL-001,a_times_n1_over_lambda,SG-TBL-001F-1050,SG-006j,exact,E_x_1_4,E_x,1,4,1,0,1,1,found,5.5707579624652874,22.28303184986115,3.3971671743174769
SG-TBL-001,a_times_n1_over_lambda,SG-TBL-001F-1050,SG-006j,exact,E_y_2_1,E_y,2,1,1,0,1,1,found,1.2507309392094612,5.0029237568378448,0.76272243727230959
SG-TBL-001,a_times_n1_over_lambda,SG-TBL-001F-1050,SG-006j,exact,E_x_2_1,E_x,2,1,1,0,1,1,found,1.172251791357994,4.6890071654319758,0.71486417691604232
SG-TBL-001,a_times_n1_over_lambda,SG-TBL-001F-1050,SG-006j,exact,E_y_2_2,E_y,2,2,1,0,1,1,found,2.6336300049722192,10.534520019888877,1.6060438206921912
SG-TBL-001,a_times_n1_over_lambda,SG-TBL-001F-1050,SG-006j,exact,E_x_2_2,E_x,2,2,1,0,1,1,found,2.5211107483506199,10.08444299340248,1.5374271750491733
SG-TBL-001,a_times_n1_over_lambda,SG-TBL-001F-1050,SG-006j,exact,E_y_2_3,E_y,2,3,1,0,1,1,found,4.1774324047565452,16.709729619026181,2.5474874934413352
SG-TBL-001,a_times_n1_over_lambda,SG-TBL-001F-1050,SG-006j,exact,E_x_2_3,E_x,2,3,1,0,1,1,found,4.058631330132485,16.23452532052994,2.4750400610262506
SG-TBL-001,a_times_n1_over_lambda,SG-TBL-001F-1050,SG-006j,exact,E_y_2_4,E_y,2,4,1,0,1,1,found,5.769765629023313,23.079062516093252,3.5185262993815387
SG-TBL-001,a_times_n1_over_lambda,SG-TBL-001F-1050,SG-006j,exact,E_x_2_4,E_x,2,4,1,0,1,1,found,5.6496654330194005,22.598661732077602,3.4452866350050542
SG-TBL-001,a_times_n1_over_lambda,SG-TBL-001F-1050,SG-006j,exact,E_y_3_1,E_y,3,1,1,0,1,1,found,1.5527453738451,6.2109814953804001,0.94689728931707506
SG-TBL-001,a_times_n1_over_lambda,SG-TBL-001F-1050,SG-006j,exact,E_x_3_1,E_x,3,1,1,0,1,1,found,1.4913522048294545,5.9654088193178181,0.90945842374213315
SG-TBL-001,a_times_n1_over_lambda,SG-TBL-001F-1050,SG-006j,exact,E_y_3_2,E_y,3,2,1,0,1,1,found,2.8312826819717882,11.325130727887153,1.7265766441864225
SG-TBL-001,a_times_n1_over_lambda,SG-TBL-001F-1050,SG-006j,exact,E_x_3_2,E_x,3,2,1,0,1,1,found,2.7272233574092386,10.908893429636954,1.6631190457828648
SG-TBL-001,a_times_n1_over_lambda,SG-TBL-001F-1050,SG-006j,exact,E_y_3_3,E_y,3,3,1,0,1,1,found,4.3154528777301309,17.261811510920523,2.6316553254183939
SG-TBL-001,a_times_n1_over_lambda,SG-TBL-001F-1050,SG-006j,exact,E_x_3_3,E_x,3,3,1,0,1,1,found,4.1994727736711486,16.797891094684594,2.5609281810983888
SG-TBL-001,a_times_n1_over_lambda,SG-TBL-001F-1050,SG-006j,exact,E_y_3_4,E_y,3,4,1,0,1,1,found,5.874102059751749,23.496408239006996,3.5821528830429177
SG-TBL-001,a_times_n1_over_lambda,SG-TBL-001F-1050,SG-006j,exact,E_x_3_4,E_x,3,4,1,0,1,1,found,5.7546946291625485,23.018778516650194,3.5093356818109855
SG-TBL-001,a_times_n1_over_lambda,SG-TBL-001F-1050,SG-006j,exact,E_y_4_1,E_y,4,1,1,0,1,1,found,1.8743941211700437,7.4975764846801747,1.1430455645491
SG-TBL-001,a_times_n1_over_lambda,SG-TBL-001F-1050,SG-006j,exact,E_x_4_1,E_x,4,1,1,0,1,1,found,1.8265545722842214,7.3062182891368854,1.1138719859797035
SG-TBL-001,a_times_n1_over_lambda,SG-TBL-001F-1050,SG-006j,exact,E_y_4_2,E_y,4,2,1,0,1,1,found,3.0591943094134333,12.236777237653733,1.8655620218687425
SG-TBL-001,a_times_n1_over_lambda,SG-TBL-001F-1050,SG-006j,exact,E_x_4_2,E_x,4,2,1,0,1,1,found,2.9651093170046807,11.860437268018723,1.8081869842238694
SG-TBL-001,a_times_n1_over_lambda,SG-TBL-001F-1050,SG-006j,exact,E_y_4_3,E_y,4,3,1,0,1,1,found,4.4811780080199242,17.924712032079697,2.7327180490860403
SG-TBL-001,a_times_n1_over_lambda,SG-TBL-001F-1050,SG-006j,exact,E_x_4_3,E_x,4,3,1,0,1,1,found,4.3697641964256757,17.479056785702703,2.6647755274285254
SG-TBL-001,a_times_n1_over_lambda,SG-TBL-001F-1050,SG-006j,exact,E_y_4_4,E_y,4,4,1,0,1,1,found,6.0016952958703058,24.006781183481223,3.6599619633022722
SG-TBL-001,a_times_n1_over_lambda,SG-TBL-001F-1050,SG-006j,exact,E_x_4_4,E_x,4,4,1,0,1,1,found,5.8842007917165748,23.536803166866299,3.5883113054630433
SG-TBL-001,a_times_n1_over_lambda,SG-TBL-001F-1050,SG-006j,closed_form,E_y_1_2,E_y,1,2,1,0,1,1,found,2.7422921225428576,10.96916849017143,1.67230830056908
SG-TBL-001,a_times_n1_over_lambda,SG-TBL-001F-1050,SG-006j,closed_form,E_x_1_2,E_x,1,2,1,0,1,1,found,2.5794602189958091,10.317840875983237,1.5730099283567531
SG-TBL-001,a_times_n1_over_lambda,SG-TBL-001F-1050,SG-006j,closed_form,E_y_1_3,E_y,1,3,1,0,1,1,found,4.3705135749280455,17.482054299712182,2.6652325144429572
SG-TBL-001,a_times_n1_over_lambda,SG-TBL-001F-1050,SG-006j,closed_form,E_x_1_3,E_x,1,3,1,0,1,1,found,4.2050603364408019,16.820241345763208,2.5643355962030117
SG-TBL-001,a_times_n1_over_lambda,SG-TBL-001F-1050,SG-006j,closed_form,E_y_1_4,E_y,1,4,1,0,1,1,found,6.0050362129509445,24.020144851803778,3.6619993258864905
SG-TBL-001,a_times_n1_over_lambda,SG-TBL-001F-1050,SG-006j,closed_form,E_x_1_4,E_x,1,4,1,0,1,1,found,5.8387814523279662,23.355125809311865,3.5606136223309108
SG-TBL-001,a_times_n1_over_lambda,SG-TBL-001F-1050,SG-006j,closed_form,E_y_2_1,E_y,2,1,1,0,1,1,found,1.3405975116789342,5.3623900467157366,0.81752499234986176
SG-TBL-001,a_times_n1_over_lambda,SG-TBL-001F-1050,SG-006j,closed_form,E_x_2_1,E_x,2,1,1,0,1,1,found,1.2375907436013223,4.9503629744052891,0.75470926536915883
SG-TBL-001,a_times_n1_over_lambda,SG-TBL-001F-1050,SG-006j,closed_form,E_y_2_2,E_y,2,2,1,0,1,1,found,2.8329125429689883,11.331650171875953,1.7275705682297384
SG-TBL-001,a_times_n1_over_lambda,SG-TBL-001F-1050,SG-006j,closed_form,E_x_2_2,E_x,2,2,1,0,1,1,found,2.6817742216587059,10.727096886634824,1.635403192192902
SG-TBL-001,a_times_n1_over_lambda,SG-TBL-001F-1050,SG-006j,closed_form,E_y_2_3,E_y,2,3,1,0,1,1,found,4.4281024934351443,17.712409973740577,2.7003514668144191
SG-TBL-001,a_times_n1_over_lambda,SG-TBL-001F-1050,SG-006j,closed_form,E_x_2_3,E_x,2,3,1,0,1,1,found,4.2675589504837976,17.070235801935191,2.6024485857634563
SG-TBL-001,a_times_n1_over_lambda,SG-TBL-001F-1050,SG-006j,closed_form,E_y_2_4,E_y,2,4,1,0,1,1,found,6.0470721754431711,24.188288701772684,3.687633753531995
SG-TBL-001,a_times_n1_over_lambda,SG-TBL-001F-1050,SG-006j,closed_form,E_x_2_4,E_x,2,4,1,0,1,1,found,5.8834633317589766,23.533853327035906,3.5878615866317447
SG-TBL-001,a_times_n1_over_lambda,SG-TBL-001F-1050,SG-006j,closed_form,E_y_3_1,E_y,3,1,1,0,1,1,found,1.608755085170269,6.435020340681076,0.98105320742353275
SG-TBL-001,a_times_n1_over_lambda,SG-TBL-001F-1050,SG-006j,closed_form,E_x_3_1,E_x,3,1,1,0,1,1,found,1.5384796206653115,6.1539184826612461,0.93819772836938575
SG-TBL-001,a_times_n1_over_lambda,SG-TBL-001F-1050,SG-006j,closed_form,E_y_3_2,E_y,3,2,1,0,1,1,found,2.9769980654120447,11.907992261648179,1.8154369968981485
SG-TBL-001,a_times_n1_over_lambda,SG-TBL-001F-1050,SG-006j,closed_form,E_x_3_2,E_x,3,2,1,0,1,1,found,2.8419952189922331,11.367980875968932,1.7331093780378515
SG-TBL-001,a_times_n1_over_lambda,SG-TBL-001F-1050,SG-006j,closed_form,E_y_3_3,E_y,3,3,1,0,1,1,found,4.522276130020618,18.089104520082472,2.7577805615713373
SG-TBL-001,a_times_n1_over_lambda,SG-TBL-001F-1050,SG-006j,closed_form,E_x_3_3,E_x,3,3,1,0,1,1,found,4.3693127815425381,17.477251126170152,2.664500244992396
SG-TBL-001,a_times_n1_over_lambda,SG-TBL-001F-1050,SG-006j,closed_form,E_y_3_4,E_y,3,4,1,0,1,1,found,6.1164336365461338,24.465734546184535,3.7299318537921984
SG-TBL-001,a_times_n1_over_lambda,SG-TBL-001F-1050,SG-006j,closed_form,E_x_3_4,E_x,3,4,1,0,1,1,found,5.9570610906183727,23.828244362473491,3.6327430717339673
SG-TBL-001,a_times_n1_over_lambda,SG-TBL-001F-1050,SG-006j,closed_form,E_y_4_1,E_y,4,1,1,0,1,1,found,1.9195348645746706,7.6781394582986824,1.1705733539005194
SG-TBL-001,a_times_n1_over_lambda,SG-TBL-001F-1050,SG-006j,closed_form,E_x_4_1,E_x,4,1,1,0,1,1,found,1.8722532525658604,7.4890130102634416,1.1417400171539946
SG-TBL-001,a_times_n1_over_lambda,SG-TBL-001F-1050,SG-006j,closed_form,E_y_4_2,E_y,4,2,1,0,1,1,found,3.1664932434260846,12.665972973704339,1.9309952032998965
SG-TBL-001,a_times_n1_over_lambda,SG-TBL-001F-1050,SG-006j,closed_form,E_x_4_2,E_x,4,2,1,0,1,1,found,3.0491320779919624,12.19652831196785,1.8594258582594592
SG-TBL-001,a_times_n1_over_lambda,SG-TBL-001F-1050,SG-006j,closed_form,E_y_4_3,E_y,4,3,1,0,1,1,found,4.6505934177339068,18.602373670935627,2.8360311839559658
SG-TBL-001,a_times_n1_over_lambda,SG-TBL-001F-1050,SG-006j,closed_form,E_x_4_3,E_x,4,3,1,0,1,1,found,4.5071537314355368,18.028614925742147,2.7485585999610271
SG-TBL-001,a_times_n1_over_lambda,SG-TBL-001F-1050,SG-006j,closed_form,E_y_4_4,E_y,4,4,1,0,1,1,found,6.2121291223168367,24.848516489267347,3.7882890046827984
SG-TBL-001,a_times_n1_over_lambda,SG-TBL-001F-1050,SG-006j,closed_form,E_x_4_4,E_x,4,4,1,0,1,1,found,6.0583508433401594,24.233403373360638,3.6945117260822005
