case_id,curve_id,curve_label,solver_model,transverse_equation,p,a_over_A5,sample_index,c_over_a,c_over_A5,kx_A5_over_pi,sqrt_one_minus_kx_A5_over_pi_squared,normalized_coupling,domain_valid,status
CP-010-FIG10-001,a_over_A5=0.5,0.5,exact,eq6,1,0.5,0,0,0,0.80616259520668487,0.59169406798583235,0.76908173652611211,1,ok
CP-010-FIG10-001,a_over_A5=0.5,0.5,exact,eq6,1,0.5,1,0.02,0.01,0.80616259520668487,0.59169406798583235,0.75491762388290684,1,ok
CP-010-FIG10-001,a_over_A5=0.5,0.5,exact,eq6,1,0.5,2,0.040000000000000001,0.02,0.80616259520668487,0.59169406798583235,0.74101437049228969,1,ok
CP-010-FIG10-001,a_over_A5=0.5,0.5,exact,eq6,1,0.5,3,0.059999999999999998,0.029999999999999999,0.80616259520668487,0.59169406798583235,0.72736717213168967,1,ok
CP-010-FIG10-001,a_over_A5=0.5,0.5,exact,eq6,1,0.5,4,0.080000000000000002,0.040000000000000001,0.80616259520668487,0.59169406798583235,0.71397131305749206,1,ok
CP-010-FIG10-001,a_over_A5=0.5,0.5,exact,eq6,1,0.5,5,0.10000000000000001,0.050000000000000003,0.80616259520668487,0.59169406798583235,0.70082216437552991,1,ok
CP-010-FIG10-001,a_over_A5=0.5,0.5,exact,eq6,1,0.5,6,0.12,0.059999999999999998,0.80616259520668487,0.59169406798583235,0.68791518244158445,1,ok
CP-010-FIG10-001,a_over_A5=0.5,0.5,exact,eq6,1,0.5,7,0.14000000000000001,0.070000000000000007,0.80616259520668487,0.59169406798583235,0.67524590729134448,1,ok
CP-010-FIG10-001,a_over_A5=0.5,0.5,exact,eq6,1,0.5,8,0.16,0.080000000000000002,0.80616259520668487,0.59169406798583235,0.66280996109928036,1,ok
CP-010-FIG10-001,a_over_A5=0.5,0.5,exact,eq6,1,0.5,9,0.17999999999999999,0.089999999999999997,0.80616259520668487,0.59169406798583235,0.65060304666590141,1,ok
CP-010-FIG10-001,a_over_A5=0.5,0.5,exact,eq6,1,0.5,10,0.20000000000000001,0.10000000000000001,0.80616259520668487,0.59169406798583235,0.638620945932873,1,ok
CP-010-FIG10-001,a_over_A5=0.5,0.5,exact,eq6,1,0.5,11,0.22,0.11,0.80616259520668487,0.59169406798583235,0.62685951852548016,1,ok
CP-010-FIG10-001,a_over_A5=0.5,0.5,exact,eq6,1,0.5,12,0.23999999999999999,0.12,0.80616259520668487,0.59169406798583235,0.61531470032193547,1,ok
CP-010-FIG10-001,a_over_A5=0.5,0.5,exact,eq6,1,0.5,13,0.26000000000000001,0.13,0.80616259520668487,0.59169406798583235,0.6039825020490357,1,ok
CP-010-FIG10-001,a_over_A5=0.5,0.5,exact,eq6,1,0.5,14,0.28000000000000003,0.14000000000000001,0.80616259520668487,0.59169406798583235,0.59285900790368085,1,ok
CP-010-FIG10-001,a_over_A5=0.5,0.5,exact,eq6,1,0.5,15,0.29999999999999999,0.14999999999999999,0.80616259520668487,0.59169406798583235,0.58194037419978262,1,ok
CP-010-FIG10-001,a_over_A5=0.5,0.5,exact,eq6,1,0.5,16,0.32000000000000001,0.16,0.80616259520668487,0.59169406798583235,0.5712228280400905,1,ok
CP-010-FIG10-001,a_over_A5=0.5,0.5,exact,eq6,1,0.5,17,0.34000000000000002,0.17000000000000001,0.80616259520668487,0.59169406798583235,0.56070266601248075,1,ok
CP-010-FIG10-001,a_over_A5=0.5,0.5,exact,eq6,1,0.5,18,0.35999999999999999,0.17999999999999999,0.80616259520668487,0.59169406798583235,0.55037625291025438,1,ok
CP-010-FIG10-001,a_over_A5=0.5,0.5,exact,eq6,1,0.5,19,0.38,0.19,0.80616259520668487,0.59169406798583235,0.54024002047600339,1,ok
CP-010-FIG10-001,a_over_A5=0.5,0.5,exact,eq6,1,0.5,20,0.40000000000000002,0.20000000000000001,0.80616259520668487,0.59169406798583235,0.53029046616861175,1,ok
CP-010-FIG10-001,a_over_A5=0.5,0.5,exact,eq6,1,0.5,21,0.41999999999999998,0.20999999999999999,0.80616259520668487,0.59169406798583235,0.52052415195296398,1,ok
CP-010-FIG10-001,a_over_A5=0.5,0.5,exact,eq6,1,0.5,22,0.44,0.22,0.80616259520668487,0.59169406798583235,0.51093770311194364,1,ok
CP-010-FIG10-001,a_over_A5=0.5,0.5,exact,eq6,1,0.5,23,0.46000000000000002,0.23000000000000001,0.80616259520668487,0.59169406798583235,0.50152780708031108,1,ok
CP-010-FIG10-001,a_over_A5=0.5,0.5,exact,eq6,1,0.5,24,0.47999999999999998,0.23999999999999999,0.80616259520668487,0.59169406798583235,0.49229121230005773,1,ok
CP-010-FIG10-001,a_over_A5=0.5,0.5,exact,eq6,1,0.5,25,0.5,0.25,0.80616259520668487,0.59169406798583235,0.48322472709684117,1,ok
CP-010-FIG10-001,a_over_A5=0.5,0.5,exact,eq6,1,0.5,26,0.52000000000000002,0.26000000000000001,0.80616259520668487,0.59169406798583235,0.47432521857711257,1,ok
CP-010-FIG10-001,a_over_A5=0.5,0.5,exact,eq6,1,0.5,27,0.54000000000000004,0.27000000000000002,0.80616259520668487,0.59169406798583235,0.46558961154555606,1,ok
CP-010-FIG10-001,a_over_A5=0.5,0.5,exact,eq6,1,0.5,28,0.56000000000000005,0.28000000000000003,0.80616259520668487,0.59169406798583235,0.45701488744246516,1,ok
CP-010-FIG10-001,a_over_A5=0.5,0.5,exact,eq6,1,0.5,29,0.57999999999999996,0.28999999999999998,0.80616259520668487,0.59169406798583235,0.44859808330068973,1,ok
CP-010-FIG10-001,a_over_A5=0.5,0.5,exact,eq6,1,0.5,30,0.59999999999999998,0.29999999999999999,0.80616259520668487,0.59169406798583235,0.44033629072179237,1,ok
CP-010-FIG10-001,a_over_A5=0.5,0.5,exact,eq6,1,0.5,31,0.62,0.31,0.80616259520668487,0.59169406798583235,0.43222665487106127,1,ok
CP-010-FIG10-001,a_over_A5=0.5,0.5,exact,eq6,1,0.5,32,0.64000000000000001,0.32000000000000001,0.80616259520668487,0.59169406798583235,0.42426637349103186,1,ok
CP-010-FIG10-001,a_over_A5=0.5,0.5,exact,eq6,1,0.5,33,0.66000000000000003,0.33000000000000002,0.80616259520668487,0.59169406798583235,0.41645269593317563,1,ok
CP-010-FIG10-001,a_over_A5=0.5,0.5,exact,eq6,1,0.5,34,0.68000000000000005,0.34000000000000002,0.80616259520668487,0.59169406798583235,0.40878292220742324,1,ok
CP-010-FIG10-001,a_over_A5=0.5,0.5,exact,eq6,1,0.5,35,0.70000000000000007,0.35000000000000003,0.80616259520668487,0.59169406798583235,0.40125440204919166,1,ok
CP-010-FIG10-001,a_over_A5=0.5,0.5,exact,eq6,1,0.5,36,0.71999999999999997,0.35999999999999999,0.80616259520668487,0.59169406798583235,0.39386453400359439,1,ok
CP-010-FIG10-001,a_over_A5=0.5,0.5,exact,eq6,1,0.5,37,0.73999999999999999,0.37,0.80616259520668487,0.59169406798583235,0.38661076452651744,1,ok
CP-010-FIG10-001,a_over_A5=0.5,0.5,exact,eq6,1,0.5,38,0.76000000000000001,0.38,0.80616259520668487,0.59169406798583235,0.37949058710225048,1,ok
CP-010-FIG10-001,a_over_A5=0.5,0.5,exact,eq6,1,0.5,39,0.78000000000000003,0.39000000000000001,0.80616259520668487,0.59169406798583235,0.37250154137736879,1,ok
CP-010-FIG10-001,a_over_A5=0.5,0.5,exact,eq6,1,0.5,40,0.80000000000000004,0.40000000000000002,0.80616259520668487,0.59169406798583235,0.36564121231056684,1,ok
CP-010-FIG10-001,a_over_A5=0.5,0.5,exact,eq6,1,0.5,41,0.82000000000000006,0.41000000000000003,0.80616259520668487,0.59169406798583235,0.35890722933814811,1,ok
CP-010-FIG10-001,a_over_A5=0.5,0.5,exact,eq6,1,0.5,42,0.83999999999999997,0.41999999999999998,0.80616259520668487,0.59169406798583235,0.35229726555488566,1,ok
CP-010-FIG10-001,a_over_A5=0.5,0.5,exact,eq6,1,0.5,43,0.85999999999999999,0.42999999999999999,0.80616259520668487,0.59169406798583235,0.34580903690996689,1,ok
CP-010-FIG10-001,a_over_A5=0.5,0.5,exact,eq6,1,0.5,44,0.88,0.44,0.80616259520668487,0.59169406798583235,0.33944030141774811,1,ok
CP-010-FIG10-001,a_over_A5=0.5,0.5,exact,eq6,1,0.5,45,0.90000000000000002,0.45000000000000001,0.80616259520668487,0.59169406798583235,0.33318885838304368,1,ok
CP-010-FIG10-001,a_over_A5=0.5,0.5,exact,eq6,1,0.5,46,0.92000000000000004,0.46000000000000002,0.80616259520668487,0.59169406798583235,0.32705254764068326,1,ok
CP-010-FIG10-001,a_over_A5=0.5,0.5,exact,eq6,1,0.5,47,0.94000000000000006,0.47000000000000003,0.80616259520668487,0.59169406798583235,0.3210292488090738,1,ok
CP-010-FIG10-001,a_over_A5=0.5,0.5,exact,eq6,1,0.5,48,0.95999999999999996,0.47999999999999998,0.80616259520668487,0.59169406798583235,0.31511688055750903,1,ok
CP-010-FIG10-001,a_over_A5=0.5,0.5,exact,eq6,1,0.5,49,0.97999999999999998,0.48999999999999999,0.80616259520668487,0.59169406798583235,0.30931339988697237,1,ok
CP-010-FIG10-001,a_over_A5=0.5,0.5,exact,eq6,1,0.5,50,1,0.5,0.80616259520668487,0.59169406798583235,0.30361680142418584,1,ok
CP-010-FIG10-001,a_over_A5=0.5,0.5,exact,eq6,1,0.5,51,1.02,0.51000000000000001,0.80616259520668487,0.59169406798583235,0.29802511672865956,1,ok
CP-010-FIG10-001,a_over_A5=0.5,0.5,exact,eq6,1,0.5,52,1.04,0.52000000000000002,0.80616259520668487,0.59169406798583235,0.2925364136125041,1,ok
CP-010-FIG10-001,a_over_A5=0.5,0.5,exact,eq6,1,0.5,53,1.0600000000000001,0.53000000000000003,0.80616259520668487,0.59169406798583235,0.28714879547276928,1,ok
CP-010-FIG10-001,a_over_A5=0.5,0.5,exact,eq6,1,0.5,54,1.0800000000000001,0.54000000000000004,0.80616259520668487,0.59169406798583235,0.28186040063607959,1,ok
CP-010-FIG10-001,a_over_A5=0.5,0.5,exact,eq6,1,0.5,55,1.1000000000000001,0.55000000000000004,0.80616259520668487,0.59169406798583235,0.27666940171533894,1,ok
CP-010-FIG10-001,a_over_A5=0.5,0.5,exact,eq6,1,0.5,56,1.1200000000000001,0.56000000000000005,0.80616259520668487,0.59169406798583235,0.27157400497828327,1,ok
CP-010-FIG10-001,a_over_A5=0.5,0.5,exact,eq6,1,0.5,57,1.1400000000000001,0.57000000000000006,0.80616259520668487,0.59169406798583235,0.26657244972766242,1,ok
CP-010-FIG10-001,a_over_A5=0.5,0.5,exact,eq6,1,0.5,58,1.1599999999999999,0.57999999999999996,0.80616259520668487,0.59169406798583235,0.26166300769283701,1,ok
CP-010-FIG10-001,a_over_A5=0.5,0.5,exact,eq6,1,0.5,59,1.1799999999999999,0.58999999999999997,0.80616259520668487,0.59169406798583235,0.25684398243258061,1,ok
CP-010-FIG10-001,a_over_A5=0.5,0.5,exact,eq6,1,0.5,60,1.2,0.59999999999999998,0.80616259520668487,0.59169406798583235,0.25211370874887962,1,ok
CP-010-FIG10-001,a_over_A5=0.5,0.5,exact,eq6,1,0.5,61,1.22,0.60999999999999999,0.80616259520668487,0.59169406798583235,0.2474705521115303,1,ok
CP-010-FIG10-001,a_over_A5=0.5,0.5,exact,eq6,1,0.5,62,1.24,0.62,0.80616259520668487,0.59169406798583235,0.24291290809333183,1,ok
CP-010-FIG10-001,a_over_A5=0.5,0.5,exact,eq6,1,0.5,63,1.26,0.63,0.80616259520668487,0.59169406798583235,0.23843920181568229,1,ok
CP-010-FIG10-001,a_over_A5=0.5,0.5,exact,eq6,1,0.5,64,1.28,0.64000000000000001,0.80616259520668487,0.59169406798583235,0.23404788740438415,1,ok
CP-010-FIG10-001,a_over_A5=0.5,0.5,exact,eq6,1,0.5,65,1.3,0.65000000000000002,0.80616259520668487,0.59169406798583235,0.22973744745547325,1,ok
CP-010-FIG10-001,a_over_A5=0.5,0.5,exact,eq6,1,0.5,66,1.3200000000000001,0.66000000000000003,0.80616259520668487,0.59169406798583235,0.22550639251088436,1,ok
CP-010-FIG10-001,a_over_A5=0.5,0.5,exact,eq6,1,0.5,67,1.3400000000000001,0.67000000000000004,0.80616259520668487,0.59169406798583235,0.22135326054377447,1,ok
CP-010-FIG10-001,a_over_A5=0.5,0.5,exact,eq6,1,0.5,68,1.3600000000000001,0.68000000000000005,0.80616259520668487,0.59169406798583235,0.21727661645332366,1,ok
CP-010-FIG10-001,a_over_A5=0.5,0.5,exact,eq6,1,0.5,69,1.3800000000000001,0.69000000000000006,0.80616259520668487,0.59169406798583235,0.21327505156884158,1,ok
CP-010-FIG10-001,a_over_A5=0.5,0.5,exact,eq6,1,0.5,70,1.4000000000000001,0.70000000000000007,0.80616259520668487,0.59169406798583235,0.20934718316300552,1,ok
CP-010-FIG10-001,a_over_A5=0.5,0.5,exact,eq6,1,0.5,71,1.4199999999999999,0.70999999999999996,0.80616259520668487,0.59169406798583235,0.20549165397406366,1,ok
CP-010-FIG10-001,a_over_A5=0.5,0.5,exact,eq6,1,0.5,72,1.4399999999999999,0.71999999999999997,0.80616259520668487,0.59169406798583235,0.20170713173683796,1,ok
CP-010-FIG10-001,a_over_A5=0.5,0.5,exact,eq6,1,0.5,73,1.46,0.72999999999999998,0.80616259520668487,0.59169406798583235,0.19799230872236454,1,ok
CP-010-FIG10-001,a_over_A5=0.5,0.5,exact,eq6,1,0.5,74,1.48,0.73999999999999999,0.80616259520668487,0.59169406798583235,0.19434590128601179,1,ok
CP-010-FIG10-001,a_over_A5=0.5,0.5,exact,eq6,1,0.5,75,1.5,0.75,0.80616259520668487,0.59169406798583235,0.19076664942392207,1,ok
CP-010-FIG10-001,a_over_A5=0.5,0.5,exact,eq6,1,0.5,76,1.52,0.76000000000000001,0.80616259520668487,0.59169406798583235,0.18725331633762074,1,ok
CP-010-FIG10-001,a_over_A5=0.5,0.5,exact,eq6,1,0.5,77,1.54,0.77000000000000002,0.80616259520668487,0.59169406798583235,0.18380468800664518,1,ok
CP-010-FIG10-001,a_over_A5=0.5,0.5,exact,eq6,1,0.5,78,1.5600000000000001,0.78000000000000003,0.80616259520668487,0.59169406798583235,0.180419572769044,1,ok
CP-010-FIG10-001,a_over_A5=0.5,0.5,exact,eq6,1,0.5,79,1.5800000000000001,0.79000000000000004,0.80616259520668487,0.59169406798583235,0.17709680090960206,1,ok
CP-010-FIG10-001,a_over_A5=0.5,0.5,exact,eq6,1,0.5,80,1.6000000000000001,0.80000000000000004,0.80616259520668487,0.59169406798583235,0.17383522425564943,1,ok
CP-010-FIG10-001,a_over_A5=0.5,0.5,exact,eq6,1,0.5,81,1.6200000000000001,0.81000000000000005,0.80616259520668487,0.59169406798583235,0.17063371578031419,1,ok
CP-010-FIG10-001,a_over_A5=0.5,0.5,exact,eq6,1,0.5,82,1.6400000000000001,0.82000000000000006,0.80616259520668487,0.59169406798583235,0.1674911692130821,1,ok
CP-010-FIG10-001,a_over_A5=0.5,0.5,exact,eq6,1,0.5,83,1.6600000000000001,0.83000000000000007,0.80616259520668487,0.59169406798583235,0.16440649865752832,1,ok
CP-010-FIG10-001,a_over_A5=0.5,0.5,exact,eq6,1,0.5,84,1.6799999999999999,0.83999999999999997,0.80616259520668487,0.59169406798583235,0.16137863821608994,1,ok
CP-010-FIG10-001,a_over_A5=0.5,0.5,exact,eq6,1,0.5,85,1.7,0.84999999999999998,0.80616259520668487,0.59169406798583235,0.15840654162174805,1,ok
CP-010-FIG10-001,a_over_A5=0.5,0.5,exact,eq6,1,0.5,86,1.72,0.85999999999999999,0.80616259520668487,0.59169406798583235,0.15548918187649444,1,ok
CP-010-FIG10-001,a_over_A5=0.5,0.5,exact,eq6,1,0.5,87,1.74,0.87,0.80616259520668487,0.59169406798583235,0.15262555089645527,1,ok
CP-010-FIG10-001,a_over_A5=0.5,0.5,exact,eq6,1,0.5,88,1.76,0.88,0.80616259520668487,0.59169406798583235,0.14981465916355136,1,ok
CP-010-FIG10-001,a_over_A5=0.5,0.5,exact,eq6,1,0.5,89,1.78,0.89000000000000001,0.80616259520668487,0.59169406798583235,0.14705553538357335,1,ok
CP-010-FIG10-001,a_over_A5=0.5,0.5,exact,eq6,1,0.5,90,1.8,0.90000000000000002,0.80616259520668487,0.59169406798583235,0.14434722615055456,1,ok
CP-010-FIG10-001,a_over_A5=0.5,0.5,exact,eq6,1,0.5,91,1.8200000000000001,0.91000000000000003,0.80616259520668487,0.59169406798583235,0.14168879561732442,1,ok
CP-010-FIG10-001,a_over_A5=0.5,0.5,exact,eq6,1,0.5,92,1.8400000000000001,0.92000000000000004,0.80616259520668487,0.59169406798583235,0.13907932517212979,1,ok
CP-010-FIG10-001,a_over_A5=0.5,0.5,exact,eq6,1,0.5,93,1.8600000000000001,0.93000000000000005,0.80616259520668487,0.59169406798583235,0.13651791312121164,1,ok
CP-010-FIG10-001,a_over_A5=0.5,0.5,exact,eq6,1,0.5,94,1.8800000000000001,0.94000000000000006,0.80616259520668487,0.59169406798583235,0.13400367437722802,1,ok
CP-010-FIG10-001,a_over_A5=0.5,0.5,exact,eq6,1,0.5,95,1.9000000000000001,0.95000000000000007,0.80616259520668487,0.59169406798583235,0.13153574015341488,1,ok
CP-010-FIG10-001,a_over_A5=0.5,0.5,exact,eq6,1,0.5,96,1.9199999999999999,0.95999999999999996,0.80616259520668487,0.59169406798583235,0.12911325766337972,1,ok
CP-010-FIG10-001,a_over_A5=0.5,0.5,exact,eq6,1,0.5,97,1.9399999999999999,0.96999999999999997,0.80616259520668487,0.59169406798583235,0.12673538982642424,1,ok
CP-010-FIG10-001,a_over_A5=0.5,0.5,exact,eq6,1,0.5,98,1.96,0.97999999999999998,0.80616259520668487,0.59169406798583235,0.1244013149782939,1,ok
CP-010-FIG10-001,a_over_A5=0.5,0.5,exact,eq6,1,0.5,99,1.98,0.98999999999999999,0.80616259520668487,0.59169406798583235,0.12211022658725446,1,ok
CP-010-FIG10-001,a_over_A5=0.5,0.5,exact,eq6,1,0.5,100,2,1,0.80616259520668487,0.59169406798583235,0.11986133297539783,1,ok
CP-010-FIG10-001,a_over_A5=0.5,0.5,exact,eq6,1,0.5,101,2.02,1.01,0.80616259520668487,0.59169406798583235,0.11765385704508022,1,ok
CP-010-FIG10-001,a_over_A5=0.5,0.5,exact,eq6,1,0.5,102,2.04,1.02,0.80616259520668487,0.59169406798583235,0.11548703601039878,1,ok
CP-010-FIG10-001,a_over_A5=0.5,0.5,exact,eq6,1,0.5,103,2.0600000000000001,1.03,0.80616259520668487,0.59169406798583235,0.1133601211336136,1,ok
CP-010-FIG10-001,a_over_A5=0.5,0.5,exact,eq6,1,0.5,104,2.0800000000000001,1.04,0.80616259520668487,0.59169406798583235,0.11127237746642356,1,ok
CP-010-FIG10-001,a_over_A5=0.5,0.5,exact,eq6,1,0.5,105,2.1000000000000001,1.05,0.80616259520668487,0.59169406798583235,0.1092230835960078,1,ok
CP-010-FIG10-001,a_over_A5=0.5,0.5,exact,eq6,1,0.5,106,2.1200000000000001,1.0600000000000001,0.80616259520668487,0.59169406798583235,0.1072115313957436,1,ok
CP-010-FIG10-001,a_over_A5=0.5,0.5,exact,eq6,1,0.5,107,2.1400000000000001,1.0700000000000001,0.80616259520668487,0.59169406798583235,0.10523702578051597,1,ok
CP-010-FIG10-001,a_over_A5=0.5,0.5,exact,eq6,1,0.5,108,2.1600000000000001,1.0800000000000001,0.80616259520668487,0.59169406798583235,0.10329888446653283,1,ok
CP-010-FIG10-001,a_over_A5=0.5,0.5,exact,eq6,1,0.5,109,2.1800000000000002,1.0900000000000001,0.80616259520668487,0.59169406798583235,0.10139643773556468,1,ok
CP-010-FIG10-001,a_over_A5=0.5,0.5,exact,eq6,1,0.5,110,2.2000000000000002,1.1000000000000001,0.80616259520668487,0.59169406798583235,0.099529028203525258,1,ok
CP-010-FIG10-001,a_over_A5=0.5,0.5,exact,eq6,1,0.5,111,2.2200000000000002,1.1100000000000001,0.80616259520668487,0.59169406798583235,0.09769601059331498,1,ok
CP-010-FIG10-001,a_over_A5=0.5,0.5,exact,eq6,1,0.5,112,2.2400000000000002,1.1200000000000001,0.80616259520668487,0.59169406798583235,0.095896751511847345,1,ok
CP-010-FIG10-001,a_over_A5=0.5,0.5,exact,eq6,1,0.5,113,2.2600000000000002,1.1300000000000001,0.80616259520668487,0.59169406798583235,0.094130629231182372,1,ok
CP-010-FIG10-001,a_over_A5=0.5,0.5,exact,eq6,1,0.5,114,2.2800000000000002,1.1400000000000001,0.80616259520668487,0.59169406798583235,0.092397033473690368,1,ok
CP-010-FIG10-001,a_over_A5=0.5,0.5,exact,eq6,1,0.5,115,2.3000000000000003,1.1500000000000001,0.80616259520668487,0.59169406798583235,0.090695365201172579,1,ok
CP-010-FIG10-001,a_over_A5=0.5,0.5,exact,eq6,1,0.5,116,2.3199999999999998,1.1599999999999999,0.80616259520668487,0.59169406798583235,0.089025036407865688,1,ok
CP-010-FIG10-001,a_over_A5=0.5,0.5,exact,eq6,1,0.5,117,2.3399999999999999,1.1699999999999999,0.80616259520668487,0.59169406798583235,0.087385469917258179,1,ok
CP-010-FIG10-001,a_over_A5=0.5,0.5,exact,eq6,1,0.5,118,2.3599999999999999,1.1799999999999999,0.80616259520668487,0.59169406798583235,0.085776099182649071,1,ok
CP-010-FIG10-001,a_over_A5=0.5,0.5,exact,eq6,1,0.5,119,2.3799999999999999,1.1899999999999999,0.80616259520668487,0.59169406798583235,0.084196368091379648,1,ok
CP-010-FIG10-001,a_over_A5=0.5,0.5,exact,eq6,1,0.5,120,2.3999999999999999,1.2,0.80616259520668487,0.59169406798583235,0.082645730772670428,1,ok
CP-010-FIG10-001,a_over_A5=0.5,0.5,exact,eq6,1,0.5,121,2.4199999999999999,1.21,0.80616259520668487,0.59169406798583235,0.081123651408997535,1,ok
CP-010-FIG10-001,a_over_A5=0.5,0.5,exact,eq6,1,0.5,122,2.4399999999999999,1.22,0.80616259520668487,0.59169406798583235,0.079629604050942562,1,ok
CP-010-FIG10-001,a_over_A5=0.5,0.5,exact,eq6,1,0.5,123,2.46,1.23,0.80616259520668487,0.59169406798583235,0.078163072435452688,1,ok
CP-010-FIG10-001,a_over_A5=0.5,0.5,exact,eq6,1,0.5,124,2.48,1.24,0.80616259520668487,0.59169406798583235,0.076723549807447611,1,ok
CP-010-FIG10-001,a_over_A5=0.5,0.5,exact,eq6,1,0.5,125,2.5,1.25,0.80616259520668487,0.59169406798583235,0.075310538744712094,1,ok
CP-010-FIG10-001,a_over_A5=0.5,0.5,exact,eq6,1,0.5,126,2.52,1.26,0.80616259520668487,0.59169406798583235,0.073923550986013248,1,ok
CP-010-FIG10-001,a_over_A5=0.5,0.5,exact,eq6,1,0.5,127,2.54,1.27,0.80616259520668487,0.59169406798583235,0.072562107262383643,1,ok
CP-010-FIG10-001,a_over_A5=0.5,0.5,exact,eq6,1,0.5,128,2.5600000000000001,1.28,0.80616259520668487,0.59169406798583235,0.071225737131511535,1,ok
CP-010-FIG10-001,a_over_A5=0.5,0.5,exact,eq6,1,0.5,129,2.5800000000000001,1.29,0.80616259520668487,0.59169406798583235,0.069913978815180994,1,ok
CP-010-FIG10-001,a_over_A5=0.5,0.5,exact,eq6,1,0.5,130,2.6000000000000001,1.3,0.80616259520668487,0.59169406798583235,0.068626379039706073,1,ok
CP-010-FIG10-001,a_over_A5=0.5,0.5,exact,eq6,1,0.5,131,2.6200000000000001,1.3100000000000001,0.80616259520668487,0.59169406798583235,0.067362492879303557,1,ok
CP-010-FIG10-001,a_over_A5=0.5,0.5,exact,eq6,1,0.5,132,2.6400000000000001,1.3200000000000001,0.80616259520668487,0.59169406798583235,0.066121883602350315,1,ok
CP-010-FIG10-001,a_over_A5=0.5,0.5,exact,eq6,1,0.5,133,2.6600000000000001,1.3300000000000001,0.80616259520668487,0.59169406798583235,0.06490412252047241,1,ok
CP-010-FIG10-001,a_over_A5=0.5,0.5,exact,eq6,1,0.5,134,2.6800000000000002,1.3400000000000001,0.80616259520668487,0.59169406798583235,0.063708788840412839,1,ok
CP-010-FIG10-001,a_over_A5=0.5,0.5,exact,eq6,1,0.5,135,2.7000000000000002,1.3500000000000001,0.80616259520668487,0.59169406798583235,0.062535469518628164,1,ok
CP-010-FIG10-001,a_over_A5=0.5,0.5,exact,eq6,1,0.5,136,2.7200000000000002,1.3600000000000001,0.80616259520668487,0.59169406798583235,0.061383759118562628,1,ok
CP-010-FIG10-001,a_over_A5=0.5,0.5,exact,eq6,1,0.5,137,2.7400000000000002,1.3700000000000001,0.80616259520668487,0.59169406798583235,0.060253259670550854,1,ok
CP-010-FIG10-001,a_over_A5=0.5,0.5,exact,eq6,1,0.5,138,2.7600000000000002,1.3800000000000001,0.80616259520668487,0.59169406798583235,0.059143580534300827,1,ok
CP-010-FIG10-001,a_over_A5=0.5,0.5,exact,eq6,1,0.5,139,2.7800000000000002,1.3900000000000001,0.80616259520668487,0.59169406798583235,0.058054338263909371,1,ok
CP-010-FIG10-001,a_over_A5=0.5,0.5,exact,eq6,1,0.5,140,2.8000000000000003,1.4000000000000001,0.80616259520668487,0.59169406798583235,0.05698515647536375,1,ok
CP-010-FIG10-001,a_over_A5=0.5,0.5,exact,eq6,1,0.5,141,2.8199999999999998,1.4099999999999999,0.80616259520668487,0.59169406798583235,0.055935665716483514,1,ok
CP-010-FIG10-001,a_over_A5=0.5,0.5,exact,eq6,1,0.5,142,2.8399999999999999,1.4199999999999999,0.80616259520668487,0.59169406798583235,0.05490550333925738,1,ok
CP-010-FIG10-001,a_over_A5=0.5,0.5,exact,eq6,1,0.5,143,2.8599999999999999,1.4299999999999999,0.80616259520668487,0.59169406798583235,0.05389431337453153,1,ok
CP-010-FIG10-001,a_over_A5=0.5,0.5,exact,eq6,1,0.5,144,2.8799999999999999,1.4399999999999999,0.80616259520668487,0.59169406798583235,0.05290174640900569,1,ok
CP-010-FIG10-001,a_over_A5=0.5,0.5,exact,eq6,1,0.5,145,2.8999999999999999,1.45,0.80616259520668487,0.59169406798583235,0.051927459464494424,1,ok
CP-010-FIG10-001,a_over_A5=0.5,0.5,exact,eq6,1,0.5,146,2.9199999999999999,1.46,0.80616259520668487,0.59169406798583235,0.050971115879412297,1,ok
CP-010-FIG10-001,a_over_A5=0.5,0.5,exact,eq6,1,0.5,147,2.9399999999999999,1.47,0.80616259520668487,0.59169406798583235,0.050032385192441499,1,ok
CP-010-FIG10-001,a_over_A5=0.5,0.5,exact,eq6,1,0.5,148,2.96,1.48,0.80616259520668487,0.59169406798583235,0.049110943028342027,1,ok
CP-010-FIG10-001,a_over_A5=0.5,0.5,exact,eq6,1,0.5,149,2.98,1.49,0.80616259520668487,0.59169406798583235,0.048206470985865113,1,ok
CP-010-FIG10-001,a_over_A5=0.5,0.5,exact,eq6,1,0.5,150,3,1.5,0.80616259520668487,0.59169406798583235,0.047318656527730457,1,ok
CP-010-FIG10-001,a_over_A5=0.75,0.75,exact,eq6,1,0.75,0,0,0,0.68860075994697145,0.72514067145654804,0.68768136422164494,1,ok
CP-010-FIG10-001,a_over_A5=0.75,0.75,exact,eq6,1,0.75,1,0.02,0.014999999999999999,0.68860075994697145,0.72514067145654804,0.66457925964678433,1,ok
CP-010-FIG10-001,a_over_A5=0.75,0.75,exact,eq6,1,0.75,2,0.040000000000000001,0.029999999999999999,0.68860075994697145,0.72514067145654804,0.64225325176954451,1,ok
CP-010-FIG10-001,a_over_A5=0.75,0.75,exact,eq6,1,0.75,3,0.059999999999999998,0.044999999999999998,0.68860075994697145,0.72514067145654804,0.6206772682430487,1,ok
CP-010-FIG10-001,a_over_A5=0.75,0.75,exact,eq6,1,0.75,4,0.080000000000000002,0.059999999999999998,0.68860075994697145,0.72514067145654804,0.59982611260002894,1,ok
CP-010-FIG10-001,a_over_A5=0.75,0.75,exact,eq6,1,0.75,5,0.10000000000000001,0.075000000000000011,0.68860075994697145,0.72514067145654804,0.57967543482835127,1,ok
CP-010-FIG10-001,a_over_A5=0.75,0.75,exact,eq6,1,0.75,6,0.12,0.089999999999999997,0.68860075994697145,0.72514067145654804,0.5602017029350348,1,ok
CP-010-FIG10-001,a_over_A5=0.75,0.75,exact,eq6,1,0.75,7,0.14000000000000001,0.10500000000000001,0.68860075994697145,0.72514067145654804,0.54138217546555267,1,ok
CP-010-FIG10-001,a_over_A5=0.75,0.75,exact,eq6,1,0.75,8,0.16,0.12,0.68860075994697145,0.72514067145654804,0.52319487494632611,1,ok
CP-010-FIG10-001,a_over_A5=0.75,0.75,exact,eq6,1,0.75,9,0.17999999999999999,0.13500000000000001,0.68860075994697145,0.72514067145654804,0.50561856221939649,1,ok
CP-010-FIG10-001,a_over_A5=0.75,0.75,exact,eq6,1,0.75,10,0.20000000000000001,0.15000000000000002,0.68860075994697145,0.72514067145654804,0.48863271163930383,1,ok
CP-010-FIG10-001,a_over_A5=0.75,0.75,exact,eq6,1,0.75,11,0.22,0.16500000000000001,0.68860075994697145,0.72514067145654804,0.47221748710320521,1,ok
CP-010-FIG10-001,a_over_A5=0.75,0.75,exact,eq6,1,0.75,12,0.23999999999999999,0.17999999999999999,0.68860075994697145,0.72514067145654804,0.4563537188862436,1,ok
CP-010-FIG10-001,a_over_A5=0.75,0.75,exact,eq6,1,0.75,13,0.26000000000000001,0.19500000000000001,0.68860075994697145,0.72514067145654804,0.4410228812551128,1,ok
CP-010-FIG10-001,a_over_A5=0.75,0.75,exact,eq6,1,0.75,14,0.28000000000000003,0.21000000000000002,0.68860075994697145,0.72514067145654804,0.42620707083367737,1,ok
CP-010-FIG10-001,a_over_A5=0.75,0.75,exact,eq6,1,0.75,15,0.29999999999999999,0.22499999999999998,0.68860075994697145,0.72514067145654804,0.41188898569538196,1,ok
CP-010-FIG10-001,a_over_A5=0.75,0.75,exact,eq6,1,0.75,16,0.32000000000000001,0.23999999999999999,0.68860075994697145,0.72514067145654804,0.39805190515803429,1,ok
CP-010-FIG10-001,a_over_A5=0.75,0.75,exact,eq6,1,0.75,17,0.34000000000000002,0.255,0.68860075994697145,0.72514067145654804,0.38467967025736666,1,ok
CP-010-FIG10-001,a_over_A5=0.75,0.75,exact,eq6,1,0.75,18,0.35999999999999999,0.27000000000000002,0.68860075994697145,0.72514067145654804,0.37175666487657183,1,ok
CP-010-FIG10-001,a_over_A5=0.75,0.75,exact,eq6,1,0.75,19,0.38,0.28500000000000003,0.68860075994697145,0.72514067145654804,0.35926779750977805,1,ok
CP-010-FIG10-001,a_over_A5=0.75,0.75,exact,eq6,1,0.75,20,0.40000000000000002,0.30000000000000004,0.68860075994697145,0.72514067145654804,0.34719848363816397,1,ok
CP-010-FIG10-001,a_over_A5=0.75,0.75,exact,eq6,1,0.75,21,0.41999999999999998,0.315,0.68860075994697145,0.72514067145654804,0.33553462869813588,1,ok
CP-010-FIG10-001,a_over_A5=0.75,0.75,exact,eq6,1,0.75,22,0.44,0.33000000000000002,0.68860075994697145,0.72514067145654804,0.32426261162167341,1,ok
CP-010-FIG10-001,a_over_A5=0.75,0.75,exact,eq6,1,0.75,23,0.46000000000000002,0.34500000000000003,0.68860075994697145,0.72514067145654804,0.31336926892962558,1,ok
CP-010-FIG10-001,a_over_A5=0.75,0.75,exact,eq6,1,0.75,24,0.47999999999999998,0.35999999999999999,0.68860075994697145,0.72514067145654804,0.30284187935937906,1,ok
CP-010-FIG10-001,a_over_A5=0.75,0.75,exact,eq6,1,0.75,25,0.5,0.375,0.68860075994697145,0.72514067145654804,0.29266814900894783,1,ok
CP-010-FIG10-001,a_over_A5=0.75,0.75,exact,eq6,1,0.75,26,0.52000000000000002,0.39000000000000001,0.68860075994697145,0.72514067145654804,0.28283619698013523,1,ok
CP-010-FIG10-001,a_over_A5=0.75,0.75,exact,eq6,1,0.75,27,0.54000000000000004,0.40500000000000003,0.68860075994697145,0.72514067145654804,0.27333454150400255,1,ok
CP-010-FIG10-001,a_over_A5=0.75,0.75,exact,eq6,1,0.75,28,0.56000000000000005,0.42000000000000004,0.68860075994697145,0.72514067145654804,0.26415208653244132,1,ok
CP-010-FIG10-001,a_over_A5=0.75,0.75,exact,eq6,1,0.75,29,0.57999999999999996,0.43499999999999994,0.68860075994697145,0.72514067145654804,0.25527810878019097,1,ok
CP-010-FIG10-001,a_over_A5=0.75,0.75,exact,eq6,1,0.75,30,0.59999999999999998,0.44999999999999996,0.68860075994697145,0.72514067145654804,0.24670224520216932,1,ok
CP-010-FIG10-001,a_over_A5=0.75,0.75,exact,eq6,1,0.75,31,0.62,0.46499999999999997,0.68860075994697145,0.72514067145654804,0.23841448089149286,1,ok
CP-010-FIG10-001,a_over_A5=0.75,0.75,exact,eq6,1,0.75,32,0.64000000000000001,0.47999999999999998,0.68860075994697145,0.72514067145654804,0.23040513738405247,1,ok
CP-010-FIG10-001,a_over_A5=0.75,0.75,exact,eq6,1,0.75,33,0.66000000000000003,0.495,0.68860075994697145,0.72514067145654804,0.2226648613559879,1,ok
CP-010-FIG10-001,a_over_A5=0.75,0.75,exact,eq6,1,0.75,34,0.68000000000000005,0.51000000000000001,0.68860075994697145,0.72514067145654804,0.21518461370086184,1,ok
CP-010-FIG10-001,a_over_A5=0.75,0.75,exact,eq6,1,0.75,35,0.70000000000000007,0.52500000000000002,0.68860075994697145,0.72514067145654804,0.20795565897377685,1,ok
CP-010-FIG10-001,a_over_A5=0.75,0.75,exact,eq6,1,0.75,36,0.71999999999999997,0.54000000000000004,0.68860075994697145,0.72514067145654804,0.20096955519010962,1,ok
CP-010-FIG10-001,a_over_A5=0.75,0.75,exact,eq6,1,0.75,37,0.73999999999999999,0.55499999999999994,0.68860075994697145,0.72514067145654804,0.19421814396694798,1,ok
CP-010-FIG10-001,a_over_A5=0.75,0.75,exact,eq6,1,0.75,38,0.76000000000000001,0.57000000000000006,0.68860075994697145,0.72514067145654804,0.18769354099571836,1,ok
CP-010-FIG10-001,a_over_A5=0.75,0.75,exact,eq6,1,0.75,39,0.78000000000000003,0.58499999999999996,0.68860075994697145,0.72514067145654804,0.18138812683487832,1,ok
CP-010-FIG10-001,a_over_A5=0.75,0.75,exact,eq6,1,0.75,40,0.80000000000000004,0.60000000000000009,0.68860075994697145,0.72514067145654804,0.17529453801192038,1,ok
CP-010-FIG10-001,a_over_A5=0.75,0.75,exact,eq6,1,0.75,41,0.82000000000000006,0.61499999999999999,0.68860075994697145,0.72514067145654804,0.16940565842429783,1,ok
CP-010-FIG10-001,a_over_A5=0.75,0.75,exact,eq6,1,0.75,42,0.83999999999999997,0.63,0.68860075994697145,0.72514067145654804,0.16371461102922863,1,ok
CP-010-FIG10-001,a_over_A5=0.75,0.75,exact,eq6,1,0.75,43,0.85999999999999999,0.64500000000000002,0.68860075994697145,0.72514067145654804,0.15821474981267417,1,ok
CP-010-FIG10-001,a_over_A5=0.75,0.75,exact,eq6,1,0.75,44,0.88,0.66000000000000003,0.68860075994697145,0.72514067145654804,0.15289965202811392,1,ok
CP-010-FIG10-001,a_over_A5=0.75,0.75,exact,eq6,1,0.75,45,0.90000000000000002,0.67500000000000004,0.68860075994697145,0.72514067145654804,0.14776311069605191,1,ok
CP-010-FIG10-001,a_over_A5=0.75,0.75,exact,eq6,1,0.75,46,0.92000000000000004,0.69000000000000006,0.68860075994697145,0.72514067145654804,0.1427991273554961,1,ok
CP-010-FIG10-001,a_over_A5=0.75,0.75,exact,eq6,1,0.75,47,0.94000000000000006,0.70500000000000007,0.68860075994697145,0.72514067145654804,0.13800190505894683,1,ok
CP-010-FIG10-001,a_over_A5=0.75,0.75,exact,eq6,1,0.75,48,0.95999999999999996,0.71999999999999997,0.68860075994697145,0.72514067145654804,0.13336584160271187,1,ok
CP-010-FIG10-001,a_over_A5=0.75,0.75,exact,eq6,1,0.75,49,0.97999999999999998,0.73499999999999999,0.68860075994697145,0.72514067145654804,0.12888552298464459,1,ok
CP-010-FIG10-001,a_over_A5=0.75,0.75,exact,eq6,1,0.75,50,1,0.75,0.68860075994697145,0.72514067145654804,0.12455571708166363,1,ok
CP-010-FIG10-001,a_over_A5=0.75,0.75,exact,eq6,1,0.75,51,1.02,0.76500000000000001,0.68860075994697145,0.72514067145654804,0.12037136753967152,1,ok
CP-010-FIG10-001,a_over_A5=0.75,0.75,exact,eq6,1,0.75,52,1.04,0.78000000000000003,0.68860075994697145,0.72514067145654804,0.11632758786873633,1,ok
CP-010-FIG10-001,a_over_A5=0.75,0.75,exact,eq6,1,0.75,53,1.0600000000000001,0.79500000000000004,0.68860075994697145,0.72514067145654804,0.11241965573664109,1,ok
CP-010-FIG10-001,a_over_A5=0.75,0.75,exact,eq6,1,0.75,54,1.0800000000000001,0.81000000000000005,0.68860075994697145,0.72514067145654804,0.10864300745413705,1,ok
CP-010-FIG10-001,a_over_A5=0.75,0.75,exact,eq6,1,0.75,55,1.1000000000000001,0.82500000000000007,0.68860075994697145,0.72514067145654804,0.10499323264545997,1,ok
CP-010-FIG10-001,a_over_A5=0.75,0.75,exact,eq6,1,0.75,56,1.1200000000000001,0.84000000000000008,0.68860075994697145,0.72514067145654804,0.10146606909788662,1,ok
CP-010-FIG10-001,a_over_A5=0.75,0.75,exact,eq6,1,0.75,57,1.1400000000000001,0.85500000000000009,0.68860075994697145,0.72514067145654804,0.098057397784316006,1,ok
CP-010-FIG10-001,a_over_A5=0.75,0.75,exact,eq6,1,0.75,58,1.1599999999999999,0.86999999999999988,0.68860075994697145,0.72514067145654804,0.094763238053063192,1,ok
CP-010-FIG10-001,a_over_A5=0.75,0.75,exact,eq6,1,0.75,59,1.1799999999999999,0.88500000000000001,0.68860075994697145,0.72514067145654804,0.091579742979247758,1,ok
CP-010-FIG10-001,a_over_A5=0.75,0.75,exact,eq6,1,0.75,60,1.2,0.89999999999999991,0.68860075994697145,0.72514067145654804,0.088503194872349325,1,ok
CP-010-FIG10-001,a_over_A5=0.75,0.75,exact,eq6,1,0.75,61,1.22,0.91500000000000004,0.68860075994697145,0.72514067145654804,0.085530000934682424,1,ok
CP-010-FIG10-001,a_over_A5=0.75,0.75,exact,eq6,1,0.75,62,1.24,0.92999999999999994,0.68860075994697145,0.72514067145654804,0.082656689065722003,1,ok
CP-010-FIG10-001,a_over_A5=0.75,0.75,exact,eq6,1,0.75,63,1.26,0.94500000000000006,0.68860075994697145,0.72514067145654804,0.079879903807378708,1,ok
CP-010-FIG10-001,a_over_A5=0.75,0.75,exact,eq6,1,0.75,64,1.28,0.95999999999999996,0.68860075994697145,0.72514067145654804,0.077196402425490043,1,ok
CP-010-FIG10-001,a_over_A5=0.75,0.75,exact,eq6,1,0.75,65,1.3,0.97500000000000009,0.68860075994697145,0.72514067145654804,0.074603051122949987,1,ok
CP-010-FIG10-001,a_over_A5=0.75,0.75,exact,eq6,1,0.75,66,1.3200000000000001,0.98999999999999999,0.68860075994697145,0.72514067145654804,0.0720968213800562,1,ok
CP-010-FIG10-001,a_over_A5=0.75,0.75,exact,eq6,1,0.75,67,1.3400000000000001,1.0050000000000001,0.68860075994697145,0.72514067145654804,0.069674786417799658,1,ok
CP-010-FIG10-001,a_over_A5=0.75,0.75,exact,eq6,1,0.75,68,1.3600000000000001,1.02,0.68860075994697145,0.72514067145654804,0.067334117779967728,1,ok
CP-010-FIG10-001,a_over_A5=0.75,0.75,exact,eq6,1,0.75,69,1.3800000000000001,1.0350000000000001,0.68860075994697145,0.72514067145654804,0.065072082030068534,1,ok
CP-010-FIG10-001,a_over_A5=0.75,0.75,exact,eq6,1,0.75,70,1.4000000000000001,1.05,0.68860075994697145,0.72514067145654804,0.062886037559219649,1,ok
CP-010-FIG10-001,a_over_A5=0.75,0.75,exact,eq6,1,0.75,71,1.4199999999999999,1.0649999999999999,0.68860075994697145,0.72514067145654804,0.06077343150127295,1,ok
CP-010-FIG10-001,a_over_A5=0.75,0.75,exact,eq6,1,0.75,72,1.4399999999999999,1.0800000000000001,0.68860075994697145,0.72514067145654804,0.058731796751573605,1,ok
CP-010-FIG10-001,a_over_A5=0.75,0.75,exact,eq6,1,0.75,73,1.46,1.095,0.68860075994697145,0.72514067145654804,0.056758749085871571,1,ok
CP-010-FIG10-001,a_over_A5=0.75,0.75,exact,eq6,1,0.75,74,1.48,1.1099999999999999,0.68860075994697145,0.72514067145654804,0.054851984376020492,1,ok
CP-010-FIG10-001,a_over_A5=0.75,0.75,exact,eq6,1,0.75,75,1.5,1.125,0.68860075994697145,0.72514067145654804,0.053009275899213476,1,ok
CP-010-FIG10-001,a_over_A5=0.75,0.75,exact,eq6,1,0.75,76,1.52,1.1400000000000001,0.68860075994697145,0.72514067145654804,0.051228471737612594,1,ok
CP-010-FIG10-001,a_over_A5=0.75,0.75,exact,eq6,1,0.75,77,1.54,1.155,0.68860075994697145,0.72514067145654804,0.049507492265335996,1,ok
CP-010-FIG10-001,a_over_A5=0.75,0.75,exact,eq6,1,0.75,78,1.5600000000000001,1.1699999999999999,0.68860075994697145,0.72514067145654804,0.047844327719867442,1,ok
CP-010-FIG10-001,a_over_A5=0.75,0.75,exact,eq6,1,0.75,79,1.5800000000000001,1.1850000000000001,0.68860075994697145,0.72514067145654804,0.046237035855052483,1,ok
CP-010-FIG10-001,a_over_A5=0.75,0.75,exact,eq6,1,0.75,80,1.6000000000000001,1.2000000000000002,0.68860075994697145,0.72514067145654804,0.044683739672940564,1,ok
CP-010-FIG10-001,a_over_A5=0.75,0.75,exact,eq6,1,0.75,81,1.6200000000000001,1.2150000000000001,0.68860075994697145,0.72514067145654804,0.043182625231823604,1,ok
CP-010-FIG10-001,a_over_A5=0.75,0.75,exact,eq6,1,0.75,82,1.6400000000000001,1.23,0.68860075994697145,0.72514067145654804,0.04173193952791223,1,ok
CP-010-FIG10-001,a_over_A5=0.75,0.75,exact,eq6,1,0.75,83,1.6600000000000001,1.2450000000000001,0.68860075994697145,0.72514067145654804,0.040329988448175168,1,ok
CP-010-FIG10-001,a_over_A5=0.75,0.75,exact,eq6,1,0.75,84,1.6799999999999999,1.26,0.68860075994697145,0.72514067145654804,0.038975134791951388,1,ok
CP-010-FIG10-001,a_over_A5=0.75,0.75,exact,eq6,1,0.75,85,1.7,1.2749999999999999,0.68860075994697145,0.72514067145654804,0.037665796359024575,1,ok
CP-010-FIG10-001,a_over_A5=0.75,0.75,exact,eq6,1,0.75,86,1.72,1.29,0.68860075994697145,0.72514067145654804,0.036400444101927276,1,ok
CP-010-FIG10-001,a_over_A5=0.75,0.75,exact,eq6,1,0.75,87,1.74,1.3049999999999999,0.68860075994697145,0.72514067145654804,0.035177600340316986,1,ok
CP-010-FIG10-001,a_over_A5=0.75,0.75,exact,eq6,1,0.75,88,1.76,1.3200000000000001,0.68860075994697145,0.72514067145654804,0.033995837035338532,1,ok
CP-010-FIG10-001,a_over_A5=0.75,0.75,exact,eq6,1,0.75,89,1.78,1.335,0.68860075994697145,0.72514067145654804,0.032853774121958237,1,ok
CP-010-FIG10-001,a_over_A5=0.75,0.75,exact,eq6,1,0.75,90,1.8,1.3500000000000001,0.68860075994697145,0.72514067145654804,0.031750077897321712,1,ok
CP-010-FIG10-001,a_over_A5=0.75,0.75,exact,eq6,1,0.75,91,1.8200000000000001,1.365,0.68860075994697145,0.72514067145654804,0.030683459463253633,1,ok
CP-010-FIG10-001,a_over_A5=0.75,0.75,exact,eq6,1,0.75,92,1.8400000000000001,1.3800000000000001,0.68860075994697145,0.72514067145654804,0.029652673221080391,1,ok
CP-010-FIG10-001,a_over_A5=0.75,0.75,exact,eq6,1,0.75,93,1.8600000000000001,1.395,0.68860075994697145,0.72514067145654804,0.028656515417018139,1,ok
CP-010-FIG10-001,a_over_A5=0.75,0.75,exact,eq6,1,0.75,94,1.8800000000000001,1.4100000000000001,0.68860075994697145,0.72514067145654804,0.027693822736427062,1,ok
CP-010-FIG10-001,a_over_A5=0.75,0.75,exact,eq6,1,0.75,95,1.9000000000000001,1.425,0.68860075994697145,0.72514067145654804,0.026763470945290871,1,ok
CP-010-FIG10-001,a_over_A5=0.75,0.75,exact,eq6,1,0.75,96,1.9199999999999999,1.4399999999999999,0.68860075994697145,0.72514067145654804,0.025864373577334464,1,ok
CP-010-FIG10-001,a_over_A5=0.75,0.75,exact,eq6,1,0.75,97,1.9399999999999999,1.4550000000000001,0.68860075994697145,0.72514067145654804,0.02499548066524698,1,ok
CP-010-FIG10-001,a_over_A5=0.75,0.75,exact,eq6,1,0.75,98,1.96,1.47,0.68860075994697145,0.72514067145654804,0.024155777514528291,1,ok
CP-010-FIG10-001,a_over_A5=0.75,0.75,exact,eq6,1,0.75,99,1.98,1.4849999999999999,0.68860075994697145,0.72514067145654804,0.023344283518527211,1,ok
CP-010-FIG10-001,a_over_A5=0.75,0.75,exact,eq6,1,0.75,100,2,1.5,0.68860075994697145,0.72514067145654804,0.022560051013287473,1,ok
CP-010-FIG10-001,a_over_A5=0.75,0.75,exact,eq6,1,0.75,101,2.02,1.5150000000000001,0.68860075994697145,0.72514067145654804,0.021802164170864356,1,ok
CP-010-FIG10-001,a_over_A5=0.75,0.75,exact,eq6,1,0.75,102,2.04,1.53,0.68860075994697145,0.72514067145654804,0.021069737929819317,1,ok
CP-010-FIG10-001,a_over_A5=0.75,0.75,exact,eq6,1,0.75,103,2.0600000000000001,1.5449999999999999,0.68860075994697145,0.72514067145654804,0.020361916961643849,1,ok
CP-010-FIG10-001,a_over_A5=0.75,0.75,exact,eq6,1,0.75,104,2.0800000000000001,1.5600000000000001,0.68860075994697145,0.72514067145654804,0.019677874671905564,1,ok
CP-010-FIG10-001,a_over_A5=0.75,0.75,exact,eq6,1,0.75,105,2.1000000000000001,1.5750000000000002,0.68860075994697145,0.72514067145654804,0.019016812234949873,1,ok
CP-010-FIG10-001,a_over_A5=0.75,0.75,exact,eq6,1,0.75,106,2.1200000000000001,1.5900000000000001,0.68860075994697145,0.72514067145654804,0.018377957661030227,1,ok
CP-010-FIG10-001,a_over_A5=0.75,0.75,exact,eq6,1,0.75,107,2.1400000000000001,1.605,0.68860075994697145,0.72514067145654804,0.017760564894777169,1,ok
CP-010-FIG10-001,a_over_A5=0.75,0.75,exact,eq6,1,0.75,108,2.1600000000000001,1.6200000000000001,0.68860075994697145,0.72514067145654804,0.017163912943953766,1,ok
CP-010-FIG10-001,a_over_A5=0.75,0.75,exact,eq6,1,0.75,109,2.1800000000000002,1.6350000000000002,0.68860075994697145,0.72514067145654804,0.016587305037479759,1,ok
CP-010-FIG10-001,a_over_A5=0.75,0.75,exact,eq6,1,0.75,110,2.2000000000000002,1.6500000000000001,0.68860075994697145,0.72514067145654804,0.016030067811741218,1,ok
CP-010-FIG10-001,a_over_A5=0.75,0.75,exact,eq6,1,0.75,111,2.2200000000000002,1.665,0.68860075994697145,0.72514067145654804,0.015491550524235388,1,ok
CP-010-FIG10-001,a_over_A5=0.75,0.75,exact,eq6,1,0.75,112,2.2400000000000002,1.6800000000000002,0.68860075994697145,0.72514067145654804,0.01497112429363264,1,ok
CP-010-FIG10-001,a_over_A5=0.75,0.75,exact,eq6,1,0.75,113,2.2600000000000002,1.6950000000000003,0.68860075994697145,0.72514067145654804,0.014468181365367877,1,ok
CP-010-FIG10-001,a_over_A5=0.75,0.75,exact,eq6,1,0.75,114,2.2800000000000002,1.7100000000000002,0.68860075994697145,0.72514067145654804,0.013982134401903774,1,ok
CP-010-FIG10-001,a_over_A5=0.75,0.75,exact,eq6,1,0.75,115,2.3000000000000003,1.7250000000000001,0.68860075994697145,0.72514067145654804,0.013512415796837103,1,ok
CP-010-FIG10-001,a_over_A5=0.75,0.75,exact,eq6,1,0.75,116,2.3199999999999998,1.7399999999999998,0.68860075994697145,0.72514067145654804,0.013058477012047081,1,ok
CP-010-FIG10-001,a_over_A5=0.75,0.75,exact,eq6,1,0.75,117,2.3399999999999999,1.7549999999999999,0.68860075994697145,0.72514067145654804,0.012619787937111644,1,ok
CP-010-FIG10-001,a_over_A5=0.75,0.75,exact,eq6,1,0.75,118,2.3599999999999999,1.77,0.68860075994697145,0.72514067145654804,0.012195836270243805,1,ok
CP-010-FIG10-001,a_over_A5=0.75,0.75,exact,eq6,1,0.75,119,2.3799999999999999,1.7849999999999999,0.68860075994697145,0.72514067145654804,0.011786126920024689,1,ok
CP-010-FIG10-001,a_over_A5=0.75,0.75,exact,eq6,1,0.75,120,2.3999999999999999,1.7999999999999998,0.68860075994697145,0.72514067145654804,0.011390181427235045,1,ok
CP-010-FIG10-001,a_over_A5=0.75,0.75,exact,eq6,1,0.75,121,2.4199999999999999,1.8149999999999999,0.68860075994697145,0.72514067145654804,0.011007537406109864,1,ok
CP-010-FIG10-001,a_over_A5=0.75,0.75,exact,eq6,1,0.75,122,2.4399999999999999,1.8300000000000001,0.68860075994697145,0.72514067145654804,0.010637748004363503,1,ok
CP-010-FIG10-001,a_over_A5=0.75,0.75,exact,eq6,1,0.75,123,2.46,1.845,0.68860075994697145,0.72514067145654804,0.010280381381354923,1,ok
CP-010-FIG10-001,a_over_A5=0.75,0.75,exact,eq6,1,0.75,124,2.48,1.8599999999999999,0.68860075994697145,0.72514067145654804,0.009935020203783505,1,ok
CP-010-FIG10-001,a_over_A5=0.75,0.75,exact,eq6,1,0.75,125,2.5,1.875,0.68860075994697145,0.72514067145654804,0.0096012611583265375,1,ok
CP-010-FIG10-001,a_over_A5=0.75,0.75,exact,eq6,1,0.75,126,2.52,1.8900000000000001,0.68860075994697145,0.72514067145654804,0.0092787144806493471,1,ok
CP-010-FIG10-001,a_over_A5=0.75,0.75,exact,eq6,1,0.75,127,2.54,1.905,0.68860075994697145,0.72514067145654804,0.0089670035002378627,1,ok
CP-010-FIG10-001,a_over_A5=0.75,0.75,exact,eq6,1,0.75,128,2.5600000000000001,1.9199999999999999,0.68860075994697145,0.72514067145654804,0.0086657642005222094,1,ok
CP-010-FIG10-001,a_over_A5=0.75,0.75,exact,eq6,1,0.75,129,2.5800000000000001,1.9350000000000001,0.68860075994697145,0.72514067145654804,0.0083746447937775702,1,ok
CP-010-FIG10-001,a_over_A5=0.75,0.75,exact,eq6,1,0.75,130,2.6000000000000001,1.9500000000000002,0.68860075994697145,0.72514067145654804,0.0080933053103059635,1,ok
CP-010-FIG10-001,a_over_A5=0.75,0.75,exact,eq6,1,0.75,131,2.6200000000000001,1.9650000000000001,0.68860075994697145,0.72514067145654804,0.0078214172014191008,1,ok
CP-010-FIG10-001,a_over_A5=0.75,0.75,exact,eq6,1,0.75,132,2.6400000000000001,1.98,0.68860075994697145,0.72514067145654804,0.0075586629557586639,1,ok
CP-010-FIG10-001,a_over_A5=0.75,0.75,exact,eq6,1,0.75,133,2.6600000000000001,1.9950000000000001,0.68860075994697145,0.72514067145654804,0.0073047357285061058,1,ok
CP-010-FIG10-001,a_over_A5=0.75,0.75,exact,eq6,1,0.75,134,2.6800000000000002,2.0100000000000002,0.68860075994697145,0.72514067145654804,0.007059338983048744,1,ok
CP-010-FIG10-001,a_over_A5=0.75,0.75,exact,eq6,1,0.75,135,2.7000000000000002,2.0250000000000004,0.68860075994697145,0.72514067145654804,0.006822186144683876,1,ok
CP-010-FIG10-001,a_over_A5=0.75,0.75,exact,eq6,1,0.75,136,2.7200000000000002,2.04,0.68860075994697145,0.72514067145654804,0.0065930002659564026,1,ok
CP-010-FIG10-001,a_over_A5=0.75,0.75,exact,eq6,1,0.75,137,2.7400000000000002,2.0550000000000002,0.68860075994697145,0.72514067145654804,0.006371513703239076,1,ok
CP-010-FIG10-001,a_over_A5=0.75,0.75,exact,eq6,1,0.75,138,2.7600000000000002,2.0700000000000003,0.68860075994697145,0.72514067145654804,0.0061574678041779784,1,ok
CP-010-FIG10-001,a_over_A5=0.75,0.75,exact,eq6,1,0.75,139,2.7800000000000002,2.085,0.68860075994697145,0.72514067145654804,0.0059506126056377874,1,ok
CP-010-FIG10-001,a_over_A5=0.75,0.75,exact,eq6,1,0.75,140,2.8000000000000003,2.1000000000000001,0.68860075994697145,0.72514067145654804,0.0057507065417945072,1,ok
CP-010-FIG10-001,a_over_A5=0.75,0.75,exact,eq6,1,0.75,141,2.8199999999999998,2.1149999999999998,0.68860075994697145,0.72514067145654804,0.0055575161620344858,1,ok
CP-010-FIG10-001,a_over_A5=0.75,0.75,exact,eq6,1,0.75,142,2.8399999999999999,2.1299999999999999,0.68860075994697145,0.72514067145654804,0.0053708158583304312,1,ok
CP-010-FIG10-001,a_over_A5=0.75,0.75,exact,eq6,1,0.75,143,2.8599999999999999,2.145,0.68860075994697145,0.72514067145654804,0.0051903876017760191,1,ok
CP-010-FIG10-001,a_over_A5=0.75,0.75,exact,eq6,1,0.75,144,2.8799999999999999,2.1600000000000001,0.68860075994697145,0.72514067145654804,0.0050160206879713782,1,ok
CP-010-FIG10-001,a_over_A5=0.75,0.75,exact,eq6,1,0.75,145,2.8999999999999999,2.1749999999999998,0.68860075994697145,0.72514067145654804,0.0048475114909621872,1,ok
CP-010-FIG10-001,a_over_A5=0.75,0.75,exact,eq6,1,0.75,146,2.9199999999999999,2.1899999999999999,0.68860075994697145,0.72514067145654804,0.0046846632254449088,1,ok
CP-010-FIG10-001,a_over_A5=0.75,0.75,exact,eq6,1,0.75,147,2.9399999999999999,2.2050000000000001,0.68860075994697145,0.72514067145654804,0.0045272857169606912,1,ok
CP-010-FIG10-001,a_over_A5=0.75,0.75,exact,eq6,1,0.75,148,2.96,2.2199999999999998,0.68860075994697145,0.72514067145654804,0.0043751951798092596,1,ok
CP-010-FIG10-001,a_over_A5=0.75,0.75,exact,eq6,1,0.75,149,2.98,2.2349999999999999,0.68860075994697145,0.72514067145654804,0.0042282140024237393,1,ok
CP-010-FIG10-001,a_over_A5=0.75,0.75,exact,eq6,1,0.75,150,3,2.25,0.68860075994697145,0.72514067145654804,0.0040861705399555595,1,ok
CP-010-FIG10-001,a_over_A5=1,1,exact,eq6,1,1,0,0,0,0.59461164405665112,0.80401305508819099,0.56853854724686914,1,ok
CP-010-FIG10-001,a_over_A5=1,1,exact,eq6,1,1,1,0.02,0.02,0.59461164405665112,0.80401305508819099,0.54053072767744959,1,ok
CP-010-FIG10-001,a_over_A5=1,1,exact,eq6,1,1,2,0.040000000000000001,0.040000000000000001,0.59461164405665112,0.80401305508819099,0.51390265264924317,1,ok
CP-010-FIG10-001,a_over_A5=1,1,exact,eq6,1,1,3,0.059999999999999998,0.059999999999999998,0.59461164405665112,0.80401305508819099,0.48858635203718237,1,ok
CP-010-FIG10-001,a_over_A5=1,1,exact,eq6,1,1,4,0.080000000000000002,0.080000000000000002,0.59461164405665112,0.80401305508819099,0.46451720411712688,1,ok
CP-010-FIG10-001,a_over_A5=1,1,exact,eq6,1,1,5,0.10000000000000001,0.10000000000000001,0.59461164405665112,0.80401305508819099,0.44163377061414838,1,ok
CP-010-FIG10-001,a_over_A5=1,1,exact,eq6,1,1,6,0.12,0.12,0.59461164405665112,0.80401305508819099,0.41987763987680266,1,ok
CP-010-FIG10-001,a_over_A5=1,1,exact,eq6,1,1,7,0.14000000000000001,0.14000000000000001,0.59461164405665112,0.80401305508819099,0.39919327777708224,1,ok
CP-010-FIG10-001,a_over_A5=1,1,exact,eq6,1,1,8,0.16,0.16,0.59461164405665112,0.80401305508819099,0.37952788595545978,1,ok
CP-010-FIG10-001,a_over_A5=1,1,exact,eq6,1,1,9,0.17999999999999999,0.17999999999999999,0.59461164405665112,0.80401305508819099,0.36083126704918156,1,ok
CP-010-FIG10-001,a_over_A5=1,1,exact,eq6,1,1,10,0.20000000000000001,0.20000000000000001,0.59461164405665112,0.80401305508819099,0.34305569655979784,1,ok
CP-010-FIG10-001,a_over_A5=1,1,exact,eq6,1,1,11,0.22,0.22,0.59461164405665112,0.80401305508819099,0.32615580103286135,1,ok
CP-010-FIG10-001,a_over_A5=1,1,exact,eq6,1,1,12,0.23999999999999999,0.23999999999999999,0.59461164405665112,0.80401305508819099,0.31008844223883858,1,ok
CP-010-FIG10-001,a_over_A5=1,1,exact,eq6,1,1,13,0.26000000000000001,0.26000000000000001,0.59461164405665112,0.80401305508819099,0.29481260705959844,1,ok
CP-010-FIG10-001,a_over_A5=1,1,exact,eq6,1,1,14,0.28000000000000003,0.28000000000000003,0.59461164405665112,0.80401305508819099,0.28028930279940362,1,ok
CP-010-FIG10-001,a_over_A5=1,1,exact,eq6,1,1,15,0.29999999999999999,0.29999999999999999,0.59461164405665112,0.80401305508819099,0.26648145765317932,1,ok
CP-010-FIG10-001,a_over_A5=1,1,exact,eq6,1,1,16,0.32000000000000001,0.32000000000000001,0.59461164405665112,0.80401305508819099,0.25335382607799722,1,ok
CP-010-FIG10-001,a_over_A5=1,1,exact,eq6,1,1,17,0.34000000000000002,0.34000000000000002,0.59461164405665112,0.80401305508819099,0.24087289882622809,1,ok
CP-010-FIG10-001,a_over_A5=1,1,exact,eq6,1,1,18,0.35999999999999999,0.35999999999999999,0.59461164405665112,0.80401305508819099,0.22900681741071649,1,ok
CP-010-FIG10-001,a_over_A5=1,1,exact,eq6,1,1,19,0.38,0.38,0.59461164405665112,0.80401305508819099,0.21772529278364264,1,ok
CP-010-FIG10-001,a_over_A5=1,1,exact,eq6,1,1,20,0.40000000000000002,0.40000000000000002,0.59461164405665112,0.80401305508819099,0.20699952802149457,1,ok
CP-010-FIG10-001,a_over_A5=1,1,exact,eq6,1,1,21,0.41999999999999998,0.41999999999999998,0.59461164405665112,0.80401305508819099,0.19680214481879749,1,ok
CP-010-FIG10-001,a_over_A5=1,1,exact,eq6,1,1,22,0.44,0.44,0.59461164405665112,0.80401305508819099,0.18710711360296989,1,ok
CP-010-FIG10-001,a_over_A5=1,1,exact,eq6,1,1,23,0.46000000000000002,0.46000000000000002,0.59461164405665112,0.80401305508819099,0.17788968709192041,1,ok
CP-010-FIG10-001,a_over_A5=1,1,exact,eq6,1,1,24,0.47999999999999998,0.47999999999999998,0.59461164405665112,0.80401305508819099,0.16912633712478506,1,ok
CP-010-FIG10-001,a_over_A5=1,1,exact,eq6,1,1,25,0.5,0.5,0.59461164405665112,0.80401305508819099,0.16079469460456211,1,ok
CP-010-FIG10-001,a_over_A5=1,1,exact,eq6,1,1,26,0.52000000000000002,0.52000000000000002,0.59461164405665112,0.80401305508819099,0.15287349239934203,1,ok
CP-010-FIG10-001,a_over_A5=1,1,exact,eq6,1,1,27,0.54000000000000004,0.54000000000000004,0.59461164405665112,0.80401305508819099,0.14534251105638546,1,ok
CP-010-FIG10-001,a_over_A5=1,1,exact,eq6,1,1,28,0.56000000000000005,0.56000000000000005,0.59461164405665112,0.80401305508819099,0.13818252719047874,1,ok
CP-010-FIG10-001,a_over_A5=1,1,exact,eq6,1,1,29,0.57999999999999996,0.57999999999999996,0.59461164405665112,0.80401305508819099,0.13137526441482594,1,ok
CP-010-FIG10-001,a_over_A5=1,1,exact,eq6,1,1,30,0.59999999999999998,0.59999999999999998,0.59461164405665112,0.80401305508819099,0.12490334668922358,1,ok
CP-010-FIG10-001,a_over_A5=1,1,exact,eq6,1,1,31,0.62,0.62,0.59461164405665112,0.80401305508819099,0.11875025396643689,1,ok
CP-010-FIG10-001,a_over_A5=1,1,exact,eq6,1,1,32,0.64000000000000001,0.64000000000000001,0.59461164405665112,0.80401305508819099,0.11290028002356094,1,ok
CP-010-FIG10-001,a_over_A5=1,1,exact,eq6,1,1,33,0.66000000000000003,0.66000000000000003,0.59461164405665112,0.80401305508819099,0.10733849237072866,1,ok
CP-010-FIG10-001,a_over_A5=1,1,exact,eq6,1,1,34,0.68000000000000005,0.68000000000000005,0.59461164405665112,0.80401305508819099,0.10205069413482909,1,ok
CP-010-FIG10-001,a_over_A5=1,1,exact,eq6,1,1,35,0.70000000000000007,0.70000000000000007,0.59461164405665112,0.80401305508819099,0.097023387820942136,1,ok
CP-010-FIG10-001,a_over_A5=1,1,exact,eq6,1,1,36,0.71999999999999997,0.71999999999999997,0.59461164405665112,0.80401305508819099,0.092243740858987205,1,ok
CP-010-FIG10-001,a_over_A5=1,1,exact,eq6,1,1,37,0.73999999999999999,0.73999999999999999,0.59461164405665112,0.80401305508819099,0.087699552847642054,1,ok
CP-010-FIG10-001,a_over_A5=1,1,exact,eq6,1,1,38,0.76000000000000001,0.76000000000000001,0.59461164405665112,0.80401305508819099,0.083379224411918654,1,ok
CP-010-FIG10-001,a_over_A5=1,1,exact,eq6,1,1,39,0.78000000000000003,0.78000000000000003,0.59461164405665112,0.80401305508819099,0.079271727594903071,1,ok
CP-010-FIG10-001,a_over_A5=1,1,exact,eq6,1,1,40,0.80000000000000004,0.80000000000000004,0.59461164405665112,0.80401305508819099,0.075366577708082527,1,ok
CP-010-FIG10-001,a_over_A5=1,1,exact,eq6,1,1,41,0.82000000000000006,0.82000000000000006,0.59461164405665112,0.80401305508819099,0.071653806568404574,1,ok
CP-010-FIG10-001,a_over_A5=1,1,exact,eq6,1,1,42,0.83999999999999997,0.83999999999999997,0.59461164405665112,0.80401305508819099,0.068123937053754843,1,ok
CP-010-FIG10-001,a_over_A5=1,1,exact,eq6,1,1,43,0.85999999999999999,0.85999999999999999,0.59461164405665112,0.80401305508819099,0.064767958911904108,1,ok
CP-010-FIG10-001,a_over_A5=1,1,exact,eq6,1,1,44,0.88,0.88,0.59461164405665112,0.80401305508819099,0.061577305761174969,1,ok
CP-010-FIG10-001,a_over_A5=1,1,exact,eq6,1,1,45,0.90000000000000002,0.90000000000000002,0.59461164405665112,0.80401305508819099,0.058543833224120947,1,ok
CP-010-FIG10-001,a_over_A5=1,1,exact,eq6,1,1,46,0.92000000000000004,0.92000000000000004,0.59461164405665112,0.80401305508819099,0.055659798138402494,1,ok
CP-010-FIG10-001,a_over_A5=1,1,exact,eq6,1,1,47,0.94000000000000006,0.94000000000000006,0.59461164405665112,0.80401305508819099,0.052917838791794111,1,ok
CP-010-FIG10-001,a_over_A5=1,1,exact,eq6,1,1,48,0.95999999999999996,0.95999999999999996,0.59461164405665112,0.80401305508819099,0.050310956130871158,1,ok
CP-010-FIG10-001,a_over_A5=1,1,exact,eq6,1,1,49,0.97999999999999998,0.97999999999999998,0.59461164405665112,0.80401305508819099,0.047832495895409645,1,ok
CP-010-FIG10-001,a_over_A5=1,1,exact,eq6,1,1,50,1,1,0.59461164405665112,0.80401305508819099,0.045476131632896551,1,ok
CP-010-FIG10-001,a_over_A5=1,1,exact,eq6,1,1,51,1.02,1.02,0.59461164405665112,0.80401305508819099,0.043235848549793135,1,ok
CP-010-FIG10-001,a_over_A5=1,1,exact,eq6,1,1,52,1.04,1.04,0.59461164405665112,0.80401305508819099,0.041105928158331015,1,ok
CP-010-FIG10-001,a_over_A5=1,1,exact,eq6,1,1,53,1.0600000000000001,1.0600000000000001,0.59461164405665112,0.80401305508819099,0.039080933679650313,1,ok
CP-010-FIG10-001,a_over_A5=1,1,exact,eq6,1,1,54,1.0800000000000001,1.0800000000000001,0.59461164405665112,0.80401305508819099,0.037155696166020796,1,ok
CP-010-FIG10-001,a_over_A5=1,1,exact,eq6,1,1,55,1.1000000000000001,1.1000000000000001,0.59461164405665112,0.80401305508819099,0.035325301306721617,1,ok
CP-010-FIG10-001,a_over_A5=1,1,exact,eq6,1,1,56,1.1200000000000001,1.1200000000000001,0.59461164405665112,0.80401305508819099,0.033585076883900854,1,ok
CP-010-FIG10-001,a_over_A5=1,1,exact,eq6,1,1,57,1.1400000000000001,1.1400000000000001,0.59461164405665112,0.80401305508819099,0.031930580846394836,1,ok
CP-010-FIG10-001,a_over_A5=1,1,exact,eq6,1,1,58,1.1599999999999999,1.1599999999999999,0.59461164405665112,0.80401305508819099,0.030357589971065028,1,ok
CP-010-FIG10-001,a_over_A5=1,1,exact,eq6,1,1,59,1.1799999999999999,1.1799999999999999,0.59461164405665112,0.80401305508819099,0.028862089082709576,1,ok
CP-010-FIG10-001,a_over_A5=1,1,exact,eq6,1,1,60,1.2,1.2,0.59461164405665112,0.80401305508819099,0.027440260805032497,1,ok
CP-010-FIG10-001,a_over_A5=1,1,exact,eq6,1,1,61,1.22,1.22,0.59461164405665112,0.80401305508819099,0.02608847581650919,1,ok
CP-010-FIG10-001,a_over_A5=1,1,exact,eq6,1,1,62,1.24,1.24,0.59461164405665112,0.80401305508819099,0.024803283586275628,1,ok
CP-010-FIG10-001,a_over_A5=1,1,exact,eq6,1,1,63,1.26,1.26,0.59461164405665112,0.80401305508819099,0.02358140356639386,1,ok
CP-010-FIG10-001,a_over_A5=1,1,exact,eq6,1,1,64,1.28,1.28,0.59461164405665112,0.80401305508819099,0.022419716818011529,1,ok
CP-010-FIG10-001,a_over_A5=1,1,exact,eq6,1,1,65,1.3,1.3,0.59461164405665112,0.80401305508819099,0.021315258050040448,1,ok
CP-010-FIG10-001,a_over_A5=1,1,exact,eq6,1,1,66,1.3200000000000001,1.3200000000000001,0.59461164405665112,0.80401305508819099,0.020265208050032395,1,ok
CP-010-FIG10-001,a_over_A5=1,1,exact,eq6,1,1,67,1.3400000000000001,1.3400000000000001,0.59461164405665112,0.80401305508819099,0.019266886487931519,1,ok
CP-010-FIG10-001,a_over_A5=1,1,exact,eq6,1,1,68,1.3600000000000001,1.3600000000000001,0.59461164405665112,0.80401305508819099,0.018317745074334167,1,ok
CP-010-FIG10-001,a_over_A5=1,1,exact,eq6,1,1,69,1.3800000000000001,1.3800000000000001,0.59461164405665112,0.80401305508819099,0.017415361055792323,1,ok
CP-010-FIG10-001,a_over_A5=1,1,exact,eq6,1,1,70,1.4000000000000001,1.4000000000000001,0.59461164405665112,0.80401305508819099,0.016557431030556711,1,ok
CP-010-FIG10-001,a_over_A5=1,1,exact,eq6,1,1,71,1.4199999999999999,1.4199999999999999,0.59461164405665112,0.80401305508819099,0.015741765068974026,1,ok
CP-010-FIG10-001,a_over_A5=1,1,exact,eq6,1,1,72,1.4399999999999999,1.4399999999999999,0.59461164405665112,0.80401305508819099,0.014966281123529995,1,ok
CP-010-FIG10-001,a_over_A5=1,1,exact,eq6,1,1,73,1.46,1.46,0.59461164405665112,0.80401305508819099,0.014228999714269591,1,ok
CP-010-FIG10-001,a_over_A5=1,1,exact,eq6,1,1,74,1.48,1.48,0.59461164405665112,0.80401305508819099,0.013528038876028409,1,ok
CP-010-FIG10-001,a_over_A5=1,1,exact,eq6,1,1,75,1.5,1.5,0.59461164405665112,0.80401305508819099,0.012861609354577903,1,ok
CP-010-FIG10-001,a_over_A5=1,1,exact,eq6,1,1,76,1.52,1.52,0.59461164405665112,0.80401305508819099,0.012228010039421956,1,ok
CP-010-FIG10-001,a_over_A5=1,1,exact,eq6,1,1,77,1.54,1.54,0.59461164405665112,0.80401305508819099,0.011625623621586907,1,ok
CP-010-FIG10-001,a_over_A5=1,1,exact,eq6,1,1,78,1.5600000000000001,1.5600000000000001,0.59461164405665112,0.80401305508819099,0.011052912465321186,1,ok
CP-010-FIG10-001,a_over_A5=1,1,exact,eq6,1,1,79,1.5800000000000001,1.5800000000000001,0.59461164405665112,0.80401305508819099,0.010508414683166606,1,ok
CP-010-FIG10-001,a_over_A5=1,1,exact,eq6,1,1,80,1.6000000000000001,1.6000000000000001,0.59461164405665112,0.80401305508819099,0.0099907404043828862,1,ok
CP-010-FIG10-001,a_over_A5=1,1,exact,eq6,1,1,81,1.6200000000000001,1.6200000000000001,0.59461164405665112,0.80401305508819099,0.0094985682272000285,1,ok
CP-010-FIG10-001,a_over_A5=1,1,exact,eq6,1,1,82,1.6400000000000001,1.6400000000000001,0.59461164405665112,0.80401305508819099,0.0090306418458429537,1,ok
CP-010-FIG10-001,a_over_A5=1,1,exact,eq6,1,1,83,1.6600000000000001,1.6600000000000001,0.59461164405665112,0.80401305508819099,0.0085857668437182549,1,ok
CP-010-FIG10-001,a_over_A5=1,1,exact,eq6,1,1,84,1.6799999999999999,1.6799999999999999,0.59461164405665112,0.80401305508819099,0.0081628076445778922,1,ok
CP-010-FIG10-001,a_over_A5=1,1,exact,eq6,1,1,85,1.7,1.7,0.59461164405665112,0.80401305508819099,0.0077606846138769591,1,ok
CP-010-FIG10-001,a_over_A5=1,1,exact,eq6,1,1,86,1.72,1.72,0.59461164405665112,0.80401305508819099,0.0073783713029269889,1,ok
CP-010-FIG10-001,a_over_A5=1,1,exact,eq6,1,1,87,1.74,1.74,0.59461164405665112,0.80401305508819099,0.0070148918288099413,1,ok
CP-010-FIG10-001,a_over_A5=1,1,exact,eq6,1,1,88,1.76,1.76,0.59461164405665112,0.80401305508819099,0.0066693183833651023,1,ok
CP-010-FIG10-001,a_over_A5=1,1,exact,eq6,1,1,89,1.78,1.78,0.59461164405665112,0.80401305508819099,0.0063407688648903279,1,ok
CP-010-FIG10-001,a_over_A5=1,1,exact,eq6,1,1,90,1.8,1.8,0.59461164405665112,0.80401305508819099,0.0060284046265124411,1,ok
CP-010-FIG10-001,a_over_A5=1,1,exact,eq6,1,1,91,1.8200000000000001,1.8200000000000001,0.59461164405665112,0.80401305508819099,0.0057314283354791742,1,ok
CP-010-FIG10-001,a_over_A5=1,1,exact,eq6,1,1,92,1.8400000000000001,1.8400000000000001,0.59461164405665112,0.80401305508819099,0.0054490819379086064,1,ok
CP-010-FIG10-001,a_over_A5=1,1,exact,eq6,1,1,93,1.8600000000000001,1.8600000000000001,0.59461164405665112,0.80401305508819099,0.0051806447238006582,1,ok
CP-010-FIG10-001,a_over_A5=1,1,exact,eq6,1,1,94,1.8800000000000001,1.8800000000000001,0.59461164405665112,0.80401305508819099,0.0049254314873717307,1,ok
CP-010-FIG10-001,a_over_A5=1,1,exact,eq6,1,1,95,1.9000000000000001,1.9000000000000001,0.59461164405665112,0.80401305508819099,0.0046827907780163771,1,ok
CP-010-FIG10-001,a_over_A5=1,1,exact,eq6,1,1,96,1.9199999999999999,1.9199999999999999,0.59461164405665112,0.80401305508819099,0.004452103237431595,1,ok
CP-010-FIG10-001,a_over_A5=1,1,exact,eq6,1,1,97,1.9399999999999999,1.9399999999999999,0.59461164405665112,0.80401305508819099,0.0042327800186591118,1,ok
CP-010-FIG10-001,a_over_A5=1,1,exact,eq6,1,1,98,1.96,1.96,0.59461164405665112,0.80401305508819099,0.0040242612830100931,1,ok
CP-010-FIG10-001,a_over_A5=1,1,exact,eq6,1,1,99,1.98,1.98,0.59461164405665112,0.80401305508819099,0.0038260147710355791,1,ok
CP-010-FIG10-001,a_over_A5=1,1,exact,eq6,1,1,100,2,2,0.59461164405665112,0.80401305508819099,0.0036375344438950401,1,ok
CP-010-FIG10-001,a_over_A5=1,1,exact,eq6,1,1,101,2.02,2.02,0.59461164405665112,0.80401305508819099,0.003458339191654872,1,ok
CP-010-FIG10-001,a_over_A5=1,1,exact,eq6,1,1,102,2.04,2.04,0.59461164405665112,0.80401305508819099,0.0032879716052198488,1,ok
CP-010-FIG10-001,a_over_A5=1,1,exact,eq6,1,1,103,2.0600000000000001,2.0600000000000001,0.59461164405665112,0.80401305508819099,0.0031259968087626717,1,ok
CP-010-FIG10-001,a_over_A5=1,1,exact,eq6,1,1,104,2.0800000000000001,2.0800000000000001,0.59461164405665112,0.80401305508819099,0.0029720013496713268,1,ok
CP-010-FIG10-001,a_over_A5=1,1,exact,eq6,1,1,105,2.1000000000000001,2.1000000000000001,0.59461164405665112,0.80401305508819099,0.002825592143180844,1,ok
CP-010-FIG10-001,a_over_A5=1,1,exact,eq6,1,1,106,2.1200000000000001,2.1200000000000001,0.59461164405665112,0.80401305508819099,0.002686395468995417,1,ok
CP-010-FIG10-001,a_over_A5=1,1,exact,eq6,1,1,107,2.1400000000000001,2.1400000000000001,0.59461164405665112,0.80401305508819099,0.0025540560173398031,1,ok
CP-010-FIG10-001,a_over_A5=1,1,exact,eq6,1,1,108,2.1600000000000001,2.1600000000000001,0.59461164405665112,0.80401305508819099,0.0024282359820049213,1,ok
CP-010-FIG10-001,a_over_A5=1,1,exact,eq6,1,1,109,2.1800000000000002,2.1800000000000002,0.59461164405665112,0.80401305508819099,0.0023086141980725905,1,ok
CP-010-FIG10-001,a_over_A5=1,1,exact,eq6,1,1,110,2.2000000000000002,2.2000000000000002,0.59461164405665112,0.80401305508819099,0.0021948853221183937,1,ok
CP-010-FIG10-001,a_over_A5=1,1,exact,eq6,1,1,111,2.2200000000000002,2.2200000000000002,0.59461164405665112,0.80401305508819099,0.0020867590528000791,1,ok
CP-010-FIG10-001,a_over_A5=1,1,exact,eq6,1,1,112,2.2400000000000002,2.2400000000000002,0.59461164405665112,0.80401305508819099,0.0019839593898419569,1,ok
CP-010-FIG10-001,a_over_A5=1,1,exact,eq6,1,1,113,2.2600000000000002,2.2600000000000002,0.59461164405665112,0.80401305508819099,0.0018862239295238717,1,ok
CP-010-FIG10-001,a_over_A5=1,1,exact,eq6,1,1,114,2.2800000000000002,2.2800000000000002,0.59461164405665112,0.80401305508819099,0.0017933031948763282,1,ok
CP-010-FIG10-001,a_over_A5=1,1,exact,eq6,1,1,115,2.3000000000000003,2.3000000000000003,0.59461164405665112,0.80401305508819099,0.0017049599988721504,1,ok
CP-010-FIG10-001,a_over_A5=1,1,exact,eq6,1,1,116,2.3199999999999998,2.3199999999999998,0.59461164405665112,0.80401305508819099,0.0016209688389891015,1,ok
CP-010-FIG10-001,a_over_A5=1,1,exact,eq6,1,1,117,2.3399999999999999,2.3399999999999999,0.59461164405665112,0.80401305508819099,0.0015411153215980561,1,ok
CP-010-FIG10-001,a_over_A5=1,1,exact,eq6,1,1,118,2.3599999999999999,2.3599999999999999,0.59461164405665112,0.80401305508819099,0.001465195614707461,1,ok
CP-010-FIG10-001,a_over_A5=1,1,exact,eq6,1,1,119,2.3799999999999999,2.3799999999999999,0.59461164405665112,0.80401305508819099,0.0013930159276671523,1,ok
CP-010-FIG10-001,a_over_A5=1,1,exact,eq6,1,1,120,2.3999999999999999,2.3999999999999999,0.59461164405665112,0.80401305508819099,0.0013243920165034141,1,ok
CP-010-FIG10-001,a_over_A5=1,1,exact,eq6,1,1,121,2.4199999999999999,2.4199999999999999,0.59461164405665112,0.80401305508819099,0.0012591487136226671,1,ok
CP-010-FIG10-001,a_over_A5=1,1,exact,eq6,1,1,122,2.4399999999999999,2.4399999999999999,0.59461164405665112,0.80401305508819099,0.0011971194806832562,1,ok
CP-010-FIG10-001,a_over_A5=1,1,exact,eq6,1,1,123,2.46,2.46,0.59461164405665112,0.80401305508819099,0.0011381459834940582,1,ok
CP-010-FIG10-001,a_over_A5=1,1,exact,eq6,1,1,124,2.48,2.48,0.59461164405665112,0.80401305508819099,0.0010820776878547836,1,ok
CP-010-FIG10-001,a_over_A5=1,1,exact,eq6,1,1,125,2.5,2.5,0.59461164405665112,0.80401305508819099,0.0010287714753063285,1,ok
CP-010-FIG10-001,a_over_A5=1,1,exact,eq6,1,1,126,2.52,2.52,0.59461164405665112,0.80401305508819099,0.00097809127781035496,1,ok
CP-010-FIG10-001,a_over_A5=1,1,exact,eq6,1,1,127,2.54,2.54,0.59461164405665112,0.80401305508819099,0.00092990773042558915,1,ok
CP-010-FIG10-001,a_over_A5=1,1,exact,eq6,1,1,128,2.5600000000000001,2.5600000000000001,0.59461164405665112,0.80401305508819099,0.00088409784109426859,1,ok
CP-010-FIG10-001,a_over_A5=1,1,exact,eq6,1,1,129,2.5800000000000001,2.5800000000000001,0.59461164405665112,0.80401305508819099,0.00084054467669584891,1,ok
CP-010-FIG10-001,a_over_A5=1,1,exact,eq6,1,1,130,2.6000000000000001,2.6000000000000001,0.59461164405665112,0.80401305508819099,0.0007991370645665858,1,ok
CP-010-FIG10-001,a_over_A5=1,1,exact,eq6,1,1,131,2.6200000000000001,2.6200000000000001,0.59461164405665112,0.80401305508819099,0.00075976930872311465,1,ok
CP-010-FIG10-001,a_over_A5=1,1,exact,eq6,1,1,132,2.6400000000000001,2.6400000000000001,0.59461164405665112,0.80401305508819099,0.00072234092006566095,1,ok
CP-010-FIG10-001,a_over_A5=1,1,exact,eq6,1,1,133,2.6600000000000001,2.6600000000000001,0.59461164405665112,0.80401305508819099,0.00068675635987220263,1,ok
CP-010-FIG10-001,a_over_A5=1,1,exact,eq6,1,1,134,2.6800000000000002,2.6800000000000002,0.59461164405665112,0.80401305508819099,0.0006529247959288346,1,ok
CP-010-FIG10-001,a_over_A5=1,1,exact,eq6,1,1,135,2.7000000000000002,2.7000000000000002,0.59461164405665112,0.80401305508819099,0.00062075987067384728,1,ok
CP-010-FIG10-001,a_over_A5=1,1,exact,eq6,1,1,136,2.7200000000000002,2.7200000000000002,0.59461164405665112,0.80401305508819099,0.0005901794807636789,1,ok
CP-010-FIG10-001,a_over_A5=1,1,exact,eq6,1,1,137,2.7400000000000002,2.7400000000000002,0.59461164405665112,0.80401305508819099,0.00056110556749808444,1,ok
CP-010-FIG10-001,a_over_A5=1,1,exact,eq6,1,1,138,2.7600000000000002,2.7600000000000002,0.59461164405665112,0.80401305508819099,0.0005334639175695366,1,ok
CP-010-FIG10-001,a_over_A5=1,1,exact,eq6,1,1,139,2.7800000000000002,2.7800000000000002,0.59461164405665112,0.80401305508819099,0.0005071839736282939,1,ok
CP-010-FIG10-001,a_over_A5=1,1,exact,eq6,1,1,140,2.8000000000000003,2.8000000000000003,0.59461164405665112,0.80401305508819099,0.00048219865417955973,1,ok
CP-010-FIG10-001,a_over_A5=1,1,exact,eq6,1,1,141,2.8199999999999998,2.8199999999999998,0.59461164405665112,0.80401305508819099,0.00045844418235301915,1,ok
CP-010-FIG10-001,a_over_A5=1,1,exact,eq6,1,1,142,2.8399999999999999,2.8399999999999999,0.59461164405665112,0.80401305508819099,0.00043585992310767708,1,ok
CP-010-FIG10-001,a_over_A5=1,1,exact,eq6,1,1,143,2.8599999999999999,2.8599999999999999,0.59461164405665112,0.80401305508819099,0.00041438822845644318,1,ok
CP-010-FIG10-001,a_over_A5=1,1,exact,eq6,1,1,144,2.8799999999999999,2.8799999999999999,0.59461164405665112,0.80401305508819099,0.00039397429031539375,1,ok
CP-010-FIG10-001,a_over_A5=1,1,exact,eq6,1,1,145,2.8999999999999999,2.8999999999999999,0.59461164405665112,0.80401305508819099,0.0003745660006020978,1,ok
CP-010-FIG10-001,a_over_A5=1,1,exact,eq6,1,1,146,2.9199999999999999,2.9199999999999999,0.59461164405665112,0.80401305508819099,0.00035611381822589174,1,ok
CP-010-FIG10-001,a_over_A5=1,1,exact,eq6,1,1,147,2.9399999999999999,2.9399999999999999,0.59461164405665112,0.80401305508819099,0.00033857064263059301,1,ok
CP-010-FIG10-001,a_over_A5=1,1,exact,eq6,1,1,148,2.96,2.96,0.59461164405665112,0.80401305508819099,0.00032189169356685834,1,ok
CP-010-FIG10-001,a_over_A5=1,1,exact,eq6,1,1,149,2.98,2.98,0.59461164405665112,0.80401305508819099,0.00030603439678729487,1,ok
CP-010-FIG10-001,a_over_A5=1,1,exact,eq6,1,1,150,3,3,0.59461164405665112,0.80401305508819099,0.00029095827537255312,1,ok
CP-010-FIG10-001,a_over_A5=1.5,1.5,exact,eq6,1,1.5,0,0,0,0.46256990158834232,0.88658281403631511,0.37940586985577135,1,ok
CP-010-FIG10-001,a_over_A5=1.5,1.5,exact,eq6,1,1.5,1,0.02,0.029999999999999999,0.46256990158834232,0.88658281403631511,0.34899167468160464,1,ok
CP-010-FIG10-001,a_over_A5=1.5,1.5,exact,eq6,1,1.5,2,0.040000000000000001,0.059999999999999998,0.46256990158834232,0.88658281403631511,0.3210155632103705,1,ok
CP-010-FIG10-001,a_over_A5=1.5,1.5,exact,eq6,1,1.5,3,0.059999999999999998,0.089999999999999997,0.46256990158834232,0.88658281403631511,0.29528209209370915,1,ok
CP-010-FIG10-001,a_over_A5=1.5,1.5,exact,eq6,1,1.5,4,0.080000000000000002,0.12,0.46256990158834232,0.88658281403631511,0.27161148524783113,1,ok
CP-010-FIG10-001,a_over_A5=1.5,1.5,exact,eq6,1,1.5,5,0.10000000000000001,0.15000000000000002,0.46256990158834232,0.88658281403631511,0.24983837792344221,1,ok
CP-010-FIG10-001,a_over_A5=1.5,1.5,exact,eq6,1,1.5,6,0.12,0.17999999999999999,0.46256990158834232,0.88658281403631511,0.2298106614544024,1,ok
CP-010-FIG10-001,a_over_A5=1.5,1.5,exact,eq6,1,1.5,7,0.14000000000000001,0.21000000000000002,0.46256990158834232,0.88658281403631511,0.21138842061443974,1,ok
CP-010-FIG10-001,a_over_A5=1.5,1.5,exact,eq6,1,1.5,8,0.16,0.23999999999999999,0.46256990158834232,0.88658281403631511,0.19444295615820864,1,ok
CP-010-FIG10-001,a_over_A5=1.5,1.5,exact,eq6,1,1.5,9,0.17999999999999999,0.27000000000000002,0.46256990158834232,0.88658281403631511,0.17885588571808658,1,ok
CP-010-FIG10-001,a_over_A5=1.5,1.5,exact,eq6,1,1.5,10,0.20000000000000001,0.30000000000000004,0.46256990158834232,0.88658281403631511,0.1645183167755021,1,ok
CP-010-FIG10-001,a_over_A5=1.5,1.5,exact,eq6,1,1.5,11,0.22,0.33000000000000002,0.46256990158834232,0.88658281403631511,0.15133008592910632,1,ok
CP-010-FIG10-001,a_over_A5=1.5,1.5,exact,eq6,1,1.5,12,0.23999999999999999,0.35999999999999999,0.46256990158834232,0.88658281403631511,0.13919905914525374,1,ok
CP-010-FIG10-001,a_over_A5=1.5,1.5,exact,eq6,1,1.5,13,0.26000000000000001,0.39000000000000001,0.46256990158834232,0.88658281403631511,0.12804048810228727,1,ok
CP-010-FIG10-001,a_over_A5=1.5,1.5,exact,eq6,1,1.5,14,0.28000000000000003,0.42000000000000004,0.46256990158834232,0.88658281403631511,0.11777641813199682,1,ok
CP-010-FIG10-001,a_over_A5=1.5,1.5,exact,eq6,1,1.5,15,0.29999999999999999,0.44999999999999996,0.46256990158834232,0.88658281403631511,0.10833514362208346,1,ok
CP-010-FIG10-001,a_over_A5=1.5,1.5,exact,eq6,1,1.5,16,0.32000000000000001,0.47999999999999998,0.46256990158834232,0.88658281403631511,0.099650707075026393,1,ok
CP-010-FIG10-001,a_over_A5=1.5,1.5,exact,eq6,1,1.5,17,0.34000000000000002,0.51000000000000001,0.46256990158834232,0.88658281403631511,0.091662438323739784,1,ok
CP-010-FIG10-001,a_over_A5=1.5,1.5,exact,eq6,1,1.5,18,0.35999999999999999,0.54000000000000004,0.46256990158834232,0.88658281403631511,0.0843145306849412,1,ok
CP-010-FIG10-001,a_over_A5=1.5,1.5,exact,eq6,1,1.5,19,0.38,0.57000000000000006,0.46256990158834232,0.88658281403631511,0.077555651089206715,1,ok
CP-010-FIG10-001,a_over_A5=1.5,1.5,exact,eq6,1,1.5,20,0.40000000000000002,0.60000000000000009,0.46256990158834232,0.88658281403631511,0.07133858146404938,1,ok
CP-010-FIG10-001,a_over_A5=1.5,1.5,exact,eq6,1,1.5,21,0.41999999999999998,0.63,0.46256990158834232,0.88658281403631511,0.065619888864695067,1,ok
CP-010-FIG10-001,a_over_A5=1.5,1.5,exact,eq6,1,1.5,22,0.44,0.66000000000000003,0.46256990158834232,0.88658281403631511,0.060359622048062396,1,ok
CP-010-FIG10-001,a_over_A5=1.5,1.5,exact,eq6,1,1.5,23,0.46000000000000002,0.69000000000000006,0.46256990158834232,0.88658281403631511,0.055521032370189023,1,ok
CP-010-FIG10-001,a_over_A5=1.5,1.5,exact,eq6,1,1.5,24,0.47999999999999998,0.71999999999999997,0.46256990158834232,0.88658281403631511,0.051070317057270755,1,ok
CP-010-FIG10-001,a_over_A5=1.5,1.5,exact,eq6,1,1.5,25,0.5,0.75,0.46256990158834232,0.88658281403631511,0.046976383056785018,1,ok
CP-010-FIG10-001,a_over_A5=1.5,1.5,exact,eq6,1,1.5,26,0.52000000000000002,0.78000000000000003,0.46256990158834232,0.88658281403631511,0.043210629818943434,1,ok
CP-010-FIG10-001,a_over_A5=1.5,1.5,exact,eq6,1,1.5,27,0.54000000000000004,0.81000000000000005,0.46256990158834232,0.88658281403631511,0.039746749490967459,1,ok
CP-010-FIG10-001,a_over_A5=1.5,1.5,exact,eq6,1,1.5,28,0.56000000000000005,0.84000000000000008,0.46256990158834232,0.88658281403631511,0.036560543128328585,1,ok
CP-010-FIG10-001,a_over_A5=1.5,1.5,exact,eq6,1,1.5,29,0.57999999999999996,0.86999999999999988,0.46256990158834232,0.88658281403631511,0.033629751638989687,1,ok
CP-010-FIG10-001,a_over_A5=1.5,1.5,exact,eq6,1,1.5,30,0.59999999999999998,0.89999999999999991,0.46256990158834232,0.88658281403631511,0.030933900279610869,1,ok
CP-010-FIG10-001,a_over_A5=1.5,1.5,exact,eq6,1,1.5,31,0.62,0.92999999999999994,0.46256990158834232,0.88658281403631511,0.028454155617357885,1,ok
CP-010-FIG10-001,a_over_A5=1.5,1.5,exact,eq6,1,1.5,32,0.64000000000000001,0.95999999999999996,0.46256990158834232,0.88658281403631511,0.026173193958036647,1,ok
CP-010-FIG10-001,a_over_A5=1.5,1.5,exact,eq6,1,1.5,33,0.66000000000000003,0.98999999999999999,0.46256990158834232,0.88658281403631511,0.02407508032138243,1,ok
CP-010-FIG10-001,a_over_A5=1.5,1.5,exact,eq6,1,1.5,34,0.68000000000000005,1.02,0.46256990158834232,0.88658281403631511,0.022145157118015506,1,ok
CP-010-FIG10-001,a_over_A5=1.5,1.5,exact,eq6,1,1.5,35,0.70000000000000007,1.05,0.46256990158834232,0.88658281403631511,0.020369941750351461,1,ok
CP-010-FIG10-001,a_over_A5=1.5,1.5,exact,eq6,1,1.5,36,0.71999999999999997,1.0800000000000001,0.46256990158834232,0.88658281403631511,0.018737032422098024,1,ok
CP-010-FIG10-001,a_over_A5=1.5,1.5,exact,eq6,1,1.5,37,0.73999999999999999,1.1099999999999999,0.46256990158834232,0.88658281403631511,0.017235021498316037,1,ok
CP-010-FIG10-001,a_over_A5=1.5,1.5,exact,eq6,1,1.5,38,0.76000000000000001,1.1400000000000001,0.46256990158834232,0.88658281403631511,0.015853415810770898,1,ok
CP-010-FIG10-001,a_over_A5=1.5,1.5,exact,eq6,1,1.5,39,0.78000000000000003,1.1699999999999999,0.46256990158834232,0.88658281403631511,0.014582563351821603,1,ok
CP-010-FIG10-001,a_over_A5=1.5,1.5,exact,eq6,1,1.5,40,0.80000000000000004,1.2000000000000002,0.46256990158834232,0.88658281403631511,0.013413585844724634,1,ok
CP-010-FIG10-001,a_over_A5=1.5,1.5,exact,eq6,1,1.5,41,0.82000000000000006,1.23,0.46256990158834232,0.88658281403631511,0.012338316719283909,1,ok
CP-010-FIG10-001,a_over_A5=1.5,1.5,exact,eq6,1,1.5,42,0.83999999999999997,1.26,0.46256990158834232,0.88658281403631511,0.011349244059539243,1,ok
CP-010-FIG10-001,a_over_A5=1.5,1.5,exact,eq6,1,1.5,43,0.85999999999999999,1.29,0.46256990158834232,0.88658281403631511,0.010439458124921792,1,ok
CP-010-FIG10-001,a_over_A5=1.5,1.5,exact,eq6,1,1.5,44,0.88,1.3200000000000001,0.46256990158834232,0.88658281403631511,0.0096026030782547199,1,ok
CP-010-FIG10-001,a_over_A5=1.5,1.5,exact,eq6,1,1.5,45,0.90000000000000002,1.3500000000000001,0.46256990158834232,0.88658281403631511,0.0088328325833672422,1,ok
CP-010-FIG10-001,a_over_A5=1.5,1.5,exact,eq6,1,1.5,46,0.92000000000000004,1.3800000000000001,0.46256990158834232,0.88658281403631511,0.0081247689621233368,1,ok
CP-010-FIG10-001,a_over_A5=1.5,1.5,exact,eq6,1,1.5,47,0.94000000000000006,1.4100000000000001,0.46256990158834232,0.88658281403631511,0.0074734656255329747,1,ok
CP-010-FIG10-001,a_over_A5=1.5,1.5,exact,eq6,1,1.5,48,0.95999999999999996,1.4399999999999999,0.46256990158834232,0.88658281403631511,0.0068743725164864761,1,ok
CP-010-FIG10-001,a_over_A5=1.5,1.5,exact,eq6,1,1.5,49,0.97999999999999998,1.47,0.46256990158834232,0.88658281403631511,0.0063233043226922532,1,ok
CP-010-FIG10-001,a_over_A5=1.5,1.5,exact,eq6,1,1.5,50,1,1.5,0.46256990158834232,0.88658281403631511,0.0058164112377509913,1,ok
CP-010-FIG10-001,a_over_A5=1.5,1.5,exact,eq6,1,1.5,51,1.02,1.53,0.46256990158834232,0.88658281403631511,0.005350152066100791,1,ok
CP-010-FIG10-001,a_over_A5=1.5,1.5,exact,eq6,1,1.5,52,1.04,1.5600000000000001,0.46256990158834232,0.88658281403631511,0.0049212694839422255,1,ok
CP-010-FIG10-001,a_over_A5=1.5,1.5,exact,eq6,1,1.5,53,1.0600000000000001,1.5900000000000001,0.46256990158834232,0.88658281403631511,0.0045267672833142055,1,ok
CP-010-FIG10-001,a_over_A5=1.5,1.5,exact,eq6,1,1.5,54,1.0800000000000001,1.6200000000000001,0.46256990158834232,0.88658281403631511,0.0041638894403459659,1,ok
CP-010-FIG10-001,a_over_A5=1.5,1.5,exact,eq6,1,1.5,55,1.1000000000000001,1.6500000000000001,0.46256990158834232,0.88658281403631511,0.0038301008614542494,1,ok
CP-010-FIG10-001,a_over_A5=1.5,1.5,exact,eq6,1,1.5,56,1.1200000000000001,1.6800000000000002,0.46256990158834232,0.88658281403631511,0.0035230696729771274,1,ok
CP-010-FIG10-001,a_over_A5=1.5,1.5,exact,eq6,1,1.5,57,1.1400000000000001,1.7100000000000002,0.46256990158834232,0.88658281403631511,0.0032406509305184317,1,ok
CP-010-FIG10-001,a_over_A5=1.5,1.5,exact,eq6,1,1.5,58,1.1599999999999999,1.7399999999999998,0.46256990158834232,0.88658281403631511,0.0029808716341949495,1,ok
CP-010-FIG10-001,a_over_A5=1.5,1.5,exact,eq6,1,1.5,59,1.1799999999999999,1.77,0.46256990158834232,0.88658281403631511,0.0027419169451016918,1,ok
CP-010-FIG10-001,a_over_A5=1.5,1.5,exact,eq6,1,1.5,60,1.2,1.7999999999999998,0.46256990158834232,0.88658281403631511,0.0025221175067024425,1,ok
CP-010-FIG10-001,a_over_A5=1.5,1.5,exact,eq6,1,1.5,61,1.22,1.8300000000000001,0.46256990158834232,0.88658281403631511,0.00231993778257168,1,ok
CP-010-FIG10-001,a_over_A5=1.5,1.5,exact,eq6,1,1.5,62,1.24,1.8599999999999999,0.46256990158834232,0.88658281403631511,0.0021339653290145416,1,ok
CP-010-FIG10-001,a_over_A5=1.5,1.5,exact,eq6,1,1.5,63,1.26,1.8900000000000001,0.46256990158834232,0.88658281403631511,0.0019629009276223709,1,ok
CP-010-FIG10-001,a_over_A5=1.5,1.5,exact,eq6,1,1.5,64,1.28,1.9199999999999999,0.46256990158834232,0.88658281403631511,0.0018055495088292073,1,ok
CP-010-FIG10-001,a_over_A5=1.5,1.5,exact,eq6,1,1.5,65,1.3,1.9500000000000002,0.46256990158834232,0.88658281403631511,0.001660811803060375,1,ok
CP-010-FIG10-001,a_over_A5=1.5,1.5,exact,eq6,1,1.5,66,1.3200000000000001,1.98,0.46256990158834232,0.88658281403631511,0.0015276766611474677,1,ok
CP-010-FIG10-001,a_over_A5=1.5,1.5,exact,eq6,1,1.5,67,1.3400000000000001,2.0100000000000002,0.46256990158834232,0.88658281403631511,0.0014052139903595298,1,ok
CP-010-FIG10-001,a_over_A5=1.5,1.5,exact,eq6,1,1.5,68,1.3600000000000001,2.04,0.46256990158834232,0.88658281403631511,0.0012925682567009786,1,ok
CP-010-FIG10-001,a_over_A5=1.5,1.5,exact,eq6,1,1.5,69,1.3800000000000001,2.0700000000000003,0.46256990158834232,0.88658281403631511,0.0011889525080828025,1,ok
CP-010-FIG10-001,a_over_A5=1.5,1.5,exact,eq6,1,1.5,70,1.4000000000000001,2.1000000000000001,0.46256990158834232,0.88658281403631511,0.0010936428766124418,1,ok
CP-010-FIG10-001,a_over_A5=1.5,1.5,exact,eq6,1,1.5,71,1.4199999999999999,2.1299999999999999,0.46256990158834232,0.88658281403631511,0.0010059735215948926,1,ok
CP-010-FIG10-001,a_over_A5=1.5,1.5,exact,eq6,1,1.5,72,1.4399999999999999,2.1600000000000001,0.46256990158834232,0.88658281403631511,0.0009253319779164511,1,ok
CP-010-FIG10-001,a_over_A5=1.5,1.5,exact,eq6,1,1.5,73,1.46,2.1899999999999999,0.46256990158834232,0.88658281403631511,0.00085115487731453646,1,ok
CP-010-FIG10-001,a_over_A5=1.5,1.5,exact,eq6,1,1.5,74,1.48,2.2199999999999998,0.46256990158834232,0.88658281403631511,0.00078292401264201856,1,ok
CP-010-FIG10-001,a_over_A5=1.5,1.5,exact,eq6,1,1.5,75,1.5,2.25,0.46256990158834232,0.88658281403631511,0.00072016271763072058,1,ok
CP-010-FIG10-001,a_over_A5=1.5,1.5,exact,eq6,1,1.5,76,1.52,2.2800000000000002,0.46256990158834232,0.88658281403631511,0.00066243253686281236,1,ok
CP-010-FIG10-001,a_over_A5=1.5,1.5,exact,eq6,1,1.5,77,1.54,2.3100000000000001,0.46256990158834232,0.88658281403631511,0.00060933016268625395,1,ok
CP-010-FIG10-001,a_over_A5=1.5,1.5,exact,eq6,1,1.5,78,1.5600000000000001,2.3399999999999999,0.46256990158834232,0.88658281403631511,0.00056048461767533653,1,ok
CP-010-FIG10-001,a_over_A5=1.5,1.5,exact,eq6,1,1.5,79,1.5800000000000001,2.3700000000000001,0.46256990158834232,0.88658281403631511,0.00051555466295276906,1,ok
CP-010-FIG10-001,a_over_A5=1.5,1.5,exact,eq6,1,1.5,80,1.6000000000000001,2.4000000000000004,0.46256990158834232,0.88658281403631511,0.00047422641426763925,1,ok
CP-010-FIG10-001,a_over_A5=1.5,1.5,exact,eq6,1,1.5,81,1.6200000000000001,2.4300000000000002,0.46256990158834232,0.88658281403631511,0.00043621114917497206,1,ok
CP-010-FIG10-001,a_over_A5=1.5,1.5,exact,eq6,1,1.5,82,1.6400000000000001,2.46,0.46256990158834232,0.88658281403631511,0.00040124328999767889,1,ok
CP-010-FIG10-001,a_over_A5=1.5,1.5,exact,eq6,1,1.5,83,1.6600000000000001,2.4900000000000002,0.46256990158834232,0.88658281403631511,0.00036907854847970122,1,ok
CP-010-FIG10-001,a_over_A5=1.5,1.5,exact,eq6,1,1.5,84,1.6799999999999999,2.52,0.46256990158834232,0.88658281403631511,0.00033949221916875275,1,ok
CP-010-FIG10-001,a_over_A5=1.5,1.5,exact,eq6,1,1.5,85,1.7,2.5499999999999998,0.46256990158834232,0.88658281403631511,0.00031227760960608444,1,ok
CP-010-FIG10-001,a_over_A5=1.5,1.5,exact,eq6,1,1.5,86,1.72,2.5800000000000001,0.46256990158834232,0.88658281403631511,0.00028724459635646787,1,ok
CP-010-FIG10-001,a_over_A5=1.5,1.5,exact,eq6,1,1.5,87,1.74,2.6099999999999999,0.46256990158834232,0.88658281403631511,0.00026421829679069855,1,ok
CP-010-FIG10-001,a_over_A5=1.5,1.5,exact,eq6,1,1.5,88,1.76,2.6400000000000001,0.46256990158834232,0.88658281403631511,0.00024303784734158179,1,ok
CP-010-FIG10-001,a_over_A5=1.5,1.5,exact,eq6,1,1.5,89,1.78,2.6699999999999999,0.46256990158834232,0.88658281403631511,0.00022355527969821328,1,ok
CP-010-FIG10-001,a_over_A5=1.5,1.5,exact,eq6,1,1.5,90,1.8,2.7000000000000002,0.46256990158834232,0.88658281403631511,0.00020563448708754139,1,ok
CP-010-FIG10-001,a_over_A5=1.5,1.5,exact,eq6,1,1.5,91,1.8200000000000001,2.73,0.46256990158834232,0.88658281403631511,0.00018915027342158625,1,ok
CP-010-FIG10-001,a_over_A5=1.5,1.5,exact,eq6,1,1.5,92,1.8400000000000001,2.7600000000000002,0.46256990158834232,0.88658281403631511,0.00017398747866757225,1,ok
CP-010-FIG10-001,a_over_A5=1.5,1.5,exact,eq6,1,1.5,93,1.8600000000000001,2.79,0.46256990158834232,0.88658281403631511,0.00016004017433074615,1,ok
CP-010-FIG10-001,a_over_A5=1.5,1.5,exact,eq6,1,1.5,94,1.8800000000000001,2.8200000000000003,0.46256990158834232,0.88658281403631511,0.00014721092342945307,1,ok
CP-010-FIG10-001,a_over_A5=1.5,1.5,exact,eq6,1,1.5,95,1.9000000000000001,2.8500000000000001,0.46256990158834232,0.88658281403631511,0.00013541009979260555,1,ok
CP-010-FIG10-001,a_over_A5=1.5,1.5,exact,eq6,1,1.5,96,1.9199999999999999,2.8799999999999999,0.46256990158834232,0.88658281403631511,0.00012455526192409476,1,ok
CP-010-FIG10-001,a_over_A5=1.5,1.5,exact,eq6,1,1.5,97,1.9399999999999999,2.9100000000000001,0.46256990158834232,0.88658281403631511,0.00011457057705991782,1,ok
CP-010-FIG10-001,a_over_A5=1.5,1.5,exact,eq6,1,1.5,98,1.96,2.9399999999999999,0.46256990158834232,0.88658281403631511,0.00010538629139443272,1,ok
CP-010-FIG10-001,a_over_A5=1.5,1.5,exact,eq6,1,1.5,99,1.98,2.9699999999999998,0.46256990158834232,0.88658281403631511,9.6938242774704514e-05,1,ok
CP-010-FIG10-001,a_over_A5=1.5,1.5,exact,eq6,1,1.5,100,2,3,0.46256990158834232,0.88658281403631511,8.9167412458580347e-05,1,ok
CP-010-FIG10-001,a_over_A5=1.5,1.5,exact,eq6,1,1.5,101,2.02,3.0300000000000002,0.46256990158834232,0.88658281403631511,8.2019512805046719e-05,1,ok
CP-010-FIG10-001,a_over_A5=1.5,1.5,exact,eq6,1,1.5,102,2.04,3.0600000000000001,0.46256990158834232,0.88658281403631511,7.5444608016433254e-05,1,ok
CP-010-FIG10-001,a_over_A5=1.5,1.5,exact,eq6,1,1.5,103,2.0600000000000001,3.0899999999999999,0.46256990158834232,0.88658281403631511,6.9396765282944353e-05,1,ok
CP-010-FIG10-001,a_over_A5=1.5,1.5,exact,eq6,1,1.5,104,2.0800000000000001,3.1200000000000001,0.46256990158834232,0.88658281403631511,6.383373389238188e-05,1,ok
CP-010-FIG10-001,a_over_A5=1.5,1.5,exact,eq6,1,1.5,105,2.1000000000000001,3.1500000000000004,0.46256990158834232,0.88658281403631511,5.8716650063297318e-05,1,ok
CP-010-FIG10-001,a_over_A5=1.5,1.5,exact,eq6,1,1.5,106,2.1200000000000001,3.1800000000000002,0.46256990158834232,0.88658281403631511,5.4009765439511068e-05,1,ok
CP-010-FIG10-001,a_over_A5=1.5,1.5,exact,eq6,1,1.5,107,2.1400000000000001,3.21,0.46256990158834232,0.88658281403631511,4.9680197349242266e-05,1,ok
CP-010-FIG10-001,a_over_A5=1.5,1.5,exact,eq6,1,1.5,108,2.1600000000000001,3.2400000000000002,0.46256990158834232,0.88658281403631511,4.5697699084137929e-05,1,ok
CP-010-FIG10-001,a_over_A5=1.5,1.5,exact,eq6,1,1.5,109,2.1800000000000002,3.2700000000000005,0.46256990158834232,0.88658281403631511,4.2034448593354376e-05,1,ok
CP-010-FIG10-001,a_over_A5=1.5,1.5,exact,eq6,1,1.5,110,2.2000000000000002,3.3000000000000003,0.46256990158834232,0.88658281403631511,3.8664854116487878e-05,1,ok
CP-010-FIG10-001,a_over_A5=1.5,1.5,exact,eq6,1,1.5,111,2.2200000000000002,3.3300000000000001,0.46256990158834232,0.88658281403631511,3.5565375397493407e-05,1,ok
CP-010-FIG10-001,a_over_A5=1.5,1.5,exact,eq6,1,1.5,112,2.2400000000000002,3.3600000000000003,0.46256990158834232,0.88658281403631511,3.2714359230576769e-05,1,ok
CP-010-FIG10-001,a_over_A5=1.5,1.5,exact,eq6,1,1.5,113,2.2600000000000002,3.3900000000000006,0.46256990158834232,0.88658281403631511,3.0091888189169833e-05,1,ok
CP-010-FIG10-001,a_over_A5=1.5,1.5,exact,eq6,1,1.5,114,2.2800000000000002,3.4200000000000004,0.46256990158834232,0.88658281403631511,2.7679641481198418e-05,1,ok
CP-010-FIG10-001,a_over_A5=1.5,1.5,exact,eq6,1,1.5,115,2.3000000000000003,3.4500000000000002,0.46256990158834232,0.88658281403631511,2.5460766958566074e-05,1,ok
CP-010-FIG10-001,a_over_A5=1.5,1.5,exact,eq6,1,1.5,116,2.3199999999999998,3.4799999999999995,0.46256990158834232,0.88658281403631511,2.3419763386702136e-05,1,ok
CP-010-FIG10-001,a_over_A5=1.5,1.5,exact,eq6,1,1.5,117,2.3399999999999999,3.5099999999999998,0.46256990158834232,0.88658281403631511,2.1542372151698962e-05,1,ok
CP-010-FIG10-001,a_over_A5=1.5,1.5,exact,eq6,1,1.5,118,2.3599999999999999,3.54,0.46256990158834232,0.88658281403631511,1.9815477648497515e-05,1,ok
CP-010-FIG10-001,a_over_A5=1.5,1.5,exact,eq6,1,1.5,119,2.3799999999999999,3.5699999999999998,0.46256990158834232,0.88658281403631511,1.8227015654222507e-05,1,ok
CP-010-FIG10-001,a_over_A5=1.5,1.5,exact,eq6,1,1.5,120,2.3999999999999999,3.5999999999999996,0.46256990158834232,0.88658281403631511,1.6765889046558682e-05,1,ok
CP-010-FIG10-001,a_over_A5=1.5,1.5,exact,eq6,1,1.5,121,2.4199999999999999,3.6299999999999999,0.46256990158834232,0.88658281403631511,1.5421890278367995e-05,1,ok
CP-010-FIG10-001,a_over_A5=1.5,1.5,exact,eq6,1,1.5,122,2.4399999999999999,3.6600000000000001,0.46256990158834232,0.88658281403631511,1.4185630066950671e-05,1,ok
CP-010-FIG10-001,a_over_A5=1.5,1.5,exact,eq6,1,1.5,123,2.46,3.6899999999999999,0.46256990158834232,0.88658281403631511,1.3048471799766301e-05,1,ok
CP-010-FIG10-001,a_over_A5=1.5,1.5,exact,eq6,1,1.5,124,2.48,3.7199999999999998,0.46256990158834232,0.88658281403631511,1.2002471198369285e-05,1,ok
CP-010-FIG10-001,a_over_A5=1.5,1.5,exact,eq6,1,1.5,125,2.5,3.75,0.46256990158834232,0.88658281403631511,1.1040320819045188e-05,1,ok
CP-010-FIG10-001,a_over_A5=1.5,1.5,exact,eq6,1,1.5,126,2.52,3.7800000000000002,0.46256990158834232,0.88658281403631511,1.0155299002425684e-05,1,ok
CP-010-FIG10-001,a_over_A5=1.5,1.5,exact,eq6,1,1.5,127,2.54,3.8100000000000001,0.46256990158834232,0.88658281403631511,9.3412229154394448e-06,1,ok
CP-010-FIG10-001,a_over_A5=1.5,1.5,exact,eq6,1,1.5,128,2.5600000000000001,3.8399999999999999,0.46256990158834232,0.88658281403631511,8.5924053575466911e-06,1,ok
CP-010-FIG10-001,a_over_A5=1.5,1.5,exact,eq6,1,1.5,129,2.5800000000000001,3.8700000000000001,0.46256990158834232,0.88658281403631511,7.9036150295021485e-06,1,ok
CP-010-FIG10-001,a_over_A5=1.5,1.5,exact,eq6,1,1.5,130,2.6000000000000001,3.9000000000000004,0.46256990158834232,0.88658281403631511,7.2700399870808588e-06,1,ok
CP-010-FIG10-001,a_over_A5=1.5,1.5,exact,eq6,1,1.5,131,2.6200000000000001,3.9300000000000002,0.46256990158834232,0.88658281403631511,6.6872540244516342e-06,1,ok
CP-010-FIG10-001,a_over_A5=1.5,1.5,exact,eq6,1,1.5,132,2.6400000000000001,3.96,0.46256990158834232,0.88658281403631511,6.151185752349726e-06,1,ok
CP-010-FIG10-001,a_over_A5=1.5,1.5,exact,eq6,1,1.5,133,2.6600000000000001,3.9900000000000002,0.46256990158834232,0.88658281403631511,5.6580901550263809e-06,1,ok
CP-010-FIG10-001,a_over_A5=1.5,1.5,exact,eq6,1,1.5,134,2.6800000000000002,4.0200000000000005,0.46256990158834232,0.88658281403631511,5.2045224272697572e-06,1,ok
CP-010-FIG10-001,a_over_A5=1.5,1.5,exact,eq6,1,1.5,135,2.7000000000000002,4.0500000000000007,0.46256990158834232,0.88658281403631511,4.7873139087207835e-06,1,ok
CP-010-FIG10-001,a_over_A5=1.5,1.5,exact,eq6,1,1.5,136,2.7200000000000002,4.0800000000000001,0.46256990158834232,0.88658281403631511,4.4035499473588153e-06,1,ok
CP-010-FIG10-001,a_over_A5=1.5,1.5,exact,eq6,1,1.5,137,2.7400000000000002,4.1100000000000003,0.46256990158834232,0.88658281403631511,4.0505495375099215e-06,1,ok
CP-010-FIG10-001,a_over_A5=1.5,1.5,exact,eq6,1,1.5,138,2.7600000000000002,4.1400000000000006,0.46256990158834232,0.88658281403631511,3.7258465901272436e-06,1,ok
CP-010-FIG10-001,a_over_A5=1.5,1.5,exact,eq6,1,1.5,139,2.7800000000000002,4.1699999999999999,0.46256990158834232,0.88658281403631511,3.4271727044959828e-06,1,ok
CP-010-FIG10-001,a_over_A5=1.5,1.5,exact,eq6,1,1.5,140,2.8000000000000003,4.2000000000000002,0.46256990158834232,0.88658281403631511,3.152441321004889e-06,1,ok
CP-010-FIG10-001,a_over_A5=1.5,1.5,exact,eq6,1,1.5,141,2.8199999999999998,4.2299999999999995,0.46256990158834232,0.88658281403631511,2.8997331442742687e-06,1,ok
CP-010-FIG10-001,a_over_A5=1.5,1.5,exact,eq6,1,1.5,142,2.8399999999999999,4.2599999999999998,0.46256990158834232,0.88658281403631511,2.6672827348051536e-06,1,ok
CP-010-FIG10-001,a_over_A5=1.5,1.5,exact,eq6,1,1.5,143,2.8599999999999999,4.29,0.46256990158834232,0.88658281403631511,2.4534661754780985e-06,1,ok
CP-010-FIG10-001,a_over_A5=1.5,1.5,exact,eq6,1,1.5,144,2.8799999999999999,4.3200000000000003,0.46256990158834232,0.88658281403631511,2.2567897267384534e-06,1,ok
CP-010-FIG10-001,a_over_A5=1.5,1.5,exact,eq6,1,1.5,145,2.8999999999999999,4.3499999999999996,0.46256990158834232,0.88658281403631511,2.0758793912126245e-06,1,ok
CP-010-FIG10-001,a_over_A5=1.5,1.5,exact,eq6,1,1.5,146,2.9199999999999999,4.3799999999999999,0.46256990158834232,0.88658281403631511,1.9094713148526776e-06,1,ok
CP-010-FIG10-001,a_over_A5=1.5,1.5,exact,eq6,1,1.5,147,2.9399999999999999,4.4100000000000001,0.46256990158834232,0.88658281403631511,1.7564029575510916e-06,1,ok
CP-010-FIG10-001,a_over_A5=1.5,1.5,exact,eq6,1,1.5,148,2.96,4.4399999999999995,0.46256990158834232,0.88658281403631511,1.615604971542734e-06,1,ok
CP-010-FIG10-001,a_over_A5=1.5,1.5,exact,eq6,1,1.5,149,2.98,4.4699999999999998,0.46256990158834232,0.88658281403631511,1.4860937308559882e-06,1,ok
CP-010-FIG10-001,a_over_A5=1.5,1.5,exact,eq6,1,1.5,150,3,4.5,0.46256990158834232,0.88658281403631511,1.366964459623201e-06,1,ok
CP-010-FIG10-001,a_over_A5=2,2,exact,eq6,1,2,0,0,0,0.37696700939320238,0.9262266859841306,0.26324126769580308,1,ok
CP-010-FIG10-001,a_over_A5=2,2,exact,eq6,1,2,1,0.02,0.040000000000000001,0.37696700939320238,0.9262266859841306,0.23431770337263597,1,ok
CP-010-FIG10-001,a_over_A5=2,2,exact,eq6,1,2,2,0.040000000000000001,0.080000000000000002,0.37696700939320238,0.9262266859841306,0.20857210799210102,1,ok
CP-010-FIG10-001,a_over_A5=2,2,exact,eq6,1,2,3,0.059999999999999998,0.12,0.37696700939320238,0.9262266859841306,0.1856553030612749,1,ok
CP-010-FIG10-001,a_over_A5=2,2,exact,eq6,1,2,4,0.080000000000000002,0.16,0.37696700939320238,0.9262266859841306,0.16525647598133875,1,ok
CP-010-FIG10-001,a_over_A5=2,2,exact,eq6,1,2,5,0.10000000000000001,0.20000000000000001,0.37696700939320238,0.9262266859841306,0.14709896460516034,1,ok
CP-010-FIG10-001,a_over_A5=2,2,exact,eq6,1,2,6,0.12,0.23999999999999999,0.37696700939320238,0.9262266859841306,0.13093650496549164,1,ok
CP-010-FIG10-001,a_over_A5=2,2,exact,eq6,1,2,7,0.14000000000000001,0.28000000000000003,0.37696700939320238,0.9262266859841306,0.1165498912830334,1,ok
CP-010-FIG10-001,a_over_A5=2,2,exact,eq6,1,2,8,0.16,0.32000000000000001,0.37696700939320238,0.9262266859841306,0.10374400295522583,1,ok
CP-010-FIG10-001,a_over_A5=2,2,exact,eq6,1,2,9,0.17999999999999999,0.35999999999999999,0.37696700939320238,0.9262266859841306,0.092345158203855748,1,ok
CP-010-FIG10-001,a_over_A5=2,2,exact,eq6,1,2,10,0.20000000000000001,0.40000000000000002,0.37696700939320238,0.9262266859841306,0.082198758489929552,1,ok
CP-010-FIG10-001,a_over_A5=2,2,exact,eq6,1,2,11,0.22,0.44,0.37696700939320238,0.9262266859841306,0.073167191747836008,1,ok
CP-010-FIG10-001,a_over_A5=2,2,exact,eq6,1,2,12,0.23999999999999999,0.47999999999999998,0.37696700939320238,0.9262266859841306,0.065127966001098062,1,ok
CP-010-FIG10-001,a_over_A5=2,2,exact,eq6,1,2,13,0.26000000000000001,0.52000000000000002,0.37696700939320238,0.9262266859841306,0.057972048046597814,1,ok
CP-010-FIG10-001,a_over_A5=2,2,exact,eq6,1,2,14,0.28000000000000003,0.56000000000000005,0.37696700939320238,0.9262266859841306,0.051602384675430872,1,ok
CP-010-FIG10-001,a_over_A5=2,2,exact,eq6,1,2,15,0.29999999999999999,0.59999999999999998,0.37696700939320238,0.9262266859841306,0.045932586374226168,1,ok
CP-010-FIG10-001,a_over_A5=2,2,exact,eq6,1,2,16,0.32000000000000001,0.64000000000000001,0.37696700939320238,0.9262266859841306,0.040885755654433441,1,ok
CP-010-FIG10-001,a_over_A5=2,2,exact,eq6,1,2,17,0.34000000000000002,0.68000000000000005,0.37696700939320238,0.9262266859841306,0.03639344411861889,1,ok
CP-010-FIG10-001,a_over_A5=2,2,exact,eq6,1,2,18,0.35999999999999999,0.71999999999999997,0.37696700939320238,0.9262266859841306,0.032394724118824408,1,ok
CP-010-FIG10-001,a_over_A5=2,2,exact,eq6,1,2,19,0.38,0.76000000000000001,0.37696700939320238,0.9262266859841306,0.028835362416217744,1,ok
CP-010-FIG10-001,a_over_A5=2,2,exact,eq6,1,2,20,0.40000000000000002,0.80000000000000004,0.37696700939320238,0.9262266859841306,0.025667084634669109,1,ok
CP-010-FIG10-001,a_over_A5=2,2,exact,eq6,1,2,21,0.41999999999999998,0.83999999999999997,0.37696700939320238,0.9262266859841306,0.022846920532295496,1,ok
CP-010-FIG10-001,a_over_A5=2,2,exact,eq6,1,2,22,0.44,0.88,0.37696700939320238,0.9262266859841306,0.020336621211120058,1,ok
CP-010-FIG10-001,a_over_A5=2,2,exact,eq6,1,2,23,0.46000000000000002,0.92000000000000004,0.37696700939320238,0.9262266859841306,0.018102140360665257,1,ok
CP-010-FIG10-001,a_over_A5=2,2,exact,eq6,1,2,24,0.47999999999999998,0.95999999999999996,0.37696700939320238,0.9262266859841306,0.016113172499768399,1,ok
CP-010-FIG10-001,a_over_A5=2,2,exact,eq6,1,2,25,0.5,1,0.37696700939320238,0.9262266859841306,0.014342741953954814,1,ok
CP-010-FIG10-001,a_over_A5=2,2,exact,eq6,1,2,26,0.52000000000000002,1.04,0.37696700939320238,0.9262266859841306,0.012766836993813136,1,ok
CP-010-FIG10-001,a_over_A5=2,2,exact,eq6,1,2,27,0.54000000000000004,1.0800000000000001,0.37696700939320238,0.9262266859841306,0.011364084172319135,1,ok
CP-010-FIG10-001,a_over_A5=2,2,exact,eq6,1,2,28,0.56000000000000005,1.1200000000000001,0.37696700939320238,0.9262266859841306,0.01011545844425971,1,ok
CP-010-FIG10-001,a_over_A5=2,2,exact,eq6,1,2,29,0.57999999999999996,1.1599999999999999,0.37696700939320238,0.9262266859841306,0.0090040251362080142,1,ok
CP-010-FIG10-001,a_over_A5=2,2,exact,eq6,1,2,30,0.59999999999999998,1.2,0.37696700939320238,0.9262266859841306,0.0080147102674790263,1,ok
CP-010-FIG10-001,a_over_A5=2,2,exact,eq6,1,2,31,0.62,1.24,0.37696700939320238,0.9262266859841306,0.0071340961070091007,1,ok
CP-010-FIG10-001,a_over_A5=2,2,exact,eq6,1,2,32,0.64000000000000001,1.28,0.37696700939320238,0.9262266859841306,0.0063502391933690228,1,ok
CP-010-FIG10-001,a_over_A5=2,2,exact,eq6,1,2,33,0.66000000000000003,1.3200000000000001,0.37696700939320238,0.9262266859841306,0.0056525083497797344,1,ok
CP-010-FIG10-001,a_over_A5=2,2,exact,eq6,1,2,34,0.68000000000000005,1.3600000000000001,0.37696700939320238,0.9262266859841306,0.0050314404971852078,1,ok
CP-010-FIG10-001,a_over_A5=2,2,exact,eq6,1,2,35,0.70000000000000007,1.4000000000000001,0.37696700939320238,0.9262266859841306,0.0044786123098255678,1,ok
CP-010-FIG10-001,a_over_A5=2,2,exact,eq6,1,2,36,0.71999999999999997,1.4399999999999999,0.37696700939320238,0.9262266859841306,0.0039865259726200412,1,ok
CP-010-FIG10-001,a_over_A5=2,2,exact,eq6,1,2,37,0.73999999999999999,1.48,0.37696700939320238,0.9262266859841306,0.0035485074909270557,1,ok
CP-010-FIG10-001,a_over_A5=2,2,exact,eq6,1,2,38,0.76000000000000001,1.52,0.37696700939320238,0.9262266859841306,0.0031586161734924638,1,ok
CP-010-FIG10-001,a_over_A5=2,2,exact,eq6,1,2,39,0.78000000000000003,1.5600000000000001,0.37696700939320238,0.9262266859841306,0.0028115640609347255,1,ok
CP-010-FIG10-001,a_over_A5=2,2,exact,eq6,1,2,40,0.80000000000000004,1.6000000000000001,0.37696700939320238,0.9262266859841306,0.0025026442070039102,1,ok
CP-010-FIG10-001,a_over_A5=2,2,exact,eq6,1,2,41,0.82000000000000006,1.6400000000000001,0.37696700939320238,0.9262266859841306,0.0022276668399182648,1,ok
CP-010-FIG10-001,a_over_A5=2,2,exact,eq6,1,2,42,0.83999999999999997,1.6799999999999999,0.37696700939320238,0.9262266859841306,0.0019829025379569983,1,ok
CP-010-FIG10-001,a_over_A5=2,2,exact,eq6,1,2,43,0.85999999999999999,1.72,0.37696700939320238,0.9262266859841306,0.0017650316486196686,1,ok
CP-010-FIG10-001,a_over_A5=2,2,exact,eq6,1,2,44,0.88,1.76,0.37696700939320238,0.9262266859841306,0.0015710992653420201,1,ok
CP-010-FIG10-001,a_over_A5=2,2,exact,eq6,1,2,45,0.90000000000000002,1.8,0.37696700939320238,0.9262266859841306,0.0013984751511331782,1,ok
CP-010-FIG10-001,a_over_A5=2,2,exact,eq6,1,2,46,0.92000000000000004,1.8400000000000001,0.37696700939320238,0.9262266859841306,0.0012448180655925726,1,ok
CP-010-FIG10-001,a_over_A5=2,2,exact,eq6,1,2,47,0.94000000000000006,1.8800000000000001,0.37696700939320238,0.9262266859841306,0.0011080440114863842,1,ok
CP-010-FIG10-001,a_over_A5=2,2,exact,eq6,1,2,48,0.95999999999999996,1.9199999999999999,0.37696700939320238,0.9262266859841306,0.00098629797022297197,1,ok
CP-010-FIG10-001,a_over_A5=2,2,exact,eq6,1,2,49,0.97999999999999998,1.96,0.37696700939320238,0.9262266859841306,0.00087792874288541403,1,ok
CP-010-FIG10-001,a_over_A5=2,2,exact,eq6,1,2,50,1,2,0.37696700939320238,0.9262266859841306,0.00078146655559893164,1,ok
CP-010-FIG10-001,a_over_A5=2,2,exact,eq6,1,2,51,1.02,2.04,0.37696700939320238,0.9262266859841306,0.00069560312550259501,1,ok
CP-010-FIG10-001,a_over_A5=2,2,exact,eq6,1,2,52,1.04,2.0800000000000001,0.37696700939320238,0.9262266859841306,0.00061917391696710109,1,ok
CP-010-FIG10-001,a_over_A5=2,2,exact,eq6,1,2,53,1.0600000000000001,2.1200000000000001,0.37696700939320238,0.9262266859841306,0.00055114234740590159,1,ok
CP-010-FIG10-001,a_over_A5=2,2,exact,eq6,1,2,54,1.0800000000000001,2.1600000000000001,0.37696700939320238,0.9262266859841306,0.00049058572846864172,1,ok
CP-010-FIG10-001,a_over_A5=2,2,exact,eq6,1,2,55,1.1000000000000001,2.2000000000000002,0.37696700939320238,0.9262266859841306,0.00043668275194222672,1,ok
CP-010-FIG10-001,a_over_A5=2,2,exact,eq6,1,2,56,1.1200000000000001,2.2400000000000002,0.37696700939320238,0.9262266859841306,0.00038870235063518673,1,ok
CP-010-FIG10-001,a_over_A5=2,2,exact,eq6,1,2,57,1.1400000000000001,2.2800000000000002,0.37696700939320238,0.9262266859841306,0.0003459937831694091,1,ok
CP-010-FIG10-001,a_over_A5=2,2,exact,eq6,1,2,58,1.1599999999999999,2.3199999999999998,0.37696700939320238,0.9262266859841306,0.00030797780820274602,1,ok
CP-010-FIG10-001,a_over_A5=2,2,exact,eq6,1,2,59,1.1799999999999999,2.3599999999999999,0.37696700939320238,0.9262266859841306,0.00027413882838156576,1,ok
CP-010-FIG10-001,a_over_A5=2,2,exact,eq6,1,2,60,1.2,2.3999999999999999,0.37696700939320238,0.9262266859841306,0.00024401789747443097,1,ok
CP-010-FIG10-001,a_over_A5=2,2,exact,eq6,1,2,61,1.22,2.4399999999999999,0.37696700939320238,0.9262266859841306,0.00021720649584510259,1,ok
CP-010-FIG10-001,a_over_A5=2,2,exact,eq6,1,2,62,1.24,2.48,0.37696700939320238,0.9262266859841306,0.00019334098984379663,1,ok
CP-010-FIG10-001,a_over_A5=2,2,exact,eq6,1,2,63,1.26,2.52,0.37696700939320238,0.9262266859841306,0.00017209769997135162,1,ok
CP-010-FIG10-001,a_over_A5=2,2,exact,eq6,1,2,64,1.28,2.5600000000000001,0.37696700939320238,0.9262266859841306,0.00015318851092754776,1,ok
CP-010-FIG10-001,a_over_A5=2,2,exact,eq6,1,2,65,1.3,2.6000000000000001,0.37696700939320238,0.9262266859841306,0.00013635696400420136,1,ok
CP-010-FIG10-001,a_over_A5=2,2,exact,eq6,1,2,66,1.3200000000000001,2.6400000000000001,0.37696700939320238,0.9262266859841306,0.00012137477882552764,1,ok
CP-010-FIG10-001,a_over_A5=2,2,exact,eq6,1,2,67,1.3400000000000001,2.6800000000000002,0.37696700939320238,0.9262266859841306,0.000108038757261359,1,ok
CP-010-FIG10-001,a_over_A5=2,2,exact,eq6,1,2,68,1.3600000000000001,2.7200000000000002,0.37696700939320238,0.9262266859841306,9.6168027522072801e-05,1,ok
CP-010-FIG10-001,a_over_A5=2,2,exact,eq6,1,2,69,1.3800000000000001,2.7600000000000002,0.37696700939320238,0.9262266859841306,8.5601591057859051e-05,1,ok
CP-010-FIG10-001,a_over_A5=2,2,exact,eq6,1,2,70,1.4000000000000001,2.8000000000000003,0.37696700939320238,0.9262266859841306,7.6196138991777479e-05,1,ok
CP-010-FIG10-001,a_over_A5=2,2,exact,eq6,1,2,71,1.4199999999999999,2.8399999999999999,0.37696700939320238,0.9262266859841306,6.7824108471652633e-05,1,ok
CP-010-FIG10-001,a_over_A5=2,2,exact,eq6,1,2,72,1.4399999999999999,2.8799999999999999,0.37696700939320238,0.9262266859841306,6.0371952579787486e-05,1,ok
CP-010-FIG10-001,a_over_A5=2,2,exact,eq6,1,2,73,1.46,2.9199999999999999,0.37696700939320238,0.9262266859841306,5.3738600335888863e-05,1,ok
CP-010-FIG10-001,a_over_A5=2,2,exact,eq6,1,2,74,1.48,2.96,0.37696700939320238,0.9262266859841306,4.7834085906759913e-05,1,ok
CP-010-FIG10-001,a_over_A5=2,2,exact,eq6,1,2,75,1.5,3,0.37696700939320238,0.9262266859841306,4.257832843121526e-05,1,ok
CP-010-FIG10-001,a_over_A5=2,2,exact,eq6,1,2,76,1.52,3.04,0.37696700939320238,0.9262266859841306,3.7900045911407976e-05,1,ok
CP-010-FIG10-001,a_over_A5=2,2,exact,eq6,1,2,77,1.54,3.0800000000000001,0.37696700939320238,0.9262266859841306,3.3735788440059065e-05,1,ok
CP-010-FIG10-001,a_over_A5=2,2,exact,eq6,1,2,78,1.5600000000000001,3.1200000000000001,0.37696700939320238,0.9262266859841306,3.0029077651588115e-05,1,ok
CP-010-FIG10-001,a_over_A5=2,2,exact,eq6,1,2,79,1.5800000000000001,3.1600000000000001,0.37696700939320238,0.9262266859841306,2.6729640725821735e-05,1,ok
CP-010-FIG10-001,a_over_A5=2,2,exact,eq6,1,2,80,1.6000000000000001,3.2000000000000002,0.37696700939320238,0.9262266859841306,2.3792728555341499e-05,1,ok
CP-010-FIG10-001,a_over_A5=2,2,exact,eq6,1,2,81,1.6200000000000001,3.2400000000000002,0.37696700939320238,0.9262266859841306,2.1178508829013025e-05,1,ok
CP-010-FIG10-001,a_over_A5=2,2,exact,eq6,1,2,82,1.6400000000000001,3.2800000000000002,0.37696700939320238,0.9262266859841306,1.8851525800301207e-05,1,ok
CP-010-FIG10-001,a_over_A5=2,2,exact,eq6,1,2,83,1.6600000000000001,3.3200000000000003,0.37696700939320238,0.9262266859841306,1.6780219413397816e-05,1,ok
CP-010-FIG10-001,a_over_A5=2,2,exact,eq6,1,2,84,1.6799999999999999,3.3599999999999999,0.37696700939320238,0.9262266859841306,1.4936497265238601e-05,1,ok
CP-010-FIG10-001,a_over_A5=2,2,exact,eq6,1,2,85,1.7,3.3999999999999999,0.37696700939320238,0.9262266859841306,1.3295353598079342e-05,1,ok
CP-010-FIG10-001,a_over_A5=2,2,exact,eq6,1,2,86,1.72,3.4399999999999999,0.37696700939320238,0.9262266859841306,1.183453015516204e-05,1,ok
CP-010-FIG10-001,a_over_A5=2,2,exact,eq6,1,2,87,1.74,3.48,0.37696700939320238,0.9262266859841306,1.0534214299774043e-05,1,ok
CP-010-FIG10-001,a_over_A5=2,2,exact,eq6,1,2,88,1.76,3.52,0.37696700939320238,0.9262266859841306,9.3767703033956678e-06,1,ok
CP-010-FIG10-001,a_over_A5=2,2,exact,eq6,1,2,89,1.78,3.5600000000000001,0.37696700939320238,0.9262266859841306,8.3465001584910474e-06,1,ok
CP-010-FIG10-001,a_over_A5=2,2,exact,eq6,1,2,90,1.8,3.6000000000000001,0.37696700939320238,0.9262266859841306,7.4294306719301145e-06,1,ok
CP-010-FIG10-001,a_over_A5=2,2,exact,eq6,1,2,91,1.8200000000000001,3.6400000000000001,0.37696700939320238,0.9262266859841306,6.6131239514640754e-06,1,ok
CP-010-FIG10-001,a_over_A5=2,2,exact,eq6,1,2,92,1.8400000000000001,3.6800000000000002,0.37696700939320238,0.9262266859841306,5.8865087149492532e-06,1,ok
CP-010-FIG10-001,a_over_A5=2,2,exact,eq6,1,2,93,1.8600000000000001,3.7200000000000002,0.37696700939320238,0.9262266859841306,5.2397301344249092e-06,1,ok
CP-010-FIG10-001,a_over_A5=2,2,exact,eq6,1,2,94,1.8800000000000001,3.7600000000000002,0.37696700939320238,0.9262266859841306,4.66401617853329e-06,1,ok
CP-010-FIG10-001,a_over_A5=2,2,exact,eq6,1,2,95,1.9000000000000001,3.8000000000000003,0.37696700939320238,0.9262266859841306,4.1515586405306044e-06,1,ok
CP-010-FIG10-001,a_over_A5=2,2,exact,eq6,1,2,96,1.9199999999999999,3.8399999999999999,0.37696700939320238,0.9262266859841306,3.6954072383137355e-06,1,ok
CP-010-FIG10-001,a_over_A5=2,2,exact,eq6,1,2,97,1.9399999999999999,3.8799999999999999,0.37696700939320238,0.9262266859841306,3.2893753501784012e-06,1,ok
CP-010-FIG10-001,a_over_A5=2,2,exact,eq6,1,2,98,1.96,3.9199999999999999,0.37696700939320238,0.9262266859841306,2.9279561078357923e-06,1,ok
CP-010-FIG10-001,a_over_A5=2,2,exact,eq6,1,2,99,1.98,3.96,0.37696700939320238,0.9262266859841306,2.6062477086866811e-06,1,ok
CP-010-FIG10-001,a_over_A5=2,2,exact,eq6,1,2,100,2,4,0.37696700939320238,0.9262266859841306,2.3198869343896358e-06,1,ok
CP-010-FIG10-001,a_over_A5=2,2,exact,eq6,1,2,101,2.02,4.04,0.37696700939320238,0.9262266859841306,2.0649899740588107e-06,1,ok
CP-010-FIG10-001,a_over_A5=2,2,exact,eq6,1,2,102,2.04,4.0800000000000001,0.37696700939320238,0.9262266859841306,1.8380997494971923e-06,1,ok
CP-010-FIG10-001,a_over_A5=2,2,exact,eq6,1,2,103,2.0600000000000001,4.1200000000000001,0.37696700939320238,0.9262266859841306,1.6361390280558449e-06,1,ok
CP-010-FIG10-001,a_over_A5=2,2,exact,eq6,1,2,104,2.0800000000000001,4.1600000000000001,0.37696700939320238,0.9262266859841306,1.4563686872052502e-06,1,ok
CP-010-FIG10-001,a_over_A5=2,2,exact,eq6,1,2,105,2.1000000000000001,4.2000000000000002,0.37696700939320238,0.9262266859841306,1.2963505647758125e-06,1,ok
CP-010-FIG10-001,a_over_A5=2,2,exact,eq6,1,2,106,2.1200000000000001,4.2400000000000002,0.37696700939320238,0.9262266859841306,1.1539143910182988e-06,1,ok
CP-010-FIG10-001,a_over_A5=2,2,exact,eq6,1,2,107,2.1400000000000001,4.2800000000000002,0.37696700939320238,0.9262266859841306,1.0271283539953583e-06,1,ok
CP-010-FIG10-001,a_over_A5=2,2,exact,eq6,1,2,108,2.1600000000000001,4.3200000000000003,0.37696700939320238,0.9262266859841306,9.1427289909280826e-07,1,ok
CP-010-FIG10-001,a_over_A5=2,2,exact,eq6,1,2,109,2.1800000000000002,4.3600000000000003,0.37696700939320238,0.9262266859841306,8.1381740730267799e-07,1,ok
CP-010-FIG10-001,a_over_A5=2,2,exact,eq6,1,2,110,2.2000000000000002,4.4000000000000004,0.37696700939320238,0.9262266859841306,7.2439943597368022e-07,1,ok
CP-010-FIG10-001,a_over_A5=2,2,exact,eq6,1,2,111,2.2200000000000002,4.4400000000000004,0.37696700939320238,0.9262266859841306,6.4480624047872971e-07,1,ok
CP-010-FIG10-001,a_over_A5=2,2,exact,eq6,1,2,112,2.2400000000000002,4.4800000000000004,0.37696700939320238,0.9262266859841306,5.7395832618431231e-07,1,ok
CP-010-FIG10-001,a_over_A5=2,2,exact,eq6,1,2,113,2.2600000000000002,4.5200000000000005,0.37696700939320238,0.9262266859841306,5.1089480764286175e-07,1,ok
CP-010-FIG10-001,a_over_A5=2,2,exact,eq6,1,2,114,2.2800000000000002,4.5600000000000005,0.37696700939320238,0.9262266859841306,4.5476037643997656e-07,1,ok
CP-010-FIG10-001,a_over_A5=2,2,exact,eq6,1,2,115,2.3000000000000003,4.6000000000000005,0.37696700939320238,0.9262266859841306,4.0479370094596093e-07,1,ok
CP-010-FIG10-001,a_over_A5=2,2,exact,eq6,1,2,116,2.3199999999999998,4.6399999999999997,0.37696700939320238,0.9262266859841306,3.6031710064158617e-07,1,ok
CP-010-FIG10-001,a_over_A5=2,2,exact,eq6,1,2,117,2.3399999999999999,4.6799999999999997,0.37696700939320238,0.9262266859841306,3.2072735497455405e-07,1,ok
CP-010-FIG10-001,a_over_A5=2,2,exact,eq6,1,2,118,2.3599999999999999,4.7199999999999998,0.37696700939320238,0.9262266859841306,2.8548752209042697e-07,1,ok
CP-010-FIG10-001,a_over_A5=2,2,exact,eq6,1,2,119,2.3799999999999999,4.7599999999999998,0.37696700939320238,0.9262266859841306,2.5411965647831466e-07,1,ok
CP-010-FIG10-001,a_over_A5=2,2,exact,eq6,1,2,120,2.3999999999999999,4.7999999999999998,0.37696700939320238,0.9262266859841306,2.26198326763305e-07,1,ok
CP-010-FIG10-001,a_over_A5=2,2,exact,eq6,1,2,121,2.4199999999999999,4.8399999999999999,0.37696700939320238,0.9262266859841306,2.0134484572973257e-07,1,ok
CP-010-FIG10-001,a_over_A5=2,2,exact,eq6,1,2,122,2.4399999999999999,4.8799999999999999,0.37696700939320238,0.9262266859841306,1.7922213431910449e-07,1,ok
CP-010-FIG10-001,a_over_A5=2,2,exact,eq6,1,2,123,2.46,4.9199999999999999,0.37696700939320238,0.9262266859841306,1.5953014994489105e-07,1,ok
CP-010-FIG10-001,a_over_A5=2,2,exact,eq6,1,2,124,2.48,4.96,0.37696700939320238,0.9262266859841306,1.4200181712001014e-07,1,ok
CP-010-FIG10-001,a_over_A5=2,2,exact,eq6,1,2,125,2.5,5,0.37696700939320238,0.9262266859841306,1.2639940520554004e-07,1,ok
CP-010-FIG10-001,a_over_A5=2,2,exact,eq6,1,2,126,2.52,5.04,0.37696700939320238,0.9262266859841306,1.1251130415332507e-07,1,ok
CP-010-FIG10-001,a_over_A5=2,2,exact,eq6,1,2,127,2.54,5.0800000000000001,0.37696700939320238,0.9262266859841306,1.0014915451300849e-07,1,ok
CP-010-FIG10-001,a_over_A5=2,2,exact,eq6,1,2,128,2.5600000000000001,5.1200000000000001,0.37696700939320238,0.9262266859841306,8.9145292778779438e-08,1,ok
CP-010-FIG10-001,a_over_A5=2,2,exact,eq6,1,2,129,2.5800000000000001,5.1600000000000001,0.37696700939320238,0.9262266859841306,7.9350477427965464e-08,1,ok
CP-010-FIG10-001,a_over_A5=2,2,exact,eq6,1,2,130,2.6000000000000001,5.2000000000000002,0.37696700939320238,0.9262266859841306,7.0631864810532143e-08,1,ok
CP-010-FIG10-001,a_over_A5=2,2,exact,eq6,1,2,131,2.6200000000000001,5.2400000000000002,0.37696700939320238,0.9262266859841306,6.2871207437185088e-08,1,ok
CP-010-FIG10-001,a_over_A5=2,2,exact,eq6,1,2,132,2.6400000000000001,5.2800000000000002,0.37696700939320238,0.9262266859841306,5.5963250230087782e-08,1,ok
CP-010-FIG10-001,a_over_A5=2,2,exact,eq6,1,2,133,2.6600000000000001,5.3200000000000003,0.37696700939320238,0.9262266859841306,4.9814302985106705e-08,1,ok
CP-010-FIG10-001,a_over_A5=2,2,exact,eq6,1,2,134,2.6800000000000002,5.3600000000000003,0.37696700939320238,0.9262266859841306,4.4340969684385647e-08,1,ok
CP-010-FIG10-001,a_over_A5=2,2,exact,eq6,1,2,135,2.7000000000000002,5.4000000000000004,0.37696700939320238,0.9262266859841306,3.9469017425365384e-08,1,ok
CP-010-FIG10-001,a_over_A5=2,2,exact,eq6,1,2,136,2.7200000000000002,5.4400000000000004,0.37696700939320238,0.9262266859841306,3.5132369625925493e-08,1,ok
CP-010-FIG10-001,a_over_A5=2,2,exact,eq6,1,2,137,2.7400000000000002,5.4800000000000004,0.37696700939320238,0.9262266859841306,3.1272209850844246e-08,1,ok
CP-010-FIG10-001,a_over_A5=2,2,exact,eq6,1,2,138,2.7600000000000002,5.5200000000000005,0.37696700939320238,0.9262266859841306,2.7836184105087266e-08,1,ok
CP-010-FIG10-001,a_over_A5=2,2,exact,eq6,1,2,139,2.7800000000000002,5.5600000000000005,0.37696700939320238,0.9262266859841306,2.4777690774910086e-08,1,ok
CP-010-FIG10-001,a_over_A5=2,2,exact,eq6,1,2,140,2.8000000000000003,5.6000000000000005,0.37696700939320238,0.9262266859841306,2.2055248586492185e-08,1,ok
CP-010-FIG10-001,a_over_A5=2,2,exact,eq6,1,2,141,2.8199999999999998,5.6399999999999997,0.37696700939320238,0.9262266859841306,1.963193400994942e-08,1,ok
CP-010-FIG10-001,a_over_A5=2,2,exact,eq6,1,2,142,2.8399999999999999,5.6799999999999997,0.37696700939320238,0.9262266859841306,1.7474880478429802e-08,1,ok
CP-010-FIG10-001,a_over_A5=2,2,exact,eq6,1,2,143,2.8599999999999999,5.7199999999999998,0.37696700939320238,0.9262266859841306,1.5554832630378862e-08,1,ok
CP-010-FIG10-001,a_over_A5=2,2,exact,eq6,1,2,144,2.8799999999999999,5.7599999999999998,0.37696700939320238,0.9262266859841306,1.3845749529317506e-08,1,ok
CP-010-FIG10-001,a_over_A5=2,2,exact,eq6,1,2,145,2.8999999999999999,5.7999999999999998,0.37696700939320238,0.9262266859841306,1.2324451479740969e-08,1,ok
CP-010-FIG10-001,a_over_A5=2,2,exact,eq6,1,2,146,2.9199999999999999,5.8399999999999999,0.37696700939320238,0.9262266859841306,1.0970305649027372e-08,1,ok
CP-010-FIG10-001,a_over_A5=2,2,exact,eq6,1,2,147,2.9399999999999999,5.8799999999999999,0.37696700939320238,0.9262266859841306,9.7649462315551962e-09,1,ok
CP-010-FIG10-001,a_over_A5=2,2,exact,eq6,1,2,148,2.96,5.9199999999999999,0.37696700939320238,0.9262266859841306,8.6920253597143975e-09,1,ok
CP-010-FIG10-001,a_over_A5=2,2,exact,eq6,1,2,149,2.98,5.96,0.37696700939320238,0.9262266859841306,7.7369913835035972e-09,1,ok
CP-010-FIG10-001,a_over_A5=2,2,exact,eq6,1,2,150,3,6,0.37696700939320238,0.9262266859841306,6.8868915115976612e-09,1,ok
CP-010-FIG10-001,a_over_A5=3,3,exact,eq6,1,3,0,0,0,0.27435672924729826,0.96162798686224016,0.14476658297614778,1,ok
CP-010-FIG10-001,a_over_A5=3,3,exact,eq6,1,3,1,0.02,0.059999999999999998,0.27435672924729826,0.96162798686224016,0.12076663748854187,1,ok
CP-010-FIG10-001,a_over_A5=3,3,exact,eq6,1,3,2,0.040000000000000001,0.12,0.27435672924729826,0.96162798686224016,0.10074549271285825,1,ok
CP-010-FIG10-001,a_over_A5=3,3,exact,eq6,1,3,3,0.059999999999999998,0.17999999999999999,0.27435672924729826,0.96162798686224016,0.084043528188151792,1,ok
CP-010-FIG10-001,a_over_A5=3,3,exact,eq6,1,3,4,0.080000000000000002,0.23999999999999999,0.27435672924729826,0.96162798686224016,0.070110477800176207,1,ok
CP-010-FIG10-001,a_over_A5=3,3,exact,eq6,1,3,5,0.10000000000000001,0.30000000000000004,0.27435672924729826,0.96162798686224016,0.058487300608852481,1,ok
CP-010-FIG10-001,a_over_A5=3,3,exact,eq6,1,3,6,0.12,0.35999999999999999,0.27435672924729826,0.96162798686224016,0.048791057197754256,1,ok
CP-010-FIG10-001,a_over_A5=3,3,exact,eq6,1,3,7,0.14000000000000001,0.42000000000000004,0.27435672924729826,0.96162798686224016,0.040702293278931212,1,ok
CP-010-FIG10-001,a_over_A5=3,3,exact,eq6,1,3,8,0.16,0.47999999999999998,0.27435672924729826,0.96162798686224016,0.033954514890904709,1,ok
CP-010-FIG10-001,a_over_A5=3,3,exact,eq6,1,3,9,0.17999999999999999,0.54000000000000004,0.27435672924729826,0.96162798686224016,0.028325408437697312,1,ok
CP-010-FIG10-001,a_over_A5=3,3,exact,eq6,1,3,10,0.20000000000000001,0.60000000000000009,0.27435672924729826,0.96162798686224016,0.023629516302625532,1,ok
CP-010-FIG10-001,a_over_A5=3,3,exact,eq6,1,3,11,0.22,0.66000000000000003,0.27435672924729826,0.96162798686224016,0.019712126726227599,1,ok
CP-010-FIG10-001,a_over_A5=3,3,exact,eq6,1,3,12,0.23999999999999999,0.71999999999999997,0.27435672924729826,0.96162798686224016,0.016444176643077613,1,ok
CP-010-FIG10-001,a_over_A5=3,3,exact,eq6,1,3,13,0.26000000000000001,0.78000000000000003,0.27435672924729826,0.96162798686224016,0.013717999545373716,1,ok
CP-010-FIG10-001,a_over_A5=3,3,exact,eq6,1,3,14,0.28000000000000003,0.84000000000000008,0.27435672924729826,0.96162798686224016,0.011443778281601692,1,ok
CP-010-FIG10-001,a_over_A5=3,3,exact,eq6,1,3,15,0.29999999999999999,0.89999999999999991,0.27435672924729826,0.96162798686224016,0.0095465859235010653,1,ok
CP-010-FIG10-001,a_over_A5=3,3,exact,eq6,1,3,16,0.32000000000000001,0.95999999999999996,0.27435672924729826,0.96162798686224016,0.0079639172091713079,1,ok
CP-010-FIG10-001,a_over_A5=3,3,exact,eq6,1,3,17,0.34000000000000002,1.02,0.27435672924729826,0.96162798686224016,0.0066436292327713255,1,ok
CP-010-FIG10-001,a_over_A5=3,3,exact,eq6,1,3,18,0.35999999999999999,1.0800000000000001,0.27435672924729826,0.96162798686224016,0.0055422235343813332,1,ok
CP-010-FIG10-001,a_over_A5=3,3,exact,eq6,1,3,19,0.38,1.1400000000000001,0.27435672924729826,0.96162798686224016,0.0046234129914316923,1,ok
CP-010-FIG10-001,a_over_A5=3,3,exact,eq6,1,3,20,0.40000000000000002,1.2000000000000002,0.27435672924729826,0.96162798686224016,0.0038569262962298567,1,ok
CP-010-FIG10-001,a_over_A5=3,3,exact,eq6,1,3,21,0.41999999999999998,1.26,0.27435672924729826,0.96162798686224016,0.0032175106316736147,1,ok
CP-010-FIG10-001,a_over_A5=3,3,exact,eq6,1,3,22,0.44,1.3200000000000001,0.27435672924729826,0.96162798686224016,0.0026840996871141053,1,ok
CP-010-FIG10-001,a_over_A5=3,3,exact,eq6,1,3,23,0.46000000000000002,1.3800000000000001,0.27435672924729826,0.96162798686224016,0.0022391196036603694,1,ok
CP-010-FIG10-001,a_over_A5=3,3,exact,eq6,1,3,24,0.47999999999999998,1.4399999999999999,0.27435672924729826,0.96162798686224016,0.001867909982466694,1,ok
CP-010-FIG10-001,a_over_A5=3,3,exact,eq6,1,3,25,0.5,1.5,0.27435672924729826,0.96162798686224016,0.0015582408804313032,1,ok
CP-010-FIG10-001,a_over_A5=3,3,exact,eq6,1,3,26,0.52000000000000002,1.5600000000000001,0.27435672924729826,0.96162798686224016,0.001299909880154312,1,ok
CP-010-FIG10-001,a_over_A5=3,3,exact,eq6,1,3,27,0.54000000000000004,1.6200000000000001,0.27435672924729826,0.96162798686224016,0.0010844059591448329,1,ok
CP-010-FIG10-001,a_over_A5=3,3,exact,eq6,1,3,28,0.56000000000000005,1.6800000000000002,0.27435672924729826,0.96162798686224016,0.00090462908404791175,1,ok
CP-010-FIG10-001,a_over_A5=3,3,exact,eq6,1,3,29,0.57999999999999996,1.7399999999999998,0.27435672924729826,0.96162798686224016,0.00075465629158910424,1,ok
CP-010-FIG10-001,a_over_A5=3,3,exact,eq6,1,3,30,0.59999999999999998,1.7999999999999998,0.27435672924729826,0.96162798686224016,0.00062954654949481524,1,ok
CP-010-FIG10-001,a_over_A5=3,3,exact,eq6,1,3,31,0.62,1.8599999999999999,0.27435672924729826,0.96162798686224016,0.00052517796829900537,1,ok
CP-010-FIG10-001,a_over_A5=3,3,exact,eq6,1,3,32,0.64000000000000001,1.9199999999999999,0.27435672924729826,0.96162798686224016,0.00043811200078532536,1,ok
CP-010-FIG10-001,a_over_A5=3,3,exact,eq6,1,3,33,0.66000000000000003,1.98,0.27435672924729826,0.96162798686224016,0.00036548015495356843,1,ok
CP-010-FIG10-001,a_over_A5=3,3,exact,eq6,1,3,34,0.68000000000000005,2.04,0.27435672924729826,0.96162798686224016,0.00030488948813419184,1,ok
CP-010-FIG10-001,a_over_A5=3,3,exact,eq6,1,3,35,0.70000000000000007,2.1000000000000001,0.27435672924729826,0.96162798686224016,0.00025434376864193675,1,ok
CP-010-FIG10-001,a_over_A5=3,3,exact,eq6,1,3,36,0.71999999999999997,2.1600000000000001,0.27435672924729826,0.96162798686224016,0.0002121777075453333,1,ok
CP-010-FIG10-001,a_over_A5=3,3,exact,eq6,1,3,37,0.73999999999999999,2.2199999999999998,0.27435672924729826,0.96162798686224016,0.00017700209373940282,1,ok
CP-010-FIG10-001,a_over_A5=3,3,exact,eq6,1,3,38,0.76000000000000001,2.2800000000000002,0.27435672924729826,0.96162798686224016,0.00014765802473117238,1,ok
CP-010-FIG10-001,a_over_A5=3,3,exact,eq6,1,3,39,0.78000000000000003,2.3399999999999999,0.27435672924729826,0.96162798686224016,0.0001231787252167287,1,ok
CP-010-FIG10-001,a_over_A5=3,3,exact,eq6,1,3,40,0.80000000000000004,2.4000000000000004,0.27435672924729826,0.96162798686224016,0.00010275769551734435,1,ok
CP-010-FIG10-001,a_over_A5=3,3,exact,eq6,1,3,41,0.82000000000000006,2.46,0.27435672924729826,0.96162798686224016,8.5722140486978025e-05,1,ok
CP-010-FIG10-001,a_over_A5=3,3,exact,eq6,1,3,42,0.83999999999999997,2.52,0.27435672924729826,0.96162798686224016,7.1510803474849125e-05,1,ok
CP-010-FIG10-001,a_over_A5=3,3,exact,eq6,1,3,43,0.85999999999999999,2.5800000000000001,0.27435672924729826,0.96162798686224016,5.9655475056590735e-05,1,ok
CP-010-FIG10-001,a_over_A5=3,3,exact,eq6,1,3,44,0.88,2.6400000000000001,0.27435672924729826,0.96162798686224016,4.9765567317100099e-05,1,ok
CP-010-FIG10-001,a_over_A5=3,3,exact,eq6,1,3,45,0.90000000000000002,2.7000000000000002,0.27435672924729826,0.96162798686224016,4.1515245466463045e-05,1,ok
CP-010-FIG10-001,a_over_A5=3,3,exact,eq6,1,3,46,0.92000000000000004,2.7600000000000002,0.27435672924729826,0.96162798686224016,3.4632692824712426e-05,1,ok
CP-010-FIG10-001,a_over_A5=3,3,exact,eq6,1,3,47,0.94000000000000006,2.8200000000000003,0.27435672924729826,0.96162798686224016,2.889115549755834e-05,1,ok
CP-010-FIG10-001,a_over_A5=3,3,exact,eq6,1,3,48,0.95999999999999996,2.8799999999999999,0.27435672924729826,0.96162798686224016,2.4101471699263622e-05,1,ok
CP-010-FIG10-001,a_over_A5=3,3,exact,eq6,1,3,49,0.97999999999999998,2.9399999999999999,0.27435672924729826,0.96162798686224016,2.0105839592310421e-05,1,ok
CP-010-FIG10-001,a_over_A5=3,3,exact,eq6,1,3,50,1,3,0.27435672924729826,0.96162798686224016,1.6772618317912409e-05,1,ok
CP-010-FIG10-001,a_over_A5=3,3,exact,eq6,1,3,51,1.02,3.0600000000000001,0.27435672924729826,0.96162798686224016,1.3991990931130448e-05,1,ok
CP-010-FIG10-001,a_over_A5=3,3,exact,eq6,1,3,52,1.04,3.1200000000000001,0.27435672924729826,0.96162798686224016,1.1672346350823304e-05,1,ok
CP-010-FIG10-001,a_over_A5=3,3,exact,eq6,1,3,53,1.0600000000000001,3.1800000000000002,0.27435672924729826,0.96162798686224016,9.7372611234654662e-06,1,ok
CP-010-FIG10-001,a_over_A5=3,3,exact,eq6,1,3,54,1.0800000000000001,3.2400000000000002,0.27435672924729826,0.96162798686224016,8.1229815614462359e-06,1,ok
CP-010-FIG10-001,a_over_A5=3,3,exact,eq6,1,3,55,1.1000000000000001,3.3000000000000003,0.27435672924729826,0.96162798686224016,6.7763233018970862e-06,1,ok
CP-010-FIG10-001,a_over_A5=3,3,exact,eq6,1,3,56,1.1200000000000001,3.3600000000000003,0.27435672924729826,0.96162798686224016,5.6529190845113638e-06,1,ok
CP-010-FIG10-001,a_over_A5=3,3,exact,eq6,1,3,57,1.1400000000000001,3.4200000000000004,0.27435672924729826,0.96162798686224016,4.71575701930967e-06,1,ok
CP-010-FIG10-001,a_over_A5=3,3,exact,eq6,1,3,58,1.1599999999999999,3.4799999999999995,0.27435672924729826,0.96162798686224016,3.9339611858411605e-06,1,ok
CP-010-FIG10-001,a_over_A5=3,3,exact,eq6,1,3,59,1.1799999999999999,3.54,0.27435672924729826,0.96162798686224016,3.2817743892093588e-06,1,ok
CP-010-FIG10-001,a_over_A5=3,3,exact,eq6,1,3,60,1.2,3.5999999999999996,0.27435672924729826,0.96162798686224016,2.7377095586080687e-06,1,ok
CP-010-FIG10-001,a_over_A5=3,3,exact,eq6,1,3,61,1.22,3.6600000000000001,0.27435672924729826,0.96162798686224016,2.283841830181282e-06,1,ok
CP-010-FIG10-001,a_over_A5=3,3,exact,eq6,1,3,62,1.24,3.7199999999999998,0.27435672924729826,0.96162798686224016,1.9052179910339863e-06,1,ok
CP-010-FIG10-001,a_over_A5=3,3,exact,eq6,1,3,63,1.26,3.7800000000000002,0.27435672924729826,0.96162798686224016,1.5893638278231591e-06,1,ok
CP-010-FIG10-001,a_over_A5=3,3,exact,eq6,1,3,64,1.28,3.8399999999999999,0.27435672924729826,0.96162798686224016,1.3258731489417411e-06,1,ok
CP-010-FIG10-001,a_over_A5=3,3,exact,eq6,1,3,65,1.3,3.9000000000000004,0.27435672924729826,0.96162798686224016,1.1060649401417482e-06,1,ok
CP-010-FIG10-001,a_over_A5=3,3,exact,eq6,1,3,66,1.3200000000000001,3.96,0.27435672924729826,0.96162798686224016,9.2269735818032508e-07,1,ok
CP-010-FIG10-001,a_over_A5=3,3,exact,eq6,1,3,67,1.3400000000000001,4.0200000000000005,0.27435672924729826,0.96162798686224016,7.6972913966863642e-07,1,ok
CP-010-FIG10-001,a_over_A5=3,3,exact,eq6,1,3,68,1.3600000000000001,4.0800000000000001,0.27435672924729826,0.96162798686224016,6.4212056445405997e-07,1,ok
CP-010-FIG10-001,a_over_A5=3,3,exact,eq6,1,3,69,1.3800000000000001,4.1400000000000006,0.27435672924729826,0.96162798686224016,5.3566741603715359e-07,1,ok
CP-010-FIG10-001,a_over_A5=3,3,exact,eq6,1,3,70,1.4000000000000001,4.2000000000000002,0.27435672924729826,0.96162798686224016,4.4686246865163428e-07,1,ok
CP-010-FIG10-001,a_over_A5=3,3,exact,eq6,1,3,71,1.4199999999999999,4.2599999999999998,0.27435672924729826,0.96162798686224016,3.7277993753419251e-07,1,ok
CP-010-FIG10-001,a_over_A5=3,3,exact,eq6,1,3,72,1.4399999999999999,4.3200000000000003,0.27435672924729826,0.96162798686224016,3.1097908546070012e-07,1,ok
CP-010-FIG10-001,a_over_A5=3,3,exact,eq6,1,3,73,1.46,4.3799999999999999,0.27435672924729826,0.96162798686224016,2.5942380975130512e-07,1,ok
CP-010-FIG10-001,a_over_A5=3,3,exact,eq6,1,3,74,1.48,4.4399999999999995,0.27435672924729826,0.96162798686224016,2.1641556044252518e-07,1,ok
CP-010-FIG10-001,a_over_A5=3,3,exact,eq6,1,3,75,1.5,4.5,0.27435672924729826,0.96162798686224016,1.8053737953563671e-07,1,ok
CP-010-FIG10-001,a_over_A5=3,3,exact,eq6,1,3,76,1.52,4.5600000000000005,0.27435672924729826,0.96162798686224016,1.5060721762772999e-07,1,ok
CP-010-FIG10-001,a_over_A5=3,3,exact,eq6,1,3,77,1.54,4.6200000000000001,0.27435672924729826,0.96162798686224016,1.256389898862418e-07,1,ok
CP-010-FIG10-001,a_over_A5=3,3,exact,eq6,1,3,78,1.5600000000000001,4.6799999999999997,0.27435672924729826,0.96162798686224016,1.0481008830966403e-07,1,ok
CP-010-FIG10-001,a_over_A5=3,3,exact,eq6,1,3,79,1.5800000000000001,4.7400000000000002,0.27435672924729826,0.96162798686224016,8.7434279927161966e-08,1,ok
CP-010-FIG10-001,a_over_A5=3,3,exact,eq6,1,3,80,1.6000000000000001,4.8000000000000007,0.27435672924729826,0.96162798686224016,7.2939098036008853e-08,1,ok
CP-010-FIG10-001,a_over_A5=3,3,exact,eq6,1,3,81,1.6200000000000001,4.8600000000000003,0.27435672924729826,0.96162798686224016,6.0846981604223131e-08,1,ok
CP-010-FIG10-001,a_over_A5=3,3,exact,eq6,1,3,82,1.6400000000000001,4.9199999999999999,0.27435672924729826,0.96162798686224016,5.0759541453568225e-08,1,ok
CP-010-FIG10-001,a_over_A5=3,3,exact,eq6,1,3,83,1.6600000000000001,4.9800000000000004,0.27435672924729826,0.96162798686224016,4.2344434853571775e-08,1,ok
CP-010-FIG10-001,a_over_A5=3,3,exact,eq6,1,3,84,1.6799999999999999,5.04,0.27435672924729826,0.96162798686224016,3.532441609443154e-08,1,ok
CP-010-FIG10-001,a_over_A5=3,3,exact,eq6,1,3,85,1.7,5.0999999999999996,0.27435672924729826,0.96162798686224016,2.9468202296889979e-08,1,ok
CP-010-FIG10-001,a_over_A5=3,3,exact,eq6,1,3,86,1.72,5.1600000000000001,0.27435672924729826,0.96162798686224016,2.4582853522306838e-08,1,ok
CP-010-FIG10-001,a_over_A5=3,3,exact,eq6,1,3,87,1.74,5.2199999999999998,0.27435672924729826,0.96162798686224016,2.0507416136578319e-08,1,ok
CP-010-FIG10-001,a_over_A5=3,3,exact,eq6,1,3,88,1.76,5.2800000000000002,0.27435672924729826,0.96162798686224016,1.7107620000956133e-08,1,ok
CP-010-FIG10-001,a_over_A5=3,3,exact,eq6,1,3,89,1.78,5.3399999999999999,0.27435672924729826,0.96162798686224016,1.4271454782403792e-08,1,ok
CP-010-FIG10-001,a_over_A5=3,3,exact,eq6,1,3,90,1.8,5.4000000000000004,0.27435672924729826,0.96162798686224016,1.1905479639763636e-08,1,ok
CP-010-FIG10-001,a_over_A5=3,3,exact,eq6,1,3,91,1.8200000000000001,5.46,0.27435672924729826,0.96162798686224016,9.9317447039517682e-09,1,ok
CP-010-FIG10-001,a_over_A5=3,3,exact,eq6,1,3,92,1.8400000000000001,5.5200000000000005,0.27435672924729826,0.96162798686224016,8.2852229266785196e-09,1,ok
CP-010-FIG10-001,a_over_A5=3,3,exact,eq6,1,3,93,1.8600000000000001,5.5800000000000001,0.27435672924729826,0.96162798686224016,6.9116676868915134e-09,1,ok
CP-010-FIG10-001,a_over_A5=3,3,exact,eq6,1,3,94,1.8800000000000001,5.6400000000000006,0.27435672924729826,0.96162798686224016,5.7658255712343723e-09,1,ok
CP-010-FIG10-001,a_over_A5=3,3,exact,eq6,1,3,95,1.9000000000000001,5.7000000000000002,0.27435672924729826,0.96162798686224016,4.80994544644432e-09,1,ok
CP-010-FIG10-001,a_over_A5=3,3,exact,eq6,1,3,96,1.9199999999999999,5.7599999999999998,0.27435672924729826,0.96162798686224016,4.0125347033031322e-09,1,ok
CP-010-FIG10-001,a_over_A5=3,3,exact,eq6,1,3,97,1.9399999999999999,5.8200000000000003,0.27435672924729826,0.96162798686224016,3.3473216951169172e-09,1,ok
CP-010-FIG10-001,a_over_A5=3,3,exact,eq6,1,3,98,1.96,5.8799999999999999,0.27435672924729826,0.96162798686224016,2.7923901870248745e-09,1,ok
CP-010-FIG10-001,a_over_A5=3,3,exact,eq6,1,3,99,1.98,5.9399999999999995,0.27435672924729826,0.96162798686224016,2.3294572995382305e-09,1,ok
CP-010-FIG10-001,a_over_A5=3,3,exact,eq6,1,3,100,2,6,0.27435672924729826,0.96162798686224016,1.9432711572996253e-09,1,ok
CP-010-FIG10-001,a_over_A5=3,3,exact,eq6,1,3,101,2.02,6.0600000000000005,0.27435672924729826,0.96162798686224016,1.6211083978835772e-09,1,ok
CP-010-FIG10-001,a_over_A5=3,3,exact,eq6,1,3,102,2.04,6.1200000000000001,0.27435672924729826,0.96162798686224016,1.3523549854671459e-09,1,ok
CP-010-FIG10-001,a_over_A5=3,3,exact,eq6,1,3,103,2.0600000000000001,6.1799999999999997,0.27435672924729826,0.96162798686224016,1.1281565187778354e-09,1,ok
CP-010-FIG10-001,a_over_A5=3,3,exact,eq6,1,3,104,2.0800000000000001,6.2400000000000002,0.27435672924729826,0.96162798686224016,9.4112651229756591e-10,1,ok
CP-010-FIG10-001,a_over_A5=3,3,exact,eq6,1,3,105,2.1000000000000001,6.3000000000000007,0.27435672924729826,0.96162798686224016,7.8510303969958476e-10,1,ok
CP-010-FIG10-001,a_over_A5=3,3,exact,eq6,1,3,106,2.1200000000000001,6.3600000000000003,0.27435672924729826,0.96162798686224016,6.5494572184641443e-10,1,ok
CP-010-FIG10-001,a_over_A5=3,3,exact,eq6,1,3,107,2.1400000000000001,6.4199999999999999,0.27435672924729826,0.96162798686224016,5.4636637087669317e-10,1,ok
CP-010-FIG10-001,a_over_A5=3,3,exact,eq6,1,3,108,2.1600000000000001,6.4800000000000004,0.27435672924729826,0.96162798686224016,4.5578771074859915e-10,1,ok
CP-010-FIG10-001,a_over_A5=3,3,exact,eq6,1,3,109,2.1800000000000002,6.5400000000000009,0.27435672924729826,0.96162798686224016,3.8022551961993629e-10,1,ok
CP-010-FIG10-001,a_over_A5=3,3,exact,eq6,1,3,110,2.2000000000000002,6.6000000000000005,0.27435672924729826,0.96162798686224016,3.1719031110514727e-10,1,ok
CP-010-FIG10-001,a_over_A5=3,3,exact,eq6,1,3,111,2.2200000000000002,6.6600000000000001,0.27435672924729826,0.96162798686224016,2.6460531518122979e-10,1,ok
CP-010-FIG10-001,a_over_A5=3,3,exact,eq6,1,3,112,2.2400000000000002,6.7200000000000006,0.27435672924729826,0.96162798686224016,2.2073805652577915e-10,1,ok
CP-010-FIG10-001,a_over_A5=3,3,exact,eq6,1,3,113,2.2600000000000002,6.7800000000000011,0.27435672924729826,0.96162798686224016,1.8414327605402025e-10,1,ok
CP-010-FIG10-001,a_over_A5=3,3,exact,eq6,1,3,114,2.2800000000000002,6.8400000000000007,0.27435672924729826,0.96162798686224016,1.536153151368675e-10,1,ok
CP-010-FIG10-001,a_over_A5=3,3,exact,eq6,1,3,115,2.3000000000000003,6.9000000000000004,0.27435672924729826,0.96162798686224016,1.2814839374138437e-10,1,ok
CP-010-FIG10-001,a_over_A5=3,3,exact,eq6,1,3,116,2.3199999999999998,6.9599999999999991,0.27435672924729826,0.96162798686224016,1.0690347380966143e-10,1,ok
CP-010-FIG10-001,a_over_A5=3,3,exact,eq6,1,3,117,2.3399999999999999,7.0199999999999996,0.27435672924729826,0.96162798686224016,8.9180616150650659e-11,1,ok
CP-010-FIG10-001,a_over_A5=3,3,exact,eq6,1,3,118,2.3599999999999999,7.0800000000000001,0.27435672924729826,0.96162798686224016,7.4395920109856907e-11,1,ok
CP-010-FIG10-001,a_over_A5=3,3,exact,eq6,1,3,119,2.3799999999999999,7.1399999999999997,0.27435672924729826,0.96162798686224016,6.206228626681011e-11,1,ok
CP-010-FIG10-001,a_over_A5=3,3,exact,eq6,1,3,120,2.3999999999999999,7.1999999999999993,0.27435672924729826,0.96162798686224016,5.1773368364499539e-11,1,ok
CP-010-FIG10-001,a_over_A5=3,3,exact,eq6,1,3,121,2.4199999999999999,7.2599999999999998,0.27435672924729826,0.96162798686224016,4.3190185747952709e-11,1,ok
CP-010-FIG10-001,a_over_A5=3,3,exact,eq6,1,3,122,2.4399999999999999,7.3200000000000003,0.27435672924729826,0.96162798686224016,3.6029955242814439e-11,1,ok
CP-010-FIG10-001,a_over_A5=3,3,exact,eq6,1,3,123,2.46,7.3799999999999999,0.27435672924729826,0.96162798686224016,3.0056774526855252e-11,1,ok
CP-010-FIG10-001,a_over_A5=3,3,exact,eq6,1,3,124,2.48,7.4399999999999995,0.27435672924729826,0.96162798686224016,2.5073850046993546e-11,1,ok
CP-010-FIG10-001,a_over_A5=3,3,exact,eq6,1,3,125,2.5,7.5,0.27435672924729826,0.96162798686224016,2.0917013421296562e-11,1,ok
CP-010-FIG10-001,a_over_A5=3,3,exact,eq6,1,3,126,2.52,7.5600000000000005,0.27435672924729826,0.96162798686224016,1.7449312716104446e-11,1,ok
CP-010-FIG10-001,a_over_A5=3,3,exact,eq6,1,3,127,2.54,7.6200000000000001,0.27435672924729826,0.96162798686224016,1.4556500401457979e-11,1,ok
CP-010-FIG10-001,a_over_A5=3,3,exact,eq6,1,3,128,2.5600000000000001,7.6799999999999997,0.27435672924729826,0.96162798686224016,1.2143269330148743e-11,1,ok
CP-010-FIG10-001,a_over_A5=3,3,exact,eq6,1,3,129,2.5800000000000001,7.7400000000000002,0.27435672924729826,0.96162798686224016,1.0130112730238486e-11,1,ok
CP-010-FIG10-001,a_over_A5=3,3,exact,eq6,1,3,130,2.6000000000000001,7.8000000000000007,0.27435672924729826,0.96162798686224016,8.4507047597603179e-12,1,ok
CP-010-FIG10-001,a_over_A5=3,3,exact,eq6,1,3,131,2.6200000000000001,7.8600000000000003,0.27435672924729826,0.96162798686224016,7.0497153228575114e-12,1,ok
CP-010-FIG10-001,a_over_A5=3,3,exact,eq6,1,3,132,2.6400000000000001,7.9199999999999999,0.27435672924729826,0.96162798686224016,5.8809871538739424e-12,1,ok
CP-010-FIG10-001,a_over_A5=3,3,exact,eq6,1,3,133,2.6600000000000001,7.9800000000000004,0.27435672924729826,0.96162798686224016,4.9060151112614656e-12,1,ok
CP-010-FIG10-001,a_over_A5=3,3,exact,eq6,1,3,134,2.6800000000000002,8.0400000000000009,0.27435672924729826,0.96162798686224016,4.0926775798295846e-12,1,ok
CP-010-FIG10-001,a_over_A5=3,3,exact,eq6,1,3,135,2.7000000000000002,8.1000000000000014,0.27435672924729826,0.96162798686224016,3.414178185874551e-12,1,ok
CP-010-FIG10-001,a_over_A5=3,3,exact,eq6,1,3,136,2.7200000000000002,8.1600000000000001,0.27435672924729826,0.96162798686224016,2.8481629587315436e-12,1,ok
CP-010-FIG10-001,a_over_A5=3,3,exact,eq6,1,3,137,2.7400000000000002,8.2200000000000006,0.27435672924729826,0.96162798686224016,2.3759838525863207e-12,1,ok
CP-010-FIG10-001,a_over_A5=3,3,exact,eq6,1,3,138,2.7600000000000002,8.2800000000000011,0.27435672924729826,0.96162798686224016,1.9820843643950494e-12,1,ok
CP-010-FIG10-001,a_over_A5=3,3,exact,eq6,1,3,139,2.7800000000000002,8.3399999999999999,0.27435672924729826,0.96162798686224016,1.653487006362814e-12,1,ok
CP-010-FIG10-001,a_over_A5=3,3,exact,eq6,1,3,140,2.8000000000000003,8.4000000000000004,0.27435672924729826,0.96162798686224016,1.3793657471512865e-12,1,ok
CP-010-FIG10-001,a_over_A5=3,3,exact,eq6,1,3,141,2.8199999999999998,8.4599999999999991,0.27435672924729826,0.96162798686224016,1.150689335381896e-12,1,ok
CP-010-FIG10-001,a_over_A5=3,3,exact,eq6,1,3,142,2.8399999999999999,8.5199999999999996,0.27435672924729826,0.96162798686224016,9.5992375430241936e-13,1,ok
CP-010-FIG10-001,a_over_A5=3,3,exact,eq6,1,3,143,2.8599999999999999,8.5800000000000001,0.27435672924729826,0.96162798686224016,8.0078400463165156e-13,1,ok
CP-010-FIG10-001,a_over_A5=3,3,exact,eq6,1,3,144,2.8799999999999999,8.6400000000000006,0.27435672924729826,0.96162798686224016,6.6802703777229685e-13,1,ok
CP-010-FIG10-001,a_over_A5=3,3,exact,eq6,1,3,145,2.8999999999999999,8.6999999999999993,0.27435672924729826,0.96162798686224016,5.5727901733015282e-13,1,ok
CP-010-FIG10-001,a_over_A5=3,3,exact,eq6,1,3,146,2.9199999999999999,8.7599999999999998,0.27435672924729826,0.96162798686224016,4.6489121786462306e-13,1,ok
CP-010-FIG10-001,a_over_A5=3,3,exact,eq6,1,3,147,2.9399999999999999,8.8200000000000003,0.27435672924729826,0.96162798686224016,3.8781981328324911e-13,1,ok
CP-010-FIG10-001,a_over_A5=3,3,exact,eq6,1,3,148,2.96,8.879999999999999,0.27435672924729826,0.96162798686224016,3.2352559436571815e-13,1,ok
CP-010-FIG10-001,a_over_A5=3,3,exact,eq6,1,3,149,2.98,8.9399999999999995,0.27435672924729826,0.96162798686224016,2.698903114917562e-13,1,ok
CP-010-FIG10-001,a_over_A5=3,3,exact,eq6,1,3,150,3,9,0.27435672924729826,0.96162798686224016,2.251468863844413e-13,1,ok
CP-010-FIG10-001,a_over_A5=4,4,exact,eq6,1,4,0,0,0,0.21544061525276059,0.97651694368275654,0.090649401312557651,1,ok
CP-010-FIG10-001,a_over_A5=4,4,exact,eq6,1,4,1,0.02,0.080000000000000002,0.21544061525276059,0.97651694368275654,0.070921515936755053,1,ok
CP-010-FIG10-001,a_over_A5=4,4,exact,eq6,1,4,2,0.040000000000000001,0.16,0.21544061525276059,0.97651694368275654,0.055486978953391212,1,ok
CP-010-FIG10-001,a_over_A5=4,4,exact,eq6,1,4,3,0.059999999999999998,0.23999999999999999,0.21544061525276059,0.97651694368275654,0.043411435764001909,1,ok
CP-010-FIG10-001,a_over_A5=4,4,exact,eq6,1,4,4,0.080000000000000002,0.32000000000000001,0.21544061525276059,0.97651694368275654,0.033963873878862266,1,ok
CP-010-FIG10-001,a_over_A5=4,4,exact,eq6,1,4,5,0.10000000000000001,0.40000000000000002,0.21544061525276059,0.97651694368275654,0.026572369896501261,1,ok
CP-010-FIG10-001,a_over_A5=4,4,exact,eq6,1,4,6,0.12,0.47999999999999998,0.21544061525276059,0.97651694368275654,0.020789467197848965,1,ok
CP-010-FIG10-001,a_over_A5=4,4,exact,eq6,1,4,7,0.14000000000000001,0.56000000000000005,0.21544061525276059,0.97651694368275654,0.016265088437871899,1,ok
CP-010-FIG10-001,a_over_A5=4,4,exact,eq6,1,4,8,0.16,0.64000000000000001,0.21544061525276059,0.97651694368275654,0.012725343048674521,1,ok
CP-010-FIG10-001,a_over_A5=4,4,exact,eq6,1,4,9,0.17999999999999999,0.71999999999999997,0.21544061525276059,0.97651694368275654,0.0099559468320749057,1,ok
CP-010-FIG10-001,a_over_A5=4,4,exact,eq6,1,4,10,0.20000000000000001,0.80000000000000004,0.21544061525276059,0.97651694368275654,0.0077892499199404162,1,ok
CP-010-FIG10-001,a_over_A5=4,4,exact,eq6,1,4,11,0.22,0.88,0.21544061525276059,0.97651694368275654,0.0060940878189329507,1,ok
CP-010-FIG10-001,a_over_A5=4,4,exact,eq6,1,4,12,0.23999999999999999,0.95999999999999996,0.21544061525276059,0.97651694368275654,0.0047678411562831263,1,ok
CP-010-FIG10-001,a_over_A5=4,4,exact,eq6,1,4,13,0.26000000000000001,1.04,0.21544061525276059,0.97651694368275654,0.0037302234504929658,1,ok
CP-010-FIG10-001,a_over_A5=4,4,exact,eq6,1,4,14,0.28000000000000003,1.1200000000000001,0.21544061525276059,0.97651694368275654,0.0029184208396437102,1,ok
CP-010-FIG10-001,a_over_A5=4,4,exact,eq6,1,4,15,0.29999999999999999,1.2,0.21544061525276059,0.97651694368275654,0.0022832895429203102,1,ok
CP-010-FIG10-001,a_over_A5=4,4,exact,eq6,1,4,16,0.32000000000000001,1.28,0.21544061525276059,0.97651694368275654,0.0017863808625508944,1,ok
CP-010-FIG10-001,a_over_A5=4,4,exact,eq6,1,4,17,0.34000000000000002,1.3600000000000001,0.21544061525276059,0.97651694368275654,0.0013976136298537985,1,ok
CP-010-FIG10-001,a_over_A5=4,4,exact,eq6,1,4,18,0.35999999999999999,1.4399999999999999,0.21544061525276059,0.97651694368275654,0.0010934531931582781,1,ok
CP-010-FIG10-001,a_over_A5=4,4,exact,eq6,1,4,19,0.38,1.52,0.21544061525276059,0.97651694368275654,0.00085548670969465778,1,ok
CP-010-FIG10-001,a_over_A5=4,4,exact,eq6,1,4,20,0.40000000000000002,1.6000000000000001,0.21544061525276059,0.97651694368275654,0.00066930849444988931,1,ok
CP-010-FIG10-001,a_over_A5=4,4,exact,eq6,1,4,21,0.41999999999999998,1.6799999999999999,0.21544061525276059,0.97651694368275654,0.00052364794878306147,1,ok
CP-010-FIG10-001,a_over_A5=4,4,exact,eq6,1,4,22,0.44,1.76,0.21544061525276059,0.97651694368275654,0.00040968727655261701,1,ok
CP-010-FIG10-001,a_over_A5=4,4,exact,eq6,1,4,23,0.46000000000000002,1.8400000000000001,0.21544061525276059,0.97651694368275654,0.00032052768460024138,1,ok
CP-010-FIG10-001,a_over_A5=4,4,exact,eq6,1,4,24,0.47999999999999998,1.9199999999999999,0.21544061525276059,0.97651694368275654,0.00025077175317646716,1,ok
CP-010-FIG10-001,a_over_A5=4,4,exact,eq6,1,4,25,0.5,2,0.21544061525276059,0.97651694368275654,0.00019619669442790964,1,ok
CP-010-FIG10-001,a_over_A5=4,4,exact,eq6,1,4,26,0.52000000000000002,2.0800000000000001,0.21544061525276059,0.97651694368275654,0.00015349871912149145,1,ok
CP-010-FIG10-001,a_over_A5=4,4,exact,eq6,1,4,27,0.54000000000000004,2.1600000000000001,0.21544061525276059,0.97651694368275654,0.00012009303643286449,1,ok
CP-010-FIG10-001,a_over_A5=4,4,exact,eq6,1,4,28,0.56000000000000005,2.2400000000000002,0.21544061525276059,0.97651694368275654,9.3957379463539972e-05,1,ok
CP-010-FIG10-001,a_over_A5=4,4,exact,eq6,1,4,29,0.57999999999999996,2.3199999999999998,0.21544061525276059,0.97651694368275654,7.3509584051451344e-05,1,ok
CP-010-FIG10-001,a_over_A5=4,4,exact,eq6,1,4,30,0.59999999999999998,2.3999999999999999,0.21544061525276059,0.97651694368275654,5.751180991072939e-05,1,ok
CP-010-FIG10-001,a_over_A5=4,4,exact,eq6,1,4,31,0.62,2.48,0.21544061525276059,0.97651694368275654,4.4995605972859089e-05,1,ok
CP-010-FIG10-001,a_over_A5=4,4,exact,eq6,1,4,32,0.64000000000000001,2.5600000000000001,0.21544061525276059,0.97651694368275654,3.5203283638741551e-05,1,ok
CP-010-FIG10-001,a_over_A5=4,4,exact,eq6,1,4,33,0.66000000000000003,2.6400000000000001,0.21544061525276059,0.97651694368275654,2.7542048876888171e-05,1,ok
CP-010-FIG10-001,a_over_A5=4,4,exact,eq6,1,4,34,0.68000000000000005,2.7200000000000002,0.21544061525276059,0.97651694368275654,2.154811648030726e-05,1,ok
CP-010-FIG10-001,a_over_A5=4,4,exact,eq6,1,4,35,0.70000000000000007,2.8000000000000003,0.21544061525276059,0.97651694368275654,1.685863408072465e-05,1,ok
CP-010-FIG10-001,a_over_A5=4,4,exact,eq6,1,4,36,0.71999999999999997,2.8799999999999999,0.21544061525276059,0.97651694368275654,1.3189716295041901e-05,1,ok
CP-010-FIG10-001,a_over_A5=4,4,exact,eq6,1,4,37,0.73999999999999999,2.96,0.21544061525276059,0.97651694368275654,1.0319259265648408e-05,1,ok
CP-010-FIG10-001,a_over_A5=4,4,exact,eq6,1,4,38,0.76000000000000001,3.04,0.21544061525276059,0.97651694368275654,8.0734952450569311e-06,1,ok
CP-010-FIG10-001,a_over_A5=4,4,exact,eq6,1,4,39,0.78000000000000003,3.1200000000000001,0.21544061525276059,0.97651694368275654,6.3164732849515344e-06,1,ok
CP-010-FIG10-001,a_over_A5=4,4,exact,eq6,1,4,40,0.80000000000000004,3.2000000000000002,0.21544061525276059,0.97651694368275654,4.9418292261872864e-06,1,ok
CP-010-FIG10-001,a_over_A5=4,4,exact,eq6,1,4,41,0.82000000000000006,3.2800000000000002,0.21544061525276059,0.97651694368275654,3.8663467728077658e-06,1,ok
CP-010-FIG10-001,a_over_A5=4,4,exact,eq6,1,4,42,0.83999999999999997,3.3599999999999999,0.21544061525276059,0.97651694368275654,3.0249198593076849e-06,1,ok
CP-010-FIG10-001,a_over_A5=4,4,exact,eq6,1,4,43,0.85999999999999999,3.4399999999999999,0.21544061525276059,0.97651694368275654,2.3666113499149789e-06,1,ok
CP-010-FIG10-001,a_over_A5=4,4,exact,eq6,1,4,44,0.88,3.52,0.21544061525276059,0.97651694368275654,1.8515694768945936e-06,1,ok
CP-010-FIG10-001,a_over_A5=4,4,exact,eq6,1,4,45,0.90000000000000002,3.6000000000000001,0.21544061525276059,0.97651694368275654,1.4486153494915348e-06,1,ok
CP-010-FIG10-001,a_over_A5=4,4,exact,eq6,1,4,46,0.92000000000000004,3.6800000000000002,0.21544061525276059,0.97651694368275654,1.133355489474805e-06,1,ok
CP-010-FIG10-001,a_over_A5=4,4,exact,eq6,1,4,47,0.94000000000000006,3.7600000000000002,0.21544061525276059,0.97651694368275654,8.8670513257610702e-07,1,ok
CP-010-FIG10-001,a_over_A5=4,4,exact,eq6,1,4,48,0.95999999999999996,3.8399999999999999,0.21544061525276059,0.97651694368275654,6.9373290149338583e-07,1,ok
CP-010-FIG10-001,a_over_A5=4,4,exact,eq6,1,4,49,0.97999999999999998,3.9199999999999999,0.21544061525276059,0.97651694368275654,5.4275691087546973e-07,1,ok
CP-010-FIG10-001,a_over_A5=4,4,exact,eq6,1,4,50,1,4,0.21544061525276059,0.97651694368275654,4.2463758554471662e-07,1,ok
CP-010-FIG10-001,a_over_A5=4,4,exact,eq6,1,4,51,1.02,4.0800000000000001,0.21544061525276059,0.97651694368275654,3.3222438156778906e-07,1,ok
CP-010-FIG10-001,a_over_A5=4,4,exact,eq6,1,4,52,1.04,4.1600000000000001,0.21544061525276059,0.97651694368275654,2.5992291654191554e-07,1,ok
CP-010-FIG10-001,a_over_A5=4,4,exact,eq6,1,4,53,1.0600000000000001,4.2400000000000002,0.21544061525276059,0.97651694368275654,2.0335630463012917e-07,1,ok
CP-010-FIG10-001,a_over_A5=4,4,exact,eq6,1,4,54,1.0800000000000001,4.3200000000000003,0.21544061525276059,0.97651694368275654,1.5910019471543259e-07,1,ok
CP-010-FIG10-001,a_over_A5=4,4,exact,eq6,1,4,55,1.1000000000000001,4.4000000000000004,0.21544061525276059,0.97651694368275654,1.2447547178106138e-07,1,ok
CP-010-FIG10-001,a_over_A5=4,4,exact,eq6,1,4,56,1.1200000000000001,4.4800000000000004,0.21544061525276059,0.97651694368275654,9.7386072360443746e-08,1,ok
CP-010-FIG10-001,a_over_A5=4,4,exact,eq6,1,4,57,1.1400000000000001,4.5600000000000005,0.21544061525276059,0.97651694368275654,7.6192095953450129e-08,1,ok
CP-010-FIG10-001,a_over_A5=4,4,exact,eq6,1,4,58,1.1599999999999999,4.6399999999999997,0.21544061525276059,0.97651694368275654,5.9610531003791885e-08,1,ok
CP-010-FIG10-001,a_over_A5=4,4,exact,eq6,1,4,59,1.1799999999999999,4.7199999999999998,0.21544061525276059,0.97651694368275654,4.6637585724443127e-08,1,ok
CP-010-FIG10-001,a_over_A5=4,4,exact,eq6,1,4,60,1.2,4.7999999999999998,0.21544061525276059,0.97651694368275654,3.6487921942289419e-08,1,ok
CP-010-FIG10-001,a_over_A5=4,4,exact,eq6,1,4,61,1.22,4.8799999999999999,0.21544061525276059,0.97651694368275654,2.8547113384748491e-08,1,ok
CP-010-FIG10-001,a_over_A5=4,4,exact,eq6,1,4,62,1.24,4.96,0.21544061525276059,0.97651694368275654,2.2334450394040539e-08,1,ok
CP-010-FIG10-001,a_over_A5=4,4,exact,eq6,1,4,63,1.26,5.04,0.21544061525276059,0.97651694368275654,1.7473839392474685e-08,1,ok
CP-010-FIG10-001,a_over_A5=4,4,exact,eq6,1,4,64,1.28,5.1200000000000001,0.21544061525276059,0.97651694368275654,1.3671035450931461e-08,1,ok
CP-010-FIG10-001,a_over_A5=4,4,exact,eq6,1,4,65,1.3,5.2000000000000002,0.21544061525276059,0.97651694368275654,1.0695829697342587e-08,1,ok
CP-010-FIG10-001,a_over_A5=4,4,exact,eq6,1,4,66,1.3200000000000001,5.2800000000000002,0.21544061525276059,0.97651694368275654,8.3681132511993025e-09,1,ok
CP-010-FIG10-001,a_over_A5=4,4,exact,eq6,1,4,67,1.3400000000000001,5.3600000000000003,0.21544061525276059,0.97651694368275654,6.5469740418824985e-09,1,ok
CP-010-FIG10-001,a_over_A5=4,4,exact,eq6,1,4,68,1.3600000000000001,5.4400000000000004,0.21544061525276059,0.97651694368275654,5.1221664691189419e-09,1,ok
CP-010-FIG10-001,a_over_A5=4,4,exact,eq6,1,4,69,1.3800000000000001,5.5200000000000005,0.21544061525276059,0.97651694368275654,4.0074375076982279e-09,1,ok
CP-010-FIG10-001,a_over_A5=4,4,exact,eq6,1,4,70,1.4000000000000001,5.6000000000000005,0.21544061525276059,0.97651694368275654,3.1353052414301886e-09,1,ok
CP-010-FIG10-001,a_over_A5=4,4,exact,eq6,1,4,71,1.4199999999999999,5.6799999999999997,0.21544061525276059,0.97651694368275654,2.4529737364727536e-09,1,ok
CP-010-FIG10-001,a_over_A5=4,4,exact,eq6,1,4,72,1.4399999999999999,5.7599999999999998,0.21544061525276059,0.97651694368275654,1.9191369542955162e-09,1,ok
CP-010-FIG10-001,a_over_A5=4,4,exact,eq6,1,4,73,1.46,5.8399999999999999,0.21544061525276059,0.97651694368275654,1.5014782239938511e-09,1,ok
CP-010-FIG10-001,a_over_A5=4,4,exact,eq6,1,4,74,1.48,5.9199999999999999,0.21544061525276059,0.97651694368275654,1.1747139004757982e-09,1,ok
CP-010-FIG10-001,a_over_A5=4,4,exact,eq6,1,4,75,1.5,6,0.21544061525276059,0.97651694368275654,9.1906277821363492e-10,1,ok
CP-010-FIG10-001,a_over_A5=4,4,exact,eq6,1,4,76,1.52,6.0800000000000001,0.21544061525276059,0.97651694368275654,7.1904860405214077e-10,1,ok
CP-010-FIG10-001,a_over_A5=4,4,exact,eq6,1,4,77,1.54,6.1600000000000001,0.21544061525276059,0.97651694368275654,5.6256319725435072e-10,1,ok
CP-010-FIG10-001,a_over_A5=4,4,exact,eq6,1,4,78,1.5600000000000001,6.2400000000000002,0.21544061525276059,0.97651694368275654,4.4013346124525798e-10,1,ok
CP-010-FIG10-001,a_over_A5=4,4,exact,eq6,1,4,79,1.5800000000000001,6.3200000000000003,0.21544061525276059,0.97651694368275654,3.4434791442666036e-10,1,ok
CP-010-FIG10-001,a_over_A5=4,4,exact,eq6,1,4,80,1.6000000000000001,6.4000000000000004,0.21544061525276059,0.97651694368275654,2.6940802418091319e-10,1,ok
CP-010-FIG10-001,a_over_A5=4,4,exact,eq6,1,4,81,1.6200000000000001,6.4800000000000004,0.21544061525276059,0.97651694368275654,2.1077718334350852e-10,1,ok
CP-010-FIG10-001,a_over_A5=4,4,exact,eq6,1,4,82,1.6400000000000001,6.5600000000000005,0.21544061525276059,0.97651694368275654,1.6490607936900069e-10,1,ok
CP-010-FIG10-001,a_over_A5=4,4,exact,eq6,1,4,83,1.6600000000000001,6.6400000000000006,0.21544061525276059,0.97651694368275654,1.2901783096957098e-10,1,ok
CP-010-FIG10-001,a_over_A5=4,4,exact,eq6,1,4,84,1.6799999999999999,6.7199999999999998,0.21544061525276059,0.97651694368275654,1.0093988512604172e-10,1,ok
CP-010-FIG10-001,a_over_A5=4,4,exact,eq6,1,4,85,1.7,6.7999999999999998,0.21544061525276059,0.97651694368275654,7.8972498085644608e-11,1,ok
CP-010-FIG10-001,a_over_A5=4,4,exact,eq6,1,4,86,1.72,6.8799999999999999,0.21544061525276059,0.97651694368275654,6.1785838631573105e-11,1,ok
CP-010-FIG10-001,a_over_A5=4,4,exact,eq6,1,4,87,1.74,6.96,0.21544061525276059,0.97651694368275654,4.8339484604713609e-11,1,ok
CP-010-FIG10-001,a_over_A5=4,4,exact,eq6,1,4,88,1.76,7.04,0.21544061525276059,0.97651694368275654,3.7819439269620371e-11,1,ok
CP-010-FIG10-001,a_over_A5=4,4,exact,eq6,1,4,89,1.78,7.1200000000000001,0.21544061525276059,0.97651694368275654,2.9588854708828104e-11,1,ok
CP-010-FIG10-001,a_over_A5=4,4,exact,eq6,1,4,90,1.8,7.2000000000000002,0.21544061525276059,0.97651694368275654,2.3149479206673789e-11,1,ok
CP-010-FIG10-001,a_over_A5=4,4,exact,eq6,1,4,91,1.8200000000000001,7.2800000000000002,0.21544061525276059,0.97651694368275654,1.8111494777806724e-11,1,ok
CP-010-FIG10-001,a_over_A5=4,4,exact,eq6,1,4,92,1.8400000000000001,7.3600000000000003,0.21544061525276059,0.97651694368275654,1.4169918906510572e-11,1,ok
CP-010-FIG10-001,a_over_A5=4,4,exact,eq6,1,4,93,1.8600000000000001,7.4400000000000004,0.21544061525276059,0.97651694368275654,1.1086141938053812e-11,1,ok
CP-010-FIG10-001,a_over_A5=4,4,exact,eq6,1,4,94,1.8800000000000001,7.5200000000000005,0.21544061525276059,0.97651694368275654,8.6734824582663064e-12,1,ok
CP-010-FIG10-001,a_over_A5=4,4,exact,eq6,1,4,95,1.9000000000000001,7.6000000000000005,0.21544061525276059,0.97651694368275654,6.7858862329395914e-12,1,ok
CP-010-FIG10-001,a_over_A5=4,4,exact,eq6,1,4,96,1.9199999999999999,7.6799999999999997,0.21544061525276059,0.97651694368275654,5.3090845791141714e-12,1,ok
CP-010-FIG10-001,a_over_A5=4,4,exact,eq6,1,4,97,1.9399999999999999,7.7599999999999998,0.21544061525276059,0.97651694368275654,4.1536769259949379e-12,1,ok
CP-010-FIG10-001,a_over_A5=4,4,exact,eq6,1,4,98,1.96,7.8399999999999999,0.21544061525276059,0.97651694368275654,3.2497188071585617e-12,1,ok
CP-010-FIG10-001,a_over_A5=4,4,exact,eq6,1,4,99,1.98,7.9199999999999999,0.21544061525276059,0.97651694368275654,2.5424876594296924e-12,1,ok
CP-010-FIG10-001,a_over_A5=4,4,exact,eq6,1,4,100,2,8,0.21544061525276059,0.97651694368275654,1.9891701042295491e-12,1,ok
CP-010-FIG10-001,a_over_A5=4,4,exact,eq6,1,4,101,2.02,8.0800000000000001,0.21544061525276059,0.97651694368275654,1.5562701706281375e-12,1,ok
CP-010-FIG10-001,a_over_A5=4,4,exact,eq6,1,4,102,2.04,8.1600000000000001,0.21544061525276059,0.97651694368275654,1.2175815627015062e-12,1,ok
CP-010-FIG10-001,a_over_A5=4,4,exact,eq6,1,4,103,2.0600000000000001,8.2400000000000002,0.21544061525276059,0.97651694368275654,9.52601219126546e-13,1,ok
CP-010-FIG10-001,a_over_A5=4,4,exact,eq6,1,4,104,2.0800000000000001,8.3200000000000003,0.21544061525276059,0.97651694368275654,7.4528812728404103e-13,1,ok
CP-010-FIG10-001,a_over_A5=4,4,exact,eq6,1,4,105,2.1000000000000001,8.4000000000000004,0.21544061525276059,0.97651694368275654,5.8309225467909565e-13,1,ok
CP-010-FIG10-001,a_over_A5=4,4,exact,eq6,1,4,106,2.1200000000000001,8.4800000000000004,0.21544061525276059,0.97651694368275654,4.5619481247575726e-13,1,ok
CP-010-FIG10-001,a_over_A5=4,4,exact,eq6,1,4,107,2.1400000000000001,8.5600000000000005,0.21544061525276059,0.97651694368275654,3.5691385927313768e-13,1,ok
CP-010-FIG10-001,a_over_A5=4,4,exact,eq6,1,4,108,2.1600000000000001,8.6400000000000006,0.21544061525276059,0.97651694368275654,2.7923926238861966e-13,1,ok
CP-010-FIG10-001,a_over_A5=4,4,exact,eq6,1,4,109,2.1800000000000002,8.7200000000000006,0.21544061525276059,0.97651694368275654,2.1846886477912952e-13,1,ok
CP-010-FIG10-001,a_over_A5=4,4,exact,eq6,1,4,110,2.2000000000000002,8.8000000000000007,0.21544061525276059,0.97651694368275654,1.7092383237804581e-13,1,ok
CP-010-FIG10-001,a_over_A5=4,4,exact,eq6,1,4,111,2.2200000000000002,8.8800000000000008,0.21544061525276059,0.97651694368275654,1.3372594993952354e-13,1,ok
CP-010-FIG10-001,a_over_A5=4,4,exact,eq6,1,4,112,2.2400000000000002,8.9600000000000009,0.21544061525276059,0.97651694368275654,1.0462338363485433e-13,1,ok
CP-010-FIG10-001,a_over_A5=4,4,exact,eq6,1,4,113,2.2600000000000002,9.0400000000000009,0.21544061525276059,0.97651694368275654,8.1854362658528484e-14,1,ok
CP-010-FIG10-001,a_over_A5=4,4,exact,eq6,1,4,114,2.2800000000000002,9.120000000000001,0.21544061525276059,0.97651694368275654,6.4040527590065329e-14,1,ok
CP-010-FIG10-001,a_over_A5=4,4,exact,eq6,1,4,115,2.3000000000000003,9.2000000000000011,0.21544061525276059,0.97651694368275654,5.0103489182645438e-14,1,ok
CP-010-FIG10-001,a_over_A5=4,4,exact,eq6,1,4,116,2.3199999999999998,9.2799999999999994,0.21544061525276059,0.97651694368275654,3.9199546330172828e-14,1,ok
CP-010-FIG10-001,a_over_A5=4,4,exact,eq6,1,4,117,2.3399999999999999,9.3599999999999994,0.21544061525276059,0.97651694368275654,3.0668611259584817e-14,1,ok
CP-010-FIG10-001,a_over_A5=4,4,exact,eq6,1,4,118,2.3599999999999999,9.4399999999999995,0.21544061525276059,0.97651694368275654,2.3994250052520424e-14,1,ok
CP-010-FIG10-001,a_over_A5=4,4,exact,eq6,1,4,119,2.3799999999999999,9.5199999999999996,0.21544061525276059,0.97651694368275654,1.8772419484855226e-14,1,ok
CP-010-FIG10-001,a_over_A5=4,4,exact,eq6,1,4,120,2.3999999999999999,9.5999999999999996,0.21544061525276059,0.97651694368275654,1.4687007618241942e-14,1,ok
CP-010-FIG10-001,a_over_A5=4,4,exact,eq6,1,4,121,2.4199999999999999,9.6799999999999997,0.21544061525276059,0.97651694368275654,1.1490697453906912e-14,1,ok
CP-010-FIG10-001,a_over_A5=4,4,exact,eq6,1,4,122,2.4399999999999999,9.7599999999999998,0.21544061525276059,0.97651694368275654,8.9899951991055586e-15,1,ok
CP-010-FIG10-001,a_over_A5=4,4,exact,eq6,1,4,123,2.46,9.8399999999999999,0.21544061525276059,0.97651694368275654,7.0335168081953321e-15,1,ok
CP-010-FIG10-001,a_over_A5=4,4,exact,eq6,1,4,124,2.48,9.9199999999999999,0.21544061525276059,0.97651694368275654,5.5028237051881684e-15,1,ok
CP-010-FIG10-001,a_over_A5=4,4,exact,eq6,1,4,125,2.5,10,0.21544061525276059,0.97651694368275654,4.3052529134640126e-15,1,ok
CP-010-FIG10-001,a_over_A5=4,4,exact,eq6,1,4,126,2.52,10.08,0.21544061525276059,0.97651694368275654,3.3683075529777603e-15,1,ok
CP-010-FIG10-001,a_over_A5=4,4,exact,eq6,1,4,127,2.54,10.16,0.21544061525276059,0.97651694368275654,2.6352681246589867e-15,1,ok
CP-010-FIG10-001,a_over_A5=4,4,exact,eq6,1,4,128,2.5600000000000001,10.24,0.21544061525276059,0.97651694368275654,2.0617589040241566e-15,1,ok
CP-010-FIG10-001,a_over_A5=4,4,exact,eq6,1,4,129,2.5800000000000001,10.32,0.21544061525276059,0.97651694368275654,1.6130615850988474e-15,1,ok
CP-010-FIG10-001,a_over_A5=4,4,exact,eq6,1,4,130,2.6000000000000001,10.4,0.21544061525276059,0.97651694368275654,1.2620135517509223e-15,1,ok
CP-010-FIG10-001,a_over_A5=4,4,exact,eq6,1,4,131,2.6200000000000001,10.48,0.21544061525276059,0.97651694368275654,9.8736354489861233e-16,1,ok
CP-010-FIG10-001,a_over_A5=4,4,exact,eq6,1,4,132,2.6400000000000001,10.56,0.21544061525276059,0.97651694368275654,7.7248518325511278e-16,1,ok
CP-010-FIG10-001,a_over_A5=4,4,exact,eq6,1,4,133,2.6600000000000001,10.640000000000001,0.21544061525276059,0.97651694368275654,6.043704585122893e-16,1,ok
CP-010-FIG10-001,a_over_A5=4,4,exact,eq6,1,4,134,2.6800000000000002,10.720000000000001,0.21544061525276059,0.97651694368275654,4.7284227457049373e-16,1,ok
CP-010-FIG10-001,a_over_A5=4,4,exact,eq6,1,4,135,2.7000000000000002,10.800000000000001,0.21544061525276059,0.97651694368275654,3.6993836060643909e-16,1,ok
CP-010-FIG10-001,a_over_A5=4,4,exact,eq6,1,4,136,2.7200000000000002,10.880000000000001,0.21544061525276059,0.97651694368275654,2.8942926216250537e-16,1,ok
CP-010-FIG10-001,a_over_A5=4,4,exact,eq6,1,4,137,2.7400000000000002,10.960000000000001,0.21544061525276059,0.97651694368275654,2.2644123107052385e-16,1,ok
CP-010-FIG10-001,a_over_A5=4,4,exact,eq6,1,4,138,2.7600000000000002,11.040000000000001,0.21544061525276059,0.97651694368275654,1.7716118524306075e-16,1,ok
CP-010-FIG10-001,a_over_A5=4,4,exact,eq6,1,4,139,2.7800000000000002,11.120000000000001,0.21544061525276059,0.97651694368275654,1.3860587759722551e-16,1,ok
CP-010-FIG10-001,a_over_A5=4,4,exact,eq6,1,4,140,2.8000000000000003,11.200000000000001,0.21544061525276059,0.97651694368275654,1.0844130037930925e-16,1,ok
CP-010-FIG10-001,a_over_A5=4,4,exact,eq6,1,4,141,2.8199999999999998,11.279999999999999,0.21544061525276059,0.97651694368275654,8.4841392239710362e-17,1,ok
CP-010-FIG10-001,a_over_A5=4,4,exact,eq6,1,4,142,2.8399999999999999,11.359999999999999,0.21544061525276059,0.97651694368275654,6.637749466296316e-17,1,ok
CP-010-FIG10-001,a_over_A5=4,4,exact,eq6,1,4,143,2.8599999999999999,11.44,0.21544061525276059,0.97651694368275654,5.193186581949406e-17,1,ok
CP-010-FIG10-001,a_over_A5=4,4,exact,eq6,1,4,144,2.8799999999999999,11.52,0.21544061525276059,0.97651694368275654,4.0630016260597777e-17,1,ok
CP-010-FIG10-001,a_over_A5=4,4,exact,eq6,1,4,145,2.8999999999999999,11.6,0.21544061525276059,0.97651694368275654,3.1787770288753366e-17,1,ok
CP-010-FIG10-001,a_over_A5=4,4,exact,eq6,1,4,146,2.9199999999999999,11.68,0.21544061525276059,0.97651694368275654,2.4869848277921531e-17,1,ok
CP-010-FIG10-001,a_over_A5=4,4,exact,eq6,1,4,147,2.9399999999999999,11.76,0.21544061525276059,0.97651694368275654,1.94574626577589e-17,1,ok
CP-010-FIG10-001,a_over_A5=4,4,exact,eq6,1,4,148,2.96,11.84,0.21544061525276059,0.97651694368275654,1.5222965932372891e-17,1,ok
CP-010-FIG10-001,a_over_A5=4,4,exact,eq6,1,4,149,2.98,11.92,0.21544061525276059,0.97651694368275654,1.1910016010529355e-17,1,ok
CP-010-FIG10-001,a_over_A5=4,4,exact,eq6,1,4,150,3,12,0.21544061525276059,0.97651694368275654,9.3180581235758499e-18,1,ok
CP-010-FIG10-001,a_over_A5=0.5,0.5,closed_form,eq6,1,0.5,0,0,0,0.87980169297688515,0.47534091033173942,0.73587623199606078,1,ok
CP-010-FIG10-001,a_over_A5=0.5,0.5,closed_form,eq6,1,0.5,1,0.02,0.01,0.87980169297688515,0.47534091033173942,0.72496883405516366,1,ok
CP-010-FIG10-001,a_over_A5=0.5,0.5,closed_form,eq6,1,0.5,2,0.040000000000000001,0.02,0.87980169297688515,0.47534091033173942,0.7142231091302822,1,ok
CP-010-FIG10-001,a_over_A5=0.5,0.5,closed_form,eq6,1,0.5,3,0.059999999999999998,0.029999999999999999,0.87980169297688515,0.47534091033173942,0.70363666085115029,1,ok
CP-010-FIG10-001,a_over_A5=0.5,0.5,closed_form,eq6,1,0.5,4,0.080000000000000002,0.040000000000000001,0.87980169297688515,0.47534091033173942,0.6932071283672846,1,ok
CP-010-FIG10-001,a_over_A5=0.5,0.5,closed_form,eq6,1,0.5,5,0.10000000000000001,0.050000000000000003,0.87980169297688515,0.47534091033173942,0.68293218582149917,1,ok
CP-010-FIG10-001,a_over_A5=0.5,0.5,closed_form,eq6,1,0.5,6,0.12,0.059999999999999998,0.87980169297688515,0.47534091033173942,0.67280954183122332,1,ok
CP-010-FIG10-001,a_over_A5=0.5,0.5,closed_form,eq6,1,0.5,7,0.14000000000000001,0.070000000000000007,0.87980169297688515,0.47534091033173942,0.66283693897750706,1,ok
CP-010-FIG10-001,a_over_A5=0.5,0.5,closed_form,eq6,1,0.5,8,0.16,0.080000000000000002,0.87980169297688515,0.47534091033173942,0.65301215330160223,1,ok
CP-010-FIG10-001,a_over_A5=0.5,0.5,closed_form,eq6,1,0.5,9,0.17999999999999999,0.089999999999999997,0.87980169297688515,0.47534091033173942,0.64333299380900311,1,ok
CP-010-FIG10-001,a_over_A5=0.5,0.5,closed_form,eq6,1,0.5,10,0.20000000000000001,0.10000000000000001,0.87980169297688515,0.47534091033173942,0.63379730198084105,1,ok
CP-010-FIG10-001,a_over_A5=0.5,0.5,closed_form,eq6,1,0.5,11,0.22,0.11,0.87980169297688515,0.47534091033173942,0.6244029512925191,1,ok
CP-010-FIG10-001,a_over_A5=0.5,0.5,closed_form,eq6,1,0.5,12,0.23999999999999999,0.12,0.87980169297688515,0.47534091033173942,0.61514784673948253,1,ok
CP-010-FIG10-001,a_over_A5=0.5,0.5,closed_form,eq6,1,0.5,13,0.26000000000000001,0.13,0.87980169297688515,0.47534091033173942,0.60602992437001879,1,ok
CP-010-FIG10-001,a_over_A5=0.5,0.5,closed_form,eq6,1,0.5,14,0.28000000000000003,0.14000000000000001,0.87980169297688515,0.47534091033173942,0.59704715082498194,1,ok
CP-010-FIG10-001,a_over_A5=0.5,0.5,closed_form,eq6,1,0.5,15,0.29999999999999999,0.14999999999999999,0.87980169297688515,0.47534091033173942,0.58819752288433969,1,ok
CP-010-FIG10-001,a_over_A5=0.5,0.5,closed_form,eq6,1,0.5,16,0.32000000000000001,0.16,0.87980169297688515,0.47534091033173942,0.57947906702044139,1,ok
CP-010-FIG10-001,a_over_A5=0.5,0.5,closed_form,eq6,1,0.5,17,0.34000000000000002,0.17000000000000001,0.87980169297688515,0.47534091033173942,0.57088983895790812,1,ok
CP-010-FIG10-001,a_over_A5=0.5,0.5,closed_form,eq6,1,0.5,18,0.35999999999999999,0.17999999999999999,0.87980169297688515,0.47534091033173942,0.56242792324004609,1,ok
CP-010-FIG10-001,a_over_A5=0.5,0.5,closed_form,eq6,1,0.5,19,0.38,0.19,0.87980169297688515,0.47534091033173942,0.55409143280168605,1,ok
CP-010-FIG10-001,a_over_A5=0.5,0.5,closed_form,eq6,1,0.5,20,0.40000000000000002,0.20000000000000001,0.87980169297688515,0.47534091033173942,0.54587850854835562,1,ok
CP-010-FIG10-001,a_over_A5=0.5,0.5,closed_form,eq6,1,0.5,21,0.41999999999999998,0.20999999999999999,0.87980169297688515,0.47534091033173942,0.53778731894168796,1,ok
CP-010-FIG10-001,a_over_A5=0.5,0.5,closed_form,eq6,1,0.5,22,0.44,0.22,0.87980169297688515,0.47534091033173942,0.52981605959097622,1,ok
CP-010-FIG10-001,a_over_A5=0.5,0.5,closed_form,eq6,1,0.5,23,0.46000000000000002,0.23000000000000001,0.87980169297688515,0.47534091033173942,0.52196295285078209,1,ok
CP-010-FIG10-001,a_over_A5=0.5,0.5,closed_form,eq6,1,0.5,24,0.47999999999999998,0.23999999999999999,0.87980169297688515,0.47534091033173942,0.51422624742450918,1,ok
CP-010-FIG10-001,a_over_A5=0.5,0.5,closed_form,eq6,1,0.5,25,0.5,0.25,0.87980169297688515,0.47534091033173942,0.50660421797385091,1,ok
CP-010-FIG10-001,a_over_A5=0.5,0.5,closed_form,eq6,1,0.5,26,0.52000000000000002,0.26000000000000001,0.87980169297688515,0.47534091033173942,0.49909516473402921,1,ok
CP-010-FIG10-001,a_over_A5=0.5,0.5,closed_form,eq6,1,0.5,27,0.54000000000000004,0.27000000000000002,0.87980169297688515,0.47534091033173942,0.4916974131347347,1,ok
CP-010-FIG10-001,a_over_A5=0.5,0.5,closed_form,eq6,1,0.5,28,0.56000000000000005,0.28000000000000003,0.87980169297688515,0.47534091033173942,0.48440931342668631,1,ok
CP-010-FIG10-001,a_over_A5=0.5,0.5,closed_form,eq6,1,0.5,29,0.57999999999999996,0.28999999999999998,0.87980169297688515,0.47534091033173942,0.47722924031372577,1,ok
CP-010-FIG10-001,a_over_A5=0.5,0.5,closed_form,eq6,1,0.5,30,0.59999999999999998,0.29999999999999999,0.87980169297688515,0.47534091033173942,0.47015559259036549,1,ok
CP-010-FIG10-001,a_over_A5=0.5,0.5,closed_form,eq6,1,0.5,31,0.62,0.31,0.87980169297688515,0.47534091033173942,0.46318679278470892,1,ok
CP-010-FIG10-001,a_over_A5=0.5,0.5,closed_form,eq6,1,0.5,32,0.64000000000000001,0.32000000000000001,0.87980169297688515,0.47534091033173942,0.45632128680666328,1,ok
CP-010-FIG10-001,a_over_A5=0.5,0.5,closed_form,eq6,1,0.5,33,0.66000000000000003,0.33000000000000002,0.87980169297688515,0.47534091033173942,0.44955754360136679,1,ok
CP-010-FIG10-001,a_over_A5=0.5,0.5,closed_form,eq6,1,0.5,34,0.68000000000000005,0.34000000000000002,0.87980169297688515,0.47534091033173942,0.44289405480775318,1,ok
CP-010-FIG10-001,a_over_A5=0.5,0.5,closed_form,eq6,1,0.5,35,0.70000000000000007,0.35000000000000003,0.87980169297688515,0.47534091033173942,0.43632933442217686,1,ok
CP-010-FIG10-001,a_over_A5=0.5,0.5,closed_form,eq6,1,0.5,36,0.71999999999999997,0.35999999999999999,0.87980169297688515,0.47534091033173942,0.42986191846702348,1,ok
CP-010-FIG10-001,a_over_A5=0.5,0.5,closed_form,eq6,1,0.5,37,0.73999999999999999,0.37,0.87980169297688515,0.47534091033173942,0.42349036466423345,1,ok
CP-010-FIG10-001,a_over_A5=0.5,0.5,closed_form,eq6,1,0.5,38,0.76000000000000001,0.38,0.87980169297688515,0.47534091033173942,0.41721325211366372,1,ok
CP-010-FIG10-001,a_over_A5=0.5,0.5,closed_form,eq6,1,0.5,39,0.78000000000000003,0.39000000000000001,0.87980169297688515,0.47534091033173942,0.41102918097621743,1,ok
CP-010-FIG10-001,a_over_A5=0.5,0.5,closed_form,eq6,1,0.5,40,0.80000000000000004,0.40000000000000002,0.87980169297688515,0.47534091033173942,0.40493677216167018,1,ok
CP-010-FIG10-001,a_over_A5=0.5,0.5,closed_form,eq6,1,0.5,41,0.82000000000000006,0.41000000000000003,0.87980169297688515,0.47534091033173942,0.39893466702112335,1,ok
CP-010-FIG10-001,a_over_A5=0.5,0.5,closed_form,eq6,1,0.5,42,0.83999999999999997,0.41999999999999998,0.87980169297688515,0.47534091033173942,0.39302152704401655,1,ok
CP-010-FIG10-001,a_over_A5=0.5,0.5,closed_form,eq6,1,0.5,43,0.85999999999999999,0.42999999999999999,0.87980169297688515,0.47534091033173942,0.38719603355962973,1,ok
CP-010-FIG10-001,a_over_A5=0.5,0.5,closed_form,eq6,1,0.5,44,0.88,0.44,0.87980169297688515,0.47534091033173942,0.38145688744301148,1,ok
CP-010-FIG10-001,a_over_A5=0.5,0.5,closed_form,eq6,1,0.5,45,0.90000000000000002,0.45000000000000001,0.87980169297688515,0.47534091033173942,0.37580280882526479,1,ok
CP-010-FIG10-001,a_over_A5=0.5,0.5,closed_form,eq6,1,0.5,46,0.92000000000000004,0.46000000000000002,0.87980169297688515,0.47534091033173942,0.37023253680812751,1,ok
CP-010-FIG10-001,a_over_A5=0.5,0.5,closed_form,eq6,1,0.5,47,0.94000000000000006,0.47000000000000003,0.87980169297688515,0.47534091033173942,0.36474482918278361,1,ok
CP-010-FIG10-001,a_over_A5=0.5,0.5,closed_form,eq6,1,0.5,48,0.95999999999999996,0.47999999999999998,0.87980169297688515,0.47534091033173942,0.35933846215284204,1,ok
CP-010-FIG10-001,a_over_A5=0.5,0.5,closed_form,eq6,1,0.5,49,0.97999999999999998,0.48999999999999999,0.87980169297688515,0.47534091033173942,0.35401223006142146,1,ok
CP-010-FIG10-001,a_over_A5=0.5,0.5,closed_form,eq6,1,0.5,50,1,0.5,0.87980169297688515,0.47534091033173942,0.34876494512228101,1,ok
CP-010-FIG10-001,a_over_A5=0.5,0.5,closed_form,eq6,1,0.5,51,1.02,0.51000000000000001,0.87980169297688515,0.47534091033173942,0.3435954371549354,1,ok
CP-010-FIG10-001,a_over_A5=0.5,0.5,closed_form,eq6,1,0.5,52,1.04,0.52000000000000002,0.87980169297688515,0.47534091033173942,0.338502553323697,1,ok
CP-010-FIG10-001,a_over_A5=0.5,0.5,closed_form,eq6,1,0.5,53,1.0600000000000001,0.53000000000000003,0.87980169297688515,0.47534091033173942,0.33348515788058525,1,ok
CP-010-FIG10-001,a_over_A5=0.5,0.5,closed_form,eq6,1,0.5,54,1.0800000000000001,0.54000000000000004,0.87980169297688515,0.47534091033173942,0.32854213191204718,1,ok
CP-010-FIG10-001,a_over_A5=0.5,0.5,closed_form,eq6,1,0.5,55,1.1000000000000001,0.55000000000000004,0.87980169297688515,0.47534091033173942,0.32367237308943225,1,ok
CP-010-FIG10-001,a_over_A5=0.5,0.5,closed_form,eq6,1,0.5,56,1.1200000000000001,0.56000000000000005,0.87980169297688515,0.47534091033173942,0.31887479542316532,1,ok
CP-010-FIG10-001,a_over_A5=0.5,0.5,closed_form,eq6,1,0.5,57,1.1400000000000001,0.57000000000000006,0.87980169297688515,0.47534091033173942,0.3141483290205635,1,ok
CP-010-FIG10-001,a_over_A5=0.5,0.5,closed_form,eq6,1,0.5,58,1.1599999999999999,0.57999999999999996,0.87980169297688515,0.47534091033173942,0.30949191984724272,1,ok
CP-010-FIG10-001,a_over_A5=0.5,0.5,closed_form,eq6,1,0.5,59,1.1799999999999999,0.58999999999999997,0.87980169297688515,0.47534091033173942,0.30490452949206109,1,ok
CP-010-FIG10-001,a_over_A5=0.5,0.5,closed_form,eq6,1,0.5,60,1.2,0.59999999999999998,0.87980169297688515,0.47534091033173942,0.30038513493554592,1,ok
CP-010-FIG10-001,a_over_A5=0.5,0.5,closed_form,eq6,1,0.5,61,1.22,0.60999999999999999,0.87980169297688515,0.47534091033173942,0.29593272832175321,1,ok
CP-010-FIG10-001,a_over_A5=0.5,0.5,closed_form,eq6,1,0.5,62,1.24,0.62,0.87980169297688515,0.47534091033173942,0.29154631673350934,1,ok
CP-010-FIG10-001,a_over_A5=0.5,0.5,closed_form,eq6,1,0.5,63,1.26,0.63,0.87980169297688515,0.47534091033173942,0.28722492197098326,1,ok
CP-010-FIG10-001,a_over_A5=0.5,0.5,closed_form,eq6,1,0.5,64,1.28,0.64000000000000001,0.87980169297688515,0.47534091033173942,0.28296758033354136,1,ok
CP-010-FIG10-001,a_over_A5=0.5,0.5,closed_form,eq6,1,0.5,65,1.3,0.65000000000000002,0.87980169297688515,0.47534091033173942,0.27877334240483598,1,ok
CP-010-FIG10-001,a_over_A5=0.5,0.5,closed_form,eq6,1,0.5,66,1.3200000000000001,0.66000000000000003,0.87980169297688515,0.47534091033173942,0.27464127284107837,1,ok
CP-010-FIG10-001,a_over_A5=0.5,0.5,closed_form,eq6,1,0.5,67,1.3400000000000001,0.67000000000000004,0.87980169297688515,0.47534091033173942,0.27057045016245135,1,ok
CP-010-FIG10-001,a_over_A5=0.5,0.5,closed_form,eq6,1,0.5,68,1.3600000000000001,0.68000000000000005,0.87980169297688515,0.47534091033173942,0.26655996654761249,1,ok
CP-010-FIG10-001,a_over_A5=0.5,0.5,closed_form,eq6,1,0.5,69,1.3800000000000001,0.69000000000000006,0.87980169297688515,0.47534091033173942,0.26260892763124405,1,ok
CP-010-FIG10-001,a_over_A5=0.5,0.5,closed_form,eq6,1,0.5,70,1.4000000000000001,0.70000000000000007,0.87980169297688515,0.47534091033173942,0.25871645230460305,1,ok
CP-010-FIG10-001,a_over_A5=0.5,0.5,closed_form,eq6,1,0.5,71,1.4199999999999999,0.70999999999999996,0.87980169297688515,0.47534091033173942,0.25488167251902827,1,ok
CP-010-FIG10-001,a_over_A5=0.5,0.5,closed_form,eq6,1,0.5,72,1.4399999999999999,0.71999999999999997,0.87980169297688515,0.47534091033173942,0.25110373309235934,1,ok
CP-010-FIG10-001,a_over_A5=0.5,0.5,closed_form,eq6,1,0.5,73,1.46,0.72999999999999998,0.87980169297688515,0.47534091033173942,0.24738179151822542,1,ok
CP-010-FIG10-001,a_over_A5=0.5,0.5,closed_form,eq6,1,0.5,74,1.48,0.73999999999999999,0.87980169297688515,0.47534091033173942,0.2437150177781601,1,ok
CP-010-FIG10-001,a_over_A5=0.5,0.5,closed_form,eq6,1,0.5,75,1.5,0.75,0.87980169297688515,0.47534091033173942,0.24010259415650215,1,ok
CP-010-FIG10-001,a_over_A5=0.5,0.5,closed_form,eq6,1,0.5,76,1.52,0.76000000000000001,0.87980169297688515,0.47534091033173942,0.23654371505803889,1,ok
CP-010-FIG10-001,a_over_A5=0.5,0.5,closed_form,eq6,1,0.5,77,1.54,0.77000000000000002,0.87980169297688515,0.47534091033173942,0.23303758682835307,1,ok
CP-010-FIG10-001,a_over_A5=0.5,0.5,closed_form,eq6,1,0.5,78,1.5600000000000001,0.78000000000000003,0.87980169297688515,0.47534091033173942,0.22958342757683262,1,ok
CP-010-FIG10-001,a_over_A5=0.5,0.5,closed_form,eq6,1,0.5,79,1.5800000000000001,0.79000000000000004,0.87980169297688515,0.47534091033173942,0.22618046700230343,1,ok
CP-010-FIG10-001,a_over_A5=0.5,0.5,closed_form,eq6,1,0.5,80,1.6000000000000001,0.80000000000000004,0.87980169297688515,0.47534091033173942,0.22282794622124735,1,ok
CP-010-FIG10-001,a_over_A5=0.5,0.5,closed_form,eq6,1,0.5,81,1.6200000000000001,0.81000000000000005,0.87980169297688515,0.47534091033173942,0.2195251175985653,1,ok
CP-010-FIG10-001,a_over_A5=0.5,0.5,closed_form,eq6,1,0.5,82,1.6400000000000001,0.82000000000000006,0.87980169297688515,0.47534091033173942,0.21627124458085029,1,ok
CP-010-FIG10-001,a_over_A5=0.5,0.5,closed_form,eq6,1,0.5,83,1.6600000000000001,0.83000000000000007,0.87980169297688515,0.47534091033173942,0.21306560153213022,1,ok
CP-010-FIG10-001,a_over_A5=0.5,0.5,closed_form,eq6,1,0.5,84,1.6799999999999999,0.83999999999999997,0.87980169297688515,0.47534091033173942,0.20990747357204695,1,ok
CP-010-FIG10-001,a_over_A5=0.5,0.5,closed_form,eq6,1,0.5,85,1.7,0.84999999999999998,0.87980169297688515,0.47534091033173942,0.2067961564164319,1,ok
CP-010-FIG10-001,a_over_A5=0.5,0.5,closed_form,eq6,1,0.5,86,1.72,0.85999999999999999,0.87980169297688515,0.47534091033173942,0.20373095622024717,1,ok
CP-010-FIG10-001,a_over_A5=0.5,0.5,closed_form,eq6,1,0.5,87,1.74,0.87,0.87980169297688515,0.47534091033173942,0.20071118942285227,1,ok
CP-010-FIG10-001,a_over_A5=0.5,0.5,closed_form,eq6,1,0.5,88,1.76,0.88,0.87980169297688515,0.47534091033173942,0.19773618259556627,1,ok
CP-010-FIG10-001,a_over_A5=0.5,0.5,closed_form,eq6,1,0.5,89,1.78,0.89000000000000001,0.87980169297688515,0.47534091033173942,0.19480527229148767,1,ok
CP-010-FIG10-001,a_over_A5=0.5,0.5,closed_form,eq6,1,0.5,90,1.8,0.90000000000000002,0.87980169297688515,0.47534091033173942,0.1919178048975422,1,ok
CP-010-FIG10-001,a_over_A5=0.5,0.5,closed_form,eq6,1,0.5,91,1.8200000000000001,0.91000000000000003,0.87980169297688515,0.47534091033173942,0.18907313648872184,1,ok
CP-010-FIG10-001,a_over_A5=0.5,0.5,closed_form,eq6,1,0.5,92,1.8400000000000001,0.92000000000000004,0.87980169297688515,0.47534091033173942,0.18627063268448552,1,ok
CP-010-FIG10-001,a_over_A5=0.5,0.5,closed_form,eq6,1,0.5,93,1.8600000000000001,0.93000000000000005,0.87980169297688515,0.47534091033173942,0.18350966850728775,1,ok
CP-010-FIG10-001,a_over_A5=0.5,0.5,closed_form,eq6,1,0.5,94,1.8800000000000001,0.94000000000000006,0.87980169297688515,0.47534091033173942,0.1807896282432046,1,ok
CP-010-FIG10-001,a_over_A5=0.5,0.5,closed_form,eq6,1,0.5,95,1.9000000000000001,0.95000000000000007,0.87980169297688515,0.47534091033173942,0.17810990530462487,1,ok
CP-010-FIG10-001,a_over_A5=0.5,0.5,closed_form,eq6,1,0.5,96,1.9199999999999999,0.95999999999999996,0.87980169297688515,0.47534091033173942,0.17546990209497718,1,ok
CP-010-FIG10-001,a_over_A5=0.5,0.5,closed_form,eq6,1,0.5,97,1.9399999999999999,0.96999999999999997,0.87980169297688515,0.47534091033173942,0.17286902987546179,1,ok
CP-010-FIG10-001,a_over_A5=0.5,0.5,closed_form,eq6,1,0.5,98,1.96,0.97999999999999998,0.87980169297688515,0.47534091033173942,0.17030670863375796,1,ok
CP-010-FIG10-001,a_over_A5=0.5,0.5,closed_form,eq6,1,0.5,99,1.98,0.98999999999999999,0.87980169297688515,0.47534091033173942,0.16778236695467685,1,ok
CP-010-FIG10-001,a_over_A5=0.5,0.5,closed_form,eq6,1,0.5,100,2,1,0.87980169297688515,0.47534091033173942,0.16529544189273235,1,ok
CP-010-FIG10-001,a_over_A5=0.5,0.5,closed_form,eq6,1,0.5,101,2.02,1.01,0.87980169297688515,0.47534091033173942,0.16284537884660027,1,ok
CP-010-FIG10-001,a_over_A5=0.5,0.5,closed_form,eq6,1,0.5,102,2.04,1.02,0.87980169297688515,0.47534091033173942,0.1604316314354384,1,ok
CP-010-FIG10-001,a_over_A5=0.5,0.5,closed_form,eq6,1,0.5,103,2.0600000000000001,1.03,0.87980169297688515,0.47534091033173942,0.15805366137704002,1,ok
CP-010-FIG10-001,a_over_A5=0.5,0.5,closed_form,eq6,1,0.5,104,2.0800000000000001,1.04,0.87980169297688515,0.47534091033173942,0.15571093836779296,1,ok
CP-010-FIG10-001,a_over_A5=0.5,0.5,closed_form,eq6,1,0.5,105,2.1000000000000001,1.05,0.87980169297688515,0.47534091033173942,0.15340293996441864,1,ok
CP-010-FIG10-001,a_over_A5=0.5,0.5,closed_form,eq6,1,0.5,106,2.1200000000000001,1.0600000000000001,0.87980169297688515,0.47534091033173942,0.15112915146746331,1,ok
CP-010-FIG10-001,a_over_A5=0.5,0.5,closed_form,eq6,1,0.5,107,2.1400000000000001,1.0700000000000001,0.87980169297688515,0.47534091033173942,0.14888906580651678,1,ok
CP-010-FIG10-001,a_over_A5=0.5,0.5,closed_form,eq6,1,0.5,108,2.1600000000000001,1.0800000000000001,0.87980169297688515,0.47534091033173942,0.14668218342713207,1,ok
CP-010-FIG10-001,a_over_A5=0.5,0.5,closed_form,eq6,1,0.5,109,2.1800000000000002,1.0900000000000001,0.87980169297688515,0.47534091033173942,0.14450801217942155,1,ok
CP-010-FIG10-001,a_over_A5=0.5,0.5,closed_form,eq6,1,0.5,110,2.2000000000000002,1.1000000000000001,0.87980169297688515,0.47534091033173942,0.14236606720830391,1,ok
CP-010-FIG10-001,a_over_A5=0.5,0.5,closed_form,eq6,1,0.5,111,2.2200000000000002,1.1100000000000001,0.87980169297688515,0.47534091033173942,0.14025587084537833,1,ok
CP-010-FIG10-001,a_over_A5=0.5,0.5,closed_form,eq6,1,0.5,112,2.2400000000000002,1.1200000000000001,0.87980169297688515,0.47534091033173942,0.13817695250240103,1,ok
CP-010-FIG10-001,a_over_A5=0.5,0.5,closed_form,eq6,1,0.5,113,2.2600000000000002,1.1300000000000001,0.87980169297688515,0.47534091033173942,0.13612884856634103,1,ok
CP-010-FIG10-001,a_over_A5=0.5,0.5,closed_form,eq6,1,0.5,114,2.2800000000000002,1.1400000000000001,0.87980169297688515,0.47534091033173942,0.13411110229599113,1,ok
CP-010-FIG10-001,a_over_A5=0.5,0.5,closed_form,eq6,1,0.5,115,2.3000000000000003,1.1500000000000001,0.87980169297688515,0.47534091033173942,0.13212326372011146,1,ok
CP-010-FIG10-001,a_over_A5=0.5,0.5,closed_form,eq6,1,0.5,116,2.3199999999999998,1.1599999999999999,0.87980169297688515,0.47534091033173942,0.130164889537083,1,ok
CP-010-FIG10-001,a_over_A5=0.5,0.5,closed_form,eq6,1,0.5,117,2.3399999999999999,1.1699999999999999,0.87980169297688515,0.47534091033173942,0.12823554301604811,1,ok
CP-010-FIG10-001,a_over_A5=0.5,0.5,closed_form,eq6,1,0.5,118,2.3599999999999999,1.1799999999999999,0.87980169297688515,0.47534091033173942,0.12633479389951657,1,ok
CP-010-FIG10-001,a_over_A5=0.5,0.5,closed_form,eq6,1,0.5,119,2.3799999999999999,1.1899999999999999,0.87980169297688515,0.47534091033173942,0.12446221830741533,1,ok
CP-010-FIG10-001,a_over_A5=0.5,0.5,closed_form,eq6,1,0.5,120,2.3999999999999999,1.2,0.87980169297688515,0.47534091033173942,0.12261739864256022,1,ok
CP-010-FIG10-001,a_over_A5=0.5,0.5,closed_form,eq6,1,0.5,121,2.4199999999999999,1.21,0.87980169297688515,0.47534091033173942,0.12079992349752909,1,ok
CP-010-FIG10-001,a_over_A5=0.5,0.5,closed_form,eq6,1,0.5,122,2.4399999999999999,1.22,0.87980169297688515,0.47534091033173942,0.11900938756291481,1,ok
CP-010-FIG10-001,a_over_A5=0.5,0.5,closed_form,eq6,1,0.5,123,2.46,1.23,0.87980169297688515,0.47534091033173942,0.11724539153693893,1,ok
CP-010-FIG10-001,a_over_A5=0.5,0.5,closed_form,eq6,1,0.5,124,2.48,1.24,0.87980169297688515,0.47534091033173942,0.11550754203640423,1,ok
CP-010-FIG10-001,a_over_A5=0.5,0.5,closed_form,eq6,1,0.5,125,2.5,1.25,0.87980169297688515,0.47534091033173942,0.11379545150896797,1,ok
CP-010-FIG10-001,a_over_A5=0.5,0.5,closed_form,eq6,1,0.5,126,2.52,1.26,0.87980169297688515,0.47534091033173942,0.11210873814671464,1,ok
CP-010-FIG10-001,a_over_A5=0.5,0.5,closed_form,eq6,1,0.5,127,2.54,1.27,0.87980169297688515,0.47534091033173942,0.11044702580101055,1,ok
CP-010-FIG10-001,a_over_A5=0.5,0.5,closed_form,eq6,1,0.5,128,2.5600000000000001,1.28,0.87980169297688515,0.47534091033173942,0.10880994389861993,1,ok
CP-010-FIG10-001,a_over_A5=0.5,0.5,closed_form,eq6,1,0.5,129,2.5800000000000001,1.29,0.87980169297688515,0.47534091033173942,0.10719712735906455,1,ok
CP-010-FIG10-001,a_over_A5=0.5,0.5,closed_form,eq6,1,0.5,130,2.6000000000000001,1.3,0.87980169297688515,0.47534091033173942,0.10560821651320833,1,ok
CP-010-FIG10-001,a_over_A5=0.5,0.5,closed_form,eq6,1,0.5,131,2.6200000000000001,1.3100000000000001,0.87980169297688515,0.47534091033173942,0.10404285702304865,1,ok
CP-010-FIG10-001,a_over_A5=0.5,0.5,closed_form,eq6,1,0.5,132,2.6400000000000001,1.3200000000000001,0.87980169297688515,0.47534091033173942,0.10250069980269648,1,ok
CP-010-FIG10-001,a_over_A5=0.5,0.5,closed_form,eq6,1,0.5,133,2.6600000000000001,1.3300000000000001,0.87980169297688515,0.47534091033173942,0.100981400940528,1,ok
CP-010-FIG10-001,a_over_A5=0.5,0.5,closed_form,eq6,1,0.5,134,2.6800000000000002,1.3400000000000001,0.87980169297688515,0.47534091033173942,0.099484621622489749,1,ok
CP-010-FIG10-001,a_over_A5=0.5,0.5,closed_form,eq6,1,0.5,135,2.7000000000000002,1.3500000000000001,0.87980169297688515,0.47534091033173942,0.09801002805654091,1,ok
CP-010-FIG10-001,a_over_A5=0.5,0.5,closed_form,eq6,1,0.5,136,2.7200000000000002,1.3600000000000001,0.87980169297688515,0.47534091033173942,0.09655729139821527,1,ok
CP-010-FIG10-001,a_over_A5=0.5,0.5,closed_form,eq6,1,0.5,137,2.7400000000000002,1.3700000000000001,0.87980169297688515,0.47534091033173942,0.095126087677286919,1,ok
CP-010-FIG10-001,a_over_A5=0.5,0.5,closed_form,eq6,1,0.5,138,2.7600000000000002,1.3800000000000001,0.87980169297688515,0.47534091033173942,0.093716097725522349,1,ok
CP-010-FIG10-001,a_over_A5=0.5,0.5,closed_form,eq6,1,0.5,139,2.7800000000000002,1.3900000000000001,0.87980169297688515,0.47534091033173942,0.092327007105503844,1,ok
CP-010-FIG10-001,a_over_A5=0.5,0.5,closed_form,eq6,1,0.5,140,2.8000000000000003,1.4000000000000001,0.87980169297688515,0.47534091033173942,0.09095850604050798,1,ok
CP-010-FIG10-001,a_over_A5=0.5,0.5,closed_form,eq6,1,0.5,141,2.8199999999999998,1.4099999999999999,0.87980169297688515,0.47534091033173942,0.089610289345422992,1,ok
CP-010-FIG10-001,a_over_A5=0.5,0.5,closed_form,eq6,1,0.5,142,2.8399999999999999,1.4199999999999999,0.87980169297688515,0.47534091033173942,0.088282056358690672,1,ok
CP-010-FIG10-001,a_over_A5=0.5,0.5,closed_form,eq6,1,0.5,143,2.8599999999999999,1.4299999999999999,0.87980169297688515,0.47534091033173942,0.086973510875256607,1,ok
CP-010-FIG10-001,a_over_A5=0.5,0.5,closed_form,eq6,1,0.5,144,2.8799999999999999,1.4399999999999999,0.87980169297688515,0.47534091033173942,0.08568436108051436,1,ok
CP-010-FIG10-001,a_over_A5=0.5,0.5,closed_form,eq6,1,0.5,145,2.8999999999999999,1.45,0.87980169297688515,0.47534091033173942,0.084414319485229247,1,ok
CP-010-FIG10-001,a_over_A5=0.5,0.5,closed_form,eq6,1,0.5,146,2.9199999999999999,1.46,0.87980169297688515,0.47534091033173942,0.08316310286142567,1,ok
CP-010-FIG10-001,a_over_A5=0.5,0.5,closed_form,eq6,1,0.5,147,2.9399999999999999,1.47,0.87980169297688515,0.47534091033173942,0.081930432179225687,1,ok
CP-010-FIG10-001,a_over_A5=0.5,0.5,closed_form,eq6,1,0.5,148,2.96,1.48,0.87980169297688515,0.47534091033173942,0.080716032544623423,1,ok
CP-010-FIG10-001,a_over_A5=0.5,0.5,closed_form,eq6,1,0.5,149,2.98,1.49,0.87980169297688515,0.47534091033173942,0.079519633138181778,1,ok
CP-010-FIG10-001,a_over_A5=0.5,0.5,closed_form,eq6,1,0.5,150,3,1.5,0.87980169297688515,0.47534091033173942,0.078340967154637745,1,ok
CP-010-FIG10-001,a_over_A5=0.75,0.75,closed_form,eq6,1,0.75,0,0,0,0.72117823496238753,0.69274956038711089,0.72059538625778041,1,ok
CP-010-FIG10-001,a_over_A5=0.75,0.75,closed_form,eq6,1,0.75,1,0.02,0.014999999999999999,0.72117823496238753,0.69274956038711089,0.69745133573668927,1,ok
CP-010-FIG10-001,a_over_A5=0.75,0.75,closed_form,eq6,1,0.75,2,0.040000000000000001,0.029999999999999999,0.72117823496238753,0.69274956038711089,0.67505062479941702,1,ok
CP-010-FIG10-001,a_over_A5=0.75,0.75,closed_form,eq6,1,0.75,3,0.059999999999999998,0.044999999999999998,0.72117823496238753,0.69274956038711089,0.6533693788983187,1,ok
CP-010-FIG10-001,a_over_A5=0.75,0.75,closed_form,eq6,1,0.75,4,0.080000000000000002,0.059999999999999998,0.72117823496238753,0.69274956038711089,0.63238449028740662,1,ok
CP-010-FIG10-001,a_over_A5=0.75,0.75,closed_form,eq6,1,0.75,5,0.10000000000000001,0.075000000000000011,0.72117823496238753,0.69274956038711089,0.61207359339424983,1,ok
CP-010-FIG10-001,a_over_A5=0.75,0.75,closed_form,eq6,1,0.75,6,0.12,0.089999999999999997,0.72117823496238753,0.69274956038711089,0.59241504098287656,1,ok
CP-010-FIG10-001,a_over_A5=0.75,0.75,closed_form,eq6,1,0.75,7,0.14000000000000001,0.10500000000000001,0.72117823496238753,0.69274956038711089,0.57338788108227567,1,ok
CP-010-FIG10-001,a_over_A5=0.75,0.75,closed_form,eq6,1,0.75,8,0.16,0.12,0.72117823496238753,0.69274956038711089,0.55497183465590805,1,ok
CP-010-FIG10-001,a_over_A5=0.75,0.75,closed_form,eq6,1,0.75,9,0.17999999999999999,0.13500000000000001,0.72117823496238753,0.69274956038711089,0.53714727398842654,1,ok
CP-010-FIG10-001,a_over_A5=0.75,0.75,closed_form,eq6,1,0.75,10,0.20000000000000001,0.15000000000000002,0.72117823496238753,0.69274956038711089,0.51989520176657178,1,ok
CP-010-FIG10-001,a_over_A5=0.75,0.75,closed_form,eq6,1,0.75,11,0.22,0.16500000000000001,0.72117823496238753,0.69274956038711089,0.50319723083194523,1,ok
CP-010-FIG10-001,a_over_A5=0.75,0.75,closed_form,eq6,1,0.75,12,0.23999999999999999,0.17999999999999999,0.72117823496238753,0.69274956038711089,0.48703556458408281,1,ok
CP-010-FIG10-001,a_over_A5=0.75,0.75,closed_form,eq6,1,0.75,13,0.26000000000000001,0.19500000000000001,0.72117823496238753,0.69274956038711089,0.47139297801294172,1,ok
CP-010-FIG10-001,a_over_A5=0.75,0.75,closed_form,eq6,1,0.75,14,0.28000000000000003,0.21000000000000002,0.72117823496238753,0.69274956038711089,0.45625279934058433,1,ok
CP-010-FIG10-001,a_over_A5=0.75,0.75,closed_form,eq6,1,0.75,15,0.29999999999999999,0.22499999999999998,0.72117823496238753,0.69274956038711089,0.44159889225249443,1,ok
CP-010-FIG10-001,a_over_A5=0.75,0.75,closed_form,eq6,1,0.75,16,0.32000000000000001,0.23999999999999999,0.72117823496238753,0.69274956038711089,0.42741563869958665,1,ok
CP-010-FIG10-001,a_over_A5=0.75,0.75,closed_form,eq6,1,0.75,17,0.34000000000000002,0.255,0.72117823496238753,0.69274956038711089,0.41368792225258039,1,ok
CP-010-FIG10-001,a_over_A5=0.75,0.75,closed_form,eq6,1,0.75,18,0.35999999999999999,0.27000000000000002,0.72117823496238753,0.69274956038711089,0.40040111199099776,1,ok
CP-010-FIG10-001,a_over_A5=0.75,0.75,closed_form,eq6,1,0.75,19,0.38,0.28500000000000003,0.72117823496238753,0.69274956038711089,0.38754104690961294,1,ok
CP-010-FIG10-001,a_over_A5=0.75,0.75,closed_form,eq6,1,0.75,20,0.40000000000000002,0.30000000000000004,0.72117823496238753,0.69274956038711089,0.37509402082573495,1,ok
CP-010-FIG10-001,a_over_A5=0.75,0.75,closed_form,eq6,1,0.75,21,0.41999999999999998,0.315,0.72117823496238753,0.69274956038711089,0.36304676777123862,1,ok
CP-010-FIG10-001,a_over_A5=0.75,0.75,closed_form,eq6,1,0.75,22,0.44,0.33000000000000002,0.72117823496238753,0.69274956038711089,0.35138644785377154,1,ok
CP-010-FIG10-001,a_over_A5=0.75,0.75,closed_form,eq6,1,0.75,23,0.46000000000000002,0.34500000000000003,0.72117823496238753,0.69274956038711089,0.3401006335720726,1,ok
CP-010-FIG10-001,a_over_A5=0.75,0.75,closed_form,eq6,1,0.75,24,0.47999999999999998,0.35999999999999999,0.72117823496238753,0.69274956038711089,0.32917729657081213,1,ok
CP-010-FIG10-001,a_over_A5=0.75,0.75,closed_form,eq6,1,0.75,25,0.5,0.375,0.72117823496238753,0.69274956038711089,0.31860479482084159,1,ok
CP-010-FIG10-001,a_over_A5=0.75,0.75,closed_form,eq6,1,0.75,26,0.52000000000000002,0.39000000000000001,0.72117823496238753,0.69274956038711089,0.3083718602111859,1,ok
CP-010-FIG10-001,a_over_A5=0.75,0.75,closed_form,eq6,1,0.75,27,0.54000000000000004,0.40500000000000003,0.72117823496238753,0.69274956038711089,0.29846758653955641,1,ok
CP-010-FIG10-001,a_over_A5=0.75,0.75,closed_form,eq6,1,0.75,28,0.56000000000000005,0.42000000000000004,0.72117823496238753,0.69274956038711089,0.28888141788858407,1,ok
CP-010-FIG10-001,a_over_A5=0.75,0.75,closed_form,eq6,1,0.75,29,0.57999999999999996,0.43499999999999994,0.72117823496238753,0.69274956038711089,0.2796031373753835,1,ok
CP-010-FIG10-001,a_over_A5=0.75,0.75,closed_form,eq6,1,0.75,30,0.59999999999999998,0.44999999999999996,0.72117823496238753,0.69274956038711089,0.27062285626245874,1,ok
CP-010-FIG10-001,a_over_A5=0.75,0.75,closed_form,eq6,1,0.75,31,0.62,0.46499999999999997,0.72117823496238753,0.69274956038711089,0.26193100341834435,1,ok
CP-010-FIG10-001,a_over_A5=0.75,0.75,closed_form,eq6,1,0.75,32,0.64000000000000001,0.47999999999999998,0.72117823496238753,0.69274956038711089,0.25351831511674922,1,ok
CP-010-FIG10-001,a_over_A5=0.75,0.75,closed_form,eq6,1,0.75,33,0.66000000000000003,0.495,0.72117823496238753,0.69274956038711089,0.24537582516333026,1,ok
CP-010-FIG10-001,a_over_A5=0.75,0.75,closed_form,eq6,1,0.75,34,0.68000000000000005,0.51000000000000001,0.72117823496238753,0.69274956038711089,0.2374948553395754,1,ok
CP-010-FIG10-001,a_over_A5=0.75,0.75,closed_form,eq6,1,0.75,35,0.70000000000000007,0.52500000000000002,0.72117823496238753,0.69274956038711089,0.22986700615360786,1,ok
CP-010-FIG10-001,a_over_A5=0.75,0.75,closed_form,eq6,1,0.75,36,0.71999999999999997,0.54000000000000004,0.72117823496238753,0.69274956038711089,0.22248414788805695,1,ok
CP-010-FIG10-001,a_over_A5=0.75,0.75,closed_form,eq6,1,0.75,37,0.73999999999999999,0.55499999999999994,0.72117823496238753,0.69274956038711089,0.21533841193545253,1,ok
CP-010-FIG10-001,a_over_A5=0.75,0.75,closed_form,eq6,1,0.75,38,0.76000000000000001,0.57000000000000006,0.72117823496238753,0.69274956038711089,0.20842218241190849,1,ok
CP-010-FIG10-001,a_over_A5=0.75,0.75,closed_form,eq6,1,0.75,39,0.78000000000000003,0.58499999999999996,0.72117823496238753,0.69274956038711089,0.2017280880401584,1,ok
CP-010-FIG10-001,a_over_A5=0.75,0.75,closed_form,eq6,1,0.75,40,0.80000000000000004,0.60000000000000009,0.72117823496238753,0.69274956038711089,0.1952489942932906,1,ok
CP-010-FIG10-001,a_over_A5=0.75,0.75,closed_form,eq6,1,0.75,41,0.82000000000000006,0.61499999999999999,0.72117823496238753,0.69274956038711089,0.18897799579081115,1,ok
CP-010-FIG10-001,a_over_A5=0.75,0.75,closed_form,eq6,1,0.75,42,0.83999999999999997,0.63,0.72117823496238753,0.69274956038711089,0.18290840893892912,1,ok
CP-010-FIG10-001,a_over_A5=0.75,0.75,closed_form,eq6,1,0.75,43,0.85999999999999999,0.64500000000000002,0.72117823496238753,0.69274956038711089,0.17703376480722127,1,ok
CP-010-FIG10-001,a_over_A5=0.75,0.75,closed_form,eq6,1,0.75,44,0.88,0.66000000000000003,0.72117823496238753,0.69274956038711089,0.17134780223408372,1,ok
CP-010-FIG10-001,a_over_A5=0.75,0.75,closed_form,eq6,1,0.75,45,0.90000000000000002,0.67500000000000004,0.72117823496238753,0.69274956038711089,0.16584446115362211,1,ok
CP-010-FIG10-001,a_over_A5=0.75,0.75,closed_form,eq6,1,0.75,46,0.92000000000000004,0.69000000000000006,0.72117823496238753,0.69274956038711089,0.16051787613686833,1,ok
CP-010-FIG10-001,a_over_A5=0.75,0.75,closed_form,eq6,1,0.75,47,0.94000000000000006,0.70500000000000007,0.72117823496238753,0.69274956038711089,0.15536237014044085,1,ok
CP-010-FIG10-001,a_over_A5=0.75,0.75,closed_form,eq6,1,0.75,48,0.95999999999999996,0.71999999999999997,0.72117823496238753,0.69274956038711089,0.15037244845598463,1,ok
CP-010-FIG10-001,a_over_A5=0.75,0.75,closed_form,eq6,1,0.75,49,0.97999999999999998,0.73499999999999999,0.72117823496238753,0.69274956038711089,0.14554279285394267,1,ok
CP-010-FIG10-001,a_over_A5=0.75,0.75,closed_form,eq6,1,0.75,50,1,0.75,0.72117823496238753,0.69274956038711089,0.1408682559154181,1,ok
CP-010-FIG10-001,a_over_A5=0.75,0.75,closed_form,eq6,1,0.75,51,1.02,0.76500000000000001,0.72117823496238753,0.69274956038711089,0.13634385554608494,1,ok
CP-010-FIG10-001,a_over_A5=0.75,0.75,closed_form,eq6,1,0.75,52,1.04,0.78000000000000003,0.72117823496238753,0.69274956038711089,0.13196476966630097,1,ok
CP-010-FIG10-001,a_over_A5=0.75,0.75,closed_form,eq6,1,0.75,53,1.0600000000000001,0.79500000000000004,0.72117823496238753,0.69274956038711089,0.12772633107176287,1,ok
CP-010-FIG10-001,a_over_A5=0.75,0.75,closed_form,eq6,1,0.75,54,1.0800000000000001,0.81000000000000005,0.72117823496238753,0.69274956038711089,0.12362402245922756,1,ok
CP-010-FIG10-001,a_over_A5=0.75,0.75,closed_form,eq6,1,0.75,55,1.1000000000000001,0.82500000000000007,0.72117823496238753,0.69274956038711089,0.11965347161199617,1,ok
CP-010-FIG10-001,a_over_A5=0.75,0.75,closed_form,eq6,1,0.75,56,1.1200000000000001,0.84000000000000008,0.72117823496238753,0.69274956038711089,0.11581044674003099,1,ok
CP-010-FIG10-001,a_over_A5=0.75,0.75,closed_form,eq6,1,0.75,57,1.1400000000000001,0.85500000000000009,0.72117823496238753,0.69274956038711089,0.11209085196973838,1,ok
CP-010-FIG10-001,a_over_A5=0.75,0.75,closed_form,eq6,1,0.75,58,1.1599999999999999,0.86999999999999988,0.72117823496238753,0.69274956038711089,0.10849072297861033,1,ok
CP-010-FIG10-001,a_over_A5=0.75,0.75,closed_form,eq6,1,0.75,59,1.1799999999999999,0.88500000000000001,0.72117823496238753,0.69274956038711089,0.10500622277007243,1,ok
CP-010-FIG10-001,a_over_A5=0.75,0.75,closed_form,eq6,1,0.75,60,1.2,0.89999999999999991,0.72117823496238753,0.69274956038711089,0.10163363758403558,1,ok
CP-010-FIG10-001,a_over_A5=0.75,0.75,closed_form,eq6,1,0.75,61,1.22,0.91500000000000004,0.72117823496238753,0.69274956038711089,0.098369372938791569,1,ok
CP-010-FIG10-001,a_over_A5=0.75,0.75,closed_form,eq6,1,0.75,62,1.24,0.92999999999999994,0.72117823496238753,0.69274956038711089,0.095209949800035845,1,ok
CP-010-FIG10-001,a_over_A5=0.75,0.75,closed_form,eq6,1,0.75,63,1.26,0.94500000000000006,0.72117823496238753,0.69274956038711089,0.09215200087293253,1,ok
CP-010-FIG10-001,a_over_A5=0.75,0.75,closed_form,eq6,1,0.75,64,1.28,0.95999999999999996,0.72117823496238753,0.69274956038711089,0.08919226701327132,1,ok
CP-010-FIG10-001,a_over_A5=0.75,0.75,closed_form,eq6,1,0.75,65,1.3,0.97500000000000009,0.72117823496238753,0.69274956038711089,0.086327593753890541,1,ok
CP-010-FIG10-001,a_over_A5=0.75,0.75,closed_form,eq6,1,0.75,66,1.3200000000000001,0.98999999999999999,0.72117823496238753,0.69274956038711089,0.08355492794266435,1,ok
CP-010-FIG10-001,a_over_A5=0.75,0.75,closed_form,eq6,1,0.75,67,1.3400000000000001,1.0050000000000001,0.72117823496238753,0.69274956038711089,0.080871314488470833,1,ok
CP-010-FIG10-001,a_over_A5=0.75,0.75,closed_form,eq6,1,0.75,68,1.3600000000000001,1.02,0.72117823496238753,0.69274956038711089,0.078273893211673121,1,ok
CP-010-FIG10-001,a_over_A5=0.75,0.75,closed_form,eq6,1,0.75,69,1.3800000000000001,1.0350000000000001,0.72117823496238753,0.69274956038711089,0.075759895795756552,1,ok
CP-010-FIG10-001,a_over_A5=0.75,0.75,closed_form,eq6,1,0.75,70,1.4000000000000001,1.05,0.72117823496238753,0.69274956038711089,0.073326642836872971,1,ok
CP-010-FIG10-001,a_over_A5=0.75,0.75,closed_form,eq6,1,0.75,71,1.4199999999999999,1.0649999999999999,0.72117823496238753,0.69274956038711089,0.070971540988147744,1,ok
CP-010-FIG10-001,a_over_A5=0.75,0.75,closed_form,eq6,1,0.75,72,1.4399999999999999,1.0800000000000001,0.72117823496238753,0.69274956038711089,0.068692080195705468,1,ok
CP-010-FIG10-001,a_over_A5=0.75,0.75,closed_form,eq6,1,0.75,73,1.46,1.095,0.72117823496238753,0.69274956038711089,0.066485831023469541,1,ok
CP-010-FIG10-001,a_over_A5=0.75,0.75,closed_form,eq6,1,0.75,74,1.48,1.1099999999999999,0.72117823496238753,0.69274956038711089,0.064350442063882934,1,ok
CP-010-FIG10-001,a_over_A5=0.75,0.75,closed_form,eq6,1,0.75,75,1.5,1.125,0.72117823496238753,0.69274956038711089,0.062283637431791827,1,ok
CP-010-FIG10-001,a_over_A5=0.75,0.75,closed_form,eq6,1,0.75,76,1.52,1.1400000000000001,0.72117823496238753,0.69274956038711089,0.060283214338820418,1,ok
CP-010-FIG10-001,a_over_A5=0.75,0.75,closed_form,eq6,1,0.75,77,1.54,1.155,0.72117823496238753,0.69274956038711089,0.058347040745651842,1,ok
CP-010-FIG10-001,a_over_A5=0.75,0.75,closed_form,eq6,1,0.75,78,1.5600000000000001,1.1699999999999999,0.72117823496238753,0.69274956038711089,0.056473053089713038,1,ok
CP-010-FIG10-001,a_over_A5=0.75,0.75,closed_form,eq6,1,0.75,79,1.5800000000000001,1.1850000000000001,0.72117823496238753,0.69274956038711089,0.054659254085841762,1,ok
CP-010-FIG10-001,a_over_A5=0.75,0.75,closed_form,eq6,1,0.75,80,1.6000000000000001,1.2000000000000002,0.72117823496238753,0.69274956038711089,0.052903710597591698,1,ok
CP-010-FIG10-001,a_over_A5=0.75,0.75,closed_form,eq6,1,0.75,81,1.6200000000000001,1.2150000000000001,0.72117823496238753,0.69274956038711089,0.051204551576906773,1,ok
CP-010-FIG10-001,a_over_A5=0.75,0.75,closed_form,eq6,1,0.75,82,1.6400000000000001,1.23,0.72117823496238753,0.69274956038711089,0.049559966069969048,1,ok
CP-010-FIG10-001,a_over_A5=0.75,0.75,closed_form,eq6,1,0.75,83,1.6600000000000001,1.2450000000000001,0.72117823496238753,0.69274956038711089,0.047968201287094586,1,ok
CP-010-FIG10-001,a_over_A5=0.75,0.75,closed_form,eq6,1,0.75,84,1.6799999999999999,1.26,0.72117823496238753,0.69274956038711089,0.046427560734620642,1,ok
CP-010-FIG10-001,a_over_A5=0.75,0.75,closed_form,eq6,1,0.75,85,1.7,1.2749999999999999,0.72117823496238753,0.69274956038711089,0.044936402406792135,1,ok
CP-010-FIG10-001,a_over_A5=0.75,0.75,closed_form,eq6,1,0.75,86,1.72,1.29,0.72117823496238753,0.69274956038711089,0.043493137035721816,1,ok
CP-010-FIG10-001,a_over_A5=0.75,0.75,closed_form,eq6,1,0.75,87,1.74,1.3049999999999999,0.72117823496238753,0.69274956038711089,0.042096226397557682,1,ok
CP-010-FIG10-001,a_over_A5=0.75,0.75,closed_form,eq6,1,0.75,88,1.76,1.3200000000000001,0.72117823496238753,0.69274956038711089,0.040744181673052812,1,ok
CP-010-FIG10-001,a_over_A5=0.75,0.75,closed_form,eq6,1,0.75,89,1.78,1.335,0.72117823496238753,0.69274956038711089,0.039435561860790627,1,ok
CP-010-FIG10-001,a_over_A5=0.75,0.75,closed_form,eq6,1,0.75,90,1.8,1.3500000000000001,0.72117823496238753,0.69274956038711089,0.038168972241373826,1,ok
CP-010-FIG10-001,a_over_A5=0.75,0.75,closed_form,eq6,1,0.75,91,1.8200000000000001,1.365,0.72117823496238753,0.69274956038711089,0.036943062890940563,1,ok
CP-010-FIG10-001,a_over_A5=0.75,0.75,closed_form,eq6,1,0.75,92,1.8400000000000001,1.3800000000000001,0.72117823496238753,0.69274956038711089,0.035756527242423487,1,ok
CP-010-FIG10-001,a_over_A5=0.75,0.75,closed_form,eq6,1,0.75,93,1.8600000000000001,1.395,0.72117823496238753,0.69274956038711089,0.034608100693018159,1,ok
CP-010-FIG10-001,a_over_A5=0.75,0.75,closed_form,eq6,1,0.75,94,1.8800000000000001,1.4100000000000001,0.72117823496238753,0.69274956038711089,0.033496559256376623,1,ok
CP-010-FIG10-001,a_over_A5=0.75,0.75,closed_form,eq6,1,0.75,95,1.9000000000000001,1.425,0.72117823496238753,0.69274956038711089,0.032420718258090016,1,ok
CP-010-FIG10-001,a_over_A5=0.75,0.75,closed_form,eq6,1,0.75,96,1.9199999999999999,1.4399999999999999,0.72117823496238753,0.69274956038711089,0.031379431073069272,1,ok
CP-010-FIG10-001,a_over_A5=0.75,0.75,closed_form,eq6,1,0.75,97,1.9399999999999999,1.4550000000000001,0.72117823496238753,0.69274956038711089,0.030371587903478936,1,ok
CP-010-FIG10-001,a_over_A5=0.75,0.75,closed_form,eq6,1,0.75,98,1.96,1.47,0.72117823496238753,0.69274956038711089,0.029396114595920998,1,ok
CP-010-FIG10-001,a_over_A5=0.75,0.75,closed_form,eq6,1,0.75,99,1.98,1.4849999999999999,0.72117823496238753,0.69274956038711089,0.028451971496608393,1,ok
CP-010-FIG10-001,a_over_A5=0.75,0.75,closed_form,eq6,1,0.75,100,2,1.5,0.72117823496238753,0.69274956038711089,0.027538152343308135,1,ok
CP-010-FIG10-001,a_over_A5=0.75,0.75,closed_form,eq6,1,0.75,101,2.02,1.5150000000000001,0.72117823496238753,0.69274956038711089,0.026653683192872802,1,ok
CP-010-FIG10-001,a_over_A5=0.75,0.75,closed_form,eq6,1,0.75,102,2.04,1.53,0.72117823496238753,0.69274956038711089,0.025797621383217624,1,ok
CP-010-FIG10-001,a_over_A5=0.75,0.75,closed_form,eq6,1,0.75,103,2.0600000000000001,1.5449999999999999,0.72117823496238753,0.69274956038711089,0.02496905452863666,1,ok
CP-010-FIG10-001,a_over_A5=0.75,0.75,closed_form,eq6,1,0.75,104,2.0800000000000001,1.5600000000000001,0.72117823496238753,0.69274956038711089,0.024167099547387421,1,ok
CP-010-FIG10-001,a_over_A5=0.75,0.75,closed_form,eq6,1,0.75,105,2.1000000000000001,1.5750000000000002,0.72117823496238753,0.69274956038711089,0.023390901720507506,1,ok
CP-010-FIG10-001,a_over_A5=0.75,0.75,closed_form,eq6,1,0.75,106,2.1200000000000001,1.5900000000000001,0.72117823496238753,0.69274956038711089,0.022639633780860105,1,ok
CP-010-FIG10-001,a_over_A5=0.75,0.75,closed_form,eq6,1,0.75,107,2.1400000000000001,1.605,0.72117823496238753,0.69274956038711089,0.021912495031437444,1,ok
CP-010-FIG10-001,a_over_A5=0.75,0.75,closed_form,eq6,1,0.75,108,2.1600000000000001,1.6200000000000001,0.72117823496238753,0.69274956038711089,0.02120871049198254,1,ok
CP-010-FIG10-001,a_over_A5=0.75,0.75,closed_form,eq6,1,0.75,109,2.1800000000000002,1.6350000000000002,0.72117823496238753,0.69274956038711089,0.020527530073019863,1,ok
CP-010-FIG10-001,a_over_A5=0.75,0.75,closed_form,eq6,1,0.75,110,2.2000000000000002,1.6500000000000001,0.72117823496238753,0.69274956038711089,0.01986822777641423,1,ok
CP-010-FIG10-001,a_over_A5=0.75,0.75,closed_form,eq6,1,0.75,111,2.2200000000000002,1.665,0.72117823496238753,0.69274956038711089,0.019230100921606166,1,ok
CP-010-FIG10-001,a_over_A5=0.75,0.75,closed_form,eq6,1,0.75,112,2.2400000000000002,1.6800000000000002,0.72117823496238753,0.69274956038711089,0.018612469396699166,1,ok
CP-010-FIG10-001,a_over_A5=0.75,0.75,closed_form,eq6,1,0.75,113,2.2600000000000002,1.6950000000000003,0.72117823496238753,0.69274956038711089,0.018014674933600323,1,ok
CP-010-FIG10-001,a_over_A5=0.75,0.75,closed_form,eq6,1,0.75,114,2.2800000000000002,1.7100000000000002,0.72117823496238753,0.69274956038711089,0.017436080406442019,1,ok
CP-010-FIG10-001,a_over_A5=0.75,0.75,closed_form,eq6,1,0.75,115,2.3000000000000003,1.7250000000000001,0.72117823496238753,0.69274956038711089,0.016876069152536845,1,ok
CP-010-FIG10-001,a_over_A5=0.75,0.75,closed_form,eq6,1,0.75,116,2.3199999999999998,1.7399999999999998,0.72117823496238753,0.69274956038711089,0.016334044315142165,1,ok
CP-010-FIG10-001,a_over_A5=0.75,0.75,closed_form,eq6,1,0.75,117,2.3399999999999999,1.7549999999999999,0.72117823496238753,0.69274956038711089,0.015809428207333557,1,ok
CP-010-FIG10-001,a_over_A5=0.75,0.75,closed_form,eq6,1,0.75,118,2.3599999999999999,1.77,0.72117823496238753,0.69274956038711089,0.015301661696309572,1,ok
CP-010-FIG10-001,a_over_A5=0.75,0.75,closed_form,eq6,1,0.75,119,2.3799999999999999,1.7849999999999999,0.72117823496238753,0.69274956038711089,0.014810203607471149,1,ok
CP-010-FIG10-001,a_over_A5=0.75,0.75,closed_form,eq6,1,0.75,120,2.3999999999999999,1.7999999999999998,0.72117823496238753,0.69274956038711089,0.014334530147640898,1,ok
CP-010-FIG10-001,a_over_A5=0.75,0.75,closed_form,eq6,1,0.75,121,2.4199999999999999,1.8149999999999999,0.72117823496238753,0.69274956038711089,0.01387413434680735,1,ok
CP-010-FIG10-001,a_over_A5=0.75,0.75,closed_form,eq6,1,0.75,122,2.4399999999999999,1.8300000000000001,0.72117823496238753,0.69274956038711089,0.013428525517799317,1,ok
CP-010-FIG10-001,a_over_A5=0.75,0.75,closed_form,eq6,1,0.75,123,2.46,1.845,0.72117823496238753,0.69274956038711089,0.012997228733314315,1,ok
CP-010-FIG10-001,a_over_A5=0.75,0.75,closed_form,eq6,1,0.75,124,2.48,1.8599999999999999,0.72117823496238753,0.69274956038711089,0.012579784319743791,1,ok
CP-010-FIG10-001,a_over_A5=0.75,0.75,closed_form,eq6,1,0.75,125,2.5,1.875,0.72117823496238753,0.69274956038711089,0.012175747367255688,1,ok
CP-010-FIG10-001,a_over_A5=0.75,0.75,closed_form,eq6,1,0.75,126,2.52,1.8900000000000001,0.72117823496238753,0.69274956038711089,0.011784687255612117,1,ok
CP-010-FIG10-001,a_over_A5=0.75,0.75,closed_form,eq6,1,0.75,127,2.54,1.905,0.72117823496238753,0.69274956038711089,0.011406187195216815,1,ok
CP-010-FIG10-001,a_over_A5=0.75,0.75,closed_form,eq6,1,0.75,128,2.5600000000000001,1.9199999999999999,0.72117823496238753,0.69274956038711089,0.011039843782903203,1,ok
CP-010-FIG10-001,a_over_A5=0.75,0.75,closed_form,eq6,1,0.75,129,2.5800000000000001,1.9350000000000001,0.72117823496238753,0.69274956038711089,0.010685266571989639,1,ok
CP-010-FIG10-001,a_over_A5=0.75,0.75,closed_form,eq6,1,0.75,130,2.6000000000000001,1.9500000000000002,0.72117823496238753,0.69274956038711089,0.010342077656143605,1,ok
CP-010-FIG10-001,a_over_A5=0.75,0.75,closed_form,eq6,1,0.75,131,2.6200000000000001,1.9650000000000001,0.72117823496238753,0.69274956038711089,0.010009911266611365,1,ok
CP-010-FIG10-001,a_over_A5=0.75,0.75,closed_form,eq6,1,0.75,132,2.6400000000000001,1.98,0.72117823496238753,0.69274956038711089,0.009688413382383701,1,ok
CP-010-FIG10-001,a_over_A5=0.75,0.75,closed_form,eq6,1,0.75,133,2.6600000000000001,1.9950000000000001,0.72117823496238753,0.69274956038711089,0.0093772413528824122,1,ok
CP-010-FIG10-001,a_over_A5=0.75,0.75,closed_form,eq6,1,0.75,134,2.6800000000000002,2.0100000000000002,0.72117823496238753,0.69274956038711089,0.0090760635327652786,1,ok
CP-010-FIG10-001,a_over_A5=0.75,0.75,closed_form,eq6,1,0.75,135,2.7000000000000002,2.0250000000000004,0.72117823496238753,0.69274956038711089,0.0087845589284604592,1,ok
CP-010-FIG10-001,a_over_A5=0.75,0.75,closed_form,eq6,1,0.75,136,2.7200000000000002,2.04,0.72117823496238753,0.69274956038711089,0.0085024168560533225,1,ok
CP-010-FIG10-001,a_over_A5=0.75,0.75,closed_form,eq6,1,0.75,137,2.7400000000000002,2.0550000000000002,0.72117823496238753,0.69274956038711089,0.0082293366101613766,1,ok
CP-010-FIG10-001,a_over_A5=0.75,0.75,closed_form,eq6,1,0.75,138,2.7600000000000002,2.0700000000000003,0.72117823496238753,0.69274956038711089,0.0079650271434442161,1,ok
CP-010-FIG10-001,a_over_A5=0.75,0.75,closed_form,eq6,1,0.75,139,2.7800000000000002,2.085,0.72117823496238753,0.69274956038711089,0.0077092067564069481,1,ok
CP-010-FIG10-001,a_over_A5=0.75,0.75,closed_form,eq6,1,0.75,140,2.8000000000000003,2.1000000000000001,0.72117823496238753,0.69274956038711089,0.0074616027971665094,1,ok
CP-010-FIG10-001,a_over_A5=0.75,0.75,closed_form,eq6,1,0.75,141,2.8199999999999998,2.1149999999999998,0.72117823496238753,0.69274956038711089,0.007221951370860881,1,ok
CP-010-FIG10-001,a_over_A5=0.75,0.75,closed_form,eq6,1,0.75,142,2.8399999999999999,2.1299999999999999,0.72117823496238753,0.69274956038711089,0.0069899970583914483,1,ok
CP-010-FIG10-001,a_over_A5=0.75,0.75,closed_form,eq6,1,0.75,143,2.8599999999999999,2.145,0.72117823496238753,0.69274956038711089,0.0067654926441988467,1,ok
CP-010-FIG10-001,a_over_A5=0.75,0.75,closed_form,eq6,1,0.75,144,2.8799999999999999,2.1600000000000001,0.72117823496238753,0.69274956038711089,0.0065481988527820436,1,ok
CP-010-FIG10-001,a_over_A5=0.75,0.75,closed_form,eq6,1,0.75,145,2.8999999999999999,2.1749999999999998,0.72117823496238753,0.69274956038711089,0.0063378840936798809,1,ok
CP-010-FIG10-001,a_over_A5=0.75,0.75,closed_form,eq6,1,0.75,146,2.9199999999999999,2.1899999999999999,0.72117823496238753,0.69274956038711089,0.0061343242146433006,1,ok
CP-010-FIG10-001,a_over_A5=0.75,0.75,closed_form,eq6,1,0.75,147,2.9399999999999999,2.2050000000000001,0.72117823496238753,0.69274956038711089,0.0059373022627352305,1,ok
CP-010-FIG10-001,a_over_A5=0.75,0.75,closed_form,eq6,1,0.75,148,2.96,2.2199999999999998,0.72117823496238753,0.69274956038711089,0.005746608253103345,1,ok
CP-010-FIG10-001,a_over_A5=0.75,0.75,closed_form,eq6,1,0.75,149,2.98,2.2349999999999999,0.72117823496238753,0.69274956038711089,0.0055620389451794608,1,ok
CP-010-FIG10-001,a_over_A5=0.75,0.75,closed_form,eq6,1,0.75,150,3,2.25,0.72117823496238753,0.69274956038711089,0.0053833976260669065,1,ok
CP-010-FIG10-001,a_over_A5=1,1,closed_form,eq6,1,1,0,0,0,0.61101547035165726,0.79161865502964435,0.59108566694432974,1,ok
CP-010-FIG10-001,a_over_A5=1,1,closed_form,eq6,1,1,1,0.02,0.02,0.61101547035165726,0.79161865502964435,0.5624049220967362,1,ok
CP-010-FIG10-001,a_over_A5=1,1,closed_form,eq6,1,1,2,0.040000000000000001,0.040000000000000001,0.61101547035165726,0.79161865502964435,0.53511582852917661,1,ok
CP-010-FIG10-001,a_over_A5=1,1,closed_form,eq6,1,1,3,0.059999999999999998,0.059999999999999998,0.61101547035165726,0.79161865502964435,0.50915086033548929,1,ok
CP-010-FIG10-001,a_over_A5=1,1,closed_form,eq6,1,1,4,0.080000000000000002,0.080000000000000002,0.61101547035165726,0.79161865502964435,0.48444576811136975,1,ok
CP-010-FIG10-001,a_over_A5=1,1,closed_form,eq6,1,1,5,0.10000000000000001,0.10000000000000001,0.61101547035165726,0.79161865502964435,0.46093941997146931,1,ok
CP-010-FIG10-001,a_over_A5=1,1,closed_form,eq6,1,1,6,0.12,0.12,0.61101547035165726,0.79161865502964435,0.43857365028068673,1,ok
CP-010-FIG10-001,a_over_A5=1,1,closed_form,eq6,1,1,7,0.14000000000000001,0.14000000000000001,0.61101547035165726,0.79161865502964435,0.41729311572534145,1,ok
CP-010-FIG10-001,a_over_A5=1,1,closed_form,eq6,1,1,8,0.16,0.16,0.61101547035165726,0.79161865502964435,0.39704515836808241,1,ok
CP-010-FIG10-001,a_over_A5=1,1,closed_form,eq6,1,1,9,0.17999999999999999,0.17999999999999999,0.61101547035165726,0.79161865502964435,0.37777967534766621,1,ok
CP-010-FIG10-001,a_over_A5=1,1,closed_form,eq6,1,1,10,0.20000000000000001,0.20000000000000001,0.61101547035165726,0.79161865502964435,0.35944899490118265,1,ok
CP-010-FIG10-001,a_over_A5=1,1,closed_form,eq6,1,1,11,0.22,0.22,0.61101547035165726,0.79161865502964435,0.34200775840194653,1,ok
CP-010-FIG10-001,a_over_A5=1,1,closed_form,eq6,1,1,12,0.23999999999999999,0.23999999999999999,0.61101547035165726,0.79161865502964435,0.32541280812116519,1,ok
CP-010-FIG10-001,a_over_A5=1,1,closed_form,eq6,1,1,13,0.26000000000000001,0.26000000000000001,0.61101547035165726,0.79161865502964435,0.30962308043565007,1,ok
CP-010-FIG10-001,a_over_A5=1,1,closed_form,eq6,1,1,14,0.28000000000000003,0.28000000000000003,0.61101547035165726,0.79161865502964435,0.29459950421731962,1,ok
CP-010-FIG10-001,a_over_A5=1,1,closed_form,eq6,1,1,15,0.29999999999999999,0.29999999999999999,0.61101547035165726,0.79161865502964435,0.28030490415306147,1,ok
CP-010-FIG10-001,a_over_A5=1,1,closed_form,eq6,1,1,16,0.32000000000000001,0.32000000000000001,0.61101547035165726,0.79161865502964435,0.26670390875572203,1,ok
CP-010-FIG10-001,a_over_A5=1,1,closed_form,eq6,1,1,17,0.34000000000000002,0.34000000000000002,0.61101547035165726,0.79161865502964435,0.25376286283860094,1,ok
CP-010-FIG10-001,a_over_A5=1,1,closed_form,eq6,1,1,18,0.35999999999999999,0.35999999999999999,0.61101547035165726,0.79161865502964435,0.24144974423686996,1,ok
CP-010-FIG10-001,a_over_A5=1,1,closed_form,eq6,1,1,19,0.38,0.38,0.61101547035165726,0.79161865502964435,0.22973408456984812,1,ok
CP-010-FIG10-001,a_over_A5=1,1,closed_form,eq6,1,1,20,0.40000000000000002,0.40000000000000002,0.61101547035165726,0.79161865502964435,0.21858689384806082,1,ok
CP-010-FIG10-001,a_over_A5=1,1,closed_form,eq6,1,1,21,0.41999999999999998,0.41999999999999998,0.61101547035165726,0.79161865502964435,0.20798058873852635,1,ok
CP-010-FIG10-001,a_over_A5=1,1,closed_form,eq6,1,1,22,0.44,0.44,0.61101547035165726,0.79161865502964435,0.19788892431076452,1,ok
CP-010-FIG10-001,a_over_A5=1,1,closed_form,eq6,1,1,23,0.46000000000000002,0.46000000000000002,0.61101547035165726,0.79161865502964435,0.18828692909463568,1,ok
CP-010-FIG10-001,a_over_A5=1,1,closed_form,eq6,1,1,24,0.47999999999999998,0.47999999999999998,0.61101547035165726,0.79161865502964435,0.1791508432893123,1,ok
CP-010-FIG10-001,a_over_A5=1,1,closed_form,eq6,1,1,25,0.5,0.5,0.61101547035165726,0.79161865502964435,0.17045805997048435,1,ok
CP-010-FIG10-001,a_over_A5=1,1,closed_form,eq6,1,1,26,0.52000000000000002,0.52000000000000002,0.61101547035165726,0.79161865502964435,0.16218706915031664,1,ok
CP-010-FIG10-001,a_over_A5=1,1,closed_form,eq6,1,1,27,0.54000000000000004,0.54000000000000004,0.61101547035165726,0.79161865502964435,0.15431740455173762,1,ok
CP-010-FIG10-001,a_over_A5=1,1,closed_form,eq6,1,1,28,0.56000000000000005,0.56000000000000005,0.61101547035165726,0.79161865502964435,0.14682959296535364,1,ok
CP-010-FIG10-001,a_over_A5=1,1,closed_form,eq6,1,1,29,0.57999999999999996,0.57999999999999996,0.61101547035165726,0.79161865502964435,0.13970510606367426,1,ok
CP-010-FIG10-001,a_over_A5=1,1,closed_form,eq6,1,1,30,0.59999999999999998,0.59999999999999998,0.61101547035165726,0.79161865502964435,0.13292631455341483,1,ok
CP-010-FIG10-001,a_over_A5=1,1,closed_form,eq6,1,1,31,0.62,0.62,0.61101547035165726,0.79161865502964435,0.12647644455242812,1,ok
CP-010-FIG10-001,a_over_A5=1,1,closed_form,eq6,1,1,32,0.64000000000000001,0.64000000000000001,0.61101547035165726,0.79161865502964435,0.12033953608332013,1,ok
CP-010-FIG10-001,a_over_A5=1,1,closed_form,eq6,1,1,33,0.66000000000000003,0.66000000000000003,0.61101547035165726,0.79161865502964435,0.1145004035810452,1,ok
CP-010-FIG10-001,a_over_A5=1,1,closed_form,eq6,1,1,34,0.68000000000000005,0.68000000000000005,0.61101547035165726,0.79161865502964435,0.10894459831675729,1,ok
CP-010-FIG10-001,a_over_A5=1,1,closed_form,eq6,1,1,35,0.70000000000000007,0.70000000000000007,0.61101547035165726,0.79161865502964435,0.10365837264493642,1,ok
CP-010-FIG10-001,a_over_A5=1,1,closed_form,eq6,1,1,36,0.71999999999999997,0.71999999999999997,0.61101547035165726,0.79161865502964435,0.098628645985321436,1,ok
CP-010-FIG10-001,a_over_A5=1,1,closed_form,eq6,1,1,37,0.73999999999999999,0.73999999999999999,0.61101547035165726,0.79161865502964435,0.093842972455472434,1,ok
CP-010-FIG10-001,a_over_A5=1,1,closed_form,eq6,1,1,38,0.76000000000000001,0.76000000000000001,0.61101547035165726,0.79161865502964435,0.089289510073870398,1,ok
CP-010-FIG10-001,a_over_A5=1,1,closed_form,eq6,1,1,39,0.78000000000000003,0.78000000000000003,0.61101547035165726,0.79161865502964435,0.084956991457348932,1,ok
CP-010-FIG10-001,a_over_A5=1,1,closed_form,eq6,1,1,40,0.80000000000000004,0.80000000000000004,0.61101547035165726,0.79161865502964435,0.080834695940349227,1,ok
CP-010-FIG10-001,a_over_A5=1,1,closed_form,eq6,1,1,41,0.82000000000000006,0.82000000000000006,0.61101547035165726,0.79161865502964435,0.076912423047008488,1,ok
CP-010-FIG10-001,a_over_A5=1,1,closed_form,eq6,1,1,42,0.83999999999999997,0.83999999999999997,0.61101547035165726,0.79161865502964435,0.073180467250440057,1,ok
CP-010-FIG10-001,a_over_A5=1,1,closed_form,eq6,1,1,43,0.85999999999999999,0.85999999999999999,0.61101547035165726,0.79161865502964435,0.069629593956746685,1,ok
CP-010-FIG10-001,a_over_A5=1,1,closed_form,eq6,1,1,44,0.88,0.88,0.61101547035165726,0.79161865502964435,0.066251016654341757,1,ok
CP-010-FIG10-001,a_over_A5=1,1,closed_form,eq6,1,1,45,0.90000000000000002,0.90000000000000002,0.61101547035165726,0.79161865502964435,0.063036375172033893,1,ok
CP-010-FIG10-001,a_over_A5=1,1,closed_form,eq6,1,1,46,0.92000000000000004,0.92000000000000004,0.61101547035165726,0.79161865502964435,0.059977714992076346,1,ok
CP-010-FIG10-001,a_over_A5=1,1,closed_form,eq6,1,1,47,0.94000000000000006,0.94000000000000006,0.61101547035165726,0.79161865502964435,0.057067467566991263,1,ok
CP-010-FIG10-001,a_over_A5=1,1,closed_form,eq6,1,1,48,0.95999999999999996,0.95999999999999996,0.61101547035165726,0.79161865502964435,0.054298431591464295,1,ok
CP-010-FIG10-001,a_over_A5=1,1,closed_form,eq6,1,1,49,0.97999999999999998,0.97999999999999998,0.61101547035165726,0.79161865502964435,0.05166375518296671,1,ok
CP-010-FIG10-001,a_over_A5=1,1,closed_form,eq6,1,1,50,1,1,0.61101547035165726,0.79161865502964435,0.04915691892701201,1,ok
CP-010-FIG10-001,a_over_A5=1,1,closed_form,eq6,1,1,51,1.02,1.02,0.61101547035165726,0.79161865502964435,0.046771719745093324,1,ok
CP-010-FIG10-001,a_over_A5=1,1,closed_form,eq6,1,1,52,1.04,1.04,0.61101547035165726,0.79161865502964435,0.044502255545382799,1,ok
CP-010-FIG10-001,a_over_A5=1,1,closed_form,eq6,1,1,53,1.0600000000000001,1.0600000000000001,0.61101547035165726,0.79161865502964435,0.042342910618212132,1,ok
CP-010-FIG10-001,a_over_A5=1,1,closed_form,eq6,1,1,54,1.0800000000000001,1.0800000000000001,0.61101547035165726,0.79161865502964435,0.040288341740195702,1,ok
CP-010-FIG10-001,a_over_A5=1,1,closed_form,eq6,1,1,55,1.1000000000000001,1.1000000000000001,0.61101547035165726,0.79161865502964435,0.03833346495261148,1,ok
CP-010-FIG10-001,a_over_A5=1,1,closed_form,eq6,1,1,56,1.1200000000000001,1.1200000000000001,0.61101547035165726,0.79161865502964435,0.036473442981323233,1,ok
CP-010-FIG10-001,a_over_A5=1,1,closed_form,eq6,1,1,57,1.1400000000000001,1.1400000000000001,0.61101547035165726,0.79161865502964435,0.034703673267115119,1,ok
CP-010-FIG10-001,a_over_A5=1,1,closed_form,eq6,1,1,58,1.1599999999999999,1.1599999999999999,0.61101547035165726,0.79161865502964435,0.033019776576820113,1,ok
CP-010-FIG10-001,a_over_A5=1,1,closed_form,eq6,1,1,59,1.1799999999999999,1.1799999999999999,0.61101547035165726,0.79161865502964435,0.031417586167060911,1,ok
CP-010-FIG10-001,a_over_A5=1,1,closed_form,eq6,1,1,60,1.2,1.2,0.61101547035165726,0.79161865502964435,0.029893137473789473,1,ok
CP-010-FIG10-001,a_over_A5=1,1,closed_form,eq6,1,1,61,1.22,1.22,0.61101547035165726,0.79161865502964435,0.028442658302112078,1,ok
CP-010-FIG10-001,a_over_A5=1,1,closed_form,eq6,1,1,62,1.24,1.24,0.61101547035165726,0.79161865502964435,0.027062559492125205,1,ok
CP-010-FIG10-001,a_over_A5=1,1,closed_form,eq6,1,1,63,1.26,1.26,0.61101547035165726,0.79161865502964435,0.025749426037665106,1,ok
CP-010-FIG10-001,a_over_A5=1,1,closed_form,eq6,1,1,64,1.28,1.28,0.61101547035165726,0.79161865502964435,0.024500008635994601,1,ok
CP-010-FIG10-001,a_over_A5=1,1,closed_form,eq6,1,1,65,1.3,1.3,0.61101547035165726,0.79161865502964435,0.02331121564751739,1,ok
CP-010-FIG10-001,a_over_A5=1,1,closed_form,eq6,1,1,66,1.3200000000000001,1.3200000000000001,0.61101547035165726,0.79161865502964435,0.022180105445624008,1,ok
CP-010-FIG10-001,a_over_A5=1,1,closed_form,eq6,1,1,67,1.3400000000000001,1.3400000000000001,0.61101547035165726,0.79161865502964435,0.021103879137739992,1,ok
CP-010-FIG10-001,a_over_A5=1,1,closed_form,eq6,1,1,68,1.3600000000000001,1.3600000000000001,0.61101547035165726,0.79161865502964435,0.020079873639564077,1,ok
CP-010-FIG10-001,a_over_A5=1,1,closed_form,eq6,1,1,69,1.3800000000000001,1.3800000000000001,0.61101547035165726,0.79161865502964435,0.01910555508535948,1,ok
CP-010-FIG10-001,a_over_A5=1,1,closed_form,eq6,1,1,70,1.4000000000000001,1.4000000000000001,0.61101547035165726,0.79161865502964435,0.018178512557991879,1,ok
CP-010-FIG10-001,a_over_A5=1,1,closed_form,eq6,1,1,71,1.4199999999999999,1.4199999999999999,0.61101547035165726,0.79161865502964435,0.017296452123199368,1,ok
CP-010-FIG10-001,a_over_A5=1,1,closed_form,eq6,1,1,72,1.4399999999999999,1.4399999999999999,0.61101547035165726,0.79161865502964435,0.016457191153332499,1,ok
CP-010-FIG10-001,a_over_A5=1,1,closed_form,eq6,1,1,73,1.46,1.46,0.61101547035165726,0.79161865502964435,0.015658652926518662,1,ok
CP-010-FIG10-001,a_over_A5=1,1,closed_form,eq6,1,1,74,1.48,1.48,0.61101547035165726,0.79161865502964435,0.01489886148788646,1,ok
CP-010-FIG10-001,a_over_A5=1,1,closed_form,eq6,1,1,75,1.5,1.5,0.61101547035165726,0.79161865502964435,0.014175936760134678,1,ok
CP-010-FIG10-001,a_over_A5=1,1,closed_form,eq6,1,1,76,1.52,1.52,0.61101547035165726,0.79161865502964435,0.013488089891346818,1,ok
CP-010-FIG10-001,a_over_A5=1,1,closed_form,eq6,1,1,77,1.54,1.54,0.61101547035165726,0.79161865502964435,0.012833618828539674,1,ok
CP-010-FIG10-001,a_over_A5=1,1,closed_form,eq6,1,1,78,1.5600000000000001,1.5600000000000001,0.61101547035165726,0.79161865502964435,0.012210904105992888,1,ok
CP-010-FIG10-001,a_over_A5=1,1,closed_form,eq6,1,1,79,1.5800000000000001,1.5800000000000001,0.61101547035165726,0.79161865502964435,0.011618404837937723,1,ok
CP-010-FIG10-001,a_over_A5=1,1,closed_form,eq6,1,1,80,1.6000000000000001,1.6000000000000001,0.61101547035165726,0.79161865502964435,0.011054654905689205,1,ok
CP-010-FIG10-001,a_over_A5=1,1,closed_form,eq6,1,1,81,1.6200000000000001,1.6200000000000001,0.61101547035165726,0.79161865502964435,0.01051825932978678,1,ok
CP-010-FIG10-001,a_over_A5=1,1,closed_form,eq6,1,1,82,1.6400000000000001,1.6400000000000001,0.61101547035165726,0.79161865502964435,0.010007890818166536,1,ok
CP-010-FIG10-001,a_over_A5=1,1,closed_form,eq6,1,1,83,1.6600000000000001,1.6600000000000001,0.61101547035165726,0.79161865502964435,0.009522286481823454,1,ok
CP-010-FIG10-001,a_over_A5=1,1,closed_form,eq6,1,1,84,1.6799999999999999,1.6799999999999999,0.61101547035165726,0.79161865502964435,0.0090602447098368146,1,ok
CP-010-FIG10-001,a_over_A5=1,1,closed_form,eq6,1,1,85,1.7,1.7,0.61101547035165726,0.79161865502964435,0.0086206221960260319,1,ok
CP-010-FIG10-001,a_over_A5=1,1,closed_form,eq6,1,1,86,1.72,1.72,0.61101547035165726,0.79161865502964435,0.0082023311098796108,1,ok
CP-010-FIG10-001,a_over_A5=1,1,closed_form,eq6,1,1,87,1.74,1.74,0.61101547035165726,0.79161865502964435,0.0078043364047566191,1,ok
CP-010-FIG10-001,a_over_A5=1,1,closed_form,eq6,1,1,88,1.76,1.76,0.61101547035165726,0.79161865502964435,0.0074256532567000232,1,ok
CP-010-FIG10-001,a_over_A5=1,1,closed_form,eq6,1,1,89,1.78,1.78,0.61101547035165726,0.79161865502964435,0.0070653446275243236,1,ok
CP-010-FIG10-001,a_over_A5=1,1,closed_form,eq6,1,1,90,1.8,1.8,0.61101547035165726,0.79161865502964435,0.0067225189461473699,1,ok
CP-010-FIG10-001,a_over_A5=1,1,closed_form,eq6,1,1,91,1.8200000000000001,1.8200000000000001,0.61101547035165726,0.79161865502964435,0.0063963279024289539,1,ok
CP-010-FIG10-001,a_over_A5=1,1,closed_form,eq6,1,1,92,1.8400000000000001,1.8400000000000001,0.61101547035165726,0.79161865502964435,0.006085964348057092,1,ok
CP-010-FIG10-001,a_over_A5=1,1,closed_form,eq6,1,1,93,1.8600000000000001,1.8600000000000001,0.61101547035165726,0.79161865502964435,0.0057906602992877625,1,ok
CP-010-FIG10-001,a_over_A5=1,1,closed_form,eq6,1,1,94,1.8800000000000001,1.8800000000000001,0.61101547035165726,0.79161865502964435,0.0055096850365961006,1,ok
CP-010-FIG10-001,a_over_A5=1,1,closed_form,eq6,1,1,95,1.9000000000000001,1.9000000000000001,0.61101547035165726,0.79161865502964435,0.005242343296536449,1,ok
CP-010-FIG10-001,a_over_A5=1,1,closed_form,eq6,1,1,96,1.9199999999999999,1.9199999999999999,0.61101547035165726,0.79161865502964435,0.004987973551337373,1,ok
CP-010-FIG10-001,a_over_A5=1,1,closed_form,eq6,1,1,97,1.9399999999999999,1.9399999999999999,0.61101547035165726,0.79161865502964435,0.004745946371974342,1,ok
CP-010-FIG10-001,a_over_A5=1,1,closed_form,eq6,1,1,98,1.96,1.96,0.61101547035165726,0.79161865502964435,0.0045156628706696546,1,ok
CP-010-FIG10-001,a_over_A5=1,1,closed_form,eq6,1,1,99,1.98,1.98,0.61101547035165726,0.79161865502964435,0.0042965532189656007,1,ok
CP-010-FIG10-001,a_over_A5=1,1,closed_form,eq6,1,1,100,2,2,0.61101547035165726,0.79161865502964435,0.0040880752377039382,1,ok
CP-010-FIG10-001,a_over_A5=1,1,closed_form,eq6,1,1,101,2.02,2.02,0.61101547035165726,0.79161865502964435,0.0038897130554225072,1,ok
CP-010-FIG10-001,a_over_A5=1,1,closed_form,eq6,1,1,102,2.04,2.04,0.61101547035165726,0.79161865502964435,0.0037009758318494075,1,ok
CP-010-FIG10-001,a_over_A5=1,1,closed_form,eq6,1,1,103,2.0600000000000001,2.0600000000000001,0.61101547035165726,0.79161865502964435,0.0035213965433359196,1,ok
CP-010-FIG10-001,a_over_A5=1,1,closed_form,eq6,1,1,104,2.0800000000000001,2.0800000000000001,0.61101547035165726,0.79161865502964435,0.0033505308272228479,1,ok
CP-010-FIG10-001,a_over_A5=1,1,closed_form,eq6,1,1,105,2.1000000000000001,2.1000000000000001,0.61101547035165726,0.79161865502964435,0.0031879558822806861,1,ok
CP-010-FIG10-001,a_over_A5=1,1,closed_form,eq6,1,1,106,2.1200000000000001,2.1200000000000001,0.61101547035165726,0.79161865502964435,0.0030332694225027861,1,ok
CP-010-FIG10-001,a_over_A5=1,1,closed_form,eq6,1,1,107,2.1400000000000001,2.1400000000000001,0.61101547035165726,0.79161865502964435,0.0028860886816627217,1,ok
CP-010-FIG10-001,a_over_A5=1,1,closed_form,eq6,1,1,108,2.1600000000000001,2.1600000000000001,0.61101547035165726,0.79161865502964435,0.0027460494661726729,1,ok
CP-010-FIG10-001,a_over_A5=1,1,closed_form,eq6,1,1,109,2.1800000000000002,2.1800000000000002,0.61101547035165726,0.79161865502964435,0.0026128052538991467,1,ok
CP-010-FIG10-001,a_over_A5=1,1,closed_form,eq6,1,1,110,2.2000000000000002,2.2000000000000002,0.61101547035165726,0.79161865502964435,0.0024860263367060976,1,ok
CP-010-FIG10-001,a_over_A5=1,1,closed_form,eq6,1,1,111,2.2200000000000002,2.2200000000000002,0.61101547035165726,0.79161865502964435,0.0023653990046036922,1,ok
CP-010-FIG10-001,a_over_A5=1,1,closed_form,eq6,1,1,112,2.2400000000000002,2.2400000000000002,0.61101547035165726,0.79161865502964435,0.0022506247694839294,1,ok
CP-010-FIG10-001,a_over_A5=1,1,closed_form,eq6,1,1,113,2.2600000000000002,2.2600000000000002,0.61101547035165726,0.79161865502964435,0.0021414196265222727,1,ok
CP-010-FIG10-001,a_over_A5=1,1,closed_form,eq6,1,1,114,2.2800000000000002,2.2800000000000002,0.61101547035165726,0.79161865502964435,0.002037513351417654,1,ok
CP-010-FIG10-001,a_over_A5=1,1,closed_form,eq6,1,1,115,2.3000000000000003,2.3000000000000003,0.61101547035165726,0.79161865502964435,0.0019386488317319165,1,ok
CP-010-FIG10-001,a_over_A5=1,1,closed_form,eq6,1,1,116,2.3199999999999998,2.3199999999999998,0.61101547035165726,0.79161865502964435,0.0018445814306740861,1,ok
CP-010-FIG10-001,a_over_A5=1,1,closed_form,eq6,1,1,117,2.3399999999999999,2.3399999999999999,0.61101547035165726,0.79161865502964435,0.0017550783817551967,1,ok
CP-010-FIG10-001,a_over_A5=1,1,closed_form,eq6,1,1,118,2.3599999999999999,2.3599999999999999,0.61101547035165726,0.79161865502964435,0.0016699182128157776,1,ok
CP-010-FIG10-001,a_over_A5=1,1,closed_form,eq6,1,1,119,2.3799999999999999,2.3799999999999999,0.61101547035165726,0.79161865502964435,0.0015888901980007446,1,ok
CP-010-FIG10-001,a_over_A5=1,1,closed_form,eq6,1,1,120,2.3999999999999999,2.3999999999999999,0.61101547035165726,0.79161865502964435,0.0015117938363256548,1,ok
CP-010-FIG10-001,a_over_A5=1,1,closed_form,eq6,1,1,121,2.4199999999999999,2.4199999999999999,0.61101547035165726,0.79161865502964435,0.0014384383555440432,1,ok
CP-010-FIG10-001,a_over_A5=1,1,closed_form,eq6,1,1,122,2.4399999999999999,2.4399999999999999,0.61101547035165726,0.79161865502964435,0.0013686422400881826,1,ok
CP-010-FIG10-001,a_over_A5=1,1,closed_form,eq6,1,1,123,2.46,2.46,0.61101547035165726,0.79161865502964435,0.0013022327819151678,1,ok
CP-010-FIG10-001,a_over_A5=1,1,closed_form,eq6,1,1,124,2.48,2.48,0.61101547035165726,0.79161865502964435,0.0012390456531469133,1,ok
CP-010-FIG10-001,a_over_A5=1,1,closed_form,eq6,1,1,125,2.5,2.5,0.61101547035165726,0.79161865502964435,0.0011789244994465768,1,ok
CP-010-FIG10-001,a_over_A5=1,1,closed_form,eq6,1,1,126,2.52,2.52,0.61101547035165726,0.79161865502964435,0.0011217205531252243,1,ok
CP-010-FIG10-001,a_over_A5=1,1,closed_form,eq6,1,1,127,2.54,2.54,0.61101547035165726,0.79161865502964435,0.0010672922650214018,1,ok
CP-010-FIG10-001,a_over_A5=1,1,closed_form,eq6,1,1,128,2.5600000000000001,2.5600000000000001,0.61101547035165726,0.79161865502964435,0.0010155049542426874,1,ok
CP-010-FIG10-001,a_over_A5=1,1,closed_form,eq6,1,1,129,2.5800000000000001,2.5800000000000001,0.61101547035165726,0.79161865502964435,0.00096623047490254751,1,ok
CP-010-FIG10-001,a_over_A5=1,1,closed_form,eq6,1,1,130,2.6000000000000001,2.6000000000000001,0.61101547035165726,0.79161865502964435,0.0009193468990278188,1,ok
CP-010-FIG10-001,a_over_A5=1,1,closed_form,eq6,1,1,131,2.6200000000000001,2.6200000000000001,0.61101547035165726,0.79161865502964435,0.0008747382148522199,1,ok
CP-010-FIG10-001,a_over_A5=1,1,closed_form,eq6,1,1,132,2.6400000000000001,2.6400000000000001,0.61101547035165726,0.79161865502964435,0.00083229403974929058,1,ok
CP-010-FIG10-001,a_over_A5=1,1,closed_form,eq6,1,1,133,2.6600000000000001,2.6600000000000001,0.61101547035165726,0.79161865502964435,0.00079190934709446063,1,ok
CP-010-FIG10-001,a_over_A5=1,1,closed_form,eq6,1,1,134,2.6800000000000002,2.6800000000000002,0.61101547035165726,0.79161865502964435,0.00075348420638033167,1,ok
CP-010-FIG10-001,a_over_A5=1,1,closed_form,eq6,1,1,135,2.7000000000000002,2.7000000000000002,0.61101547035165726,0.79161865502964435,0.00071692353594214825,1,ok
CP-010-FIG10-001,a_over_A5=1,1,closed_form,eq6,1,1,136,2.7200000000000002,2.7200000000000002,0.61101547035165726,0.79161865502964435,0.00068213686768154181,1,ok
CP-010-FIG10-001,a_over_A5=1,1,closed_form,eq6,1,1,137,2.7400000000000002,2.7400000000000002,0.61101547035165726,0.79161865502964435,0.00064903812320639691,1,ok
CP-010-FIG10-001,a_over_A5=1,1,closed_form,eq6,1,1,138,2.7600000000000002,2.7600000000000002,0.61101547035165726,0.79161865502964435,0.00061754540083287855,1,ok
CP-010-FIG10-001,a_over_A5=1,1,closed_form,eq6,1,1,139,2.7800000000000002,2.7800000000000002,0.61101547035165726,0.79161865502964435,0.00058758077292258865,1,ok
CP-010-FIG10-001,a_over_A5=1,1,closed_form,eq6,1,1,140,2.8000000000000003,2.8000000000000003,0.61101547035165726,0.79161865502964435,0.00055907009305335099,1,ok
CP-010-FIG10-001,a_over_A5=1,1,closed_form,eq6,1,1,141,2.8199999999999998,2.8199999999999998,0.61101547035165726,0.79161865502964435,0.0005319428125464909,1,ok
CP-010-FIG10-001,a_over_A5=1,1,closed_form,eq6,1,1,142,2.8399999999999999,2.8399999999999999,0.61101547035165726,0.79161865502964435,0.00050613180589659679,1,ok
CP-010-FIG10-001,a_over_A5=1,1,closed_form,eq6,1,1,143,2.8599999999999999,2.8599999999999999,0.61101547035165726,0.79161865502964435,0.00048157320467181195,1,ok
CP-010-FIG10-001,a_over_A5=1,1,closed_form,eq6,1,1,144,2.8799999999999999,2.8799999999999999,0.61101547035165726,0.79161865502964435,0.00045820623947363272,1,ok
CP-010-FIG10-001,a_over_A5=1,1,closed_form,eq6,1,1,145,2.8999999999999999,2.8999999999999999,0.61101547035165726,0.79161865502964435,0.0004359730895651676,1,ok
CP-010-FIG10-001,a_over_A5=1,1,closed_form,eq6,1,1,146,2.9199999999999999,2.9199999999999999,0.61101547035165726,0.79161865502964435,0.00041481873979574014,1,ok
CP-010-FIG10-001,a_over_A5=1,1,closed_form,eq6,1,1,147,2.9399999999999999,2.9399999999999999,0.61101547035165726,0.79161865502964435,0.00039469084446783285,1,ok
CP-010-FIG10-001,a_over_A5=1,1,closed_form,eq6,1,1,148,2.96,2.96,0.61101547035165726,0.79161865502964435,0.00037553959780948761,1,ok
CP-010-FIG10-001,a_over_A5=1,1,closed_form,eq6,1,1,149,2.98,2.98,0.61101547035165726,0.79161865502964435,0.00035731761073167157,1,ok
CP-010-FIG10-001,a_over_A5=1,1,closed_form,eq6,1,1,150,3,3,0.61101547035165726,0.79161865502964435,0.00033997979356563288,1,ok
CP-010-FIG10-001,a_over_A5=1.5,1.5,closed_form,eq6,1,1.5,0,0,0,0.46802899277296456,0.88371311064390368,0.38715672523859224,1,ok
CP-010-FIG10-001,a_over_A5=1.5,1.5,closed_form,eq6,1,1.5,1,0.02,0.029999999999999999,0.46802899277296456,0.88371311064390368,0.35621753134244144,1,ok
CP-010-FIG10-001,a_over_A5=1.5,1.5,closed_form,eq6,1,1.5,2,0.040000000000000001,0.059999999999999998,0.46802899277296456,0.88371311064390368,0.32775080829993197,1,ok
CP-010-FIG10-001,a_over_A5=1.5,1.5,closed_form,eq6,1,1.5,3,0.059999999999999998,0.089999999999999997,0.46802899277296456,0.88371311064390368,0.30155897138592103,1,ok
CP-010-FIG10-001,a_over_A5=1.5,1.5,closed_form,eq6,1,1.5,4,0.080000000000000002,0.12,0.46802899277296456,0.88371311064390368,0.27746022563616551,1,ok
CP-010-FIG10-001,a_over_A5=1.5,1.5,closed_form,eq6,1,1.5,5,0.10000000000000001,0.15000000000000002,0.46802899277296456,0.88371311064390368,0.25528730402635286,1,ok
CP-010-FIG10-001,a_over_A5=1.5,1.5,closed_form,eq6,1,1.5,6,0.12,0.17999999999999999,0.46802899277296456,0.88371311064390368,0.23488630648813524,1,ok
CP-010-FIG10-001,a_over_A5=1.5,1.5,closed_form,eq6,1,1.5,7,0.14000000000000001,0.21000000000000002,0.46802899277296456,0.88371311064390368,0.21611563170388975,1,ok
CP-010-FIG10-001,a_over_A5=1.5,1.5,closed_form,eq6,1,1.5,8,0.16,0.23999999999999999,0.46802899277296456,0.88371311064390368,0.19884499426589841,1,ok
CP-010-FIG10-001,a_over_A5=1.5,1.5,closed_form,eq6,1,1.5,9,0.17999999999999999,0.27000000000000002,0.46802899277296456,0.88371311064390368,0.18295452037814589,1,ok
CP-010-FIG10-001,a_over_A5=1.5,1.5,closed_form,eq6,1,1.5,10,0.20000000000000001,0.30000000000000004,0.46802899277296456,0.88371311064390368,0.16833391582408999,1,ok
CP-010-FIG10-001,a_over_A5=1.5,1.5,closed_form,eq6,1,1.5,11,0.22,0.33000000000000002,0.46802899277296456,0.88371311064390368,0.15488170042535129,1,ok
CP-010-FIG10-001,a_over_A5=1.5,1.5,closed_form,eq6,1,1.5,12,0.23999999999999999,0.35999999999999999,0.46802899277296456,0.88371311064390368,0.14250450367777476,1,ok
CP-010-FIG10-001,a_over_A5=1.5,1.5,closed_form,eq6,1,1.5,13,0.26000000000000001,0.39000000000000001,0.46802899277296456,0.88371311064390368,0.13111641667594293,1,ok
CP-010-FIG10-001,a_over_A5=1.5,1.5,closed_form,eq6,1,1.5,14,0.28000000000000003,0.42000000000000004,0.46802899277296456,0.88371311064390368,0.12063839582791161,1,ok
CP-010-FIG10-001,a_over_A5=1.5,1.5,closed_form,eq6,1,1.5,15,0.29999999999999999,0.44999999999999996,0.46802899277296456,0.88371311064390368,0.11099771422141197,1,ok
CP-010-FIG10-001,a_over_A5=1.5,1.5,closed_form,eq6,1,1.5,16,0.32000000000000001,0.47999999999999998,0.46802899277296456,0.88371311064390368,0.10212745683350422,1,ok
CP-010-FIG10-001,a_over_A5=1.5,1.5,closed_form,eq6,1,1.5,17,0.34000000000000002,0.51000000000000001,0.46802899277296456,0.88371311064390368,0.093966056079984261,1,ok
CP-010-FIG10-001,a_over_A5=1.5,1.5,closed_form,eq6,1,1.5,18,0.35999999999999999,0.54000000000000004,0.46802899277296456,0.88371311064390368,0.086456864480836448,1,ok
CP-010-FIG10-001,a_over_A5=1.5,1.5,closed_form,eq6,1,1.5,19,0.38,0.57000000000000006,0.46802899277296456,0.88371311064390368,0.079547761475645545,1,ok
CP-010-FIG10-001,a_over_A5=1.5,1.5,closed_form,eq6,1,1.5,20,0.40000000000000002,0.60000000000000009,0.46802899277296456,0.88371311064390368,0.073190791659912574,1,ok
CP-010-FIG10-001,a_over_A5=1.5,1.5,closed_form,eq6,1,1.5,21,0.41999999999999998,0.63,0.46802899277296456,0.88371311064390368,0.067341831931308396,1,ok
CP-010-FIG10-001,a_over_A5=1.5,1.5,closed_form,eq6,1,1.5,22,0.44,0.66000000000000003,0.46802899277296456,0.88371311064390368,0.061960285235559368,1,ok
CP-010-FIG10-001,a_over_A5=1.5,1.5,closed_form,eq6,1,1.5,23,0.46000000000000002,0.69000000000000006,0.46802899277296456,0.88371311064390368,0.057008798786286424,1,ok
CP-010-FIG10-001,a_over_A5=1.5,1.5,closed_form,eq6,1,1.5,24,0.47999999999999998,0.71999999999999997,0.46802899277296456,0.88371311064390368,0.052453004802987847,1,ok
CP-010-FIG10-001,a_over_A5=1.5,1.5,closed_form,eq6,1,1.5,25,0.5,0.75,0.46802899277296456,0.88371311064390368,0.048261281967654807,1,ok
CP-010-FIG10-001,a_over_A5=1.5,1.5,closed_form,eq6,1,1.5,26,0.52000000000000002,0.78000000000000003,0.46802899277296456,0.88371311064390368,0.044404535944312755,1,ok
CP-010-FIG10-001,a_over_A5=1.5,1.5,closed_form,eq6,1,1.5,27,0.54000000000000004,0.81000000000000005,0.46802899277296456,0.88371311064390368,0.040855997438096585,1,ok
CP-010-FIG10-001,a_over_A5=1.5,1.5,closed_form,eq6,1,1.5,28,0.56000000000000005,0.84000000000000008,0.46802899277296456,0.88371311064390368,0.037591036392207712,1,ok
CP-010-FIG10-001,a_over_A5=1.5,1.5,closed_form,eq6,1,1.5,29,0.57999999999999996,0.86999999999999988,0.46802899277296456,0.88371311064390368,0.034586991033111782,1,ok
CP-010-FIG10-001,a_over_A5=1.5,1.5,closed_form,eq6,1,1.5,30,0.59999999999999998,0.89999999999999991,0.46802899277296456,0.88371311064390368,0.031823010577397358,1,ok
CP-010-FIG10-001,a_over_A5=1.5,1.5,closed_form,eq6,1,1.5,31,0.62,0.92999999999999994,0.46802899277296456,0.88371311064390368,0.029279910508538686,1,ok
CP-010-FIG10-001,a_over_A5=1.5,1.5,closed_form,eq6,1,1.5,32,0.64000000000000001,0.95999999999999996,0.46802899277296456,0.88371311064390368,0.026940039419053305,1,ok
CP-010-FIG10-001,a_over_A5=1.5,1.5,closed_form,eq6,1,1.5,33,0.66000000000000003,0.98999999999999999,0.46802899277296456,0.88371311064390368,0.024787156493818362,1,ok
CP-010-FIG10-001,a_over_A5=1.5,1.5,closed_form,eq6,1,1.5,34,0.68000000000000005,1.02,0.46802899277296456,0.88371311064390368,0.022806318784170252,1,ok
CP-010-FIG10-001,a_over_A5=1.5,1.5,closed_form,eq6,1,1.5,35,0.70000000000000007,1.05,0.46802899277296456,0.88371311064390368,0.02098377749036727,1,ok
CP-010-FIG10-001,a_over_A5=1.5,1.5,closed_form,eq6,1,1.5,36,0.71999999999999997,1.0800000000000001,0.46802899277296456,0.88371311064390368,0.019306882532522832,1,ok
CP-010-FIG10-001,a_over_A5=1.5,1.5,closed_form,eq6,1,1.5,37,0.73999999999999999,1.1099999999999999,0.46802899277296456,0.88371311064390368,0.017763994747645,1,ok
CP-010-FIG10-001,a_over_A5=1.5,1.5,closed_form,eq6,1,1.5,38,0.76000000000000001,1.1400000000000001,0.46802899277296456,0.88371311064390368,0.016344405103350713,1,ok
CP-010-FIG10-001,a_over_A5=1.5,1.5,closed_form,eq6,1,1.5,39,0.78000000000000003,1.1699999999999999,0.46802899277296456,0.88371311064390368,0.015038260367525279,1,ok
CP-010-FIG10-001,a_over_A5=1.5,1.5,closed_form,eq6,1,1.5,40,0.80000000000000004,1.2000000000000002,0.46802899277296456,0.88371311064390368,0.013836494718007153,1,ok
CP-010-FIG10-001,a_over_A5=1.5,1.5,closed_form,eq6,1,1.5,41,0.82000000000000006,1.23,0.46802899277296456,0.88371311064390368,0.012730766817607979,1,ok
CP-010-FIG10-001,a_over_A5=1.5,1.5,closed_form,eq6,1,1.5,42,0.83999999999999997,1.26,0.46802899277296456,0.88371311064390368,0.011713401917711384,1,ok
CP-010-FIG10-001,a_over_A5=1.5,1.5,closed_form,eq6,1,1.5,43,0.85999999999999999,1.29,0.46802899277296456,0.88371311064390368,0.010777338588597625,1,ok
CP-010-FIG10-001,a_over_A5=1.5,1.5,closed_form,eq6,1,1.5,44,0.88,1.3200000000000001,0.46802899277296456,0.88371311064390368,0.0099160797067543542,1,ok
CP-010-FIG10-001,a_over_A5=1.5,1.5,closed_form,eq6,1,1.5,45,0.90000000000000002,1.3500000000000001,0.46802899277296456,0.88371311064390368,0.0091236473589812704,1,ok
CP-010-FIG10-001,a_over_A5=1.5,1.5,closed_form,eq6,1,1.5,46,0.92000000000000004,1.3800000000000001,0.46802899277296456,0.88371311064390368,0.0083945413502824213,1,ok
CP-010-FIG10-001,a_over_A5=1.5,1.5,closed_form,eq6,1,1.5,47,0.94000000000000006,1.4100000000000001,0.46802899277296456,0.88371311064390368,0.0077237010275537227,1,ok
CP-010-FIG10-001,a_over_A5=1.5,1.5,closed_form,eq6,1,1.5,48,0.95999999999999996,1.4399999999999999,0.46802899277296456,0.88371311064390368,0.0071064701540873854,1,ok
CP-010-FIG10-001,a_over_A5=1.5,1.5,closed_form,eq6,1,1.5,49,0.97999999999999998,1.47,0.46802899277296456,0.88371311064390368,0.0065385645910908518,1,ok
CP-010-FIG10-001,a_over_A5=1.5,1.5,closed_form,eq6,1,1.5,50,1,1.5,0.46802899277296456,0.88371311064390368,0.0060160425619007439,1,ok
CP-010-FIG10-001,a_over_A5=1.5,1.5,closed_form,eq6,1,1.5,51,1.02,1.53,0.46802899277296456,0.88371311064390368,0.0055352772924987049,1,ok
CP-010-FIG10-001,a_over_A5=1.5,1.5,closed_form,eq6,1,1.5,52,1.04,1.5600000000000001,0.46802899277296456,0.88371311064390368,0.0050929318384295907,1,ok
CP-010-FIG10-001,a_over_A5=1.5,1.5,closed_form,eq6,1,1.5,53,1.0600000000000001,1.5900000000000001,0.46802899277296456,0.88371311064390368,0.0046859359233981561,1,ok
CP-010-FIG10-001,a_over_A5=1.5,1.5,closed_form,eq6,1,1.5,54,1.0800000000000001,1.6200000000000001,0.46802899277296456,0.88371311064390368,0.0043114646287832729,1,ok
CP-010-FIG10-001,a_over_A5=1.5,1.5,closed_form,eq6,1,1.5,55,1.1000000000000001,1.6500000000000001,0.46802899277296456,0.88371311064390368,0.0039669187861555511,1,ok
CP-010-FIG10-001,a_over_A5=1.5,1.5,closed_form,eq6,1,1.5,56,1.1200000000000001,1.6800000000000002,0.46802899277296456,0.88371311064390368,0.0036499069367048839,1,ok
CP-010-FIG10-001,a_over_A5=1.5,1.5,closed_form,eq6,1,1.5,57,1.1400000000000001,1.7100000000000002,0.46802899277296456,0.88371311064390368,0.0033582287323600515,1,ok
CP-010-FIG10-001,a_over_A5=1.5,1.5,closed_form,eq6,1,1.5,58,1.1599999999999999,1.7399999999999998,0.46802899277296456,0.88371311064390368,0.0030898596633891309,1,ok
CP-010-FIG10-001,a_over_A5=1.5,1.5,closed_form,eq6,1,1.5,59,1.1799999999999999,1.77,0.46802899277296456,0.88371311064390368,0.0028429370064765387,1,ok
CP-010-FIG10-001,a_over_A5=1.5,1.5,closed_form,eq6,1,1.5,60,1.2,1.7999999999999998,0.46802899277296456,0.88371311064390368,0.0026157468957436992,1,ok
CP-010-FIG10-001,a_over_A5=1.5,1.5,closed_form,eq6,1,1.5,61,1.22,1.8300000000000001,0.46802899277296456,0.88371311064390368,0.0024067124269745058,1,ok
CP-010-FIG10-001,a_over_A5=1.5,1.5,closed_form,eq6,1,1.5,62,1.24,1.8599999999999999,0.46802899277296456,0.88371311064390368,0.00221438271247826,1,ok
CP-010-FIG10-001,a_over_A5=1.5,1.5,closed_form,eq6,1,1.5,63,1.26,1.8900000000000001,0.46802899277296456,0.88371311064390368,0.0020374228106208713,1,ok
CP-010-FIG10-001,a_over_A5=1.5,1.5,closed_form,eq6,1,1.5,64,1.28,1.9199999999999999,0.46802899277296456,0.88371311064390368,0.0018746044601262702,1,ok
CP-010-FIG10-001,a_over_A5=1.5,1.5,closed_form,eq6,1,1.5,65,1.3,1.9500000000000002,0.46802899277296456,0.88371311064390368,0.0017247975548356708,1,ok
CP-010-FIG10-001,a_over_A5=1.5,1.5,closed_form,eq6,1,1.5,66,1.3200000000000001,1.98,0.46802899277296456,0.88371311064390368,0.0015869622997518769,1,ok
CP-010-FIG10-001,a_over_A5=1.5,1.5,closed_form,eq6,1,1.5,67,1.3400000000000001,2.0100000000000002,0.46802899277296456,0.88371311064390368,0.0014601419939244463,1,ok
CP-010-FIG10-001,a_over_A5=1.5,1.5,closed_form,eq6,1,1.5,68,1.3600000000000001,2.04,0.46802899277296456,0.88371311064390368,0.0013434563900824883,1,ok
CP-010-FIG10-001,a_over_A5=1.5,1.5,closed_form,eq6,1,1.5,69,1.3800000000000001,2.0700000000000003,0.46802899277296456,0.88371311064390368,0.001236095584924914,1,ok
CP-010-FIG10-001,a_over_A5=1.5,1.5,closed_form,eq6,1,1.5,70,1.4000000000000001,2.1000000000000001,0.46802899277296456,0.88371311064390368,0.0011373143976612821,1,ok
CP-010-FIG10-001,a_over_A5=1.5,1.5,closed_form,eq6,1,1.5,71,1.4199999999999999,2.1299999999999999,0.46802899277296456,0.88371311064390368,0.0010464271977852085,1,ok
CP-010-FIG10-001,a_over_A5=1.5,1.5,closed_form,eq6,1,1.5,72,1.4399999999999999,2.1600000000000001,0.46802899277296456,0.88371311064390368,0.00096280314618044668,1,ok
CP-010-FIG10-001,a_over_A5=1.5,1.5,closed_form,eq6,1,1.5,73,1.46,2.1899999999999999,0.46802899277296456,0.88371311064390368,0.00088586181652862937,1,ok
CP-010-FIG10-001,a_over_A5=1.5,1.5,closed_form,eq6,1,1.5,74,1.48,2.2199999999999998,0.46802899277296456,0.88371311064390368,0.00081506916662726166,1,ok
CP-010-FIG10-001,a_over_A5=1.5,1.5,closed_form,eq6,1,1.5,75,1.5,2.25,0.46802899277296456,0.88371311064390368,0.00074993383165532202,1,ok
CP-010-FIG10-001,a_over_A5=1.5,1.5,closed_form,eq6,1,1.5,76,1.52,2.2800000000000002,0.46802899277296456,0.88371311064390368,0.00069000371365835714,1,ok
CP-010-FIG10-001,a_over_A5=1.5,1.5,closed_form,eq6,1,1.5,77,1.54,2.3100000000000001,0.46802899277296456,0.88371311064390368,0.00063486284358104251,1,ok
CP-010-FIG10-001,a_over_A5=1.5,1.5,closed_form,eq6,1,1.5,78,1.5600000000000001,2.3399999999999999,0.46802899277296456,0.88371311064390368,0.00058412849406687427,1,ok
CP-010-FIG10-001,a_over_A5=1.5,1.5,closed_form,eq6,1,1.5,79,1.5800000000000001,2.3700000000000001,0.46802899277296456,0.88371311064390368,0.00053744852298522939,1,ok
CP-010-FIG10-001,a_over_A5=1.5,1.5,closed_form,eq6,1,1.5,80,1.6000000000000001,2.4000000000000004,0.46802899277296456,0.88371311064390368,0.0004944989292474675,1,ok
CP-010-FIG10-001,a_over_A5=1.5,1.5,closed_form,eq6,1,1.5,81,1.6200000000000001,2.4300000000000002,0.46802899277296456,0.88371311064390368,0.00045498160394723486,1,ok
CP-010-FIG10-001,a_over_A5=1.5,1.5,closed_form,eq6,1,1.5,82,1.6400000000000001,2.46,0.46802899277296456,0.88371311064390368,0.00041862226121586394,1,ok
CP-010-FIG10-001,a_over_A5=1.5,1.5,closed_form,eq6,1,1.5,83,1.6600000000000001,2.4900000000000002,0.46802899277296456,0.88371311064390368,0.00038516853443113338,1,ok
CP-010-FIG10-001,a_over_A5=1.5,1.5,closed_form,eq6,1,1.5,84,1.6799999999999999,2.52,0.46802899277296456,0.88371311064390368,0.00035438822456536286,1,ok
CP-010-FIG10-001,a_over_A5=1.5,1.5,closed_form,eq6,1,1.5,85,1.7,2.5499999999999998,0.46802899277296456,0.88371311064390368,0.00032606768851479258,1,ok
CP-010-FIG10-001,a_over_A5=1.5,1.5,closed_form,eq6,1,1.5,86,1.72,2.5800000000000001,0.46802899277296456,0.88371311064390368,0.0003000103562238143,1,ok
CP-010-FIG10-001,a_over_A5=1.5,1.5,closed_form,eq6,1,1.5,87,1.74,2.6099999999999999,0.46802899277296456,0.88371311064390368,0.00027603536631154652,1,ok
CP-010-FIG10-001,a_over_A5=1.5,1.5,closed_form,eq6,1,1.5,88,1.76,2.6400000000000001,0.46802899277296456,0.88371311064390368,0.00025397631073077384,1,ok
CP-010-FIG10-001,a_over_A5=1.5,1.5,closed_form,eq6,1,1.5,89,1.78,2.6699999999999999,0.46802899277296456,0.88371311064390368,0.00023368007974605866,1,ok
CP-010-FIG10-001,a_over_A5=1.5,1.5,closed_form,eq6,1,1.5,90,1.8,2.7000000000000002,0.46802899277296456,0.88371311064390368,0.00021500579921412245,1,ok
CP-010-FIG10-001,a_over_A5=1.5,1.5,closed_form,eq6,1,1.5,91,1.8200000000000001,2.73,0.46802899277296456,0.88371311064390368,0.00019782385279027272,1,ok
CP-010-FIG10-001,a_over_A5=1.5,1.5,closed_form,eq6,1,1.5,92,1.8400000000000001,2.7600000000000002,0.46802899277296456,0.88371311064390368,0.00018201498227410115,1,ok
CP-010-FIG10-001,a_over_A5=1.5,1.5,closed_form,eq6,1,1.5,93,1.8600000000000001,2.79,0.46802899277296456,0.88371311064390368,0.00016746945985004314,1,ok
CP-010-FIG10-001,a_over_A5=1.5,1.5,closed_form,eq6,1,1.5,94,1.8800000000000001,2.8200000000000003,0.46802899277296456,0.88371311064390368,0.0001540863264773991,1,ok
CP-010-FIG10-001,a_over_A5=1.5,1.5,closed_form,eq6,1,1.5,95,1.9000000000000001,2.8500000000000001,0.46802899277296456,0.88371311064390368,0.0001417726911435639,1,ok
CP-010-FIG10-001,a_over_A5=1.5,1.5,closed_form,eq6,1,1.5,96,1.9199999999999999,2.8799999999999999,0.46802899277296456,0.88371311064390368,0.000130443086116642,1,ok
CP-010-FIG10-001,a_over_A5=1.5,1.5,closed_form,eq6,1,1.5,97,1.9399999999999999,2.9100000000000001,0.46802899277296456,0.88371311064390368,0.00012001887372232569,1,ok
CP-010-FIG10-001,a_over_A5=1.5,1.5,closed_form,eq6,1,1.5,98,1.96,2.9399999999999999,0.46802899277296456,0.88371311064390368,0.00011042770052753152,1,ok
CP-010-FIG10-001,a_over_A5=1.5,1.5,closed_form,eq6,1,1.5,99,1.98,2.9699999999999998,0.46802899277296456,0.88371311064390368,0.00010160299514233695,1,ok
CP-010-FIG10-001,a_over_A5=1.5,1.5,closed_form,eq6,1,1.5,100,2,3,0.46802899277296456,0.88371311064390368,9.3483506154508429e-05,1,ok
CP-010-FIG10-001,a_over_A5=1.5,1.5,closed_form,eq6,1,1.5,101,2.02,3.0300000000000002,0.46802899277296456,0.88371311064390368,8.601287698947479e-05,1,ok
CP-010-FIG10-001,a_over_A5=1.5,1.5,closed_form,eq6,1,1.5,102,2.04,3.0600000000000001,0.46802899277296456,0.88371311064390368,7.9139254744883434e-05,1,ok
CP-010-FIG10-001,a_over_A5=1.5,1.5,closed_form,eq6,1,1.5,103,2.0600000000000001,3.0899999999999999,0.46802899277296456,0.88371311064390368,7.2814930284705482e-05,1,ok
CP-010-FIG10-001,a_over_A5=1.5,1.5,closed_form,eq6,1,1.5,104,2.0800000000000001,3.1200000000000001,0.46802899277296456,0.88371311064390368,6.6996007094814326e-05,1,ok
CP-010-FIG10-001,a_over_A5=1.5,1.5,closed_form,eq6,1,1.5,105,2.1000000000000001,3.1500000000000004,0.46802899277296456,0.88371311064390368,6.1642096601597412e-05,1,ok
CP-010-FIG10-001,a_over_A5=1.5,1.5,closed_form,eq6,1,1.5,106,2.1200000000000001,3.1800000000000002,0.46802899277296456,0.88371311064390368,5.671603783883986e-05,1,ok
CP-010-FIG10-001,a_over_A5=1.5,1.5,closed_form,eq6,1,1.5,107,2.1400000000000001,3.21,0.46802899277296456,0.88371311064390368,5.2183639517111473e-05,1,ok
CP-010-FIG10-001,a_over_A5=1.5,1.5,closed_form,eq6,1,1.5,108,2.1600000000000001,3.2400000000000002,0.46802899277296456,0.88371311064390368,4.801344270538927e-05,1,ok
CP-010-FIG10-001,a_over_A5=1.5,1.5,closed_form,eq6,1,1.5,109,2.1800000000000002,3.2700000000000005,0.46802899277296456,0.88371311064390368,4.4176502477711957e-05,1,ok
CP-010-FIG10-001,a_over_A5=1.5,1.5,closed_form,eq6,1,1.5,110,2.2000000000000002,3.3000000000000003,0.46802899277296456,0.88371311064390368,4.0646187009294399e-05,1,ok
CP-010-FIG10-001,a_over_A5=1.5,1.5,closed_form,eq6,1,1.5,111,2.2200000000000002,3.3300000000000001,0.46802899277296456,0.88371311064390368,3.7397992727651034e-05,1,ok
CP-010-FIG10-001,a_over_A5=1.5,1.5,closed_form,eq6,1,1.5,112,2.2400000000000002,3.3600000000000003,0.46802899277296456,0.88371311064390368,3.4409374235709373e-05,1,ok
CP-010-FIG10-001,a_over_A5=1.5,1.5,closed_form,eq6,1,1.5,113,2.2600000000000002,3.3900000000000006,0.46802899277296456,0.88371311064390368,3.1659587826425715e-05,1,ok
CP-010-FIG10-001,a_over_A5=1.5,1.5,closed_form,eq6,1,1.5,114,2.2800000000000002,3.4200000000000004,0.46802899277296456,0.88371311064390368,2.9129547502754896e-05,1,ok
CP-010-FIG10-001,a_over_A5=1.5,1.5,closed_form,eq6,1,1.5,115,2.3000000000000003,3.4500000000000002,0.46802899277296456,0.88371311064390368,2.6801692503621246e-05,1,ok
CP-010-FIG10-001,a_over_A5=1.5,1.5,closed_form,eq6,1,1.5,116,2.3199999999999998,3.4799999999999995,0.46802899277296456,0.88371311064390368,2.4659865416403506e-05,1,ok
CP-010-FIG10-001,a_over_A5=1.5,1.5,closed_form,eq6,1,1.5,117,2.3399999999999999,3.5099999999999998,0.46802899277296456,0.88371311064390368,2.2689200029922343e-05,1,ok
CP-010-FIG10-001,a_over_A5=1.5,1.5,closed_form,eq6,1,1.5,118,2.3599999999999999,3.54,0.46802899277296456,0.88371311064390368,2.0876018149530864e-05,1,ok
CP-010-FIG10-001,a_over_A5=1.5,1.5,closed_form,eq6,1,1.5,119,2.3799999999999999,3.5699999999999998,0.46802899277296456,0.88371311064390368,1.9207734658110534e-05,1,ok
CP-010-FIG10-001,a_over_A5=1.5,1.5,closed_form,eq6,1,1.5,120,2.3999999999999999,3.5999999999999996,0.46802899277296456,0.88371311064390368,1.7672770164011006e-05,1,ok
CP-010-FIG10-001,a_over_A5=1.5,1.5,closed_form,eq6,1,1.5,121,2.4199999999999999,3.6299999999999999,0.46802899277296456,0.88371311064390368,1.6260470629631244e-05,1,ok
CP-010-FIG10-001,a_over_A5=1.5,1.5,closed_form,eq6,1,1.5,122,2.4399999999999999,3.6600000000000001,0.46802899277296456,0.88371311064390368,1.4961033422792618e-05,1,ok
CP-010-FIG10-001,a_over_A5=1.5,1.5,closed_form,eq6,1,1.5,123,2.46,3.6899999999999999,0.46802899277296456,0.88371311064390368,1.376543927763263e-05,1,ok
CP-010-FIG10-001,a_over_A5=1.5,1.5,closed_form,eq6,1,1.5,124,2.48,3.7199999999999998,0.46802899277296456,0.88371311064390368,1.2665389692767733e-05,1,ok
CP-010-FIG10-001,a_over_A5=1.5,1.5,closed_form,eq6,1,1.5,125,2.5,3.75,0.46802899277296456,0.88371311064390368,1.1653249332211285e-05,1,ok
CP-010-FIG10-001,a_over_A5=1.5,1.5,closed_form,eq6,1,1.5,126,2.52,3.7800000000000002,0.46802899277296456,0.88371311064390368,1.0721993029257249e-05,1,ok
CP-010-FIG10-001,a_over_A5=1.5,1.5,closed_form,eq6,1,1.5,127,2.54,3.8100000000000001,0.46802899277296456,0.88371311064390368,9.8651570254891821e-06,1,ok
CP-010-FIG10-001,a_over_A5=1.5,1.5,closed_form,eq6,1,1.5,128,2.5600000000000001,3.8399999999999999,0.46802899277296456,0.88371311064390368,9.0767941064685156e-06,1,ok
CP-010-FIG10-001,a_over_A5=1.5,1.5,closed_form,eq6,1,1.5,129,2.5800000000000001,3.8700000000000001,0.46802899277296456,0.88371311064390368,8.3514323227040524e-06,1,ok
CP-010-FIG10-001,a_over_A5=1.5,1.5,closed_form,eq6,1,1.5,130,2.6000000000000001,3.9000000000000004,0.46802899277296456,0.88371311064390368,7.6840370093887868e-06,1,ok
CP-010-FIG10-001,a_over_A5=1.5,1.5,closed_form,eq6,1,1.5,131,2.6200000000000001,3.9300000000000002,0.46802899277296456,0.88371311064390368,7.0699758412864682e-06,1,ok
CP-010-FIG10-001,a_over_A5=1.5,1.5,closed_form,eq6,1,1.5,132,2.6400000000000001,3.96,0.46802899277296456,0.88371311064390368,6.5049866802177505e-06,1,ok
CP-010-FIG10-001,a_over_A5=1.5,1.5,closed_form,eq6,1,1.5,133,2.6600000000000001,3.9900000000000002,0.46802899277296456,0.88371311064390368,5.9851479919782483e-06,1,ok
CP-010-FIG10-001,a_over_A5=1.5,1.5,closed_form,eq6,1,1.5,134,2.6800000000000002,4.0200000000000005,0.46802899277296456,0.88371311064390368,5.5068516273552165e-06,1,ok
CP-010-FIG10-001,a_over_A5=1.5,1.5,closed_form,eq6,1,1.5,135,2.7000000000000002,4.0500000000000007,0.46802899277296456,0.88371311064390368,5.066777778318813e-06,1,ok
CP-010-FIG10-001,a_over_A5=1.5,1.5,closed_form,eq6,1,1.5,136,2.7200000000000002,4.0800000000000001,0.46802899277296456,0.88371311064390368,4.6618719355609388e-06,1,ok
CP-010-FIG10-001,a_over_A5=1.5,1.5,closed_form,eq6,1,1.5,137,2.7400000000000002,4.1100000000000003,0.46802899277296456,0.88371311064390368,4.2893236874465361e-06,1,ok
CP-010-FIG10-001,a_over_A5=1.5,1.5,closed_form,eq6,1,1.5,138,2.7600000000000002,4.1400000000000006,0.46802899277296456,0.88371311064390368,3.9465472132228877e-06,1,ok
CP-010-FIG10-001,a_over_A5=1.5,1.5,closed_form,eq6,1,1.5,139,2.7800000000000002,4.1699999999999999,0.46802899277296456,0.88371311064390368,3.6311633350919617e-06,1,ok
CP-010-FIG10-001,a_over_A5=1.5,1.5,closed_form,eq6,1,1.5,140,2.8000000000000003,4.2000000000000002,0.46802899277296456,0.88371311064390368,3.3409830045713716e-06,1,ok
CP-010-FIG10-001,a_over_A5=1.5,1.5,closed_form,eq6,1,1.5,141,2.8199999999999998,4.2299999999999995,0.46802899277296456,0.88371311064390368,3.0739921085241129e-06,1,ok
CP-010-FIG10-001,a_over_A5=1.5,1.5,closed_form,eq6,1,1.5,142,2.8399999999999999,4.2599999999999998,0.46802899277296456,0.88371311064390368,2.8283374893973097e-06,1,ok
CP-010-FIG10-001,a_over_A5=1.5,1.5,closed_form,eq6,1,1.5,143,2.8599999999999999,4.29,0.46802899277296456,0.88371311064390368,2.6023140826379663e-06,1,ok
CP-010-FIG10-001,a_over_A5=1.5,1.5,closed_form,eq6,1,1.5,144,2.8799999999999999,4.3200000000000003,0.46802899277296456,0.88371311064390368,2.394353082007532e-06,1,ok
CP-010-FIG10-001,a_over_A5=1.5,1.5,closed_form,eq6,1,1.5,145,2.8999999999999999,4.3499999999999996,0.46802899277296456,0.88371311064390368,2.2030110506520824e-06,1,ok
CP-010-FIG10-001,a_over_A5=1.5,1.5,closed_form,eq6,1,1.5,146,2.9199999999999999,4.3799999999999999,0.46802899277296456,0.88371311064390368,2.026959902349071e-06,1,ok
CP-010-FIG10-001,a_over_A5=1.5,1.5,closed_form,eq6,1,1.5,147,2.9399999999999999,4.4100000000000001,0.46802899277296456,0.88371311064390368,1.8649776833914815e-06,1,ok
CP-010-FIG10-001,a_over_A5=1.5,1.5,closed_form,eq6,1,1.5,148,2.96,4.4399999999999995,0.46802899277296456,0.88371311064390368,1.715940091127305e-06,1,ok
CP-010-FIG10-001,a_over_A5=1.5,1.5,closed_form,eq6,1,1.5,149,2.98,4.4699999999999998,0.46802899277296456,0.88371311064390368,1.5788126702854021e-06,1,ok
CP-010-FIG10-001,a_over_A5=1.5,1.5,closed_form,eq6,1,1.5,150,3,4.5,0.46802899277296456,0.88371311064390368,1.4526436329231873e-06,1,ok
CP-010-FIG10-001,a_over_A5=2,2,closed_form,eq6,1,2,0,0,0,0.37927349649738806,0.92528461289197161,0.26620139472870863,1,ok
CP-010-FIG10-001,a_over_A5=2,2,closed_form,eq6,1,2,1,0.02,0.040000000000000001,0.37927349649738806,0.92528461289197161,0.23698064038401789,1,ok
CP-010-FIG10-001,a_over_A5=2,2,closed_form,eq6,1,2,2,0.040000000000000001,0.080000000000000002,0.37927349649738806,0.92528461289197161,0.2109674292805748,1,ok
CP-010-FIG10-001,a_over_A5=2,2,closed_form,eq6,1,2,3,0.059999999999999998,0.12,0.37927349649738806,0.92528461289197161,0.18780967147836236,1,ok
CP-010-FIG10-001,a_over_A5=2,2,closed_form,eq6,1,2,4,0.080000000000000002,0.16,0.37927349649738806,0.92528461289197161,0.16719392572158606,1,ok
CP-010-FIG10-001,a_over_A5=2,2,closed_form,eq6,1,2,5,0.10000000000000001,0.20000000000000001,0.37927349649738806,0.92528461289197161,0.14884115699768857,1,ok
CP-010-FIG10-001,a_over_A5=2,2,closed_form,eq6,1,2,6,0.12,0.23999999999999999,0.37927349649738806,0.92528461289197161,0.13250295978635762,1,ok
CP-010-FIG10-001,a_over_A5=2,2,closed_form,eq6,1,2,7,0.14000000000000001,0.28000000000000003,0.37927349649738806,0.92528461289197161,0.11795819588003975,1,ok
CP-010-FIG10-001,a_over_A5=2,2,closed_form,eq6,1,2,8,0.16,0.32000000000000001,0.37927349649738806,0.92528461289197161,0.10501000126871443,1,ok
CP-010-FIG10-001,a_over_A5=2,2,closed_form,eq6,1,2,9,0.17999999999999999,0.35999999999999999,0.37927349649738806,0.92528461289197161,0.093483121576983616,1,ok
CP-010-FIG10-001,a_over_A5=2,2,closed_form,eq6,1,2,10,0.20000000000000001,0.40000000000000002,0.37927349649738806,0.92528461289197161,0.083221539988503332,1,ok
CP-010-FIG10-001,a_over_A5=2,2,closed_form,eq6,1,2,11,0.22,0.44,0.37927349649738806,0.92528461289197161,0.074086365551610509,1,ok
CP-010-FIG10-001,a_over_A5=2,2,closed_form,eq6,1,2,12,0.23999999999999999,0.47999999999999998,0.37927349649738806,0.92528461289197161,0.065953953284271255,1,ok
CP-010-FIG10-001,a_over_A5=2,2,closed_form,eq6,1,2,13,0.26000000000000001,0.52000000000000002,0.37927349649738806,0.92528461289197161,0.058714230633888545,1,ok
CP-010-FIG10-001,a_over_A5=2,2,closed_form,eq6,1,2,14,0.28000000000000003,0.56000000000000005,0.37927349649738806,0.92528461289197161,0.052269207640531008,1,ok
CP-010-FIG10-001,a_over_A5=2,2,closed_form,eq6,1,2,15,0.29999999999999999,0.59999999999999998,0.37927349649738806,0.92528461289197161,0.046531650638577143,1,ok
CP-010-FIG10-001,a_over_A5=2,2,closed_form,eq6,1,2,16,0.32000000000000001,0.64000000000000001,0.37927349649738806,0.92528461289197161,0.041423901545269329,1,ok
CP-010-FIG10-001,a_over_A5=2,2,closed_form,eq6,1,2,17,0.34000000000000002,0.68000000000000005,0.37927349649738806,0.92528461289197161,0.036876826755197128,1,ok
CP-010-FIG10-001,a_over_A5=2,2,closed_form,eq6,1,2,18,0.35999999999999999,0.71999999999999997,0.37927349649738806,0.92528461289197161,0.032828881413950864,1,ok
CP-010-FIG10-001,a_over_A5=2,2,closed_form,eq6,1,2,19,0.38,0.76000000000000001,0.37927349649738806,0.92528461289197161,0.029225276405849133,1,ok
CP-010-FIG10-001,a_over_A5=2,2,closed_form,eq6,1,2,20,0.40000000000000002,0.80000000000000004,0.37927349649738806,0.92528461289197161,0.026017236780882795,1,ok
CP-010-FIG10-001,a_over_A5=2,2,closed_form,eq6,1,2,21,0.41999999999999998,0.83999999999999997,0.37927349649738806,0.92528461289197161,0.023161341583652111,1,ok
CP-010-FIG10-001,a_over_A5=2,2,closed_form,eq6,1,2,22,0.44,0.88,0.37927349649738806,0.92528461289197161,0.020618936148853011,1,ok
CP-010-FIG10-001,a_over_A5=2,2,closed_form,eq6,1,2,23,0.46000000000000002,0.92000000000000004,0.37927349649738806,0.92528461289197161,0.018355608908706435,1,ok
CP-010-FIG10-001,a_over_A5=2,2,closed_form,eq6,1,2,24,0.47999999999999998,0.95999999999999996,0.37927349649738806,0.92528461289197161,0.016340725630896613,1,ok
CP-010-FIG10-001,a_over_A5=2,2,closed_form,eq6,1,2,25,0.5,1,0.37927349649738806,0.92528461289197161,0.014547014782908603,1,ok
CP-010-FIG10-001,a_over_A5=2,2,closed_form,eq6,1,2,26,0.52000000000000002,1.04,0.37927349649738806,0.92528461289197161,0.012950198410653457,1,ok
CP-010-FIG10-001,a_over_A5=2,2,closed_form,eq6,1,2,27,0.54000000000000004,1.0800000000000001,0.37927349649738806,0.92528461289197161,0.011528663535307068,1,ok
CP-010-FIG10-001,a_over_A5=2,2,closed_form,eq6,1,2,28,0.56000000000000005,1.1200000000000001,0.37927349649738806,0.92528461289197161,0.01026316962070486,1,ok
CP-010-FIG10-001,a_over_A5=2,2,closed_form,eq6,1,2,29,0.57999999999999996,1.1599999999999999,0.37927349649738806,0.92528461289197161,0.0091365881518506477,1,ok
CP-010-FIG10-001,a_over_A5=2,2,closed_form,eq6,1,2,30,0.59999999999999998,1.2,0.37927349649738806,0.92528461289197161,0.0081336707997236128,1,ok
CP-010-FIG10-001,a_over_A5=2,2,closed_form,eq6,1,2,31,0.62,1.24,0.37927349649738806,0.92528461289197161,0.0072408430344839706,1,ok
CP-010-FIG10-001,a_over_A5=2,2,closed_form,eq6,1,2,32,0.64000000000000001,1.28,0.37927349649738806,0.92528461289197161,0.0064460203936230944,1,ok
CP-010-FIG10-001,a_over_A5=2,2,closed_form,eq6,1,2,33,0.66000000000000003,1.3200000000000001,0.37927349649738806,0.92528461289197161,0.0057384449182395526,1,ok
CP-010-FIG10-001,a_over_A5=2,2,closed_form,eq6,1,2,34,0.68000000000000005,1.3600000000000001,0.37927349649738806,0.92528461289197161,0.0051085395435990309,1,ok
CP-010-FIG10-001,a_over_A5=2,2,closed_form,eq6,1,2,35,0.70000000000000007,1.4000000000000001,0.37927349649738806,0.92528461289197161,0.0045477784731479337,1,ok
CP-010-FIG10-001,a_over_A5=2,2,closed_form,eq6,1,2,36,0.71999999999999997,1.4399999999999999,0.37927349649738806,0.92528461289197161,0.0040485717814874381,1,ok
CP-010-FIG10-001,a_over_A5=2,2,closed_form,eq6,1,2,37,0.73999999999999999,1.48,0.37927349649738806,0.92528461289197161,0.0036041626844041737,1,ok
CP-010-FIG10-001,a_over_A5=2,2,closed_form,eq6,1,2,38,0.76000000000000001,1.52,0.37927349649738806,0.92528461289197161,0.0032085360855029711,1,ok
CP-010-FIG10-001,a_over_A5=2,2,closed_form,eq6,1,2,39,0.78000000000000003,1.5600000000000001,0.37927349649738806,0.92528461289197161,0.0028563371616163917,1,ok
CP-010-FIG10-001,a_over_A5=2,2,closed_form,eq6,1,2,40,0.80000000000000004,1.6000000000000001,0.37927349649738806,0.92528461289197161,0.0025427988850410047,1,ok
CP-010-FIG10-001,a_over_A5=2,2,closed_form,eq6,1,2,41,0.82000000000000006,1.6400000000000001,0.37927349649738806,0.92528461289197161,0.002263677501610762,1,ok
CP-010-FIG10-001,a_over_A5=2,2,closed_form,eq6,1,2,42,0.83999999999999997,1.6799999999999999,0.37927349649738806,0.92528461289197161,0.0020151950913003956,1,ok
CP-010-FIG10-001,a_over_A5=2,2,closed_form,eq6,1,2,43,0.85999999999999999,1.72,0.37927349649738806,0.92528461289197161,0.0017939884339140703,1,ok
CP-010-FIG10-001,a_over_A5=2,2,closed_form,eq6,1,2,44,0.88,1.76,0.37927349649738806,0.92528461289197161,0.0015970634877542507,1,ok
CP-010-FIG10-001,a_over_A5=2,2,closed_form,eq6,1,2,45,0.90000000000000002,1.8,0.37927349649738806,0.92528461289197161,0.0014217548651375225,1,ok
CP-010-FIG10-001,a_over_A5=2,2,closed_form,eq6,1,2,46,0.92000000000000004,1.8400000000000001,0.37927349649738806,0.92528461289197161,0.0012656897562567386,1,ok
CP-010-FIG10-001,a_over_A5=2,2,closed_form,eq6,1,2,47,0.94000000000000006,1.8800000000000001,0.37927349649738806,0.92528461289197161,0.0011267558130974196,1,ok
CP-010-FIG10-001,a_over_A5=2,2,closed_form,eq6,1,2,48,0.95999999999999996,1.9199999999999999,0.37927349649738806,0.92528461289197161,0.0010030725587158039,1,ok
CP-010-FIG10-001,a_over_A5=2,2,closed_form,eq6,1,2,49,0.97999999999999998,1.96,0.37927349649738806,0.92528461289197161,0.00089296593490188357,1,ok
CP-010-FIG10-001,a_over_A5=2,2,closed_form,eq6,1,2,50,1,2,0.37927349649738806,0.92528461289197161,0.00079494564372896447,1,ok
CP-010-FIG10-001,a_over_A5=2,2,closed_form,eq6,1,2,51,1.02,2.04,0.37927349649738806,0.92528461289197161,0.00070768497630661995,1,ok
CP-010-FIG10-001,a_over_A5=2,2,closed_form,eq6,1,2,52,1.04,2.0800000000000001,0.37927349649738806,0.92528461289197161,0.00063000285571833945,1,ok
CP-010-FIG10-001,a_over_A5=2,2,closed_form,eq6,1,2,53,1.0600000000000001,2.1200000000000001,0.37927349649738806,0.92528461289197161,0.00056084785109426348,1,ok
CP-010-FIG10-001,a_over_A5=2,2,closed_form,eq6,1,2,54,1.0800000000000001,2.1600000000000001,0.37927349649738806,0.92528461289197161,0.00049928394644877915,1,ok
CP-010-FIG10-001,a_over_A5=2,2,closed_form,eq6,1,2,55,1.1000000000000001,2.2000000000000002,0.37927349649738806,0.92528461289197161,0.00044447787166357409,1,ok
CP-010-FIG10-001,a_over_A5=2,2,closed_form,eq6,1,2,56,1.1200000000000001,2.2400000000000002,0.37927349649738806,0.92528461289197161,0.00039568782414046262,1,ok
CP-010-FIG10-001,a_over_A5=2,2,closed_form,eq6,1,2,57,1.1400000000000001,2.2800000000000002,0.37927349649738806,0.92528461289197161,0.0003522534284710597,1,ok
CP-010-FIG10-001,a_over_A5=2,2,closed_form,eq6,1,2,58,1.1599999999999999,2.3199999999999998,0.37927349649738806,0.92528461289197161,0.00031358679822700042,1,ok
CP-010-FIG10-001,a_over_A5=2,2,closed_form,eq6,1,2,59,1.1799999999999999,2.3599999999999999,0.37927349649738806,0.92528461289197161,0.00027916457889164424,1,ok
CP-010-FIG10-001,a_over_A5=2,2,closed_form,eq6,1,2,60,1.2,2.3999999999999999,0.37927349649738806,0.92528461289197161,0.00024852086423400642,1,ok
CP-010-FIG10-001,a_over_A5=2,2,closed_form,eq6,1,2,61,1.22,2.4399999999999999,0.37927349649738806,0.92528461289197161,0.00022124089024772075,1,ok
CP-010-FIG10-001,a_over_A5=2,2,closed_form,eq6,1,2,62,1.24,2.48,0.37927349649738806,0.92528461289197161,0.00019695542130223378,1,ok
CP-010-FIG10-001,a_over_A5=2,2,closed_form,eq6,1,2,63,1.26,2.52,0.37927349649738806,0.92528461289197161,0.00017533575252253855,1,ok
CP-010-FIG10-001,a_over_A5=2,2,closed_form,eq6,1,2,64,1.28,2.5600000000000001,0.37927349649738806,0.92528461289197161,0.00015608926075443932,1,ok
CP-010-FIG10-001,a_over_A5=2,2,closed_form,eq6,1,2,65,1.3,2.6000000000000001,0.37927349649738806,0.92528461289197161,0.00013895544389747619,1,ok
CP-010-FIG10-001,a_over_A5=2,2,closed_form,eq6,1,2,66,1.3200000000000001,2.6400000000000001,0.37927349649738806,0.92528461289197161,0.00012370239499769994,1,ok
CP-010-FIG10-001,a_over_A5=2,2,closed_form,eq6,1,2,67,1.3400000000000001,2.6800000000000002,0.37927349649738806,0.92528461289197161,0.00011012366337699807,1,ok
CP-010-FIG10-001,a_over_A5=2,2,closed_form,eq6,1,2,68,1.3600000000000001,2.7200000000000002,0.37927349649738806,0.92528461289197161,9.8035460314215001e-05,1,ok
CP-010-FIG10-001,a_over_A5=2,2,closed_form,eq6,1,2,69,1.3800000000000001,2.7600000000000002,0.37927349649738806,0.92528461289197161,8.7274171456845214e-05,1,ok
CP-010-FIG10-001,a_over_A5=2,2,closed_form,eq6,1,2,70,1.4000000000000001,2.8000000000000003,0.37927349649738806,0.92528461289197161,7.7694142293677714e-05,1,ok
CP-010-FIG10-001,a_over_A5=2,2,closed_form,eq6,1,2,71,1.4199999999999999,2.8399999999999999,0.37927349649738806,0.92528461289197161,6.9165706714673103e-05,1,ok
CP-010-FIG10-001,a_over_A5=2,2,closed_form,eq6,1,2,72,1.4399999999999999,2.8799999999999999,0.37927349649738806,0.92528461289197161,6.1573431974542103e-05,1,ok
CP-010-FIG10-001,a_over_A5=2,2,closed_form,eq6,1,2,73,1.46,2.9199999999999999,0.37927349649738806,0.92528461289197161,5.4814556305535025e-05,1,ok
CP-010-FIG10-001,a_over_A5=2,2,closed_form,eq6,1,2,74,1.48,2.96,0.37927349649738806,0.92528461289197161,4.8797598032459085e-05,1,ok
CP-010-FIG10-001,a_over_A5=2,2,closed_form,eq6,1,2,75,1.5,3,0.37927349649738806,0.92528461289197161,4.3441117364239393e-05,1,ok
CP-010-FIG10-001,a_over_A5=2,2,closed_form,eq6,1,2,76,1.52,3.04,0.37927349649738806,0.92528461289197161,3.8672614102815947e-05,1,ok
CP-010-FIG10-001,a_over_A5=2,2,closed_form,eq6,1,2,77,1.54,3.0800000000000001,0.37927349649738806,0.92528461289197161,3.4427546349819919e-05,1,ok
CP-010-FIG10-001,a_over_A5=2,2,closed_form,eq6,1,2,78,1.5600000000000001,3.1200000000000001,0.37927349649738806,0.92528461289197161,3.064845692918118e-05,1,ok
CP-010-FIG10-001,a_over_A5=2,2,closed_form,eq6,1,2,79,1.5800000000000001,3.1600000000000001,0.37927349649738806,0.92528461289197161,2.7284195701759192e-05,1,ok
CP-010-FIG10-001,a_over_A5=2,2,closed_form,eq6,1,2,80,1.6000000000000001,3.2000000000000002,0.37927349649738806,0.92528461289197161,2.4289227245992576e-05,1,ok
CP-010-FIG10-001,a_over_A5=2,2,closed_form,eq6,1,2,81,1.6200000000000001,3.2400000000000002,0.37927349649738806,0.92528461289197161,2.1623014533993651e-05,1,ok
CP-010-FIG10-001,a_over_A5=2,2,closed_form,eq6,1,2,82,1.6400000000000001,3.2800000000000002,0.37927349649738806,0.92528461289197161,1.9249470261119245e-05,1,ok
CP-010-FIG10-001,a_over_A5=2,2,closed_form,eq6,1,2,83,1.6600000000000001,3.3200000000000003,0.37927349649738806,0.92528461289197161,1.7136468402737421e-05,1,ok
CP-010-FIG10-001,a_over_A5=2,2,closed_form,eq6,1,2,84,1.6799999999999999,3.3599999999999999,0.37927349649738806,0.92528461289197161,1.5255409387091569e-05,1,ok
CP-010-FIG10-001,a_over_A5=2,2,closed_form,eq6,1,2,85,1.7,3.3999999999999999,0.37927349649738806,0.92528461289197161,1.3580832998856655e-05,1,ok
CP-010-FIG10-001,a_over_A5=2,2,closed_form,eq6,1,2,86,1.72,3.4399999999999999,0.37927349649738806,0.92528461289197161,1.2090073774021322e-05,1,ok
CP-010-FIG10-001,a_over_A5=2,2,closed_form,eq6,1,2,87,1.74,3.48,0.37927349649738806,0.92528461289197161,1.0762954221849533e-05,1,ok
CP-010-FIG10-001,a_over_A5=2,2,closed_form,eq6,1,2,88,1.76,3.52,0.37927349649738806,0.92528461289197161,9.5815117216690503e-06,1,ok
CP-010-FIG10-001,a_over_A5=2,2,closed_form,eq6,1,2,89,1.78,3.5600000000000001,0.37927349649738806,0.92528461289197161,8.5297553980216911e-06,1,ok
CP-010-FIG10-001,a_over_A5=2,2,closed_form,eq6,1,2,90,1.8,3.6000000000000001,0.37927349649738806,0.92528461289197161,7.5934496834708613e-06,1,ok
CP-010-FIG10-001,a_over_A5=2,2,closed_form,eq6,1,2,91,1.8200000000000001,3.6400000000000001,0.37927349649738806,0.92528461289197161,6.759921639579117e-06,1,ok
CP-010-FIG10-001,a_over_A5=2,2,closed_form,eq6,1,2,92,1.8400000000000001,3.6800000000000002,0.37927349649738806,0.92528461289197161,6.0178894281370827e-06,1,ok
CP-010-FIG10-001,a_over_A5=2,2,closed_form,eq6,1,2,93,1.8600000000000001,3.7200000000000002,0.37927349649738806,0.92528461289197161,5.3573096109940629e-06,1,ok
CP-010-FIG10-001,a_over_A5=2,2,closed_form,eq6,1,2,94,1.8800000000000001,3.7600000000000002,0.37927349649738806,0.92528461289197161,4.7692412116874177e-06,1,ok
CP-010-FIG10-001,a_over_A5=2,2,closed_form,eq6,1,2,95,1.9000000000000001,3.8000000000000003,0.37927349649738806,0.92528461289197161,4.2457246989384273e-06,1,ok
CP-010-FIG10-001,a_over_A5=2,2,closed_form,eq6,1,2,96,1.9199999999999999,3.8399999999999999,0.37927349649738806,0.92528461289197161,3.7796742540513852e-06,1,ok
CP-010-FIG10-001,a_over_A5=2,2,closed_form,eq6,1,2,97,1.9399999999999999,3.8799999999999999,0.37927349649738806,0.92528461289197161,3.3647818640504012e-06,1,ok
CP-010-FIG10-001,a_over_A5=2,2,closed_form,eq6,1,2,98,1.96,3.9199999999999999,0.37927349649738806,0.92528461289197161,2.9954319424503011e-06,1,ok
CP-010-FIG10-001,a_over_A5=2,2,closed_form,eq6,1,2,99,1.98,3.96,0.37927349649738806,0.92528461289197161,2.666625322050045e-06,1,ok
CP-010-FIG10-001,a_over_A5=2,2,closed_form,eq6,1,2,100,2,4,0.37927349649738806,0.92528461289197161,2.3739115909880167e-06,1,ok
CP-010-FIG10-001,a_over_A5=2,2,closed_form,eq6,1,2,101,2.02,4.04,0.37927349649738806,0.92528461289197161,2.1133288562244834e-06,1,ok
CP-010-FIG10-001,a_over_A5=2,2,closed_form,eq6,1,2,102,2.04,4.0800000000000001,0.37927349649738806,0.92528461289197161,1.8813501191475552e-06,1,ok
CP-010-FIG10-001,a_over_A5=2,2,closed_form,eq6,1,2,103,2.0600000000000001,4.1200000000000001,0.37927349649738806,0.92528461289197161,1.6748355374941009e-06,1,ok
CP-010-FIG10-001,a_over_A5=2,2,closed_form,eq6,1,2,104,2.0800000000000001,4.1600000000000001,0.37927349649738806,0.92528461289197161,1.4909899274485605e-06,1,ok
CP-010-FIG10-001,a_over_A5=2,2,closed_form,eq6,1,2,105,2.1000000000000001,4.2000000000000002,0.37927349649738806,0.92528461289197161,1.3273249307088421e-06,1,ok
CP-010-FIG10-001,a_over_A5=2,2,closed_form,eq6,1,2,106,2.1200000000000001,4.2400000000000002,0.37927349649738806,0.92528461289197161,1.1816253344488212e-06,1,ok
CP-010-FIG10-001,a_over_A5=2,2,closed_form,eq6,1,2,107,2.1400000000000001,4.2800000000000002,0.37927349649738806,0.92528461289197161,1.0519190883167165e-06,1,ok
CP-010-FIG10-001,a_over_A5=2,2,closed_form,eq6,1,2,108,2.1600000000000001,4.3200000000000003,0.37927349649738806,0.92528461289197161,9.364506126480603e-07,1,ok
CP-010-FIG10-001,a_over_A5=2,2,closed_form,eq6,1,2,109,2.1800000000000002,4.3600000000000003,0.37927349649738806,0.92528461289197161,8.3365703661886224e-07,1,ok
CP-010-FIG10-001,a_over_A5=2,2,closed_form,eq6,1,2,110,2.2000000000000002,4.4000000000000004,0.37927349649738806,0.92528461289197161,7.4214704472122974e-07,1,ok
CP-010-FIG10-001,a_over_A5=2,2,closed_form,eq6,1,2,111,2.2200000000000002,4.4400000000000004,0.37927349649738806,0.92528461289197161,6.6068204524766202e-07,1,ok
CP-010-FIG10-001,a_over_A5=2,2,closed_form,eq6,1,2,112,2.2400000000000002,4.4800000000000004,0.37927349649738806,0.92528461289197161,5.8815940589859127e-07,1,ok
CP-010-FIG10-001,a_over_A5=2,2,closed_form,eq6,1,2,113,2.2600000000000002,4.5200000000000005,0.37927349649738806,0.92528461289197161,5.2359752960640644e-07,1,ok
CP-010-FIG10-001,a_over_A5=2,2,closed_form,eq6,1,2,114,2.2800000000000002,4.5600000000000005,0.37927349649738806,0.92528461289197161,4.661225685765884e-07,1,ok
CP-010-FIG10-001,a_over_A5=2,2,closed_form,eq6,1,2,115,2.3000000000000003,4.6000000000000005,0.37927349649738806,0.92528461289197161,4.1495659671992839e-07,1,ok
CP-010-FIG10-001,a_over_A5=2,2,closed_form,eq6,1,2,116,2.3199999999999998,4.6399999999999997,0.37927349649738806,0.92528461289197161,3.6940708038918593e-07,1,ok
CP-010-FIG10-001,a_over_A5=2,2,closed_form,eq6,1,2,117,2.3399999999999999,4.6799999999999997,0.37927349649738806,0.92528461289197161,3.2885750490614779e-07,1,ok
CP-010-FIG10-001,a_over_A5=2,2,closed_form,eq6,1,2,118,2.3599999999999999,4.7199999999999998,0.37927349649738806,0.92528461289197161,2.9275903000873483e-07,1,ok
CP-010-FIG10-001,a_over_A5=2,2,closed_form,eq6,1,2,119,2.3799999999999999,4.7599999999999998,0.37927349649738806,0.92528461289197161,2.6062306127426122e-07,1,ok
CP-010-FIG10-001,a_over_A5=2,2,closed_form,eq6,1,2,120,2.3999999999999999,4.7999999999999998,0.37927349649738806,0.92528461289197161,2.3201463697273645e-07,1,ok
CP-010-FIG10-001,a_over_A5=2,2,closed_form,eq6,1,2,121,2.4199999999999999,4.8399999999999999,0.37927349649738806,0.92528461289197161,2.0654654084100054e-07,1,ok
CP-010-FIG10-001,a_over_A5=2,2,closed_form,eq6,1,2,122,2.4399999999999999,4.8799999999999999,0.37927349649738806,0.92528461289197161,1.8387406109381007e-07,1,ok
CP-010-FIG10-001,a_over_A5=2,2,closed_form,eq6,1,2,123,2.46,4.9199999999999999,0.37927349649738806,0.92528461289197161,1.6369032473488323e-07,1,ok
CP-010-FIG10-001,a_over_A5=2,2,closed_form,eq6,1,2,124,2.48,4.96,0.37927349649738806,0.92528461289197161,1.4572214401759079e-07,1,ok
CP-010-FIG10-001,a_over_A5=2,2,closed_form,eq6,1,2,125,2.5,5,0.37927349649738806,0.92528461289197161,1.2972631883696341e-07,1,ok
CP-010-FIG10-001,a_over_A5=2,2,closed_form,eq6,1,2,126,2.52,5.04,0.37927349649738806,0.92528461289197161,1.1548634500572518e-07,1,ok
CP-010-FIG10-001,a_over_A5=2,2,closed_form,eq6,1,2,127,2.54,5.0800000000000001,0.37927349649738806,0.92528461289197161,1.0280948386073508e-07,1,ok
CP-010-FIG10-001,a_over_A5=2,2,closed_form,eq6,1,2,128,2.5600000000000001,5.1200000000000001,0.37927349649738806,0.92528461289197161,9.1524153536825241e-08,1,ok
CP-010-FIG10-001,a_over_A5=2,2,closed_form,eq6,1,2,129,2.5800000000000001,5.1600000000000001,0.37927349649738806,0.92528461289197161,8.1477606598816662e-08,1,ok
CP-010-FIG10-001,a_over_A5=2,2,closed_form,eq6,1,2,130,2.6000000000000001,5.2000000000000002,0.37927349649738806,0.92528461289197161,7.2533862598362664e-08,1,ok
CP-010-FIG10-001,a_over_A5=2,2,closed_form,eq6,1,2,131,2.6200000000000001,5.2400000000000002,0.37927349649738806,0.92528461289197161,6.4571867572685604e-08,1,ok
CP-010-FIG10-001,a_over_A5=2,2,closed_form,eq6,1,2,132,2.6400000000000001,5.2800000000000002,0.37927349649738806,0.92528461289197161,5.7483855573941886e-08,1,ok
CP-010-FIG10-001,a_over_A5=2,2,closed_form,eq6,1,2,133,2.6600000000000001,5.3200000000000003,0.37927349649738806,0.92528461289197161,5.1173890052447714e-08,1,ok
CP-010-FIG10-001,a_over_A5=2,2,closed_form,eq6,1,2,134,2.6800000000000002,5.3600000000000003,0.37927349649738806,0.92528461289197161,4.5556565351317886e-08,1,ok
CP-010-FIG10-001,a_over_A5=2,2,closed_form,eq6,1,2,135,2.7000000000000002,5.4000000000000004,0.37927349649738806,0.92528461289197161,4.0555850737198907e-08,1,ok
CP-010-FIG10-001,a_over_A5=2,2,closed_form,eq6,1,2,136,2.7200000000000002,5.4400000000000004,0.37927349649738806,0.92528461289197161,3.6104061320996258e-08,1,ok
CP-010-FIG10-001,a_over_A5=2,2,closed_form,eq6,1,2,137,2.7400000000000002,5.4800000000000004,0.37927349649738806,0.92528461289197161,3.2140941939966564e-08,1,ok
CP-010-FIG10-001,a_over_A5=2,2,closed_form,eq6,1,2,138,2.7600000000000002,5.5200000000000005,0.37927349649738806,0.92528461289197161,2.8612851601477277e-08,1,ok
CP-010-FIG10-001,a_over_A5=2,2,closed_form,eq6,1,2,139,2.7800000000000002,5.5600000000000005,0.37927349649738806,0.92528461289197161,2.5472037449846205e-08,1,ok
CP-010-FIG10-001,a_over_A5=2,2,closed_form,eq6,1,2,140,2.8000000000000003,5.6000000000000005,0.37927349649738806,0.92528461289197161,2.2675988429369574e-08,1,ok
CP-010-FIG10-001,a_over_A5=2,2,closed_form,eq6,1,2,141,2.8199999999999998,5.6399999999999997,0.37927349649738806,0.92528461289197161,2.0186859895340228e-08,1,ok
CP-010-FIG10-001,a_over_A5=2,2,closed_form,eq6,1,2,142,2.8399999999999999,5.6799999999999997,0.37927349649738806,0.92528461289197161,1.7970961385140538e-08,1,ok
CP-010-FIG10-001,a_over_A5=2,2,closed_form,eq6,1,2,143,2.8599999999999999,5.7199999999999998,0.37927349649738806,0.92528461289197161,1.5998300616370786e-08,1,ok
CP-010-FIG10-001,a_over_A5=2,2,closed_form,eq6,1,2,144,2.8799999999999999,5.7599999999999998,0.37927349649738806,0.92528461289197161,1.4242177540006294e-08,1,ok
CP-010-FIG10-001,a_over_A5=2,2,closed_form,eq6,1,2,145,2.8999999999999999,5.7999999999999998,0.37927349649738806,0.92528461289197161,1.2678822954076647e-08,1,ok
CP-010-FIG10-001,a_over_A5=2,2,closed_form,eq6,1,2,146,2.9199999999999999,5.8399999999999999,0.37927349649738806,0.92528461289197161,1.1287076786486248e-08,1,ok
CP-010-FIG10-001,a_over_A5=2,2,closed_form,eq6,1,2,147,2.9399999999999999,5.8799999999999999,0.37927349649738806,0.92528461289197161,1.0048101692521435e-08,1,ok
CP-010-FIG10-001,a_over_A5=2,2,closed_form,eq6,1,2,148,2.96,5.9199999999999999,0.37927349649738806,0.92528461289197161,8.9451280905728967e-09,1,ok
CP-010-FIG10-001,a_over_A5=2,2,closed_form,eq6,1,2,149,2.98,5.96,0.37927349649738806,0.92528461289197161,7.9632271851219518e-09,1,ok
CP-010-FIG10-001,a_over_A5=2,2,closed_form,eq6,1,2,150,3,6,0.37927349649738806,0.92528461289197161,7.0891089048456528e-09,1,ok
CP-010-FIG10-001,a_over_A5=3,3,closed_form,eq6,1,3,0,0,0,0.27498063107899812,0.96144976599476895,0.14539879335907308,1,ok
CP-010-FIG10-001,a_over_A5=3,3,closed_form,eq6,1,3,1,0.02,0.059999999999999998,0.27498063107899812,0.96144976599476895,0.12129811247119392,1,ok
CP-010-FIG10-001,a_over_A5=3,3,closed_form,eq6,1,3,2,0.040000000000000001,0.12,0.27498063107899812,0.96144976599476895,0.10119225716501645,1,ok
CP-010-FIG10-001,a_over_A5=3,3,closed_form,eq6,1,3,3,0.059999999999999998,0.17999999999999999,0.27498063107899812,0.96144976599476895,0.084419062271744796,1,ok
CP-010-FIG10-001,a_over_A5=3,3,closed_form,eq6,1,3,4,0.080000000000000002,0.23999999999999999,0.27498063107899812,0.96144976599476895,0.070426120283286667,1,ok
CP-010-FIG10-001,a_over_A5=3,3,closed_form,eq6,1,3,5,0.10000000000000001,0.30000000000000004,0.27498063107899812,0.96144976599476895,0.05875258839277616,1,ok
CP-010-FIG10-001,a_over_A5=3,3,closed_form,eq6,1,3,6,0.12,0.35999999999999999,0.27498063107899812,0.96144976599476895,0.049014011122094477,1,ok
CP-010-FIG10-001,a_over_A5=3,3,closed_form,eq6,1,3,7,0.14000000000000001,0.42000000000000004,0.27498063107899812,0.96144976599476895,0.040889658685610883,1,ok
CP-010-FIG10-001,a_over_A5=3,3,closed_form,eq6,1,3,8,0.16,0.47999999999999998,0.27498063107899812,0.96144976599476895,0.034111964092489226,1,ok
CP-010-FIG10-001,a_over_A5=3,3,closed_form,eq6,1,3,9,0.17999999999999999,0.54000000000000004,0.27498063107899812,0.96144976599476895,0.028457711109649224,1,ok
CP-010-FIG10-001,a_over_A5=3,3,closed_form,eq6,1,3,10,0.20000000000000001,0.60000000000000009,0.27498063107899812,0.96144976599476895,0.023740682870223934,1,ok
CP-010-FIG10-001,a_over_A5=3,3,closed_form,eq6,1,3,11,0.22,0.66000000000000003,0.27498063107899812,0.96144976599476895,0.019805529017175111,1,ok
CP-010-FIG10-001,a_over_A5=3,3,closed_form,eq6,1,3,12,0.23999999999999999,0.71999999999999997,0.27498063107899812,0.96144976599476895,0.016522649402900907,1,ok
CP-010-FIG10-001,a_over_A5=3,3,closed_form,eq6,1,3,13,0.26000000000000001,0.78000000000000003,0.27498063107899812,0.96144976599476895,0.01378392584487096,1,ok
CP-010-FIG10-001,a_over_A5=3,3,closed_form,eq6,1,3,14,0.28000000000000003,0.84000000000000008,0.27498063107899812,0.96144976599476895,0.011499161367156016,1,ok
CP-010-FIG10-001,a_over_A5=3,3,closed_form,eq6,1,3,15,0.29999999999999999,0.89999999999999991,0.27498063107899812,0.96144976599476895,0.0095931096580222086,1,ok
CP-010-FIG10-001,a_over_A5=3,3,closed_form,eq6,1,3,16,0.32000000000000001,0.95999999999999996,0.27498063107899812,0.96144976599476895,0.0080029969119043091,1,ok
CP-010-FIG10-001,a_over_A5=3,3,closed_form,eq6,1,3,17,0.34000000000000002,1.02,0.27498063107899812,0.96144976599476895,0.0066764544402335658,1,ok
CP-010-FIG10-001,a_over_A5=3,3,closed_form,eq6,1,3,18,0.35999999999999999,1.0800000000000001,0.27498063107899812,0.96144976599476895,0.0055697939638349658,1,ok
CP-010-FIG10-001,a_over_A5=3,3,closed_form,eq6,1,3,19,0.38,1.1400000000000001,0.27498063107899812,0.96144976599476895,0.0046465687854655921,1,ok
CP-010-FIG10-001,a_over_A5=3,3,closed_form,eq6,1,3,20,0.40000000000000002,1.2000000000000002,0.27498063107899812,0.96144976599476895,0.0038763734562269904,1,ok
CP-010-FIG10-001,a_over_A5=3,3,closed_form,eq6,1,3,21,0.41999999999999998,1.26,0.27498063107899812,0.96144976599476895,0.0032338424041290816,1,ok
CP-010-FIG10-001,a_over_A5=3,3,closed_form,eq6,1,3,22,0.44,1.3200000000000001,0.27498063107899812,0.96144976599476895,0.0026978145456919493,1,ok
CP-010-FIG10-001,a_over_A5=3,3,closed_form,eq6,1,3,23,0.46000000000000002,1.3800000000000001,0.27498063107899812,0.96144976599476895,0.002250636367948543,1,ok
CP-010-FIG10-001,a_over_A5=3,3,closed_form,eq6,1,3,24,0.47999999999999998,1.4399999999999999,0.27498063107899812,0.96144976599476895,0.0018775805285879722,1,ok
CP-010-FIG10-001,a_over_A5=3,3,closed_form,eq6,1,3,25,0.5,1.5,0.27498063107899812,0.96144976599476895,0.0015663608264475043,1,ok
CP-010-FIG10-001,a_over_A5=3,3,closed_form,eq6,1,3,26,0.52000000000000002,1.5600000000000001,0.27498063107899812,0.96144976599476895,0.0013067275684172355,1,ok
CP-010-FIG10-001,a_over_A5=3,3,closed_form,eq6,1,3,27,0.54000000000000004,1.6200000000000001,0.27498063107899812,0.96144976599476895,0.001090130006592607,1,ok
CP-010-FIG10-001,a_over_A5=3,3,closed_form,eq6,1,3,28,0.56000000000000005,1.6800000000000002,0.27498063107899812,0.96144976599476895,0.00090943472839791662,1,ok
CP-010-FIG10-001,a_over_A5=3,3,closed_form,eq6,1,3,29,0.57999999999999996,1.7399999999999998,0.27498063107899812,0.96144976599476895,0.00075869072515612201,1,ok
CP-010-FIG10-001,a_over_A5=3,3,closed_form,eq6,1,3,30,0.59999999999999998,1.7999999999999998,0.27498063107899812,0.96144976599476895,0.0006329334018857338,1,ok
CP-010-FIG10-001,a_over_A5=3,3,closed_form,eq6,1,3,31,0.62,1.8599999999999999,0.27498063107899812,0.96144976599476895,0.00052802107359387074,1,ok
CP-010-FIG10-001,a_over_A5=3,3,closed_form,eq6,1,3,32,0.64000000000000001,1.9199999999999999,0.27498063107899812,0.96144976599476895,0.00044049856324308504,1,ok
CP-010-FIG10-001,a_over_A5=3,3,closed_form,eq6,1,3,33,0.66000000000000003,1.98,0.27498063107899812,0.96144976599476895,0.00036748340913466602,1,ok
CP-010-FIG10-001,a_over_A5=3,3,closed_form,eq6,1,3,34,0.68000000000000005,2.04,0.27498063107899812,0.96144976599476895,0.00030657093406843565,1,ok
CP-010-FIG10-001,a_over_A5=3,3,closed_form,eq6,1,3,35,0.70000000000000007,2.1000000000000001,0.27498063107899812,0.96144976599476895,0.0002557550498317915,1,ok
CP-010-FIG10-001,a_over_A5=3,3,closed_form,eq6,1,3,36,0.71999999999999997,2.1600000000000001,0.27498063107899812,0.96144976599476895,0.00021336218879726055,1,ok
CP-010-FIG10-001,a_over_A5=3,3,closed_form,eq6,1,3,37,0.73999999999999999,2.2199999999999998,0.27498063107899812,0.96144976599476895,0.00017799618673530946,1,ok
CP-010-FIG10-001,a_over_A5=3,3,closed_form,eq6,1,3,38,0.76000000000000001,2.2800000000000002,0.27498063107899812,0.96144976599476895,0.00014849230161589853,1,ok
CP-010-FIG10-001,a_over_A5=3,3,closed_form,eq6,1,3,39,0.78000000000000003,2.3399999999999999,0.27498063107899812,0.96144976599476895,0.00012387885405644439,1,ok
CP-010-FIG10-001,a_over_A5=3,3,closed_form,eq6,1,3,40,0.80000000000000004,2.4000000000000004,0.27498063107899812,0.96144976599476895,0.00010334522608473575,1,ok
CP-010-FIG10-001,a_over_A5=3,3,closed_form,eq6,1,3,41,0.82000000000000006,2.46,0.27498063107899812,0.96144976599476895,8.6215164289773084e-05,1,ok
CP-010-FIG10-001,a_over_A5=3,3,closed_form,eq6,1,3,42,0.83999999999999997,2.52,0.27498063107899812,0.96144976599476895,7.1924508127912737e-05,1,ok
CP-010-FIG10-001,a_over_A5=3,3,closed_form,eq6,1,3,43,0.85999999999999999,2.5800000000000001,0.27498063107899812,0.96144976599476895,6.0002609889543856e-05,1,ok
CP-010-FIG10-001,a_over_A5=3,3,closed_form,eq6,1,3,44,0.88,2.6400000000000001,0.27498063107899812,0.96144976599476895,5.0056834412463085e-05,1,ok
CP-010-FIG10-001,a_over_A5=3,3,closed_form,eq6,1,3,45,0.90000000000000002,2.7000000000000002,0.27498063107899812,0.96144976599476895,4.1759628056335554e-05,1,ok
CP-010-FIG10-001,a_over_A5=3,3,closed_form,eq6,1,3,46,0.92000000000000004,2.7600000000000002,0.27498063107899812,0.96144976599476895,3.4837731068533143e-05,1,ok
CP-010-FIG10-001,a_over_A5=3,3,closed_form,eq6,1,3,47,0.94000000000000006,2.8200000000000003,0.27498063107899812,0.96144976599476895,2.9063178061982479e-05,1,ok
CP-010-FIG10-001,a_over_A5=3,3,closed_form,eq6,1,3,48,0.95999999999999996,2.8799999999999999,0.27498063107899812,0.96144976599476895,2.4245790215237062e-05,1,ok
CP-010-FIG10-001,a_over_A5=3,3,closed_form,eq6,1,3,49,0.97999999999999998,2.9399999999999999,0.27498063107899812,0.96144976599476895,2.0226911933291369e-05,1,ok
CP-010-FIG10-001,a_over_A5=3,3,closed_form,eq6,1,3,50,1,3,0.27498063107899812,0.96144976599476895,1.6874185692657317e-05,1,ok
CP-010-FIG10-001,a_over_A5=3,3,closed_form,eq6,1,3,51,1.02,3.0600000000000001,0.27498063107899812,0.96144976599476895,1.4077192985728678e-05,1,ok
CP-010-FIG10-001,a_over_A5=3,3,closed_form,eq6,1,3,52,1.04,3.1200000000000001,0.27498063107899812,0.96144976599476895,1.1743817803526968e-05,1,ok
CP-010-FIG10-001,a_over_A5=3,3,closed_form,eq6,1,3,53,1.0600000000000001,3.1800000000000002,0.27498063107899812,0.96144976599476895,9.7972128919633266e-06,1,ok
CP-010-FIG10-001,a_over_A5=3,3,closed_form,eq6,1,3,54,1.0800000000000001,3.2400000000000002,0.27498063107899812,0.96144976599476895,8.1732688684616299e-06,1,ok
CP-010-FIG10-001,a_over_A5=3,3,closed_form,eq6,1,3,55,1.1000000000000001,3.3000000000000003,0.27498063107899812,0.96144976599476895,6.8185028469639823e-06,1,ok
CP-010-FIG10-001,a_over_A5=3,3,closed_form,eq6,1,3,56,1.1200000000000001,3.3600000000000003,0.27498063107899812,0.96144976599476895,5.6882970354071516e-06,1,ok
CP-010-FIG10-001,a_over_A5=3,3,closed_form,eq6,1,3,57,1.1400000000000001,3.4200000000000004,0.27498063107899812,0.96144976599476895,4.7454292957330058e-06,1,ok
CP-010-FIG10-001,a_over_A5=3,3,closed_form,eq6,1,3,58,1.1599999999999999,3.4799999999999995,0.27498063107899812,0.96144976599476895,3.9588472719743066e-06,1,ok
CP-010-FIG10-001,a_over_A5=3,3,closed_form,eq6,1,3,59,1.1799999999999999,3.54,0.27498063107899812,0.96144976599476895,3.3026457136155664e-06,1,ok
CP-010-FIG10-001,a_over_A5=3,3,closed_form,eq6,1,3,60,1.2,3.5999999999999996,0.27498063107899812,0.96144976599476895,2.7552133134511304e-06,1,ok
CP-010-FIG10-001,a_over_A5=3,3,closed_form,eq6,1,3,61,1.22,3.6600000000000001,0.27498063107899812,0.96144976599476895,2.2985209619435339e-06,1,ok
CP-010-FIG10-001,a_over_A5=3,3,closed_form,eq6,1,3,62,1.24,3.7199999999999998,0.27498063107899812,0.96144976599476895,1.9175279774894089e-06,1,ok
CP-010-FIG10-001,a_over_A5=3,3,closed_form,eq6,1,3,63,1.26,3.7800000000000002,0.27498063107899812,0.96144976599476895,1.5996867574118493e-06,1,ok
CP-010-FIG10-001,a_over_A5=3,3,closed_form,eq6,1,3,64,1.28,3.8399999999999999,0.27498063107899812,0.96144976599476895,1.3345295358815569e-06,1,ok
CP-010-FIG10-001,a_over_A5=3,3,closed_form,eq6,1,3,65,1.3,3.9000000000000004,0.27498063107899812,0.96144976599476895,1.1133236390739937e-06,1,ok
CP-010-FIG10-001,a_over_A5=3,3,closed_form,eq6,1,3,66,1.3200000000000001,3.96,0.27498063107899812,0.96144976599476895,9.2878388375435165e-07,1,ok
CP-010-FIG10-001,a_over_A5=3,3,closed_form,eq6,1,3,67,1.3400000000000001,4.0200000000000005,0.27498063107899812,0.96144976599476895,7.748326474405191e-07,1,ok
CP-010-FIG10-001,a_over_A5=3,3,closed_form,eq6,1,3,68,1.3600000000000001,4.0800000000000001,0.27498063107899812,0.96144976599476895,6.4639970830767759e-07,1,ok
CP-010-FIG10-001,a_over_A5=3,3,closed_form,eq6,1,3,69,1.3800000000000001,4.1400000000000006,0.27498063107899812,0.96144976599476895,5.3925526277250113e-07,1,ok
CP-010-FIG10-001,a_over_A5=3,3,closed_form,eq6,1,3,70,1.4000000000000001,4.2000000000000002,0.27498063107899812,0.96144976599476895,4.4987062136702681e-07,1,ok
CP-010-FIG10-001,a_over_A5=3,3,closed_form,eq6,1,3,71,1.4199999999999999,4.2599999999999998,0.27498063107899812,0.96144976599476895,3.7530199506747434e-07,1,ok
CP-010-FIG10-001,a_over_A5=3,3,closed_form,eq6,1,3,72,1.4399999999999999,4.3200000000000003,0.27498063107899812,0.96144976599476895,3.1309354470318325e-07,1,ok
CP-010-FIG10-001,a_over_A5=3,3,closed_form,eq6,1,3,73,1.46,4.3799999999999999,0.27498063107899812,0.96144976599476895,2.6119650048004803e-07,1,ok
CP-010-FIG10-001,a_over_A5=3,3,closed_form,eq6,1,3,74,1.48,4.4399999999999995,0.27498063107899812,0.96144976599476895,2.179016879051295e-07,1,ok
CP-010-FIG10-001,a_over_A5=3,3,closed_form,eq6,1,3,75,1.5,4.5,0.27498063107899812,0.96144976599476895,1.8178323792485613e-07,1,ok
CP-010-FIG10-001,a_over_A5=3,3,closed_form,eq6,1,3,76,1.52,4.5600000000000005,0.27498063107899812,0.96144976599476895,1.5165162742948605e-07,1,ok
CP-010-FIG10-001,a_over_A5=3,3,closed_form,eq6,1,3,77,1.54,4.6200000000000001,0.27498063107899812,0.96144976599476895,1.265145035623058e-07,1,ok
CP-010-FIG10-001,a_over_A5=3,3,closed_form,eq6,1,3,78,1.5600000000000001,4.6799999999999997,0.27498063107899812,0.96144976599476895,1.0554400162345115e-07,1,ok
CP-010-FIG10-001,a_over_A5=3,3,closed_form,eq6,1,3,79,1.5800000000000001,4.7400000000000002,0.27498063107899812,0.96144976599476895,8.8049480217934276e-08,1,ok
CP-010-FIG10-001,a_over_A5=3,3,closed_form,eq6,1,3,80,1.6000000000000001,4.8000000000000007,0.27498063107899812,0.96144976599476895,7.3454775708691843e-08,1,ok
CP-010-FIG10-001,a_over_A5=3,3,closed_form,eq6,1,3,81,1.6200000000000001,4.8600000000000003,0.27498063107899812,0.96144976599476895,6.1279226874018929e-08,1,ok
CP-010-FIG10-001,a_over_A5=3,3,closed_form,eq6,1,3,82,1.6400000000000001,4.9199999999999999,0.27498063107899812,0.96144976599476895,5.1121844836470449e-08,1,ok
CP-010-FIG10-001,a_over_A5=3,3,closed_form,eq6,1,3,83,1.6600000000000001,4.9800000000000004,0.27498063107899812,0.96144976599476895,4.2648106916508674e-08,1,ok
CP-010-FIG10-001,a_over_A5=3,3,closed_form,eq6,1,3,84,1.6799999999999999,5.04,0.27498063107899812,0.96144976599476895,3.5578939480376208e-08,1,ok
CP-010-FIG10-001,a_over_A5=3,3,closed_form,eq6,1,3,85,1.7,5.0999999999999996,0.27498063107899812,0.96144976599476895,2.9681526943890392e-08,1,ok
CP-010-FIG10-001,a_over_A5=3,3,closed_form,eq6,1,3,86,1.72,5.1600000000000001,0.27498063107899812,0.96144976599476895,2.4761644236383357e-08,1,ok
CP-010-FIG10-001,a_over_A5=3,3,closed_form,eq6,1,3,87,1.74,5.2199999999999998,0.27498063107899812,0.96144976599476895,2.0657260202559288e-08,1,ok
CP-010-FIG10-001,a_over_A5=3,3,closed_form,eq6,1,3,88,1.76,5.2800000000000002,0.27498063107899812,0.96144976599476895,1.7233201277047531e-08,1,ok
CP-010-FIG10-001,a_over_A5=3,3,closed_form,eq6,1,3,89,1.78,5.3399999999999999,0.27498063107899812,0.96144976599476895,1.4376699685393882e-08,1,ok
CP-010-FIG10-001,a_over_A5=3,3,closed_form,eq6,1,3,90,1.8,5.4000000000000004,0.27498063107899812,0.96144976599476895,1.199367955617678e-08,1,ok
CP-010-FIG10-001,a_over_A5=3,3,closed_form,eq6,1,3,91,1.8200000000000001,5.46,0.27498063107899812,0.96144976599476895,1.0005658631264079e-08,1,ok
CP-010-FIG10-001,a_over_A5=3,3,closed_form,eq6,1,3,92,1.8400000000000001,5.5200000000000005,0.27498063107899812,0.96144976599476895,8.3471635352997567e-09,1,ok
CP-010-FIG10-001,a_over_A5=3,3,closed_form,eq6,1,3,93,1.8600000000000001,5.5800000000000001,0.27498063107899812,0.96144976599476895,6.9635734790439955e-09,1,ok
CP-010-FIG10-001,a_over_A5=3,3,closed_form,eq6,1,3,94,1.8800000000000001,5.6400000000000006,0.27498063107899812,0.96144976599476895,5.8093213812065739e-09,1,ok
CP-010-FIG10-001,a_over_A5=3,3,closed_form,eq6,1,3,95,1.9000000000000001,5.7000000000000002,0.27498063107899812,0.96144976599476895,4.8463931646165581e-09,1,ok
CP-010-FIG10-001,a_over_A5=3,3,closed_form,eq6,1,3,96,1.9199999999999999,5.7599999999999998,0.27498063107899812,0.96144976599476895,4.0430758026273684e-09,1,ok
CP-010-FIG10-001,a_over_A5=3,3,closed_form,eq6,1,3,97,1.9399999999999999,5.8200000000000003,0.27498063107899812,0.96144976599476895,3.372912883984776e-09,1,ok
CP-010-FIG10-001,a_over_A5=3,3,closed_form,eq6,1,3,98,1.96,5.8799999999999999,0.27498063107899812,0.96144976599476895,2.8138332987864146e-09,1,ok
CP-010-FIG10-001,a_over_A5=3,3,closed_form,eq6,1,3,99,1.98,5.9399999999999995,0.27498063107899812,0.96144976599476895,2.3474243497226868e-09,1,ok
CP-010-FIG10-001,a_over_A5=3,3,closed_form,eq6,1,3,100,2,6,0.27498063107899812,0.96144976599476895,1.9583253492833261e-09,1,ok
CP-010-FIG10-001,a_over_A5=3,3,closed_form,eq6,1,3,101,2.02,6.0600000000000005,0.27498063107899812,0.96144976599476895,1.6337217316923181e-09,1,ok
CP-010-FIG10-001,a_over_A5=3,3,closed_form,eq6,1,3,102,2.04,6.1200000000000001,0.27498063107899812,0.96144976599476895,1.3629230186804903e-09,1,ok
CP-010-FIG10-001,a_over_A5=3,3,closed_form,eq6,1,3,103,2.0600000000000001,6.1799999999999997,0.27498063107899812,0.96144976599476895,1.1370107398430429e-09,1,ok
CP-010-FIG10-001,a_over_A5=3,3,closed_form,eq6,1,3,104,2.0800000000000001,6.2400000000000002,0.27498063107899812,0.96144976599476895,9.4854471220981922e-10,1,ok
CP-010-FIG10-001,a_over_A5=3,3,closed_form,eq6,1,3,105,2.1000000000000001,6.3000000000000007,0.27498063107899812,0.96144976599476895,7.9131800565525766e-10,1,ok
CP-010-FIG10-001,a_over_A5=3,3,closed_form,eq6,1,3,106,2.1200000000000001,6.3600000000000003,0.27498063107899812,0.96144976599476895,6.6015252419192645e-10,1,ok
CP-010-FIG10-001,a_over_A5=3,3,closed_form,eq6,1,3,107,2.1400000000000001,6.4199999999999999,0.27498063107899812,0.96144976599476895,5.5072847083278862e-10,1,ok
CP-010-FIG10-001,a_over_A5=3,3,closed_form,eq6,1,3,108,2.1600000000000001,6.4800000000000004,0.27498063107899812,0.96144976599476895,4.594420796271038e-10,1,ok
CP-010-FIG10-001,a_over_A5=3,3,closed_form,eq6,1,3,109,2.1800000000000002,6.5400000000000009,0.27498063107899812,0.96144976599476895,3.8328692942436946e-10,1,ok
CP-010-FIG10-001,a_over_A5=3,3,closed_form,eq6,1,3,110,2.2000000000000002,6.6000000000000005,0.27498063107899812,0.96144976599476895,3.1975493056012199e-10,1,ok
CP-010-FIG10-001,a_over_A5=3,3,closed_form,eq6,1,3,111,2.2200000000000002,6.6600000000000001,0.27498063107899812,0.96144976599476895,2.6675372356437954e-10,1,ok
CP-010-FIG10-001,a_over_A5=3,3,closed_form,eq6,1,3,112,2.2400000000000002,6.7200000000000006,0.27498063107899812,0.96144976599476895,2.2253776950620541e-10,1,ok
CP-010-FIG10-001,a_over_A5=3,3,closed_form,eq6,1,3,113,2.2600000000000002,6.7800000000000011,0.27498063107899812,0.96144976599476895,1.8565086250743523e-10,1,ok
CP-010-FIG10-001,a_over_A5=3,3,closed_form,eq6,1,3,114,2.2800000000000002,6.8400000000000007,0.27498063107899812,0.96144976599476895,1.5487817113577053e-10,1,ok
CP-010-FIG10-001,a_over_A5=3,3,closed_form,eq6,1,3,115,2.3000000000000003,6.9000000000000004,0.27498063107899812,0.96144976599476895,1.2920622921102967e-10,1,ok
CP-010-FIG10-001,a_over_A5=3,3,closed_form,eq6,1,3,116,2.3199999999999998,6.9599999999999991,0.27498063107899812,0.96144976599476895,1.0778955836389976e-10,1,ok
CP-010-FIG10-001,a_over_A5=3,3,closed_form,eq6,1,3,117,2.3399999999999999,7.0199999999999996,0.27498063107899812,0.96144976599476895,8.9922823096308192e-11,1,ok
CP-010-FIG10-001,a_over_A5=3,3,closed_form,eq6,1,3,118,2.3599999999999999,7.0800000000000001,0.27498063107899812,0.96144976599476895,7.501760129966468e-11,1,ok
CP-010-FIG10-001,a_over_A5=3,3,closed_form,eq6,1,3,119,2.3799999999999999,7.1399999999999997,0.27498063107899812,0.96144976599476895,6.2583005192443687e-11,1,ok
CP-010-FIG10-001,a_over_A5=3,3,closed_form,eq6,1,3,120,2.3999999999999999,7.1999999999999993,0.27498063107899812,0.96144976599476895,5.2209514448110476e-11,1,ok
CP-010-FIG10-001,a_over_A5=3,3,closed_form,eq6,1,3,121,2.4199999999999999,7.2599999999999998,0.27498063107899812,0.96144976599476895,4.3555489074477452e-11,1,ok
CP-010-FIG10-001,a_over_A5=3,3,closed_form,eq6,1,3,122,2.4399999999999999,7.3200000000000003,0.27498063107899812,0.96144976599476895,3.6335917860381267e-11,1,ok
CP-010-FIG10-001,a_over_A5=3,3,closed_form,eq6,1,3,123,2.46,7.3799999999999999,0.27498063107899812,0.96144976599476895,3.0313031831619136e-11,1,ok
CP-010-FIG10-001,a_over_A5=3,3,closed_form,eq6,1,3,124,2.48,7.4399999999999995,0.27498063107899812,0.96144976599476895,2.5288473580205117e-11,1,ok
CP-010-FIG10-001,a_over_A5=3,3,closed_form,eq6,1,3,125,2.5,7.5,0.27498063107899812,0.96144976599476895,2.1096764572050188e-11,1,ok
CP-010-FIG10-001,a_over_A5=3,3,closed_form,eq6,1,3,126,2.52,7.5600000000000005,0.27498063107899812,0.96144976599476895,1.7599855285725806e-11,1,ok
CP-010-FIG10-001,a_over_A5=3,3,closed_form,eq6,1,3,127,2.54,7.6200000000000001,0.27498063107899812,0.96144976599476895,1.4682578696871225e-11,1,ok
CP-010-FIG10-001,a_over_A5=3,3,closed_form,eq6,1,3,128,2.5600000000000001,7.6799999999999997,0.27498063107899812,0.96144976599476895,1.2248857373540978e-11,1,ok
CP-010-FIG10-001,a_over_A5=3,3,closed_form,eq6,1,3,129,2.5800000000000001,7.7400000000000002,0.27498063107899812,0.96144976599476895,1.0218539267173836e-11,1,ok
CP-010-FIG10-001,a_over_A5=3,3,closed_form,eq6,1,3,130,2.6000000000000001,7.8000000000000007,0.27498063107899812,0.96144976599476895,8.5247579892905251e-12,1,ok
CP-010-FIG10-001,a_over_A5=3,3,closed_form,eq6,1,3,131,2.6200000000000001,7.8600000000000003,0.27498063107899812,0.96144976599476895,7.1117306374134825e-12,1,ok
CP-010-FIG10-001,a_over_A5=3,3,closed_form,eq6,1,3,132,2.6400000000000001,7.9199999999999999,0.27498063107899812,0.96144976599476895,5.9329206439249118e-12,1,ok
CP-010-FIG10-001,a_over_A5=3,3,closed_form,eq6,1,3,133,2.6600000000000001,7.9800000000000004,0.27498063107899812,0.96144976599476895,4.9495051432252179e-12,1,ok
CP-010-FIG10-001,a_over_A5=3,3,closed_form,eq6,1,3,134,2.6800000000000002,8.0400000000000009,0.27498063107899812,0.96144976599476895,4.1290963815431147e-12,1,ok
CP-010-FIG10-001,a_over_A5=3,3,closed_form,eq6,1,3,135,2.7000000000000002,8.1000000000000014,0.27498063107899812,0.96144976599476895,3.4446750603763622e-12,1,ok
CP-010-FIG10-001,a_over_A5=3,3,closed_form,eq6,1,3,136,2.7200000000000002,8.1600000000000001,0.27498063107899812,0.96144976599476895,2.8737004843525907e-12,1,ok
CP-010-FIG10-001,a_over_A5=3,3,closed_form,eq6,1,3,137,2.7400000000000002,8.2200000000000006,0.27498063107899812,0.96144976599476895,2.3973682071672616e-12,1,ok
CP-010-FIG10-001,a_over_A5=3,3,closed_form,eq6,1,3,138,2.7600000000000002,8.2800000000000011,0.27498063107899812,0.96144976599476895,1.9999907269498205e-12,1,ok
CP-010-FIG10-001,a_over_A5=3,3,closed_form,eq6,1,3,139,2.7800000000000002,8.3399999999999999,0.27498063107899812,0.96144976599476895,1.6684808349117305e-12,1,ok
CP-010-FIG10-001,a_over_A5=3,3,closed_form,eq6,1,3,140,2.8000000000000003,8.4000000000000004,0.27498063107899812,0.96144976599476895,1.3919206019086665e-12,1,ok
CP-010-FIG10-001,a_over_A5=3,3,closed_form,eq6,1,3,141,2.8199999999999998,8.4599999999999991,0.27498063107899812,0.96144976599476895,1.161201807943026e-12,1,ok
CP-010-FIG10-001,a_over_A5=3,3,closed_form,eq6,1,3,142,2.8399999999999999,8.5199999999999996,0.27498063107899812,0.96144976599476895,9.6872597253116895e-13,1,ok
CP-010-FIG10-001,a_over_A5=3,3,closed_form,eq6,1,3,143,2.8599999999999999,8.5800000000000001,0.27498063107899812,0.96144976599476895,8.0815410675153095e-13,1,ok
CP-010-FIG10-001,a_over_A5=3,3,closed_form,eq6,1,3,144,2.8799999999999999,8.6400000000000006,0.27498063107899812,0.96144976599476895,6.7419794532075572e-13,1,ok
CP-010-FIG10-001,a_over_A5=3,3,closed_form,eq6,1,3,145,2.8999999999999999,8.6999999999999993,0.27498063107899812,0.96144976599476895,5.6244578314626115e-13,1,ok
CP-010-FIG10-001,a_over_A5=3,3,closed_form,eq6,1,3,146,2.9199999999999999,8.7599999999999998,0.27498063107899812,0.96144976599476895,4.6921718046545613e-13,1,ok
CP-010-FIG10-001,a_over_A5=3,3,closed_form,eq6,1,3,147,2.9399999999999999,8.8200000000000003,0.27498063107899812,0.96144976599476895,3.9144175143846789e-13,1,ok
CP-010-FIG10-001,a_over_A5=3,3,closed_form,eq6,1,3,148,2.96,8.879999999999999,0.27498063107899812,0.96144976599476895,3.2655804422424783e-13,1,ok
CP-010-FIG10-001,a_over_A5=3,3,closed_form,eq6,1,3,149,2.98,8.9399999999999995,0.27498063107899812,0.96144976599476895,2.7242918226194614e-13,1,ok
CP-010-FIG10-001,a_over_A5=3,3,closed_form,eq6,1,3,150,3,9,0.27498063107899812,0.96144976599476895,2.272724884919603e-13,1,ok
CP-010-FIG10-001,a_over_A5=4,4,closed_form,eq6,1,4,0,0,0,0.21567435957539677,0.97646534532554841,0.090841409621612815,1,ok
CP-010-FIG10-001,a_over_A5=4,4,closed_form,eq6,1,4,1,0.02,0.080000000000000002,0.21567435957539677,0.97646534532554841,0.071072659452237646,1,ok
CP-010-FIG10-001,a_over_A5=4,4,closed_form,eq6,1,4,2,0.040000000000000001,0.16,0.21567435957539677,0.97646534532554841,0.055605950443243048,1,ok
CP-010-FIG10-001,a_over_A5=4,4,closed_form,eq6,1,4,3,0.059999999999999998,0.23999999999999999,0.21567435957539677,0.97646534532554841,0.043505079851054507,1,ok
CP-010-FIG10-001,a_over_A5=4,4,closed_form,eq6,1,4,4,0.080000000000000002,0.32000000000000001,0.21567435957539677,0.97646534532554841,0.034037579751082528,1,ok
CP-010-FIG10-001,a_over_A5=4,4,closed_form,eq6,1,4,5,0.10000000000000001,0.40000000000000002,0.21567435957539677,0.97646534532554841,0.026630380619407638,1,ok
CP-010-FIG10-001,a_over_A5=4,4,closed_form,eq6,1,4,6,0.12,0.47999999999999998,0.21567435957539677,0.97646534532554841,0.020835123329001306,1,ok
CP-010-FIG10-001,a_over_A5=4,4,closed_form,eq6,1,4,7,0.14000000000000001,0.56000000000000005,0.21567435957539677,0.97646534532554841,0.016301019889228691,1,ok
CP-010-FIG10-001,a_over_A5=4,4,closed_form,eq6,1,4,8,0.16,0.64000000000000001,0.21567435957539677,0.97646534532554841,0.012753620184199144,1,ok
CP-010-FIG10-001,a_over_A5=4,4,closed_form,eq6,1,4,9,0.17999999999999999,0.71999999999999997,0.21567435957539677,0.97646534532554841,0.009978199456727864,1,ok
CP-010-FIG10-001,a_over_A5=4,4,closed_form,eq6,1,4,10,0.20000000000000001,0.80000000000000004,0.21567435957539677,0.97646534532554841,0.0078067609792549491,1,ok
CP-010-FIG10-001,a_over_A5=4,4,closed_form,eq6,1,4,11,0.22,0.88,0.21567435957539677,0.97646534532554841,0.0061078671809997563,1,ok
CP-010-FIG10-001,a_over_A5=4,4,closed_form,eq6,1,4,12,0.23999999999999999,0.95999999999999996,0.21567435957539677,0.97646534532554841,0.0047786837076052337,1,ok
CP-010-FIG10-001,a_over_A5=4,4,closed_form,eq6,1,4,13,0.26000000000000001,1.04,0.21567435957539677,0.97646534532554841,0.0037387548387379701,1,ok
CP-010-FIG10-001,a_over_A5=4,4,closed_form,eq6,1,4,14,0.28000000000000003,1.1200000000000001,0.21567435957539677,0.97646534532554841,0.002925133488525359,1,ok
CP-010-FIG10-001,a_over_A5=4,4,closed_form,eq6,1,4,15,0.29999999999999999,1.2,0.21567435957539677,0.97646534532554841,0.0022885710068598101,1,ok
CP-010-FIG10-001,a_over_A5=4,4,closed_form,eq6,1,4,16,0.32000000000000001,1.28,0.21567435957539677,0.97646534532554841,0.0017905361495415769,1,ok
CP-010-FIG10-001,a_over_A5=4,4,closed_form,eq6,1,4,17,0.34000000000000002,1.3600000000000001,0.21567435957539677,0.97646534532554841,0.0014008827749741608,1,ok
CP-010-FIG10-001,a_over_A5=4,4,closed_form,eq6,1,4,18,0.35999999999999999,1.4399999999999999,0.21567435957539677,0.97646534532554841,0.0010960250926638642,1,ok
CP-010-FIG10-001,a_over_A5=4,4,closed_form,eq6,1,4,19,0.38,1.52,0.21567435957539677,0.97646534532554841,0.00085751001097931915,1,ok
CP-010-FIG10-001,a_over_A5=4,4,closed_form,eq6,1,4,20,0.40000000000000002,1.6000000000000001,0.21567435957539677,0.97646534532554841,0.00067090016811801689,1,ok
CP-010-FIG10-001,a_over_A5=4,4,closed_form,eq6,1,4,21,0.41999999999999998,1.6799999999999999,0.21567435957539677,0.97646534532554841,0.00052490003593863523,1,ok
CP-010-FIG10-001,a_over_A5=4,4,closed_form,eq6,1,4,22,0.44,1.76,0.21567435957539677,0.97646534532554841,0.00041067219956324988,1,ok
CP-010-FIG10-001,a_over_A5=4,4,closed_form,eq6,1,4,23,0.46000000000000002,1.8400000000000001,0.21567435957539677,0.97646534532554841,0.00032130242702790428,1,ok
CP-010-FIG10-001,a_over_A5=4,4,closed_form,eq6,1,4,24,0.47999999999999998,1.9199999999999999,0.21567435957539677,0.97646534532554841,0.00025138114954898996,1,ok
CP-010-FIG10-001,a_over_A5=4,4,closed_form,eq6,1,4,25,0.5,2,0.21567435957539677,0.97646534532554841,0.00019667601932892782,1,ok
CP-010-FIG10-001,a_over_A5=4,4,closed_form,eq6,1,4,26,0.52000000000000002,2.0800000000000001,0.21567435957539677,0.97646534532554841,0.00015387572476485326,1,ok
CP-010-FIG10-001,a_over_A5=4,4,closed_form,eq6,1,4,27,0.54000000000000004,2.1600000000000001,0.21567435957539677,0.97646534532554841,0.0001203895561477143,1,ok
CP-010-FIG10-001,a_over_A5=4,4,closed_form,eq6,1,4,28,0.56000000000000005,2.2400000000000002,0.21567435957539677,0.97646534532554841,9.4190589526660227e-05,1,ok
CP-010-FIG10-001,a_over_A5=4,4,closed_form,eq6,1,4,29,0.57999999999999996,2.3199999999999998,0.21567435957539677,0.97646534532554841,7.3692996629161941e-05,1,ok
CP-010-FIG10-001,a_over_A5=4,4,closed_form,eq6,1,4,30,0.59999999999999998,2.3999999999999999,0.21567435957539677,0.97646534532554841,5.7656054383740151e-05,1,ok
CP-010-FIG10-001,a_over_A5=4,4,closed_form,eq6,1,4,31,0.62,2.48,0.21567435957539677,0.97646534532554841,4.5109043724045433e-05,1,ok
CP-010-FIG10-001,a_over_A5=4,4,closed_form,eq6,1,4,32,0.64000000000000001,2.5600000000000001,0.21567435957539677,0.97646534532554841,3.5292491785072511e-05,1,ok
CP-010-FIG10-001,a_over_A5=4,4,closed_form,eq6,1,4,33,0.66000000000000003,2.6400000000000001,0.21567435957539677,0.97646534532554841,2.7612200870830321e-05,1,ok
CP-010-FIG10-001,a_over_A5=4,4,closed_form,eq6,1,4,34,0.68000000000000005,2.7200000000000002,0.21567435957539677,0.97646534532554841,2.1603281558418243e-05,1,ok
CP-010-FIG10-001,a_over_A5=4,4,closed_form,eq6,1,4,35,0.70000000000000007,2.8000000000000003,0.21567435957539677,0.97646534532554841,1.6902012855676418e-05,1,ok
CP-010-FIG10-001,a_over_A5=4,4,closed_form,eq6,1,4,36,0.71999999999999997,2.8799999999999999,0.21567435957539677,0.97646534532554841,1.3223826102573245e-05,1,ok
CP-010-FIG10-001,a_over_A5=4,4,closed_form,eq6,1,4,37,0.73999999999999999,2.96,0.21567435957539677,0.97646534532554841,1.0346079977827543e-05,1,ok
CP-010-FIG10-001,a_over_A5=4,4,closed_form,eq6,1,4,38,0.76000000000000001,3.04,0.21567435957539677,0.97646534532554841,8.0945839787453649e-06,1,ok
CP-010-FIG10-001,a_over_A5=4,4,closed_form,eq6,1,4,39,0.78000000000000003,3.1200000000000001,0.21567435957539677,0.97646534532554841,6.3330546380252631e-06,1,ok
CP-010-FIG10-001,a_over_A5=4,4,closed_form,eq6,1,4,40,0.80000000000000004,3.2000000000000002,0.21567435957539677,0.97646534532554841,4.9548662603942547e-06,1,ok
CP-010-FIG10-001,a_over_A5=4,4,closed_form,eq6,1,4,41,0.82000000000000006,3.2800000000000002,0.21567435957539677,0.97646534532554841,3.8765968496442111e-06,1,ok
CP-010-FIG10-001,a_over_A5=4,4,closed_form,eq6,1,4,42,0.83999999999999997,3.3599999999999999,0.21567435957539677,0.97646534532554841,3.0329785598442477e-06,1,ok
CP-010-FIG10-001,a_over_A5=4,4,closed_form,eq6,1,4,43,0.85999999999999999,3.4399999999999999,0.21567435957539677,0.97646534532554841,2.3729470206114257e-06,1,ok
CP-010-FIG10-001,a_over_A5=4,4,closed_form,eq6,1,4,44,0.88,3.52,0.21567435957539677,0.97646534532554841,1.8565504013710552e-06,1,ok
CP-010-FIG10-001,a_over_A5=4,4,closed_form,eq6,1,4,45,0.90000000000000002,3.6000000000000001,0.21567435957539677,0.97646534532554841,1.4525311196972747e-06,1,ok
CP-010-FIG10-001,a_over_A5=4,4,closed_form,eq6,1,4,46,0.92000000000000004,3.6800000000000002,0.21567435957539677,0.97646534532554841,1.1364338140946266e-06,1,ok
CP-010-FIG10-001,a_over_A5=4,4,closed_form,eq6,1,4,47,0.94000000000000006,3.7600000000000002,0.21567435957539677,0.97646534532554841,8.8912505646476151e-07,1,ok
CP-010-FIG10-001,a_over_A5=4,4,closed_form,eq6,1,4,48,0.95999999999999996,3.8399999999999999,0.21567435957539677,0.97646534532554841,6.9563520218137396e-07,1,ok
CP-010-FIG10-001,a_over_A5=4,4,closed_form,eq6,1,4,49,0.97999999999999998,3.9199999999999999,0.21567435957539677,0.97646534532554841,5.4425227474522171e-07,1,ok
CP-010-FIG10-001,a_over_A5=4,4,closed_form,eq6,1,4,50,1,4,0.21567435957539677,0.97646534532554841,4.2581303769057519e-07,1,ok
CP-010-FIG10-001,a_over_A5=4,4,closed_form,eq6,1,4,51,1.02,4.0800000000000001,0.21567435957539677,0.97646534532554841,3.331483421950862e-07,1,ok
CP-010-FIG10-001,a_over_A5=4,4,closed_form,eq6,1,4,52,1.04,4.1600000000000001,0.21567435957539677,0.97646534532554841,2.6064917718180718e-07,1,ok
CP-010-FIG10-001,a_over_A5=4,4,closed_form,eq6,1,4,53,1.0600000000000001,4.2400000000000002,0.21567435957539677,0.97646534532554841,2.0392715484614311e-07,1,ok
CP-010-FIG10-001,a_over_A5=4,4,closed_form,eq6,1,4,54,1.0800000000000001,4.3200000000000003,0.21567435957539677,0.97646534532554841,1.5954888073418175e-07,1,ok
CP-010-FIG10-001,a_over_A5=4,4,closed_form,eq6,1,4,55,1.1000000000000001,4.4000000000000004,0.21567435957539677,0.97646534532554841,1.2482812974434826e-07,1,ok
CP-010-FIG10-001,a_over_A5=4,4,closed_form,eq6,1,4,56,1.1200000000000001,4.4800000000000004,0.21567435957539677,0.97646534532554841,9.7663248427499268e-08,1,ok
CP-010-FIG10-001,a_over_A5=4,4,closed_form,eq6,1,4,57,1.1400000000000001,4.5600000000000005,0.21567435957539677,0.97646534532554841,7.6409941516754199e-08,1,ok
CP-010-FIG10-001,a_over_A5=4,4,closed_form,eq6,1,4,58,1.1599999999999999,4.6399999999999997,0.21567435957539677,0.97646534532554841,5.9781742432292916e-08,1,ok
CP-010-FIG10-001,a_over_A5=4,4,closed_form,eq6,1,4,59,1.1799999999999999,4.7199999999999998,0.21567435957539677,0.97646534532554841,4.6772143222454641e-08,1,ok
CP-010-FIG10-001,a_over_A5=4,4,closed_form,eq6,1,4,60,1.2,4.7999999999999998,0.21567435957539677,0.97646534532554841,3.6593670452136067e-08,1,ok
CP-010-FIG10-001,a_over_A5=4,4,closed_form,eq6,1,4,61,1.22,4.8799999999999999,0.21567435957539677,0.97646534532554841,2.863021929079903e-08,1,ok
CP-010-FIG10-001,a_over_A5=4,4,closed_form,eq6,1,4,62,1.24,4.96,0.21567435957539677,0.97646534532554841,2.2399760573659362e-08,1,ok
CP-010-FIG10-001,a_over_A5=4,4,closed_form,eq6,1,4,63,1.26,5.04,0.21567435957539677,0.97646534532554841,1.7525163487606042e-08,1,ok
CP-010-FIG10-001,a_over_A5=4,4,closed_form,eq6,1,4,64,1.28,5.1200000000000001,0.21567435957539677,0.97646534532554841,1.3711367773657591e-08,1,ok
CP-010-FIG10-001,a_over_A5=4,4,closed_form,eq6,1,4,65,1.3,5.2000000000000002,0.21567435957539677,0.97646534532554841,1.0727523675168742e-08,1,ok
CP-010-FIG10-001,a_over_A5=4,4,closed_form,eq6,1,4,66,1.3200000000000001,5.2800000000000002,0.21567435957539677,0.97646534532554841,8.3930185595632381e-09,1,ok
CP-010-FIG10-001,a_over_A5=4,4,closed_form,eq6,1,4,67,1.3400000000000001,5.3600000000000003,0.21567435957539677,0.97646534532554841,6.5665444024354767e-09,1,ok
CP-010-FIG10-001,a_over_A5=4,4,closed_form,eq6,1,4,68,1.3600000000000001,5.4400000000000004,0.21567435957539677,0.97646534532554841,5.1375443868195641e-09,1,ok
CP-010-FIG10-001,a_over_A5=4,4,closed_form,eq6,1,4,69,1.3800000000000001,5.5200000000000005,0.21567435957539677,0.97646534532554841,4.0195208787062742e-09,1,ok
CP-010-FIG10-001,a_over_A5=4,4,closed_form,eq6,1,4,70,1.4000000000000001,5.6000000000000005,0.21567435957539677,0.97646534532554841,3.1447997093330317e-09,1,ok
CP-010-FIG10-001,a_over_A5=4,4,closed_form,eq6,1,4,71,1.4199999999999999,5.6799999999999997,0.21567435957539677,0.97646534532554841,2.4604338452905894e-09,1,ok
CP-010-FIG10-001,a_over_A5=4,4,closed_form,eq6,1,4,72,1.4399999999999999,5.7599999999999998,0.21567435957539677,0.97646534532554841,1.9249984948438414e-09,1,ok
CP-010-FIG10-001,a_over_A5=4,4,closed_form,eq6,1,4,73,1.46,5.8399999999999999,0.21567435957539677,0.97646534532554841,1.5060836576621725e-09,1,ok
CP-010-FIG10-001,a_over_A5=4,4,closed_form,eq6,1,4,74,1.48,5.9199999999999999,0.21567435957539677,0.97646534532554841,1.1783323415331161e-09,1,ok
CP-010-FIG10-001,a_over_A5=4,4,closed_form,eq6,1,4,75,1.5,6,0.21567435957539677,0.97646534532554841,9.2190569895577893e-10,1,ok
CP-010-FIG10-001,a_over_A5=4,4,closed_form,eq6,1,4,76,1.52,6.0800000000000001,0.21567435957539677,0.97646534532554841,7.2128217804947204e-10,1,ok
CP-010-FIG10-001,a_over_A5=4,4,closed_form,eq6,1,4,77,1.54,6.1600000000000001,0.21567435957539677,0.97646534532554841,5.643180001610392e-10,1,ok
CP-010-FIG10-001,a_over_A5=4,4,closed_form,eq6,1,4,78,1.5600000000000001,6.2400000000000002,0.21567435957539677,0.97646534532554841,4.4151209470742274e-10,1,ok
CP-010-FIG10-001,a_over_A5=4,4,closed_form,eq6,1,4,79,1.5800000000000001,6.3200000000000003,0.21567435957539677,0.97646534532554841,3.4543099762422657e-10,1,ok
CP-010-FIG10-001,a_over_A5=4,4,closed_form,eq6,1,4,80,1.6000000000000001,6.4000000000000004,0.21567435957539677,0.97646534532554841,2.7025890241747522e-10,1,ok
CP-010-FIG10-001,a_over_A5=4,4,closed_form,eq6,1,4,81,1.6200000000000001,6.4800000000000004,0.21567435957539677,0.97646534532554841,2.1144562832590385e-10,1,ok
CP-010-FIG10-001,a_over_A5=4,4,closed_form,eq6,1,4,82,1.6400000000000001,6.5600000000000005,0.21567435957539677,0.97646534532554841,1.654311970418388e-10,1,ok
CP-010-FIG10-001,a_over_A5=4,4,closed_form,eq6,1,4,83,1.6600000000000001,6.6400000000000006,0.21567435957539677,0.97646534532554841,1.2943034656887611e-10,1,ok
CP-010-FIG10-001,a_over_A5=4,4,closed_form,eq6,1,4,84,1.6799999999999999,6.7199999999999998,0.21567435957539677,0.97646534532554841,1.0126393880050809e-10,1,ok
CP-010-FIG10-001,a_over_A5=4,4,closed_form,eq6,1,4,85,1.7,6.7999999999999998,0.21567435957539677,0.97646534532554841,7.9227055889370475e-11,1,ok
CP-010-FIG10-001,a_over_A5=4,4,closed_form,eq6,1,4,86,1.72,6.8799999999999999,0.21567435957539677,0.97646534532554841,6.1985801256093189e-11,1,ok
CP-010-FIG10-001,a_over_A5=4,4,closed_form,eq6,1,4,87,1.74,6.96,0.21567435957539677,0.97646534532554841,4.8496558583787594e-11,1,ok
CP-010-FIG10-001,a_over_A5=4,4,closed_form,eq6,1,4,88,1.76,7.04,0.21567435957539677,0.97646534532554841,3.7942821530270207e-11,1,ok
CP-010-FIG10-001,a_over_A5=4,4,closed_form,eq6,1,4,89,1.78,7.1200000000000001,0.21567435957539677,0.97646534532554841,2.9685770448858493e-11,1,ok
CP-010-FIG10-001,a_over_A5=4,4,closed_form,eq6,1,4,90,1.8,7.2000000000000002,0.21567435957539677,0.97646534532554841,2.3225604517557457e-11,1,ok
CP-010-FIG10-001,a_over_A5=4,4,closed_form,eq6,1,4,91,1.8200000000000001,7.2800000000000002,0.21567435957539677,0.97646534532554841,1.8171288703296164e-11,1,ok
CP-010-FIG10-001,a_over_A5=4,4,closed_form,eq6,1,4,92,1.8400000000000001,7.3600000000000003,0.21567435957539677,0.97646534532554841,1.4216884339390452e-11,1,ok
CP-010-FIG10-001,a_over_A5=4,4,closed_form,eq6,1,4,93,1.8600000000000001,7.4400000000000004,0.21567435957539677,0.97646534532554841,1.1123030601728438e-11,1,ok
CP-010-FIG10-001,a_over_A5=4,4,closed_form,eq6,1,4,94,1.8800000000000001,7.5200000000000005,0.21567435957539677,0.97646534532554841,8.7024559540232083e-12,1,ok
CP-010-FIG10-001,a_over_A5=4,4,closed_form,eq6,1,4,95,1.9000000000000001,7.6000000000000005,0.21567435957539677,0.97646534532554841,6.8086425672465011e-12,1,ok
CP-010-FIG10-001,a_over_A5=4,4,closed_form,eq6,1,4,96,1.9199999999999999,7.6799999999999997,0.21567435957539677,0.97646534532554841,5.3269575684654557e-12,1,ok
CP-010-FIG10-001,a_over_A5=4,4,closed_form,eq6,1,4,97,1.9399999999999999,7.7599999999999998,0.21567435957539677,0.97646534532554841,4.1677142919410134e-12,1,ok
CP-010-FIG10-001,a_over_A5=4,4,closed_form,eq6,1,4,98,1.96,7.8399999999999999,0.21567435957539677,0.97646534532554841,3.2607435287406025e-12,1,ok
CP-010-FIG10-001,a_over_A5=4,4,closed_form,eq6,1,4,99,1.98,7.9199999999999999,0.21567435957539677,0.97646534532554841,2.5511461716037712e-12,1,ok
CP-010-FIG10-001,a_over_A5=4,4,closed_form,eq6,1,4,100,2,8,0.21567435957539677,0.97646534532554841,1.9959701618735849e-12,1,ok
CP-010-FIG10-001,a_over_A5=4,4,closed_form,eq6,1,4,101,2.02,8.0800000000000001,0.21567435957539677,0.97646534532554841,1.5616105934789299e-12,1,ok
CP-010-FIG10-001,a_over_A5=4,4,closed_form,eq6,1,4,102,2.04,8.1600000000000001,0.21567435957539677,0.97646534532554841,1.2217756017837952e-12,1,ok
CP-010-FIG10-001,a_over_A5=4,4,closed_form,eq6,1,4,103,2.0600000000000001,8.2400000000000002,0.21567435957539677,0.97646534532554841,9.5589491218081096e-13,1,ok
CP-010-FIG10-001,a_over_A5=4,4,closed_form,eq6,1,4,104,2.0800000000000001,8.3200000000000003,0.21567435957539677,0.97646534532554841,7.478747175824253e-13,1,ok
CP-010-FIG10-001,a_over_A5=4,4,closed_form,eq6,1,4,105,2.1000000000000001,8.4000000000000004,0.21567435957539677,0.97646534532554841,5.8512351731525861e-13,1,ok
CP-010-FIG10-001,a_over_A5=4,4,closed_form,eq6,1,4,106,2.1200000000000001,8.4800000000000004,0.21567435957539677,0.97646534532554841,4.5778995126632979e-13,1,ok
CP-010-FIG10-001,a_over_A5=4,4,closed_form,eq6,1,4,107,2.1400000000000001,8.5600000000000005,0.21567435957539677,0.97646534532554841,3.5816649524191568e-13,1,ok
CP-010-FIG10-001,a_over_A5=4,4,closed_form,eq6,1,4,108,2.1600000000000001,8.6400000000000006,0.21567435957539677,0.97646534532554841,2.802229231092176e-13,1,ok
CP-010-FIG10-001,a_over_A5=4,4,closed_form,eq6,1,4,109,2.1800000000000002,8.7200000000000006,0.21567435957539677,0.97646534532554841,2.1924129609844325e-13,1,ok
CP-010-FIG10-001,a_over_A5=4,4,closed_form,eq6,1,4,110,2.2000000000000002,8.8000000000000007,0.21567435957539677,0.97646534532554841,1.7153038510054768e-13,1,ok
CP-010-FIG10-001,a_over_A5=4,4,closed_form,eq6,1,4,111,2.2200000000000002,8.8800000000000008,0.21567435957539677,0.97646534532554841,1.3420223988974635e-13,1,ok
CP-010-FIG10-001,a_over_A5=4,4,closed_form,eq6,1,4,112,2.2400000000000002,8.9600000000000009,0.21567435957539677,0.97646534532554841,1.0499738096470654e-13,1,ok
CP-010-FIG10-001,a_over_A5=4,4,closed_form,eq6,1,4,113,2.2600000000000002,9.0400000000000009,0.21567435957539677,0.97646534532554841,8.2148032838385413e-14,1,ok
CP-010-FIG10-001,a_over_A5=4,4,closed_form,eq6,1,4,114,2.2800000000000002,9.120000000000001,0.21567435957539677,0.97646534532554841,6.4271120262368953e-14,1,ok
CP-010-FIG10-001,a_over_A5=4,4,closed_form,eq6,1,4,115,2.3000000000000003,9.2000000000000011,0.21567435957539677,0.97646534532554841,5.0284550427477801e-14,1,ok
CP-010-FIG10-001,a_over_A5=4,4,closed_form,eq6,1,4,116,2.3199999999999998,9.2799999999999994,0.21567435957539677,0.97646534532554841,3.9341713686824221e-14,1,ok
CP-010-FIG10-001,a_over_A5=4,4,closed_form,eq6,1,4,117,2.3399999999999999,9.3599999999999994,0.21567435957539677,0.97646534532554841,3.0780238118033954e-14,1,ok
CP-010-FIG10-001,a_over_A5=4,4,closed_form,eq6,1,4,118,2.3599999999999999,9.4399999999999995,0.21567435957539677,0.97646534532554841,2.4081896028849514e-14,1,ok
CP-010-FIG10-001,a_over_A5=4,4,closed_form,eq6,1,4,119,2.3799999999999999,9.5199999999999996,0.21567435957539677,0.97646534532554841,1.8841235539517678e-14,1,ok
CP-010-FIG10-001,a_over_A5=4,4,closed_form,eq6,1,4,120,2.3999999999999999,9.5999999999999996,0.21567435957539677,0.97646534532554841,1.4741038505868151e-14,1,ok
CP-010-FIG10-001,a_over_A5=4,4,closed_form,eq6,1,4,121,2.4199999999999999,9.6799999999999997,0.21567435957539677,0.97646534532554841,1.1533119246650542e-14,1,ok
CP-010-FIG10-001,a_over_A5=4,4,closed_form,eq6,1,4,122,2.4399999999999999,9.7599999999999998,0.21567435957539677,0.97646534532554841,9.0233018185598707e-15,1,ok
CP-010-FIG10-001,a_over_A5=4,4,closed_form,eq6,1,4,123,2.46,9.8399999999999999,0.21567435957539677,0.97646534532554841,7.0596665106425497e-15,1,ok
CP-010-FIG10-001,a_over_A5=4,4,closed_form,eq6,1,4,124,2.48,9.9199999999999999,0.21567435957539677,0.97646534532554841,5.5233541162255279e-15,1,ok
CP-010-FIG10-001,a_over_A5=4,4,closed_form,eq6,1,4,125,2.5,10,0.21567435957539677,0.97646534532554841,4.3213713632556416e-15,1,ok
CP-010-FIG10-001,a_over_A5=4,4,closed_form,eq6,1,4,126,2.52,10.08,0.21567435957539677,0.97646534532554841,3.3809620144230769e-15,1,ok
CP-010-FIG10-001,a_over_A5=4,4,closed_form,eq6,1,4,127,2.54,10.16,0.21567435957539677,0.97646534532554841,2.6452029187234487e-15,1,ok
CP-010-FIG10-001,a_over_A5=4,4,closed_form,eq6,1,4,128,2.5600000000000001,10.24,0.21567435957539677,0.97646534532554841,2.0695584426484608e-15,1,ok
CP-010-FIG10-001,a_over_A5=4,4,closed_form,eq6,1,4,129,2.5800000000000001,10.32,0.21567435957539677,0.97646534532554841,1.6191847200911623e-15,1,ok
CP-010-FIG10-001,a_over_A5=4,4,closed_form,eq6,1,4,130,2.6000000000000001,10.4,0.21567435957539677,0.97646534532554841,1.2668205467160242e-15,1,ok
CP-010-FIG10-001,a_over_A5=4,4,closed_form,eq6,1,4,131,2.6200000000000001,10.48,0.21567435957539677,0.97646534532554841,9.9113725424208756e-16,1,ok
CP-010-FIG10-001,a_over_A5=4,4,closed_form,eq6,1,4,132,2.6400000000000001,10.56,0.21567435957539677,0.97646534532554841,7.7544768222545691e-16,1,ok
CP-010-FIG10-001,a_over_A5=4,4,closed_form,eq6,1,4,133,2.6600000000000001,10.640000000000001,0.21567435957539677,0.97646534532554841,6.0669610116579076e-16,1,ok
CP-010-FIG10-001,a_over_A5=4,4,closed_form,eq6,1,4,134,2.6800000000000002,10.720000000000001,0.21567435957539677,0.97646534532554841,4.7466794679612481e-16,1,ok
CP-010-FIG10-001,a_over_A5=4,4,closed_form,eq6,1,4,135,2.7000000000000002,10.800000000000001,0.21567435957539677,0.97646534532554841,3.7137153062745462e-16,1,ok
CP-010-FIG10-001,a_over_A5=4,4,closed_form,eq6,1,4,136,2.7200000000000002,10.880000000000001,0.21567435957539677,0.97646534532554841,2.9055430157329391e-16,1,ok
CP-010-FIG10-001,a_over_A5=4,4,closed_form,eq6,1,4,137,2.7400000000000002,10.960000000000001,0.21567435957539677,0.97646534532554841,2.273243778813871e-16,1,ok
CP-010-FIG10-001,a_over_A5=4,4,closed_form,eq6,1,4,138,2.7600000000000002,11.040000000000001,0.21567435957539677,0.97646534532554841,1.7785444063069361e-16,1,ok
CP-010-FIG10-001,a_over_A5=4,4,closed_form,eq6,1,4,139,2.7800000000000002,11.120000000000001,0.21567435957539677,0.97646534532554841,1.3915006541252657e-16,1,ok
CP-010-FIG10-001,a_over_A5=4,4,closed_form,eq6,1,4,140,2.8000000000000003,11.200000000000001,0.21567435957539677,0.97646534532554841,1.0886846926985783e-16,1,ok
CP-010-FIG10-001,a_over_A5=4,4,closed_form,eq6,1,4,141,2.8199999999999998,11.279999999999999,0.21567435957539677,0.97646534532554841,8.5176701613644528e-17,1,ok
CP-010-FIG10-001,a_over_A5=4,4,closed_form,eq6,1,4,142,2.8399999999999999,11.359999999999999,0.21567435957539677,0.97646534532554841,6.6640695386249738e-17,1,ok
CP-010-FIG10-001,a_over_A5=4,4,closed_form,eq6,1,4,143,2.8599999999999999,11.44,0.21567435957539677,0.97646534532554841,5.2138462718442747e-17,1,ok
CP-010-FIG10-001,a_over_A5=4,4,closed_form,eq6,1,4,144,2.8799999999999999,11.52,0.21567435957539677,0.97646534532554841,4.0792180797130881e-17,1,ok
CP-010-FIG10-001,a_over_A5=4,4,closed_form,eq6,1,4,145,2.8999999999999999,11.6,0.21567435957539677,0.97646534532554841,3.1915057088885428e-17,1,ok
CP-010-FIG10-001,a_over_A5=4,4,closed_form,eq6,1,4,146,2.9199999999999999,11.68,0.21567435957539677,0.97646534532554841,2.4969757661459723e-17,1,ok
CP-010-FIG10-001,a_over_A5=4,4,closed_form,eq6,1,4,147,2.9399999999999999,11.76,0.21567435957539677,0.97646534532554841,1.9535882261954776e-17,1,ok
CP-010-FIG10-001,a_over_A5=4,4,closed_form,eq6,1,4,148,2.96,11.84,0.21567435957539677,0.97646534532554841,1.5284517412118346e-17,1,ok
CP-010-FIG10-001,a_over_A5=4,4,closed_form,eq6,1,4,149,2.98,11.92,0.21567435957539677,0.97646534532554841,1.1958327214958076e-17,1,ok
CP-010-FIG10-001,a_over_A5=4,4,closed_form,eq6,1,4,150,3,12,0.21567435957539677,0.97646534532554841,9.3559767655227384e-18,1,ok
