case_id,ratio_id,ratio_label,curve_id,curve_label,solver_model,transverse_equation,p,n1_over_n5,index_ratio_squared,a_over_A5,sample_index,c_over_a,c_over_A5,kx_A5_over_pi,sqrt_one_minus_kx_A5_over_pi_squared,normalized_coupling,domain_valid,status
CP-011-FIG11-001,n1_over_n5=1.5,1.5,a_over_A5=0.5,0.5,exact,eq20,1,1.5,0.44444444444444442,0.5,0,0,0,0.92924316284511965,0.36946873251413087,0.63806722185683573,1,ok
CP-011-FIG11-001,n1_over_n5=1.5,1.5,a_over_A5=0.5,0.5,exact,eq20,1,1.5,0.44444444444444442,0.5,1,0.02,0.01,0.92924316284511965,0.36946873251413087,0.63070386303598669,1,ok
CP-011-FIG11-001,n1_over_n5=1.5,1.5,a_over_A5=0.5,0.5,exact,eq20,1,1.5,0.44444444444444442,0.5,2,0.040000000000000001,0.02,0.92924316284511965,0.36946873251413087,0.62342547810388693,1,ok
CP-011-FIG11-001,n1_over_n5=1.5,1.5,a_over_A5=0.5,0.5,exact,eq20,1,1.5,0.44444444444444442,0.5,3,0.059999999999999998,0.029999999999999999,0.92924316284511965,0.36946873251413087,0.61623108645345948,1,ok
CP-011-FIG11-001,n1_over_n5=1.5,1.5,a_over_A5=0.5,0.5,exact,eq20,1,1.5,0.44444444444444442,0.5,4,0.080000000000000002,0.040000000000000001,0.92924316284511965,0.36946873251413087,0.60911971879393001,1,ok
CP-011-FIG11-001,n1_over_n5=1.5,1.5,a_over_A5=0.5,0.5,exact,eq20,1,1.5,0.44444444444444442,0.5,5,0.10000000000000001,0.050000000000000003,0.92924316284511965,0.36946873251413087,0.6020904170202358,1,ok
CP-011-FIG11-001,n1_over_n5=1.5,1.5,a_over_A5=0.5,0.5,exact,eq20,1,1.5,0.44444444444444442,0.5,6,0.12,0.059999999999999998,0.92924316284511965,0.36946873251413087,0.59514223408394118,1,ok
CP-011-FIG11-001,n1_over_n5=1.5,1.5,a_over_A5=0.5,0.5,exact,eq20,1,1.5,0.44444444444444442,0.5,7,0.14000000000000001,0.070000000000000007,0.92924316284511965,0.36946873251413087,0.58827423386564281,1,ok
CP-011-FIG11-001,n1_over_n5=1.5,1.5,a_over_A5=0.5,0.5,exact,eq20,1,1.5,0.44444444444444442,0.5,8,0.16,0.080000000000000002,0.92924316284511965,0.36946873251413087,0.58148549104884806,1,ok
CP-011-FIG11-001,n1_over_n5=1.5,1.5,a_over_A5=0.5,0.5,exact,eq20,1,1.5,0.44444444444444442,0.5,9,0.17999999999999999,0.089999999999999997,0.92924316284511965,0.36946873251413087,0.57477509099530799,1,ok
CP-011-FIG11-001,n1_over_n5=1.5,1.5,a_over_A5=0.5,0.5,exact,eq20,1,1.5,0.44444444444444442,0.5,10,0.20000000000000001,0.10000000000000001,0.92924316284511965,0.36946873251413087,0.56814212962178956,1,ok
CP-011-FIG11-001,n1_over_n5=1.5,1.5,a_over_A5=0.5,0.5,exact,eq20,1,1.5,0.44444444444444442,0.5,11,0.22,0.11,0.92924316284511965,0.36946873251413087,0.56158571327826956,1,ok
CP-011-FIG11-001,n1_over_n5=1.5,1.5,a_over_A5=0.5,0.5,exact,eq20,1,1.5,0.44444444444444442,0.5,12,0.23999999999999999,0.12,0.92924316284511965,0.36946873251413087,0.55510495862753439,1,ok
CP-011-FIG11-001,n1_over_n5=1.5,1.5,a_over_A5=0.5,0.5,exact,eq20,1,1.5,0.44444444444444442,0.5,13,0.26000000000000001,0.13,0.92924316284511965,0.36946873251413087,0.54869899252616927,1,ok
CP-011-FIG11-001,n1_over_n5=1.5,1.5,a_over_A5=0.5,0.5,exact,eq20,1,1.5,0.44444444444444442,0.5,14,0.28000000000000003,0.14000000000000001,0.92924316284511965,0.36946873251413087,0.54236695190692086,1,ok
CP-011-FIG11-001,n1_over_n5=1.5,1.5,a_over_A5=0.5,0.5,exact,eq20,1,1.5,0.44444444444444442,0.5,15,0.29999999999999999,0.14999999999999999,0.92924316284511965,0.36946873251413087,0.53610798366241685,1,ok
CP-011-FIG11-001,n1_over_n5=1.5,1.5,a_over_A5=0.5,0.5,exact,eq20,1,1.5,0.44444444444444442,0.5,16,0.32000000000000001,0.16,0.92924316284511965,0.36946873251413087,0.52992124453022871,1,ok
CP-011-FIG11-001,n1_over_n5=1.5,1.5,a_over_A5=0.5,0.5,exact,eq20,1,1.5,0.44444444444444442,0.5,17,0.34000000000000002,0.17000000000000001,0.92924316284511965,0.36946873251413087,0.52380590097925961,1,ok
CP-011-FIG11-001,n1_over_n5=1.5,1.5,a_over_A5=0.5,0.5,exact,eq20,1,1.5,0.44444444444444442,0.5,18,0.35999999999999999,0.17999999999999999,0.92924316284511965,0.36946873251413087,0.51776112909744409,1,ok
CP-011-FIG11-001,n1_over_n5=1.5,1.5,a_over_A5=0.5,0.5,exact,eq20,1,1.5,0.44444444444444442,0.5,19,0.38,0.19,0.92924316284511965,0.36946873251413087,0.51178611448074296,1,ok
CP-011-FIG11-001,n1_over_n5=1.5,1.5,a_over_A5=0.5,0.5,exact,eq20,1,1.5,0.44444444444444442,0.5,20,0.40000000000000002,0.20000000000000001,0.92924316284511965,0.36946873251413087,0.5058800521234208,1,ok
CP-011-FIG11-001,n1_over_n5=1.5,1.5,a_over_A5=0.5,0.5,exact,eq20,1,1.5,0.44444444444444442,0.5,21,0.41999999999999998,0.20999999999999999,0.92924316284511965,0.36946873251413087,0.50004214630958732,1,ok
CP-011-FIG11-001,n1_over_n5=1.5,1.5,a_over_A5=0.5,0.5,exact,eq20,1,1.5,0.44444444444444442,0.5,22,0.44,0.22,0.92924316284511965,0.36946873251413087,0.49427161050599278,1,ok
CP-011-FIG11-001,n1_over_n5=1.5,1.5,a_over_A5=0.5,0.5,exact,eq20,1,1.5,0.44444444444444442,0.5,23,0.46000000000000002,0.23000000000000001,0.92924316284511965,0.36946873251413087,0.4885676672560586,1,ok
CP-011-FIG11-001,n1_over_n5=1.5,1.5,a_over_A5=0.5,0.5,exact,eq20,1,1.5,0.44444444444444442,0.5,24,0.47999999999999998,0.23999999999999999,0.92924316284511965,0.36946873251413087,0.48292954807513211,1,ok
CP-011-FIG11-001,n1_over_n5=1.5,1.5,a_over_A5=0.5,0.5,exact,eq20,1,1.5,0.44444444444444442,0.5,25,0.5,0.25,0.92924316284511965,0.36946873251413087,0.47735649334694941,1,ok
CP-011-FIG11-001,n1_over_n5=1.5,1.5,a_over_A5=0.5,0.5,exact,eq20,1,1.5,0.44444444444444442,0.5,26,0.52000000000000002,0.26000000000000001,0.92924316284511965,0.36946873251413087,0.47184775222129333,1,ok
CP-011-FIG11-001,n1_over_n5=1.5,1.5,a_over_A5=0.5,0.5,exact,eq20,1,1.5,0.44444444444444442,0.5,27,0.54000000000000004,0.27000000000000002,0.92924316284511965,0.36946873251413087,0.46640258251283279,1,ok
CP-011-FIG11-001,n1_over_n5=1.5,1.5,a_over_A5=0.5,0.5,exact,eq20,1,1.5,0.44444444444444442,0.5,28,0.56000000000000005,0.28000000000000003,0.92924316284511965,0.36946873251413087,0.46102025060112828,1,ok
CP-011-FIG11-001,n1_over_n5=1.5,1.5,a_over_A5=0.5,0.5,exact,eq20,1,1.5,0.44444444444444442,0.5,29,0.57999999999999996,0.28999999999999998,0.92924316284511965,0.36946873251413087,0.45570003133179326,1,ok
CP-011-FIG11-001,n1_over_n5=1.5,1.5,a_over_A5=0.5,0.5,exact,eq20,1,1.5,0.44444444444444442,0.5,30,0.59999999999999998,0.29999999999999999,0.92924316284511965,0.36946873251413087,0.450441207918794,1,ok
CP-011-FIG11-001,n1_over_n5=1.5,1.5,a_over_A5=0.5,0.5,exact,eq20,1,1.5,0.44444444444444442,0.5,31,0.62,0.31,0.92924316284511965,0.36946873251413087,0.4452430718478787,1,ok
CP-011-FIG11-001,n1_over_n5=1.5,1.5,a_over_A5=0.5,0.5,exact,eq20,1,1.5,0.44444444444444442,0.5,32,0.64000000000000001,0.32000000000000001,0.92924316284511965,0.36946873251413087,0.44010492278111996,1,ok
CP-011-FIG11-001,n1_over_n5=1.5,1.5,a_over_A5=0.5,0.5,exact,eq20,1,1.5,0.44444444444444442,0.5,33,0.66000000000000003,0.33000000000000002,0.92924316284511965,0.36946873251413087,0.43502606846255953,1,ok
CP-011-FIG11-001,n1_over_n5=1.5,1.5,a_over_A5=0.5,0.5,exact,eq20,1,1.5,0.44444444444444442,0.5,34,0.68000000000000005,0.34000000000000002,0.92924316284511965,0.36946873251413087,0.43000582462494114,1,ok
CP-011-FIG11-001,n1_over_n5=1.5,1.5,a_over_A5=0.5,0.5,exact,eq20,1,1.5,0.44444444444444442,0.5,35,0.70000000000000007,0.35000000000000003,0.92924316284511965,0.36946873251413087,0.42504351489752046,1,ok
CP-011-FIG11-001,n1_over_n5=1.5,1.5,a_over_A5=0.5,0.5,exact,eq20,1,1.5,0.44444444444444442,0.5,36,0.71999999999999997,0.35999999999999999,0.92924316284511965,0.36946873251413087,0.42013847071493809,1,ok
CP-011-FIG11-001,n1_over_n5=1.5,1.5,a_over_A5=0.5,0.5,exact,eq20,1,1.5,0.44444444444444442,0.5,37,0.73999999999999999,0.37,0.92924316284511965,0.36946873251413087,0.41529003122714542,1,ok
CP-011-FIG11-001,n1_over_n5=1.5,1.5,a_over_A5=0.5,0.5,exact,eq20,1,1.5,0.44444444444444442,0.5,38,0.76000000000000001,0.38,0.92924316284511965,0.36946873251413087,0.41049754321036847,1,ok
CP-011-FIG11-001,n1_over_n5=1.5,1.5,a_over_A5=0.5,0.5,exact,eq20,1,1.5,0.44444444444444442,0.5,39,0.78000000000000003,0.39000000000000001,0.92924316284511965,0.36946873251413087,0.40576036097910018,1,ok
CP-011-FIG11-001,n1_over_n5=1.5,1.5,a_over_A5=0.5,0.5,exact,eq20,1,1.5,0.44444444444444442,0.5,40,0.80000000000000004,0.40000000000000002,0.92924316284511965,0.36946873251413087,0.40107784629910814,1,ok
CP-011-FIG11-001,n1_over_n5=1.5,1.5,a_over_A5=0.5,0.5,exact,eq20,1,1.5,0.44444444444444442,0.5,41,0.82000000000000006,0.41000000000000003,0.92924316284511965,0.36946873251413087,0.39644936830144617,1,ok
CP-011-FIG11-001,n1_over_n5=1.5,1.5,a_over_A5=0.5,0.5,exact,eq20,1,1.5,0.44444444444444442,0.5,42,0.83999999999999997,0.41999999999999998,0.92924316284511965,0.36946873251413087,0.39187430339745799,1,ok
CP-011-FIG11-001,n1_over_n5=1.5,1.5,a_over_A5=0.5,0.5,exact,eq20,1,1.5,0.44444444444444442,0.5,43,0.85999999999999999,0.42999999999999999,0.92924316284511965,0.36946873251413087,0.38735203519476197,1,ok
CP-011-FIG11-001,n1_over_n5=1.5,1.5,a_over_A5=0.5,0.5,exact,eq20,1,1.5,0.44444444444444442,0.5,44,0.88,0.44,0.92924316284511965,0.36946873251413087,0.38288195441420569,1,ok
CP-011-FIG11-001,n1_over_n5=1.5,1.5,a_over_A5=0.5,0.5,exact,eq20,1,1.5,0.44444444444444442,0.5,45,0.90000000000000002,0.45000000000000001,0.92924316284511965,0.36946873251413087,0.37846345880777832,1,ok
CP-011-FIG11-001,n1_over_n5=1.5,1.5,a_over_A5=0.5,0.5,exact,eq20,1,1.5,0.44444444444444442,0.5,46,0.92000000000000004,0.46000000000000002,0.92924316284511965,0.36946873251413087,0.37409595307747051,1,ok
CP-011-FIG11-001,n1_over_n5=1.5,1.5,a_over_A5=0.5,0.5,exact,eq20,1,1.5,0.44444444444444442,0.5,47,0.94000000000000006,0.47000000000000003,0.92924316284511965,0.36946873251413087,0.369778848795071,1,ok
CP-011-FIG11-001,n1_over_n5=1.5,1.5,a_over_A5=0.5,0.5,exact,eq20,1,1.5,0.44444444444444442,0.5,48,0.95999999999999996,0.47999999999999998,0.92924316284511965,0.36946873251413087,0.36551156432288806,1,ok
CP-011-FIG11-001,n1_over_n5=1.5,1.5,a_over_A5=0.5,0.5,exact,eq20,1,1.5,0.44444444444444442,0.5,49,0.97999999999999998,0.48999999999999999,0.92924316284511965,0.36946873251413087,0.36129352473538651,1,ok
CP-011-FIG11-001,n1_over_n5=1.5,1.5,a_over_A5=0.5,0.5,exact,eq20,1,1.5,0.44444444444444442,0.5,50,1,0.5,0.92924316284511965,0.36946873251413087,0.35712416174172873,1,ok
CP-011-FIG11-001,n1_over_n5=1.5,1.5,a_over_A5=0.5,0.5,exact,eq20,1,1.5,0.44444444444444442,0.5,51,1.02,0.51000000000000001,0.92924316284511965,0.36946873251413087,0.35300291360920943,1,ok
CP-011-FIG11-001,n1_over_n5=1.5,1.5,a_over_A5=0.5,0.5,exact,eq20,1,1.5,0.44444444444444442,0.5,52,1.04,0.52000000000000002,0.92924316284511965,0.36946873251413087,0.34892922508757429,1,ok
CP-011-FIG11-001,n1_over_n5=1.5,1.5,a_over_A5=0.5,0.5,exact,eq20,1,1.5,0.44444444444444442,0.5,53,1.0600000000000001,0.53000000000000003,0.92924316284511965,0.36946873251413087,0.344902547334212,1,ok
CP-011-FIG11-001,n1_over_n5=1.5,1.5,a_over_A5=0.5,0.5,exact,eq20,1,1.5,0.44444444444444442,0.5,54,1.0800000000000001,0.54000000000000004,0.92924316284511965,0.36946873251413087,0.34092233784020903,1,ok
CP-011-FIG11-001,n1_over_n5=1.5,1.5,a_over_A5=0.5,0.5,exact,eq20,1,1.5,0.44444444444444442,0.5,55,1.1000000000000001,0.55000000000000004,0.92924316284511965,0.36946873251413087,0.33698806035725842,1,ok
CP-011-FIG11-001,n1_over_n5=1.5,1.5,a_over_A5=0.5,0.5,exact,eq20,1,1.5,0.44444444444444442,0.5,56,1.1200000000000001,0.56000000000000005,0.92924316284511965,0.36946873251413087,0.33309918482541179,1,ok
CP-011-FIG11-001,n1_over_n5=1.5,1.5,a_over_A5=0.5,0.5,exact,eq20,1,1.5,0.44444444444444442,0.5,57,1.1400000000000001,0.57000000000000006,0.92924316284511965,0.36946873251413087,0.32925518730166481,1,ok
CP-011-FIG11-001,n1_over_n5=1.5,1.5,a_over_A5=0.5,0.5,exact,eq20,1,1.5,0.44444444444444442,0.5,58,1.1599999999999999,0.57999999999999996,0.92924316284511965,0.36946873251413087,0.32545554988936726,1,ok
CP-011-FIG11-001,n1_over_n5=1.5,1.5,a_over_A5=0.5,0.5,exact,eq20,1,1.5,0.44444444444444442,0.5,59,1.1799999999999999,0.58999999999999997,0.92924316284511965,0.36946873251413087,0.32169976066844741,1,ok
CP-011-FIG11-001,n1_over_n5=1.5,1.5,a_over_A5=0.5,0.5,exact,eq20,1,1.5,0.44444444444444442,0.5,60,1.2,0.59999999999999998,0.92924316284511965,0.36946873251413087,0.31798731362644206,1,ok
CP-011-FIG11-001,n1_over_n5=1.5,1.5,a_over_A5=0.5,0.5,exact,eq20,1,1.5,0.44444444444444442,0.5,61,1.22,0.60999999999999999,0.92924316284511965,0.36946873251413087,0.31431770859032138,1,ok
CP-011-FIG11-001,n1_over_n5=1.5,1.5,a_over_A5=0.5,0.5,exact,eq20,1,1.5,0.44444444444444442,0.5,62,1.24,0.62,0.92924316284511965,0.36946873251413087,0.31069045115910215,1,ok
CP-011-FIG11-001,n1_over_n5=1.5,1.5,a_over_A5=0.5,0.5,exact,eq20,1,1.5,0.44444444444444442,0.5,63,1.26,0.63,0.92924316284511965,0.36946873251413087,0.30710505263723731,1,ok
CP-011-FIG11-001,n1_over_n5=1.5,1.5,a_over_A5=0.5,0.5,exact,eq20,1,1.5,0.44444444444444442,0.5,64,1.28,0.64000000000000001,0.92924316284511965,0.36946873251413087,0.30356102996877449,1,ok
CP-011-FIG11-001,n1_over_n5=1.5,1.5,a_over_A5=0.5,0.5,exact,eq20,1,1.5,0.44444444444444442,0.5,65,1.3,0.65000000000000002,0.92924316284511965,0.36946873251413087,0.30005790567227503,1,ok
CP-011-FIG11-001,n1_over_n5=1.5,1.5,a_over_A5=0.5,0.5,exact,eq20,1,1.5,0.44444444444444442,0.5,66,1.3200000000000001,0.66000000000000003,0.92924316284511965,0.36946873251413087,0.29659520777648313,1,ok
CP-011-FIG11-001,n1_over_n5=1.5,1.5,a_over_A5=0.5,0.5,exact,eq20,1,1.5,0.44444444444444442,0.5,67,1.3400000000000001,0.67000000000000004,0.92924316284511965,0.36946873251413087,0.29317246975673805,1,ok
CP-011-FIG11-001,n1_over_n5=1.5,1.5,a_over_A5=0.5,0.5,exact,eq20,1,1.5,0.44444444444444442,0.5,68,1.3600000000000001,0.68000000000000005,0.92924316284511965,0.36946873251413087,0.28978923047211963,1,ok
CP-011-FIG11-001,n1_over_n5=1.5,1.5,a_over_A5=0.5,0.5,exact,eq20,1,1.5,0.44444444444444442,0.5,69,1.3800000000000001,0.69000000000000006,0.92924316284511965,0.36946873251413087,0.28644503410331967,1,ok
CP-011-FIG11-001,n1_over_n5=1.5,1.5,a_over_A5=0.5,0.5,exact,eq20,1,1.5,0.44444444444444442,0.5,70,1.4000000000000001,0.70000000000000007,0.92924316284511965,0.36946873251413087,0.28313943009122966,1,ok
CP-011-FIG11-001,n1_over_n5=1.5,1.5,a_over_A5=0.5,0.5,exact,eq20,1,1.5,0.44444444444444442,0.5,71,1.4199999999999999,0.70999999999999996,0.92924316284511965,0.36946873251413087,0.27987197307623796,1,ok
CP-011-FIG11-001,n1_over_n5=1.5,1.5,a_over_A5=0.5,0.5,exact,eq20,1,1.5,0.44444444444444442,0.5,72,1.4399999999999999,0.71999999999999997,0.92924316284511965,0.36946873251413087,0.27664222283822659,1,ok
CP-011-FIG11-001,n1_over_n5=1.5,1.5,a_over_A5=0.5,0.5,exact,eq20,1,1.5,0.44444444444444442,0.5,73,1.46,0.72999999999999998,0.92924316284511965,0.36946873251413087,0.27344974423726159,1,ok
CP-011-FIG11-001,n1_over_n5=1.5,1.5,a_over_A5=0.5,0.5,exact,eq20,1,1.5,0.44444444444444442,0.5,74,1.48,0.73999999999999999,0.92924316284511965,0.36946873251413087,0.2702941071549666,1,ok
CP-011-FIG11-001,n1_over_n5=1.5,1.5,a_over_A5=0.5,0.5,exact,eq20,1,1.5,0.44444444444444442,0.5,75,1.5,0.75,0.92924316284511965,0.36946873251413087,0.26717488643657406,1,ok
CP-011-FIG11-001,n1_over_n5=1.5,1.5,a_over_A5=0.5,0.5,exact,eq20,1,1.5,0.44444444444444442,0.5,76,1.52,0.76000000000000001,0.92924316284511965,0.36946873251413087,0.26409166183364424,1,ok
CP-011-FIG11-001,n1_over_n5=1.5,1.5,a_over_A5=0.5,0.5,exact,eq20,1,1.5,0.44444444444444442,0.5,77,1.54,0.77000000000000002,0.92924316284511965,0.36946873251413087,0.26104401794744603,1,ok
CP-011-FIG11-001,n1_over_n5=1.5,1.5,a_over_A5=0.5,0.5,exact,eq20,1,1.5,0.44444444444444442,0.5,78,1.5600000000000001,0.78000000000000003,0.92924316284511965,0.36946873251413087,0.25803154417299085,1,ok
CP-011-FIG11-001,n1_over_n5=1.5,1.5,a_over_A5=0.5,0.5,exact,eq20,1,1.5,0.44444444444444442,0.5,79,1.5800000000000001,0.79000000000000004,0.92924316284511965,0.36946873251413087,0.25505383464371212,1,ok
CP-011-FIG11-001,n1_over_n5=1.5,1.5,a_over_A5=0.5,0.5,exact,eq20,1,1.5,0.44444444444444442,0.5,80,1.6000000000000001,0.80000000000000004,0.92924316284511965,0.36946873251413087,0.25211048817678372,1,ok
CP-011-FIG11-001,n1_over_n5=1.5,1.5,a_over_A5=0.5,0.5,exact,eq20,1,1.5,0.44444444444444442,0.5,81,1.6200000000000001,0.81000000000000005,0.92924316284511965,0.36946873251413087,0.24920110821906888,1,ok
CP-011-FIG11-001,n1_over_n5=1.5,1.5,a_over_A5=0.5,0.5,exact,eq20,1,1.5,0.44444444444444442,0.5,82,1.6400000000000001,0.82000000000000006,0.92924316284511965,0.36946873251413087,0.24632530279369327,1,ok
CP-011-FIG11-001,n1_over_n5=1.5,1.5,a_over_A5=0.5,0.5,exact,eq20,1,1.5,0.44444444444444442,0.5,83,1.6600000000000001,0.83000000000000007,0.92924316284511965,0.36946873251413087,0.24348268444723442,1,ok
CP-011-FIG11-001,n1_over_n5=1.5,1.5,a_over_A5=0.5,0.5,exact,eq20,1,1.5,0.44444444444444442,0.5,84,1.6799999999999999,0.83999999999999997,0.92924316284511965,0.36946873251413087,0.24067287019752082,1,ok
CP-011-FIG11-001,n1_over_n5=1.5,1.5,a_over_A5=0.5,0.5,exact,eq20,1,1.5,0.44444444444444442,0.5,85,1.7,0.84999999999999998,0.92924316284511965,0.36946873251413087,0.23789548148203279,1,ok
CP-011-FIG11-001,n1_over_n5=1.5,1.5,a_over_A5=0.5,0.5,exact,eq20,1,1.5,0.44444444444444442,0.5,86,1.72,0.85999999999999999,0.92924316284511965,0.36946873251413087,0.2351501441068998,1,ok
CP-011-FIG11-001,n1_over_n5=1.5,1.5,a_over_A5=0.5,0.5,exact,eq20,1,1.5,0.44444444444444442,0.5,87,1.74,0.87,0.92924316284511965,0.36946873251413087,0.23243648819648546,1,ok
CP-011-FIG11-001,n1_over_n5=1.5,1.5,a_over_A5=0.5,0.5,exact,eq20,1,1.5,0.44444444444444442,0.5,88,1.76,0.88,0.92924316284511965,0.36946873251413087,0.22975414814355485,1,ok
CP-011-FIG11-001,n1_over_n5=1.5,1.5,a_over_A5=0.5,0.5,exact,eq20,1,1.5,0.44444444444444442,0.5,89,1.78,0.89000000000000001,0.92924316284511965,0.36946873251413087,0.2271027625600166,1,ok
CP-011-FIG11-001,n1_over_n5=1.5,1.5,a_over_A5=0.5,0.5,exact,eq20,1,1.5,0.44444444444444442,0.5,90,1.8,0.90000000000000002,0.92924316284511965,0.36946873251413087,0.22448197422823377,1,ok
CP-011-FIG11-001,n1_over_n5=1.5,1.5,a_over_A5=0.5,0.5,exact,eq20,1,1.5,0.44444444444444442,0.5,91,1.8200000000000001,0.91000000000000003,0.92924316284511965,0.36946873251413087,0.22189143005289613,1,ok
CP-011-FIG11-001,n1_over_n5=1.5,1.5,a_over_A5=0.5,0.5,exact,eq20,1,1.5,0.44444444444444442,0.5,92,1.8400000000000001,0.92000000000000004,0.92924316284511965,0.36946873251413087,0.21933078101344838,1,ok
CP-011-FIG11-001,n1_over_n5=1.5,1.5,a_over_A5=0.5,0.5,exact,eq20,1,1.5,0.44444444444444442,0.5,93,1.8600000000000001,0.93000000000000005,0.92924316284511965,0.36946873251413087,0.21679968211706682,1,ok
CP-011-FIG11-001,n1_over_n5=1.5,1.5,a_over_A5=0.5,0.5,exact,eq20,1,1.5,0.44444444444444442,0.5,94,1.8800000000000001,0.94000000000000006,0.92924316284511965,0.36946873251413087,0.21429779235217913,1,ok
CP-011-FIG11-001,n1_over_n5=1.5,1.5,a_over_A5=0.5,0.5,exact,eq20,1,1.5,0.44444444444444442,0.5,95,1.9000000000000001,0.95000000000000007,0.92924316284511965,0.36946873251413087,0.21182477464252011,1,ok
CP-011-FIG11-001,n1_over_n5=1.5,1.5,a_over_A5=0.5,0.5,exact,eq20,1,1.5,0.44444444444444442,0.5,96,1.9199999999999999,0.95999999999999996,0.92924316284511965,0.36946873251413087,0.2093802958017181,1,ok
CP-011-FIG11-001,n1_over_n5=1.5,1.5,a_over_A5=0.5,0.5,exact,eq20,1,1.5,0.44444444444444442,0.5,97,1.9399999999999999,0.96999999999999997,0.92924316284511965,0.36946873251413087,0.20696402648840506,1,ok
CP-011-FIG11-001,n1_over_n5=1.5,1.5,a_over_A5=0.5,0.5,exact,eq20,1,1.5,0.44444444444444442,0.5,98,1.96,0.97999999999999998,0.92924316284511965,0.36946873251413087,0.20457564116184498,1,ok
CP-011-FIG11-001,n1_over_n5=1.5,1.5,a_over_A5=0.5,0.5,exact,eq20,1,1.5,0.44444444444444442,0.5,99,1.98,0.98999999999999999,0.92924316284511965,0.36946873251413087,0.20221481803807403,1,ok
CP-011-FIG11-001,n1_over_n5=1.5,1.5,a_over_A5=0.5,0.5,exact,eq20,1,1.5,0.44444444444444442,0.5,100,2,1,0.92924316284511965,0.36946873251413087,0.19988123904654714,1,ok
CP-011-FIG11-001,n1_over_n5=1.5,1.5,a_over_A5=0.5,0.5,exact,eq20,1,1.5,0.44444444444444442,0.5,101,2.02,1.01,0.92924316284511965,0.36946873251413087,0.19757458978728487,1,ok
CP-011-FIG11-001,n1_over_n5=1.5,1.5,a_over_A5=0.5,0.5,exact,eq20,1,1.5,0.44444444444444442,0.5,102,2.04,1.02,0.92924316284511965,0.36946873251413087,0.19529455948851446,1,ok
CP-011-FIG11-001,n1_over_n5=1.5,1.5,a_over_A5=0.5,0.5,exact,eq20,1,1.5,0.44444444444444442,0.5,103,2.0600000000000001,1.03,0.92924316284511965,0.36946873251413087,0.19304084096480029,1,ok
CP-011-FIG11-001,n1_over_n5=1.5,1.5,a_over_A5=0.5,0.5,exact,eq20,1,1.5,0.44444444444444442,0.5,104,2.0800000000000001,1.04,0.92924316284511965,0.36946873251413087,0.19081313057565699,1,ok
CP-011-FIG11-001,n1_over_n5=1.5,1.5,a_over_A5=0.5,0.5,exact,eq20,1,1.5,0.44444444444444442,0.5,105,2.1000000000000001,1.05,0.92924316284511965,0.36946873251413087,0.18861112818464038,1,ok
CP-011-FIG11-001,n1_over_n5=1.5,1.5,a_over_A5=0.5,0.5,exact,eq20,1,1.5,0.44444444444444442,0.5,106,2.1200000000000001,1.0600000000000001,0.92924316284511965,0.36946873251413087,0.18643453711891053,1,ok
CP-011-FIG11-001,n1_over_n5=1.5,1.5,a_over_A5=0.5,0.5,exact,eq20,1,1.5,0.44444444444444442,0.5,107,2.1400000000000001,1.0700000000000001,0.92924316284511965,0.36946873251413087,0.1842830641292614,1,ok
CP-011-FIG11-001,n1_over_n5=1.5,1.5,a_over_A5=0.5,0.5,exact,eq20,1,1.5,0.44444444444444442,0.5,108,2.1600000000000001,1.0800000000000001,0.92924316284511965,0.36946873251413087,0.1821564193506118,1,ok
CP-011-FIG11-001,n1_over_n5=1.5,1.5,a_over_A5=0.5,0.5,exact,eq20,1,1.5,0.44444444444444442,0.5,109,2.1800000000000002,1.0900000000000001,0.92924316284511965,0.36946873251413087,0.18005431626295226,1,ok
CP-011-FIG11-001,n1_over_n5=1.5,1.5,a_over_A5=0.5,0.5,exact,eq20,1,1.5,0.44444444444444442,0.5,110,2.2000000000000002,1.1000000000000001,0.92924316284511965,0.36946873251413087,0.17797647165274247,1,ok
CP-011-FIG11-001,n1_over_n5=1.5,1.5,a_over_A5=0.5,0.5,exact,eq20,1,1.5,0.44444444444444442,0.5,111,2.2200000000000002,1.1100000000000001,0.92924316284511965,0.36946873251413087,0.17592260557475448,1,ok
CP-011-FIG11-001,n1_over_n5=1.5,1.5,a_over_A5=0.5,0.5,exact,eq20,1,1.5,0.44444444444444442,0.5,112,2.2400000000000002,1.1200000000000001,0.92924316284511965,0.36946873251413087,0.1738924413143558,1,ok
CP-011-FIG11-001,n1_over_n5=1.5,1.5,a_over_A5=0.5,0.5,exact,eq20,1,1.5,0.44444444444444442,0.5,113,2.2600000000000002,1.1300000000000001,0.92924316284511965,0.36946873251413087,0.17188570535022832,1,ok
CP-011-FIG11-001,n1_over_n5=1.5,1.5,a_over_A5=0.5,0.5,exact,eq20,1,1.5,0.44444444444444442,0.5,114,2.2800000000000002,1.1400000000000001,0.92924316284511965,0.36946873251413087,0.16990212731751683,1,ok
CP-011-FIG11-001,n1_over_n5=1.5,1.5,a_over_A5=0.5,0.5,exact,eq20,1,1.5,0.44444444444444442,0.5,115,2.3000000000000003,1.1500000000000001,0.92924316284511965,0.36946873251413087,0.16794143997140337,1,ok
CP-011-FIG11-001,n1_over_n5=1.5,1.5,a_over_A5=0.5,0.5,exact,eq20,1,1.5,0.44444444444444442,0.5,116,2.3199999999999998,1.1599999999999999,0.92924316284511965,0.36946873251413087,0.16600337915110169,1,ok
CP-011-FIG11-001,n1_over_n5=1.5,1.5,a_over_A5=0.5,0.5,exact,eq20,1,1.5,0.44444444444444442,0.5,117,2.3399999999999999,1.1699999999999999,0.92924316284511965,0.36946873251413087,0.16408768374426683,1,ok
CP-011-FIG11-001,n1_over_n5=1.5,1.5,a_over_A5=0.5,0.5,exact,eq20,1,1.5,0.44444444444444442,0.5,118,2.3599999999999999,1.1799999999999999,0.92924316284511965,0.36946873251413087,0.16219409565181639,1,ok
CP-011-FIG11-001,n1_over_n5=1.5,1.5,a_over_A5=0.5,0.5,exact,eq20,1,1.5,0.44444444444444442,0.5,119,2.3799999999999999,1.1899999999999999,0.92924316284511965,0.36946873251413087,0.16032235975315678,1,ok
CP-011-FIG11-001,n1_over_n5=1.5,1.5,a_over_A5=0.5,0.5,exact,eq20,1,1.5,0.44444444444444442,0.5,120,2.3999999999999999,1.2,0.92924316284511965,0.36946873251413087,0.15847222387181134,1,ok
CP-011-FIG11-001,n1_over_n5=1.5,1.5,a_over_A5=0.5,0.5,exact,eq20,1,1.5,0.44444444444444442,0.5,121,2.4199999999999999,1.21,0.92924316284511965,0.36946873251413087,0.15664343874144485,1,ok
CP-011-FIG11-001,n1_over_n5=1.5,1.5,a_over_A5=0.5,0.5,exact,eq20,1,1.5,0.44444444444444442,0.5,122,2.4399999999999999,1.22,0.92924316284511965,0.36946873251413087,0.15483575797228011,1,ok
CP-011-FIG11-001,n1_over_n5=1.5,1.5,a_over_A5=0.5,0.5,exact,eq20,1,1.5,0.44444444444444442,0.5,123,2.46,1.23,0.92924316284511965,0.36946873251413087,0.15304893801790259,1,ok
CP-011-FIG11-001,n1_over_n5=1.5,1.5,a_over_A5=0.5,0.5,exact,eq20,1,1.5,0.44444444444444442,0.5,124,2.48,1.24,0.92924316284511965,0.36946873251413087,0.15128273814244722,1,ok
CP-011-FIG11-001,n1_over_n5=1.5,1.5,a_over_A5=0.5,0.5,exact,eq20,1,1.5,0.44444444444444442,0.5,125,2.5,1.25,0.92924316284511965,0.36946873251413087,0.14953692038816474,1,ok
CP-011-FIG11-001,n1_over_n5=1.5,1.5,a_over_A5=0.5,0.5,exact,eq20,1,1.5,0.44444444444444442,0.5,126,2.52,1.26,0.92924316284511965,0.36946873251413087,0.14781124954336172,1,ok
CP-011-FIG11-001,n1_over_n5=1.5,1.5,a_over_A5=0.5,0.5,exact,eq20,1,1.5,0.44444444444444442,0.5,127,2.54,1.27,0.92924316284511965,0.36946873251413087,0.14610549311071105,1,ok
CP-011-FIG11-001,n1_over_n5=1.5,1.5,a_over_A5=0.5,0.5,exact,eq20,1,1.5,0.44444444444444442,0.5,128,2.5600000000000001,1.28,0.92924316284511965,0.36946873251413087,0.14441942127592769,1,ok
CP-011-FIG11-001,n1_over_n5=1.5,1.5,a_over_A5=0.5,0.5,exact,eq20,1,1.5,0.44444444444444442,0.5,129,2.5800000000000001,1.29,0.92924316284511965,0.36946873251413087,0.14275280687680628,1,ok
CP-011-FIG11-001,n1_over_n5=1.5,1.5,a_over_A5=0.5,0.5,exact,eq20,1,1.5,0.44444444444444442,0.5,130,2.6000000000000001,1.3,0.92924316284511965,0.36946873251413087,0.14110542537261558,1,ok
CP-011-FIG11-001,n1_over_n5=1.5,1.5,a_over_A5=0.5,0.5,exact,eq20,1,1.5,0.44444444444444442,0.5,131,2.6200000000000001,1.3100000000000001,0.92924316284511965,0.36946873251413087,0.13947705481384676,1,ok
CP-011-FIG11-001,n1_over_n5=1.5,1.5,a_over_A5=0.5,0.5,exact,eq20,1,1.5,0.44444444444444442,0.5,132,2.6400000000000001,1.3200000000000001,0.92924316284511965,0.36946873251413087,0.1378674758123101,1,ok
CP-011-FIG11-001,n1_over_n5=1.5,1.5,a_over_A5=0.5,0.5,exact,eq20,1,1.5,0.44444444444444442,0.5,133,2.6600000000000001,1.3300000000000001,0.92924316284511965,0.36946873251413087,0.13627647151157746,1,ok
CP-011-FIG11-001,n1_over_n5=1.5,1.5,a_over_A5=0.5,0.5,exact,eq20,1,1.5,0.44444444444444442,0.5,134,2.6800000000000002,1.3400000000000001,0.92924316284511965,0.36946873251413087,0.13470382755776517,1,ok
CP-011-FIG11-001,n1_over_n5=1.5,1.5,a_over_A5=0.5,0.5,exact,eq20,1,1.5,0.44444444444444442,0.5,135,2.7000000000000002,1.3500000000000001,0.92924316284511965,0.36946873251413087,0.13314933207065466,1,ok
CP-011-FIG11-001,n1_over_n5=1.5,1.5,a_over_A5=0.5,0.5,exact,eq20,1,1.5,0.44444444444444442,0.5,136,2.7200000000000002,1.3600000000000001,0.92924316284511965,0.36946873251413087,0.13161277561514595,1,ok
CP-011-FIG11-001,n1_over_n5=1.5,1.5,a_over_A5=0.5,0.5,exact,eq20,1,1.5,0.44444444444444442,0.5,137,2.7400000000000002,1.3700000000000001,0.92924316284511965,0.36946873251413087,0.13009395117304096,1,ok
CP-011-FIG11-001,n1_over_n5=1.5,1.5,a_over_A5=0.5,0.5,exact,eq20,1,1.5,0.44444444444444442,0.5,138,2.7600000000000002,1.3800000000000001,0.92924316284511965,0.36946873251413087,0.12859265411515189,1,ok
CP-011-FIG11-001,n1_over_n5=1.5,1.5,a_over_A5=0.5,0.5,exact,eq20,1,1.5,0.44444444444444442,0.5,139,2.7800000000000002,1.3900000000000001,0.92924316284511965,0.36946873251413087,0.12710868217373214,1,ok
CP-011-FIG11-001,n1_over_n5=1.5,1.5,a_over_A5=0.5,0.5,exact,eq20,1,1.5,0.44444444444444442,0.5,140,2.8000000000000003,1.4000000000000001,0.92924316284511965,0.36946873251413087,0.12564183541522489,1,ok
CP-011-FIG11-001,n1_over_n5=1.5,1.5,a_over_A5=0.5,0.5,exact,eq20,1,1.5,0.44444444444444442,0.5,141,2.8199999999999998,1.4099999999999999,0.92924316284511965,0.36946873251413087,0.12419191621332623,1,ok
CP-011-FIG11-001,n1_over_n5=1.5,1.5,a_over_A5=0.5,0.5,exact,eq20,1,1.5,0.44444444444444442,0.5,142,2.8399999999999999,1.4199999999999999,0.92924316284511965,0.36946873251413087,0.12275872922235943,1,ok
CP-011-FIG11-001,n1_over_n5=1.5,1.5,a_over_A5=0.5,0.5,exact,eq20,1,1.5,0.44444444444444442,0.5,143,2.8599999999999999,1.4299999999999999,0.92924316284511965,0.36946873251413087,0.1213420813509562,1,ok
CP-011-FIG11-001,n1_over_n5=1.5,1.5,a_over_A5=0.5,0.5,exact,eq20,1,1.5,0.44444444444444442,0.5,144,2.8799999999999999,1.4399999999999999,0.92924316284511965,0.36946873251413087,0.11994178173604159,1,ok
CP-011-FIG11-001,n1_over_n5=1.5,1.5,a_over_A5=0.5,0.5,exact,eq20,1,1.5,0.44444444444444442,0.5,145,2.8999999999999999,1.45,0.92924316284511965,0.36946873251413087,0.11855764171711961,1,ok
CP-011-FIG11-001,n1_over_n5=1.5,1.5,a_over_A5=0.5,0.5,exact,eq20,1,1.5,0.44444444444444442,0.5,146,2.9199999999999999,1.46,0.92924316284511965,0.36946873251413087,0.11718947481085484,1,ok
CP-011-FIG11-001,n1_over_n5=1.5,1.5,a_over_A5=0.5,0.5,exact,eq20,1,1.5,0.44444444444444442,0.5,147,2.9399999999999999,1.47,0.92924316284511965,0.36946873251413087,0.11583709668594816,1,ok
CP-011-FIG11-001,n1_over_n5=1.5,1.5,a_over_A5=0.5,0.5,exact,eq20,1,1.5,0.44444444444444442,0.5,148,2.96,1.48,0.92924316284511965,0.36946873251413087,0.11450032513830169,1,ok
CP-011-FIG11-001,n1_over_n5=1.5,1.5,a_over_A5=0.5,0.5,exact,eq20,1,1.5,0.44444444444444442,0.5,149,2.98,1.49,0.92924316284511965,0.36946873251413087,0.11317898006647105,1,ok
CP-011-FIG11-001,n1_over_n5=1.5,1.5,a_over_A5=0.5,0.5,exact,eq20,1,1.5,0.44444444444444442,0.5,150,3,1.5,0.92924316284511965,0.36946873251413087,0.11187288344740021,1,ok
CP-011-FIG11-001,n1_over_n5=1.5,1.5,a_over_A5=0.75,0.75,exact,eq20,1,1.5,0.44444444444444442,0.75,0,0,0,0.83290701482089191,0.55341296033084597,0.76784287876672119,1,ok
CP-011-FIG11-001,n1_over_n5=1.5,1.5,a_over_A5=0.75,0.75,exact,eq20,1,1.5,0.44444444444444442,0.75,1,0.02,0.014999999999999999,0.83290701482089191,0.55341296033084597,0.74807718108450305,1,ok
CP-011-FIG11-001,n1_over_n5=1.5,1.5,a_over_A5=0.75,0.75,exact,eq20,1,1.5,0.44444444444444442,0.75,2,0.040000000000000001,0.029999999999999999,0.83290701482089191,0.55341296033084597,0.72882028906509488,1,ok
CP-011-FIG11-001,n1_over_n5=1.5,1.5,a_over_A5=0.75,0.75,exact,eq20,1,1.5,0.44444444444444442,0.75,3,0.059999999999999998,0.044999999999999998,0.83290701482089191,0.55341296033084597,0.71005910510846915,1,ok
CP-011-FIG11-001,n1_over_n5=1.5,1.5,a_over_A5=0.75,0.75,exact,eq20,1,1.5,0.44444444444444442,0.75,4,0.080000000000000002,0.059999999999999998,0.83290701482089191,0.55341296033084597,0.69178086877107869,1,ok
CP-011-FIG11-001,n1_over_n5=1.5,1.5,a_over_A5=0.75,0.75,exact,eq20,1,1.5,0.44444444444444442,0.75,5,0.10000000000000001,0.075000000000000011,0.83290701482089191,0.55341296033084597,0.67397314808682451,1,ok
CP-011-FIG11-001,n1_over_n5=1.5,1.5,a_over_A5=0.75,0.75,exact,eq20,1,1.5,0.44444444444444442,0.75,6,0.12,0.089999999999999997,0.83290701482089191,0.55341296033084597,0.65662383111143818,1,ok
CP-011-FIG11-001,n1_over_n5=1.5,1.5,a_over_A5=0.75,0.75,exact,eq20,1,1.5,0.44444444444444442,0.75,7,0.14000000000000001,0.10500000000000001,0.83290701482089191,0.55341296033084597,0.63972111768452666,1,ok
CP-011-FIG11-001,n1_over_n5=1.5,1.5,a_over_A5=0.75,0.75,exact,eq20,1,1.5,0.44444444444444442,0.75,8,0.16,0.12,0.83290701482089191,0.55341296033084597,0.62325351140367902,1,ok
CP-011-FIG11-001,n1_over_n5=1.5,1.5,a_over_A5=0.75,0.75,exact,eq20,1,1.5,0.44444444444444442,0.75,9,0.17999999999999999,0.13500000000000001,0.83290701482089191,0.55341296033084597,0.60720981180517208,1,ok
CP-011-FIG11-001,n1_over_n5=1.5,1.5,a_over_A5=0.75,0.75,exact,eq20,1,1.5,0.44444444444444442,0.75,10,0.20000000000000001,0.15000000000000002,0.83290701482089191,0.55341296033084597,0.5915791067459617,1,ok
CP-011-FIG11-001,n1_over_n5=1.5,1.5,a_over_A5=0.75,0.75,exact,eq20,1,1.5,0.44444444444444442,0.75,11,0.22,0.16500000000000001,0.83290701482089191,0.55341296033084597,0.57635076498177396,1,ok
CP-011-FIG11-001,n1_over_n5=1.5,1.5,a_over_A5=0.75,0.75,exact,eq20,1,1.5,0.44444444444444442,0.75,12,0.23999999999999999,0.17999999999999999,0.83290701482089191,0.55341296033084597,0.56151442893625103,1,ok
CP-011-FIG11-001,n1_over_n5=1.5,1.5,a_over_A5=0.75,0.75,exact,eq20,1,1.5,0.44444444444444442,0.75,13,0.26000000000000001,0.19500000000000001,0.83290701482089191,0.55341296033084597,0.5470600076562312,1,ok
CP-011-FIG11-001,n1_over_n5=1.5,1.5,a_over_A5=0.75,0.75,exact,eq20,1,1.5,0.44444444444444442,0.75,14,0.28000000000000003,0.21000000000000002,0.83290701482089191,0.55341296033084597,0.53297766994837559,1,ok
CP-011-FIG11-001,n1_over_n5=1.5,1.5,a_over_A5=0.75,0.75,exact,eq20,1,1.5,0.44444444444444442,0.75,15,0.29999999999999999,0.22499999999999998,0.83290701482089191,0.55341296033084597,0.51925783769246803,1,ok
CP-011-FIG11-001,n1_over_n5=1.5,1.5,a_over_A5=0.75,0.75,exact,eq20,1,1.5,0.44444444444444442,0.75,16,0.32000000000000001,0.23999999999999999,0.83290701482089191,0.55341296033084597,0.50589117932684446,1,ok
CP-011-FIG11-001,n1_over_n5=1.5,1.5,a_over_A5=0.75,0.75,exact,eq20,1,1.5,0.44444444444444442,0.75,17,0.34000000000000002,0.255,0.83290701482089191,0.55341296033084597,0.49286860350151973,1,ok
CP-011-FIG11-001,n1_over_n5=1.5,1.5,a_over_A5=0.75,0.75,exact,eq20,1,1.5,0.44444444444444442,0.75,18,0.35999999999999999,0.27000000000000002,0.83290701482089191,0.55341296033084597,0.48018125289469354,1,ok
CP-011-FIG11-001,n1_over_n5=1.5,1.5,a_over_A5=0.75,0.75,exact,eq20,1,1.5,0.44444444444444442,0.75,19,0.38,0.28500000000000003,0.83290701482089191,0.55341296033084597,0.46782049818843191,1,ok
CP-011-FIG11-001,n1_over_n5=1.5,1.5,a_over_A5=0.75,0.75,exact,eq20,1,1.5,0.44444444444444442,0.75,20,0.40000000000000002,0.30000000000000004,0.83290701482089191,0.55341296033084597,0.45577793219942503,1,ok
CP-011-FIG11-001,n1_over_n5=1.5,1.5,a_over_A5=0.75,0.75,exact,eq20,1,1.5,0.44444444444444442,0.75,21,0.41999999999999998,0.315,0.83290701482089191,0.55341296033084597,0.44404536416083112,1,ok
CP-011-FIG11-001,n1_over_n5=1.5,1.5,a_over_A5=0.75,0.75,exact,eq20,1,1.5,0.44444444444444442,0.75,22,0.44,0.33000000000000002,0.83290701482089191,0.55341296033084597,0.43261481415131542,1,ok
CP-011-FIG11-001,n1_over_n5=1.5,1.5,a_over_A5=0.75,0.75,exact,eq20,1,1.5,0.44444444444444442,0.75,23,0.46000000000000002,0.34500000000000003,0.83290701482089191,0.55341296033084597,0.42147850766749673,1,ok
CP-011-FIG11-001,n1_over_n5=1.5,1.5,a_over_A5=0.75,0.75,exact,eq20,1,1.5,0.44444444444444442,0.75,24,0.47999999999999998,0.35999999999999999,0.83290701482089191,0.55341296033084597,0.41062887033610823,1,ok
CP-011-FIG11-001,n1_over_n5=1.5,1.5,a_over_A5=0.75,0.75,exact,eq20,1,1.5,0.44444444444444442,0.75,25,0.5,0.375,0.83290701482089191,0.55341296033084597,0.40005852276227849,1,ok
CP-011-FIG11-001,n1_over_n5=1.5,1.5,a_over_A5=0.75,0.75,exact,eq20,1,1.5,0.44444444444444442,0.75,26,0.52000000000000002,0.39000000000000001,0.83290701482089191,0.55341296033084597,0.38976027551042586,1,ok
CP-011-FIG11-001,n1_over_n5=1.5,1.5,a_over_A5=0.75,0.75,exact,eq20,1,1.5,0.44444444444444442,0.75,27,0.54000000000000004,0.40500000000000003,0.83290701482089191,0.55341296033084597,0.37972712421435489,1,ok
CP-011-FIG11-001,n1_over_n5=1.5,1.5,a_over_A5=0.75,0.75,exact,eq20,1,1.5,0.44444444444444442,0.75,28,0.56000000000000005,0.42000000000000004,0.83290701482089191,0.55341296033084597,0.36995224481322769,1,ok
CP-011-FIG11-001,n1_over_n5=1.5,1.5,a_over_A5=0.75,0.75,exact,eq20,1,1.5,0.44444444444444442,0.75,29,0.57999999999999996,0.43499999999999994,0.83290701482089191,0.55341296033084597,0.36042898891016978,1,ok
CP-011-FIG11-001,n1_over_n5=1.5,1.5,a_over_A5=0.75,0.75,exact,eq20,1,1.5,0.44444444444444442,0.75,30,0.59999999999999998,0.44999999999999996,0.83290701482089191,0.55341296033084597,0.35115087925035438,1,ok
CP-011-FIG11-001,n1_over_n5=1.5,1.5,a_over_A5=0.75,0.75,exact,eq20,1,1.5,0.44444444444444442,0.75,31,0.62,0.46499999999999997,0.83290701482089191,0.55341296033084597,0.34211160531548951,1,ok
CP-011-FIG11-001,n1_over_n5=1.5,1.5,a_over_A5=0.75,0.75,exact,eq20,1,1.5,0.44444444444444442,0.75,32,0.64000000000000001,0.47999999999999998,0.83290701482089191,0.55341296033084597,0.33330501903171056,1,ok
CP-011-FIG11-001,n1_over_n5=1.5,1.5,a_over_A5=0.75,0.75,exact,eq20,1,1.5,0.44444444444444442,0.75,33,0.66000000000000003,0.495,0.83290701482089191,0.55341296033084597,0.32472513058796004,1,ok
CP-011-FIG11-001,n1_over_n5=1.5,1.5,a_over_A5=0.75,0.75,exact,eq20,1,1.5,0.44444444444444442,0.75,34,0.68000000000000005,0.51000000000000001,0.83290701482089191,0.55341296033084597,0.3163661043620094,1,ok
CP-011-FIG11-001,n1_over_n5=1.5,1.5,a_over_A5=0.75,0.75,exact,eq20,1,1.5,0.44444444444444442,0.75,35,0.70000000000000007,0.52500000000000002,0.83290701482089191,0.55341296033084597,0.30822225495135369,1,ok
CP-011-FIG11-001,n1_over_n5=1.5,1.5,a_over_A5=0.75,0.75,exact,eq20,1,1.5,0.44444444444444442,0.75,36,0.71999999999999997,0.54000000000000004,0.83290701482089191,0.55341296033084597,0.30028804330627712,1,ok
CP-011-FIG11-001,n1_over_n5=1.5,1.5,a_over_A5=0.75,0.75,exact,eq20,1,1.5,0.44444444444444442,0.75,37,0.73999999999999999,0.55499999999999994,0.83290701482089191,0.55341296033084597,0.29255807296246156,1,ok
CP-011-FIG11-001,n1_over_n5=1.5,1.5,a_over_A5=0.75,0.75,exact,eq20,1,1.5,0.44444444444444442,0.75,38,0.76000000000000001,0.57000000000000006,0.83290701482089191,0.55341296033084597,0.28502708637057422,1,ok
CP-011-FIG11-001,n1_over_n5=1.5,1.5,a_over_A5=0.75,0.75,exact,eq20,1,1.5,0.44444444444444442,0.75,39,0.78000000000000003,0.58499999999999996,0.83290701482089191,0.55341296033084597,0.27768996132033874,1,ok
CP-011-FIG11-001,n1_over_n5=1.5,1.5,a_over_A5=0.75,0.75,exact,eq20,1,1.5,0.44444444444444442,0.75,40,0.80000000000000004,0.60000000000000009,0.83290701482089191,0.55341296033084597,0.27054170745665701,1,ok
CP-011-FIG11-001,n1_over_n5=1.5,1.5,a_over_A5=0.75,0.75,exact,eq20,1,1.5,0.44444444444444442,0.75,41,0.82000000000000006,0.61499999999999999,0.83290701482089191,0.55341296033084597,0.26357746288541323,1,ok
CP-011-FIG11-001,n1_over_n5=1.5,1.5,a_over_A5=0.75,0.75,exact,eq20,1,1.5,0.44444444444444442,0.75,42,0.83999999999999997,0.63,0.83290701482089191,0.55341296033084597,0.25679249086664951,1,ok
CP-011-FIG11-001,n1_over_n5=1.5,1.5,a_over_A5=0.75,0.75,exact,eq20,1,1.5,0.44444444444444442,0.75,43,0.85999999999999999,0.64500000000000002,0.83290701482089191,0.55341296033084597,0.2501821765928669,1,ok
CP-011-FIG11-001,n1_over_n5=1.5,1.5,a_over_A5=0.75,0.75,exact,eq20,1,1.5,0.44444444444444442,0.75,44,0.88,0.66000000000000003,0.83290701482089191,0.55341296033084597,0.24374202405025761,1,ok
CP-011-FIG11-001,n1_over_n5=1.5,1.5,a_over_A5=0.75,0.75,exact,eq20,1,1.5,0.44444444444444442,0.75,45,0.90000000000000002,0.67500000000000004,0.83290701482089191,0.55341296033084597,0.23746765296073555,1,ok
CP-011-FIG11-001,n1_over_n5=1.5,1.5,a_over_A5=0.75,0.75,exact,eq20,1,1.5,0.44444444444444442,0.75,46,0.92000000000000004,0.69000000000000006,0.83290701482089191,0.55341296033084597,0.23135479580268434,1,ok
CP-011-FIG11-001,n1_over_n5=1.5,1.5,a_over_A5=0.75,0.75,exact,eq20,1,1.5,0.44444444444444442,0.75,47,0.94000000000000006,0.70500000000000007,0.83290701482089191,0.55341296033084597,0.22539929490839722,1,ok
CP-011-FIG11-001,n1_over_n5=1.5,1.5,a_over_A5=0.75,0.75,exact,eq20,1,1.5,0.44444444444444442,0.75,48,0.95999999999999996,0.71999999999999997,0.83290701482089191,0.55341296033084597,0.21959709963623397,1,ok
CP-011-FIG11-001,n1_over_n5=1.5,1.5,a_over_A5=0.75,0.75,exact,eq20,1,1.5,0.44444444444444442,0.75,49,0.97999999999999998,0.73499999999999999,0.83290701482089191,0.55341296033084597,0.21394426361557145,1,ok
CP-011-FIG11-001,n1_over_n5=1.5,1.5,a_over_A5=0.75,0.75,exact,eq20,1,1.5,0.44444444444444442,0.75,50,1,0.75,0.83290701482089191,0.55341296033084597,0.20843694206267477,1,ok
CP-011-FIG11-001,n1_over_n5=1.5,1.5,a_over_A5=0.75,0.75,exact,eq20,1,1.5,0.44444444444444442,0.75,51,1.02,0.76500000000000001,0.83290701482089191,0.55341296033084597,0.2030713891656627,1,ok
CP-011-FIG11-001,n1_over_n5=1.5,1.5,a_over_A5=0.75,0.75,exact,eq20,1,1.5,0.44444444444444442,0.75,52,1.04,0.78000000000000003,0.83290701482089191,0.55341296033084597,0.1978439555367888,1,ok
CP-011-FIG11-001,n1_over_n5=1.5,1.5,a_over_A5=0.75,0.75,exact,eq20,1,1.5,0.44444444444444442,0.75,53,1.0600000000000001,0.79500000000000004,0.83290701482089191,0.55341296033084597,0.1927510857303053,1,ok
CP-011-FIG11-001,n1_over_n5=1.5,1.5,a_over_A5=0.75,0.75,exact,eq20,1,1.5,0.44444444444444442,0.75,54,1.0800000000000001,0.81000000000000005,0.83290701482089191,0.55341296033084597,0.1877893158242227,1,ok
CP-011-FIG11-001,n1_over_n5=1.5,1.5,a_over_A5=0.75,0.75,exact,eq20,1,1.5,0.44444444444444442,0.75,55,1.1000000000000001,0.82500000000000007,0.83290701482089191,0.55341296033084597,0.1829552710643183,1,ok
CP-011-FIG11-001,n1_over_n5=1.5,1.5,a_over_A5=0.75,0.75,exact,eq20,1,1.5,0.44444444444444442,0.75,56,1.1200000000000001,0.84000000000000008,0.83290701482089191,0.55341296033084597,0.17824566356879284,1,ok
CP-011-FIG11-001,n1_over_n5=1.5,1.5,a_over_A5=0.75,0.75,exact,eq20,1,1.5,0.44444444444444442,0.75,57,1.1400000000000001,0.85500000000000009,0.83290701482089191,0.55341296033084597,0.1736572900920135,1,ok
CP-011-FIG11-001,n1_over_n5=1.5,1.5,a_over_A5=0.75,0.75,exact,eq20,1,1.5,0.44444444444444442,0.75,58,1.1599999999999999,0.86999999999999988,0.83290701482089191,0.55341296033084597,0.16918702984582221,1,ok
CP-011-FIG11-001,n1_over_n5=1.5,1.5,a_over_A5=0.75,0.75,exact,eq20,1,1.5,0.44444444444444442,0.75,59,1.1799999999999999,0.88500000000000001,0.83290701482089191,0.55341296033084597,0.16483184237692736,1,ok
CP-011-FIG11-001,n1_over_n5=1.5,1.5,a_over_A5=0.75,0.75,exact,eq20,1,1.5,0.44444444444444442,0.75,60,1.2,0.89999999999999991,0.83290701482089191,0.55341296033084597,0.16058876549893605,1,ok
CP-011-FIG11-001,n1_over_n5=1.5,1.5,a_over_A5=0.75,0.75,exact,eq20,1,1.5,0.44444444444444442,0.75,61,1.22,0.91500000000000004,0.83290701482089191,0.55341296033084597,0.15645491327761851,1,ok
CP-011-FIG11-001,n1_over_n5=1.5,1.5,a_over_A5=0.75,0.75,exact,eq20,1,1.5,0.44444444444444442,0.75,62,1.24,0.92999999999999994,0.83290701482089191,0.55341296033084597,0.15242747406803697,1,ok
CP-011-FIG11-001,n1_over_n5=1.5,1.5,a_over_A5=0.75,0.75,exact,eq20,1,1.5,0.44444444444444442,0.75,63,1.26,0.94500000000000006,0.83290701482089191,0.55341296033084597,0.14850370860220094,1,ok
CP-011-FIG11-001,n1_over_n5=1.5,1.5,a_over_A5=0.75,0.75,exact,eq20,1,1.5,0.44444444444444442,0.75,64,1.28,0.95999999999999996,0.83290701482089191,0.55341296033084597,0.14468094812595111,1,ok
CP-011-FIG11-001,n1_over_n5=1.5,1.5,a_over_A5=0.75,0.75,exact,eq20,1,1.5,0.44444444444444442,0.75,65,1.3,0.97500000000000009,0.83290701482089191,0.55341296033084597,0.14095659258380239,1,ok
CP-011-FIG11-001,n1_over_n5=1.5,1.5,a_over_A5=0.75,0.75,exact,eq20,1,1.5,0.44444444444444442,0.75,66,1.3200000000000001,0.98999999999999999,0.83290701482089191,0.55341296033084597,0.13732810885051316,1,ok
CP-011-FIG11-001,n1_over_n5=1.5,1.5,a_over_A5=0.75,0.75,exact,eq20,1,1.5,0.44444444444444442,0.75,67,1.3400000000000001,1.0050000000000001,0.83290701482089191,0.55341296033084597,0.1337930290081765,1,ok
CP-011-FIG11-001,n1_over_n5=1.5,1.5,a_over_A5=0.75,0.75,exact,eq20,1,1.5,0.44444444444444442,0.75,68,1.3600000000000001,1.02,0.83290701482089191,0.55341296033084597,0.13034894866766286,1,ok
CP-011-FIG11-001,n1_over_n5=1.5,1.5,a_over_A5=0.75,0.75,exact,eq20,1,1.5,0.44444444444444442,0.75,69,1.3800000000000001,1.0350000000000001,0.83290701482089191,0.55341296033084597,0.12699352533327163,1,ok
CP-011-FIG11-001,n1_over_n5=1.5,1.5,a_over_A5=0.75,0.75,exact,eq20,1,1.5,0.44444444444444442,0.75,70,1.4000000000000001,1.05,0.83290701482089191,0.55341296033084597,0.12372447680947962,1,ok
CP-011-FIG11-001,n1_over_n5=1.5,1.5,a_over_A5=0.75,0.75,exact,eq20,1,1.5,0.44444444444444442,0.75,71,1.4199999999999999,1.0649999999999999,0.83290701482089191,0.55341296033084597,0.12053957964870288,1,ok
CP-011-FIG11-001,n1_over_n5=1.5,1.5,a_over_A5=0.75,0.75,exact,eq20,1,1.5,0.44444444444444442,0.75,72,1.4399999999999999,1.0800000000000001,0.83290701482089191,0.55341296033084597,0.11743666763901581,1,ok
CP-011-FIG11-001,n1_over_n5=1.5,1.5,a_over_A5=0.75,0.75,exact,eq20,1,1.5,0.44444444444444442,0.75,73,1.46,1.095,0.83290701482089191,0.55341296033084597,0.11441363033079964,1,ok
CP-011-FIG11-001,n1_over_n5=1.5,1.5,a_over_A5=0.75,0.75,exact,eq20,1,1.5,0.44444444444444442,0.75,74,1.48,1.1099999999999999,0.83290701482089191,0.55341296033084597,0.11146841160131697,1,ok
CP-011-FIG11-001,n1_over_n5=1.5,1.5,a_over_A5=0.75,0.75,exact,eq20,1,1.5,0.44444444444444442,0.75,75,1.5,1.125,0.83290701482089191,0.55341296033084597,0.10859900825623746,1,ok
CP-011-FIG11-001,n1_over_n5=1.5,1.5,a_over_A5=0.75,0.75,exact,eq20,1,1.5,0.44444444444444442,0.75,76,1.52,1.1400000000000001,0.83290701482089191,0.55341296033084597,0.1058034686671627,1,ok
CP-011-FIG11-001,n1_over_n5=1.5,1.5,a_over_A5=0.75,0.75,exact,eq20,1,1.5,0.44444444444444442,0.75,77,1.54,1.155,0.83290701482089191,0.55341296033084597,0.1030798914442234,1,ok
CP-011-FIG11-001,n1_over_n5=1.5,1.5,a_over_A5=0.75,0.75,exact,eq20,1,1.5,0.44444444444444442,0.75,78,1.5600000000000001,1.1699999999999999,0.83290701482089191,0.55341296033084597,0.10042642414284678,1,ok
CP-011-FIG11-001,n1_over_n5=1.5,1.5,a_over_A5=0.75,0.75,exact,eq20,1,1.5,0.44444444444444442,0.75,79,1.5800000000000001,1.1850000000000001,0.83290701482089191,0.55341296033084597,0.097841262003813892,1,ok
CP-011-FIG11-001,n1_over_n5=1.5,1.5,a_over_A5=0.75,0.75,exact,eq20,1,1.5,0.44444444444444442,0.75,80,1.6000000000000001,1.2000000000000002,0.83290701482089191,0.55341296033084597,0.095322646725750457,1,ok
CP-011-FIG11-001,n1_over_n5=1.5,1.5,a_over_A5=0.75,0.75,exact,eq20,1,1.5,0.44444444444444442,0.75,81,1.6200000000000001,1.2150000000000001,0.83290701482089191,0.55341296033084597,0.092868865269215686,1,ok
CP-011-FIG11-001,n1_over_n5=1.5,1.5,a_over_A5=0.75,0.75,exact,eq20,1,1.5,0.44444444444444442,0.75,82,1.6400000000000001,1.23,0.83290701482089191,0.55341296033084597,0.090478248691576446,1,ok
CP-011-FIG11-001,n1_over_n5=1.5,1.5,a_over_A5=0.75,0.75,exact,eq20,1,1.5,0.44444444444444442,0.75,83,1.6600000000000001,1.2450000000000001,0.83290701482089191,0.55341296033084597,0.088149171011873709,1,ok
CP-011-FIG11-001,n1_over_n5=1.5,1.5,a_over_A5=0.75,0.75,exact,eq20,1,1.5,0.44444444444444442,0.75,84,1.6799999999999999,1.26,0.83290701482089191,0.55341296033084597,0.085880048104909595,1,ok
CP-011-FIG11-001,n1_over_n5=1.5,1.5,a_over_A5=0.75,0.75,exact,eq20,1,1.5,0.44444444444444442,0.75,85,1.7,1.2749999999999999,0.83290701482089191,0.55341296033084597,0.083669336623802396,1,ok
CP-011-FIG11-001,n1_over_n5=1.5,1.5,a_over_A5=0.75,0.75,exact,eq20,1,1.5,0.44444444444444442,0.75,86,1.72,1.29,0.83290701482089191,0.55341296033084597,0.081515532950277303,1,ok
CP-011-FIG11-001,n1_over_n5=1.5,1.5,a_over_A5=0.75,0.75,exact,eq20,1,1.5,0.44444444444444442,0.75,87,1.74,1.3049999999999999,0.83290701482089191,0.55341296033084597,0.079417172171978592,1,ok
CP-011-FIG11-001,n1_over_n5=1.5,1.5,a_over_A5=0.75,0.75,exact,eq20,1,1.5,0.44444444444444442,0.75,88,1.76,1.3200000000000001,0.83290701482089191,0.55341296033084597,0.077372827086107293,1,ok
CP-011-FIG11-001,n1_over_n5=1.5,1.5,a_over_A5=0.75,0.75,exact,eq20,1,1.5,0.44444444444444442,0.75,89,1.78,1.335,0.83290701482089191,0.55341296033084597,0.075381107228707722,1,ok
CP-011-FIG11-001,n1_over_n5=1.5,1.5,a_over_A5=0.75,0.75,exact,eq20,1,1.5,0.44444444444444442,0.75,90,1.8,1.3500000000000001,0.83290701482089191,0.55341296033084597,0.073440657928941319,1,ok
CP-011-FIG11-001,n1_over_n5=1.5,1.5,a_over_A5=0.75,0.75,exact,eq20,1,1.5,0.44444444444444442,0.75,91,1.8200000000000001,1.365,0.83290701482089191,0.55341296033084597,0.071550159387705703,1,ok
CP-011-FIG11-001,n1_over_n5=1.5,1.5,a_over_A5=0.75,0.75,exact,eq20,1,1.5,0.44444444444444442,0.75,92,1.8400000000000001,1.3800000000000001,0.83290701482089191,0.55341296033084597,0.069708325779971492,1,ok
CP-011-FIG11-001,n1_over_n5=1.5,1.5,a_over_A5=0.75,0.75,exact,eq20,1,1.5,0.44444444444444442,0.75,93,1.8600000000000001,1.395,0.83290701482089191,0.55341296033084597,0.067913904380226917,1,ok
CP-011-FIG11-001,n1_over_n5=1.5,1.5,a_over_A5=0.75,0.75,exact,eq20,1,1.5,0.44444444444444442,0.75,94,1.8800000000000001,1.4100000000000001,0.83290701482089191,0.55341296033084597,0.066165674710434691,1,ok
CP-011-FIG11-001,n1_over_n5=1.5,1.5,a_over_A5=0.75,0.75,exact,eq20,1,1.5,0.44444444444444442,0.75,95,1.9000000000000001,1.425,0.83290701482089191,0.55341296033084597,0.064462447709922585,1,ok
CP-011-FIG11-001,n1_over_n5=1.5,1.5,a_over_A5=0.75,0.75,exact,eq20,1,1.5,0.44444444444444442,0.75,96,1.9199999999999999,1.4399999999999999,0.83290701482089191,0.55341296033084597,0.062803064926641963,1,ok
CP-011-FIG11-001,n1_over_n5=1.5,1.5,a_over_A5=0.75,0.75,exact,eq20,1,1.5,0.44444444444444442,0.75,97,1.9399999999999999,1.4550000000000001,0.83290701482089191,0.55341296033084597,0.06118639772924539,1,ok
CP-011-FIG11-001,n1_over_n5=1.5,1.5,a_over_A5=0.75,0.75,exact,eq20,1,1.5,0.44444444444444442,0.75,98,1.96,1.47,0.83290701482089191,0.55341296033084597,0.059611346539446379,1,ok
CP-011-FIG11-001,n1_over_n5=1.5,1.5,a_over_A5=0.75,0.75,exact,eq20,1,1.5,0.44444444444444442,0.75,99,1.98,1.4849999999999999,0.83290701482089191,0.55341296033084597,0.058076840084139915,1,ok
CP-011-FIG11-001,n1_over_n5=1.5,1.5,a_over_A5=0.75,0.75,exact,eq20,1,1.5,0.44444444444444442,0.75,100,2,1.5,0.83290701482089191,0.55341296033084597,0.056581834666774564,1,ok
CP-011-FIG11-001,n1_over_n5=1.5,1.5,a_over_A5=0.75,0.75,exact,eq20,1,1.5,0.44444444444444442,0.75,101,2.02,1.5150000000000001,0.83290701482089191,0.55341296033084597,0.055125313457481034,1,ok
CP-011-FIG11-001,n1_over_n5=1.5,1.5,a_over_A5=0.75,0.75,exact,eq20,1,1.5,0.44444444444444442,0.75,102,2.04,1.53,0.83290701482089191,0.55341296033084597,0.053706285801473949,1,ok
CP-011-FIG11-001,n1_over_n5=1.5,1.5,a_over_A5=0.75,0.75,exact,eq20,1,1.5,0.44444444444444442,0.75,103,2.0600000000000001,1.5449999999999999,0.83290701482089191,0.55341296033084597,0.052323786545256656,1,ok
CP-011-FIG11-001,n1_over_n5=1.5,1.5,a_over_A5=0.75,0.75,exact,eq20,1,1.5,0.44444444444444442,0.75,104,2.0800000000000001,1.5600000000000001,0.83290701482089191,0.55341296033084597,0.050976875380170941,1,ok
CP-011-FIG11-001,n1_over_n5=1.5,1.5,a_over_A5=0.75,0.75,exact,eq20,1,1.5,0.44444444444444442,0.75,105,2.1000000000000001,1.5750000000000002,0.83290701482089191,0.55341296033084597,0.049664636202844795,1,ok
CP-011-FIG11-001,n1_over_n5=1.5,1.5,a_over_A5=0.75,0.75,exact,eq20,1,1.5,0.44444444444444442,0.75,106,2.1200000000000001,1.5900000000000001,0.83290701482089191,0.55341296033084597,0.048386176492103618,1,ok
CP-011-FIG11-001,n1_over_n5=1.5,1.5,a_over_A5=0.75,0.75,exact,eq20,1,1.5,0.44444444444444442,0.75,107,2.1400000000000001,1.605,0.83290701482089191,0.55341296033084597,0.047140626701920665,1,ok
CP-011-FIG11-001,n1_over_n5=1.5,1.5,a_over_A5=0.75,0.75,exact,eq20,1,1.5,0.44444444444444442,0.75,108,2.1600000000000001,1.6200000000000001,0.83290701482089191,0.55341296033084597,0.045927139669994232,1,ok
CP-011-FIG11-001,n1_over_n5=1.5,1.5,a_over_A5=0.75,0.75,exact,eq20,1,1.5,0.44444444444444442,0.75,109,2.1800000000000002,1.6350000000000002,0.83290701482089191,0.55341296033084597,0.044744890041549197,1,ok
CP-011-FIG11-001,n1_over_n5=1.5,1.5,a_over_A5=0.75,0.75,exact,eq20,1,1.5,0.44444444444444442,0.75,110,2.2000000000000002,1.6500000000000001,0.83290701482089191,0.55341296033084597,0.043593073707970838,1,ok
CP-011-FIG11-001,n1_over_n5=1.5,1.5,a_over_A5=0.75,0.75,exact,eq20,1,1.5,0.44444444444444442,0.75,111,2.2200000000000002,1.665,0.83290701482089191,0.55341296033084597,0.042470907259889237,1,ok
CP-011-FIG11-001,n1_over_n5=1.5,1.5,a_over_A5=0.75,0.75,exact,eq20,1,1.5,0.44444444444444442,0.75,112,2.2400000000000002,1.6800000000000002,0.83290701482089191,0.55341296033084597,0.041377627454342529,1,ok
CP-011-FIG11-001,n1_over_n5=1.5,1.5,a_over_A5=0.75,0.75,exact,eq20,1,1.5,0.44444444444444442,0.75,113,2.2600000000000002,1.6950000000000003,0.83290701482089191,0.55341296033084597,0.040312490695656164,1,ok
CP-011-FIG11-001,n1_over_n5=1.5,1.5,a_over_A5=0.75,0.75,exact,eq20,1,1.5,0.44444444444444442,0.75,114,2.2800000000000002,1.7100000000000002,0.83290701482089191,0.55341296033084597,0.03927477252968533,1,ok
CP-011-FIG11-001,n1_over_n5=1.5,1.5,a_over_A5=0.75,0.75,exact,eq20,1,1.5,0.44444444444444442,0.75,115,2.3000000000000003,1.7250000000000001,0.83290701482089191,0.55341296033084597,0.038263767151076496,1,ok
CP-011-FIG11-001,n1_over_n5=1.5,1.5,a_over_A5=0.75,0.75,exact,eq20,1,1.5,0.44444444444444442,0.75,116,2.3199999999999998,1.7399999999999998,0.83290701482089191,0.55341296033084597,0.037278786923213077,1,ok
CP-011-FIG11-001,n1_over_n5=1.5,1.5,a_over_A5=0.75,0.75,exact,eq20,1,1.5,0.44444444444444442,0.75,117,2.3399999999999999,1.7549999999999999,0.83290701482089191,0.55341296033084597,0.036319161910518351,1,ok
CP-011-FIG11-001,n1_over_n5=1.5,1.5,a_over_A5=0.75,0.75,exact,eq20,1,1.5,0.44444444444444442,0.75,118,2.3599999999999999,1.77,0.83290701482089191,0.55341296033084597,0.035384239422798135,1,ok
CP-011-FIG11-001,n1_over_n5=1.5,1.5,a_over_A5=0.75,0.75,exact,eq20,1,1.5,0.44444444444444442,0.75,119,2.3799999999999999,1.7849999999999999,0.83290701482089191,0.55341296033084597,0.034473383571312494,1,ok
CP-011-FIG11-001,n1_over_n5=1.5,1.5,a_over_A5=0.75,0.75,exact,eq20,1,1.5,0.44444444444444442,0.75,120,2.3999999999999999,1.7999999999999998,0.83290701482089191,0.55341296033084597,0.033585974836275283,1,ok
CP-011-FIG11-001,n1_over_n5=1.5,1.5,a_over_A5=0.75,0.75,exact,eq20,1,1.5,0.44444444444444442,0.75,121,2.4199999999999999,1.8149999999999999,0.83290701482089191,0.55341296033084597,0.032721409645486949,1,ok
CP-011-FIG11-001,n1_over_n5=1.5,1.5,a_over_A5=0.75,0.75,exact,eq20,1,1.5,0.44444444444444442,0.75,122,2.4399999999999999,1.8300000000000001,0.83290701482089191,0.55341296033084597,0.031879099963814141,1,ok
CP-011-FIG11-001,n1_over_n5=1.5,1.5,a_over_A5=0.75,0.75,exact,eq20,1,1.5,0.44444444444444442,0.75,123,2.46,1.845,0.83290701482089191,0.55341296033084597,0.031058472893236863,1,ok
CP-011-FIG11-001,n1_over_n5=1.5,1.5,a_over_A5=0.75,0.75,exact,eq20,1,1.5,0.44444444444444442,0.75,124,2.48,1.8599999999999999,0.83290701482089191,0.55341296033084597,0.030258970283191054,1,ok
CP-011-FIG11-001,n1_over_n5=1.5,1.5,a_over_A5=0.75,0.75,exact,eq20,1,1.5,0.44444444444444442,0.75,125,2.5,1.875,0.83290701482089191,0.55341296033084597,0.029480048350941833,1,ok
CP-011-FIG11-001,n1_over_n5=1.5,1.5,a_over_A5=0.75,0.75,exact,eq20,1,1.5,0.44444444444444442,0.75,126,2.52,1.8900000000000001,0.83290701482089191,0.55341296033084597,0.02872117731172897,1,ok
CP-011-FIG11-001,n1_over_n5=1.5,1.5,a_over_A5=0.75,0.75,exact,eq20,1,1.5,0.44444444444444442,0.75,127,2.54,1.905,0.83290701482089191,0.55341296033084597,0.027981841018433106,1,ok
CP-011-FIG11-001,n1_over_n5=1.5,1.5,a_over_A5=0.75,0.75,exact,eq20,1,1.5,0.44444444444444442,0.75,128,2.5600000000000001,1.9199999999999999,0.83290701482089191,0.55341296033084597,0.027261536610517549,1,ok
CP-011-FIG11-001,n1_over_n5=1.5,1.5,a_over_A5=0.75,0.75,exact,eq20,1,1.5,0.44444444444444442,0.75,129,2.5800000000000001,1.9350000000000001,0.83290701482089191,0.55341296033084597,0.026559774172007101,1,ok
CP-011-FIG11-001,n1_over_n5=1.5,1.5,a_over_A5=0.75,0.75,exact,eq20,1,1.5,0.44444444444444442,0.75,130,2.6000000000000001,1.9500000000000002,0.83290701482089191,0.55341296033084597,0.025876076398271053,1,ok
CP-011-FIG11-001,n1_over_n5=1.5,1.5,a_over_A5=0.75,0.75,exact,eq20,1,1.5,0.44444444444444442,0.75,131,2.6200000000000001,1.9650000000000001,0.83290701482089191,0.55341296033084597,0.025209978271383833,1,ok
CP-011-FIG11-001,n1_over_n5=1.5,1.5,a_over_A5=0.75,0.75,exact,eq20,1,1.5,0.44444444444444442,0.75,132,2.6400000000000001,1.98,0.83290701482089191,0.55341296033084597,0.024561026743842421,1,ok
CP-011-FIG11-001,n1_over_n5=1.5,1.5,a_over_A5=0.75,0.75,exact,eq20,1,1.5,0.44444444444444442,0.75,133,2.6600000000000001,1.9950000000000001,0.83290701482089191,0.55341296033084597,0.023928780430425543,1,ok
CP-011-FIG11-001,n1_over_n5=1.5,1.5,a_over_A5=0.75,0.75,exact,eq20,1,1.5,0.44444444444444442,0.75,134,2.6800000000000002,2.0100000000000002,0.83290701482089191,0.55341296033084597,0.023312809307984919,1,ok
CP-011-FIG11-001,n1_over_n5=1.5,1.5,a_over_A5=0.75,0.75,exact,eq20,1,1.5,0.44444444444444442,0.75,135,2.7000000000000002,2.0250000000000004,0.83290701482089191,0.55341296033084597,0.022712694422964502,1,ok
CP-011-FIG11-001,n1_over_n5=1.5,1.5,a_over_A5=0.75,0.75,exact,eq20,1,1.5,0.44444444444444442,0.75,136,2.7200000000000002,2.04,0.83290701482089191,0.55341296033084597,0.02212802760644865,1,ok
CP-011-FIG11-001,n1_over_n5=1.5,1.5,a_over_A5=0.75,0.75,exact,eq20,1,1.5,0.44444444444444442,0.75,137,2.7400000000000002,2.0550000000000002,0.83290701482089191,0.55341296033084597,0.021558411196545436,1,ok
CP-011-FIG11-001,n1_over_n5=1.5,1.5,a_over_A5=0.75,0.75,exact,eq20,1,1.5,0.44444444444444442,0.75,138,2.7600000000000002,2.0700000000000003,0.83290701482089191,0.55341296033084597,0.021003457767916556,1,ok
CP-011-FIG11-001,n1_over_n5=1.5,1.5,a_over_A5=0.75,0.75,exact,eq20,1,1.5,0.44444444444444442,0.75,139,2.7800000000000002,2.085,0.83290701482089191,0.55341296033084597,0.020462789868269344,1,ok
CP-011-FIG11-001,n1_over_n5=1.5,1.5,a_over_A5=0.75,0.75,exact,eq20,1,1.5,0.44444444444444442,0.75,140,2.8000000000000003,2.1000000000000001,0.83290701482089191,0.55341296033084597,0.019936039761632166,1,ok
CP-011-FIG11-001,n1_over_n5=1.5,1.5,a_over_A5=0.75,0.75,exact,eq20,1,1.5,0.44444444444444442,0.75,141,2.8199999999999998,2.1149999999999998,0.83290701482089191,0.55341296033084597,0.019422849178238333,1,ok
CP-011-FIG11-001,n1_over_n5=1.5,1.5,a_over_A5=0.75,0.75,exact,eq20,1,1.5,0.44444444444444442,0.75,142,2.8399999999999999,2.1299999999999999,0.83290701482089191,0.55341296033084597,0.018922869070848395,1,ok
CP-011-FIG11-001,n1_over_n5=1.5,1.5,a_over_A5=0.75,0.75,exact,eq20,1,1.5,0.44444444444444442,0.75,143,2.8599999999999999,2.145,0.83290701482089191,0.55341296033084597,0.018435759377345304,1,ok
CP-011-FIG11-001,n1_over_n5=1.5,1.5,a_over_A5=0.75,0.75,exact,eq20,1,1.5,0.44444444444444442,0.75,144,2.8799999999999999,2.1600000000000001,0.83290701482089191,0.55341296033084597,0.017961188789440641,1,ok
CP-011-FIG11-001,n1_over_n5=1.5,1.5,a_over_A5=0.75,0.75,exact,eq20,1,1.5,0.44444444444444442,0.75,145,2.8999999999999999,2.1749999999999998,0.83290701482089191,0.55341296033084597,0.01749883452733492,1,ok
CP-011-FIG11-001,n1_over_n5=1.5,1.5,a_over_A5=0.75,0.75,exact,eq20,1,1.5,0.44444444444444442,0.75,146,2.9199999999999999,2.1899999999999999,0.83290701482089191,0.55341296033084597,0.017048382120178392,1,ok
CP-011-FIG11-001,n1_over_n5=1.5,1.5,a_over_A5=0.75,0.75,exact,eq20,1,1.5,0.44444444444444442,0.75,147,2.9399999999999999,2.2050000000000001,0.83290701482089191,0.55341296033084597,0.016609525192183422,1,ok
CP-011-FIG11-001,n1_over_n5=1.5,1.5,a_over_A5=0.75,0.75,exact,eq20,1,1.5,0.44444444444444442,0.75,148,2.96,2.2199999999999998,0.83290701482089191,0.55341296033084597,0.016181965254242495,1,ok
CP-011-FIG11-001,n1_over_n5=1.5,1.5,a_over_A5=0.75,0.75,exact,eq20,1,1.5,0.44444444444444442,0.75,149,2.98,2.2349999999999999,0.83290701482089191,0.55341296033084597,0.015765411500910508,1,ok
CP-011-FIG11-001,n1_over_n5=1.5,1.5,a_over_A5=0.75,0.75,exact,eq20,1,1.5,0.44444444444444442,0.75,150,3,2.25,0.83290701482089191,0.55341296033084597,0.015359580612613062,1,ok
CP-011-FIG11-001,n1_over_n5=1.5,1.5,a_over_A5=1,1,exact,eq20,1,1.5,0.44444444444444442,1,0,0,0,0.72290555158270742,0.69094686010640605,0.72216720624263586,1,ok
CP-011-FIG11-001,n1_over_n5=1.5,1.5,a_over_A5=1,1,exact,eq20,1,1.5,0.44444444444444442,1,1,0.02,0.02,0.72290555158270742,0.69094686010640605,0.69148622336531085,1,ok
CP-011-FIG11-001,n1_over_n5=1.5,1.5,a_over_A5=1,1,exact,eq20,1,1.5,0.44444444444444442,1,2,0.040000000000000001,0.040000000000000001,0.72290555158270742,0.69094686010640605,0.66210870968761393,1,ok
CP-011-FIG11-001,n1_over_n5=1.5,1.5,a_over_A5=1,1,exact,eq20,1,1.5,0.44444444444444442,1,3,0.059999999999999998,0.059999999999999998,0.72290555158270742,0.69094686010640605,0.63397928784561985,1,ok
CP-011-FIG11-001,n1_over_n5=1.5,1.5,a_over_A5=1,1,exact,eq20,1,1.5,0.44444444444444442,1,4,0.080000000000000002,0.080000000000000002,0.72290555158270742,0.69094686010640605,0.60704493316040464,1,ok
CP-011-FIG11-001,n1_over_n5=1.5,1.5,a_over_A5=1,1,exact,eq20,1,1.5,0.44444444444444442,1,5,0.10000000000000001,0.10000000000000001,0.72290555158270742,0.69094686010640605,0.58125487368517048,1,ok
CP-011-FIG11-001,n1_over_n5=1.5,1.5,a_over_A5=1,1,exact,eq20,1,1.5,0.44444444444444442,1,6,0.12,0.12,0.72290555158270742,0.69094686010640605,0.55656049449882916,1,ok
CP-011-FIG11-001,n1_over_n5=1.5,1.5,a_over_A5=1,1,exact,eq20,1,1.5,0.44444444444444442,1,7,0.14000000000000001,0.14000000000000001,0.72290555158270742,0.69094686010640605,0.53291524606563334,1,ok
CP-011-FIG11-001,n1_over_n5=1.5,1.5,a_over_A5=1,1,exact,eq20,1,1.5,0.44444444444444442,1,8,0.16,0.16,0.72290555158270742,0.69094686010640605,0.51027455648811226,1,ok
CP-011-FIG11-001,n1_over_n5=1.5,1.5,a_over_A5=1,1,exact,eq20,1,1.5,0.44444444444444442,1,9,0.17999999999999999,0.17999999999999999,0.72290555158270742,0.69094686010640605,0.48859574748790646,1,ok
CP-011-FIG11-001,n1_over_n5=1.5,1.5,a_over_A5=1,1,exact,eq20,1,1.5,0.44444444444444442,1,10,0.20000000000000001,0.20000000000000001,0.72290555158270742,0.69094686010640605,0.46783795395612199,1,ok
CP-011-FIG11-001,n1_over_n5=1.5,1.5,a_over_A5=1,1,exact,eq20,1,1.5,0.44444444444444442,1,11,0.22,0.22,0.72290555158270742,0.69094686010640605,0.44796204692155644,1,ok
CP-011-FIG11-001,n1_over_n5=1.5,1.5,a_over_A5=1,1,exact,eq20,1,1.5,0.44444444444444442,1,12,0.23999999999999999,0.23999999999999999,0.72290555158270742,0.69094686010640605,0.42893055979158839,1,ok
CP-011-FIG11-001,n1_over_n5=1.5,1.5,a_over_A5=1,1,exact,eq20,1,1.5,0.44444444444444442,1,13,0.26000000000000001,0.26000000000000001,0.72290555158270742,0.69094686010640605,0.41070761772669268,1,ok
CP-011-FIG11-001,n1_over_n5=1.5,1.5,a_over_A5=1,1,exact,eq20,1,1.5,0.44444444444444442,1,14,0.28000000000000003,0.28000000000000003,0.72290555158270742,0.69094686010640605,0.39325887001545157,1,ok
CP-011-FIG11-001,n1_over_n5=1.5,1.5,a_over_A5=1,1,exact,eq20,1,1.5,0.44444444444444442,1,15,0.29999999999999999,0.29999999999999999,0.72290555158270742,0.69094686010640605,0.37655142532258579,1,ok
CP-011-FIG11-001,n1_over_n5=1.5,1.5,a_over_A5=1,1,exact,eq20,1,1.5,0.44444444444444442,1,16,0.32000000000000001,0.32000000000000001,0.72290555158270742,0.69094686010640605,0.36055378968794716,1,ok
CP-011-FIG11-001,n1_over_n5=1.5,1.5,a_over_A5=1,1,exact,eq20,1,1.5,0.44444444444444442,1,17,0.34000000000000002,0.34000000000000002,0.72290555158270742,0.69094686010640605,0.34523580715959923,1,ok
CP-011-FIG11-001,n1_over_n5=1.5,1.5,a_over_A5=1,1,exact,eq20,1,1.5,0.44444444444444442,1,18,0.35999999999999999,0.35999999999999999,0.72290555158270742,0.69094686010640605,0.33056860294907686,1,ok
CP-011-FIG11-001,n1_over_n5=1.5,1.5,a_over_A5=1,1,exact,eq20,1,1.5,0.44444444444444442,1,19,0.38,0.38,0.72290555158270742,0.69094686010640605,0.31652452900167277,1,ok
CP-011-FIG11-001,n1_over_n5=1.5,1.5,a_over_A5=1,1,exact,eq20,1,1.5,0.44444444444444442,1,20,0.40000000000000002,0.40000000000000002,0.72290555158270742,0.69094686010640605,0.30307711187914721,1,ok
CP-011-FIG11-001,n1_over_n5=1.5,1.5,a_over_A5=1,1,exact,eq20,1,1.5,0.44444444444444442,1,21,0.41999999999999998,0.41999999999999998,0.72290555158270742,0.69094686010640605,0.29020100285662115,1,ok
CP-011-FIG11-001,n1_over_n5=1.5,1.5,a_over_A5=1,1,exact,eq20,1,1.5,0.44444444444444442,1,22,0.44,0.44,0.72290555158270742,0.69094686010640605,0.27787193013958189,1,ok
CP-011-FIG11-001,n1_over_n5=1.5,1.5,a_over_A5=1,1,exact,eq20,1,1.5,0.44444444444444442,1,23,0.46000000000000002,0.46000000000000002,0.72290555158270742,0.69094686010640605,0.2660666531109302,1,ok
CP-011-FIG11-001,n1_over_n5=1.5,1.5,a_over_A5=1,1,exact,eq20,1,1.5,0.44444444444444442,1,24,0.47999999999999998,0.47999999999999998,0.72290555158270742,0.69094686010640605,0.25476291852182326,1,ok
CP-011-FIG11-001,n1_over_n5=1.5,1.5,a_over_A5=1,1,exact,eq20,1,1.5,0.44444444444444442,1,25,0.5,0.5,0.72290555158270742,0.69094686010640605,0.24393941854373197,1,ok
CP-011-FIG11-001,n1_over_n5=1.5,1.5,a_over_A5=1,1,exact,eq20,1,1.5,0.44444444444444442,1,26,0.52000000000000002,0.52000000000000002,0.72290555158270742,0.69094686010640605,0.23357575060263991,1,ok
CP-011-FIG11-001,n1_over_n5=1.5,1.5,a_over_A5=1,1,exact,eq20,1,1.5,0.44444444444444442,1,27,0.54000000000000004,0.54000000000000004,0.72290555158270742,0.69094686010640605,0.22365237891966958,1,ok
CP-011-FIG11-001,n1_over_n5=1.5,1.5,a_over_A5=1,1,exact,eq20,1,1.5,0.44444444444444442,1,28,0.56000000000000005,0.56000000000000005,0.72290555158270742,0.69094686010640605,0.21415059768564063,1,ok
CP-011-FIG11-001,n1_over_n5=1.5,1.5,a_over_A5=1,1,exact,eq20,1,1.5,0.44444444444444442,1,29,0.57999999999999996,0.57999999999999996,0.72290555158270742,0.69094686010640605,0.20505249580014118,1,ok
CP-011-FIG11-001,n1_over_n5=1.5,1.5,a_over_A5=1,1,exact,eq20,1,1.5,0.44444444444444442,1,30,0.59999999999999998,0.59999999999999998,0.72290555158270742,0.69094686010640605,0.19634092310864573,1,ok
CP-011-FIG11-001,n1_over_n5=1.5,1.5,a_over_A5=1,1,exact,eq20,1,1.5,0.44444444444444442,1,31,0.62,0.62,0.72290555158270742,0.69094686010640605,0.18799945807403631,1,ok
CP-011-FIG11-001,n1_over_n5=1.5,1.5,a_over_A5=1,1,exact,eq20,1,1.5,0.44444444444444442,1,32,0.64000000000000001,0.64000000000000001,0.72290555158270742,0.69094686010640605,0.18001237682158469,1,ok
CP-011-FIG11-001,n1_over_n5=1.5,1.5,a_over_A5=1,1,exact,eq20,1,1.5,0.44444444444444442,1,33,0.66000000000000003,0.66000000000000003,0.72290555158270742,0.69094686010640605,0.17236462349904738,1,ok
CP-011-FIG11-001,n1_over_n5=1.5,1.5,a_over_A5=1,1,exact,eq20,1,1.5,0.44444444444444442,1,34,0.68000000000000005,0.68000000000000005,0.72290555158270742,0.69094686010640605,0.16504178189599894,1,ok
CP-011-FIG11-001,n1_over_n5=1.5,1.5,a_over_A5=1,1,exact,eq20,1,1.5,0.44444444444444442,1,35,0.70000000000000007,0.70000000000000007,0.72290555158270742,0.69094686010640605,0.15803004826890726,1,ok
CP-011-FIG11-001,n1_over_n5=1.5,1.5,a_over_A5=1,1,exact,eq20,1,1.5,0.44444444444444442,1,36,0.71999999999999997,0.71999999999999997,0.72290555158270742,0.69094686010640605,0.15131620532072418,1,ok
CP-011-FIG11-001,n1_over_n5=1.5,1.5,a_over_A5=1,1,exact,eq20,1,1.5,0.44444444444444442,1,37,0.73999999999999999,0.73999999999999999,0.72290555158270742,0.69094686010640605,0.14488759728594294,1,ok
CP-011-FIG11-001,n1_over_n5=1.5,1.5,a_over_A5=1,1,exact,eq20,1,1.5,0.44444444444444442,1,38,0.76000000000000001,0.76000000000000001,0.72290555158270742,0.69094686010640605,0.13873210607415673,1,ok
CP-011-FIG11-001,n1_over_n5=1.5,1.5,a_over_A5=1,1,exact,eq20,1,1.5,0.44444444444444442,1,39,0.78000000000000003,0.78000000000000003,0.72290555158270742,0.69094686010640605,0.13283812842714857,1,ok
CP-011-FIG11-001,n1_over_n5=1.5,1.5,a_over_A5=1,1,exact,eq20,1,1.5,0.44444444444444442,1,40,0.80000000000000004,0.80000000000000004,0.72290555158270742,0.69094686010640605,0.12719455404645327,1,ok
CP-011-FIG11-001,n1_over_n5=1.5,1.5,a_over_A5=1,1,exact,eq20,1,1.5,0.44444444444444442,1,41,0.82000000000000006,0.82000000000000006,0.72290555158270742,0.69094686010640605,0.12179074465016079,1,ok
CP-011-FIG11-001,n1_over_n5=1.5,1.5,a_over_A5=1,1,exact,eq20,1,1.5,0.44444444444444442,1,42,0.83999999999999997,0.83999999999999997,0.72290555158270742,0.69094686010640605,0.1166165139194832,1,ok
CP-011-FIG11-001,n1_over_n5=1.5,1.5,a_over_A5=1,1,exact,eq20,1,1.5,0.44444444444444442,1,43,0.85999999999999999,0.85999999999999999,0.72290555158270742,0.69094686010640605,0.11166210829728318,1,ok
CP-011-FIG11-001,n1_over_n5=1.5,1.5,a_over_A5=1,1,exact,eq20,1,1.5,0.44444444444444442,1,44,0.88,0.88,0.72290555158270742,0.69094686010640605,0.10691818860236989,1,ok
CP-011-FIG11-001,n1_over_n5=1.5,1.5,a_over_A5=1,1,exact,eq20,1,1.5,0.44444444444444442,1,45,0.90000000000000002,0.90000000000000002,0.72290555158270742,0.69094686010640605,0.10237581242490361,1,ok
CP-011-FIG11-001,n1_over_n5=1.5,1.5,a_over_A5=1,1,exact,eq20,1,1.5,0.44444444444444442,1,46,0.92000000000000004,0.92000000000000004,0.72290555158270742,0.69094686010640605,0.098026417269724858,1,ok
CP-011-FIG11-001,n1_over_n5=1.5,1.5,a_over_A5=1,1,exact,eq20,1,1.5,0.44444444444444442,1,47,0.94000000000000006,0.94000000000000006,0.72290555158270742,0.69094686010640605,0.093861804415832029,1,ok
CP-011-FIG11-001,n1_over_n5=1.5,1.5,a_over_A5=1,1,exact,eq20,1,1.5,0.44444444444444442,1,48,0.95999999999999996,0.95999999999999996,0.72290555158270742,0.69094686010640605,0.089874123461583036,1,ok
CP-011-FIG11-001,n1_over_n5=1.5,1.5,a_over_A5=1,1,exact,eq20,1,1.5,0.44444444444444442,1,49,0.97999999999999998,0.97999999999999998,0.72290555158270742,0.69094686010640605,0.086055857526487423,1,ok
CP-011-FIG11-001,n1_over_n5=1.5,1.5,a_over_A5=1,1,exact,eq20,1,1.5,0.44444444444444442,1,50,1,1,0.72290555158270742,0.69094686010640605,0.082399809081694725,1,ok
CP-011-FIG11-001,n1_over_n5=1.5,1.5,a_over_A5=1,1,exact,eq20,1,1.5,0.44444444444444442,1,51,1.02,1.02,0.72290555158270742,0.69094686010640605,0.078899086382468592,1,ok
CP-011-FIG11-001,n1_over_n5=1.5,1.5,a_over_A5=1,1,exact,eq20,1,1.5,0.44444444444444442,1,52,1.04,1.04,0.72290555158270742,0.69094686010640605,0.075547090477071865,1,ok
CP-011-FIG11-001,n1_over_n5=1.5,1.5,a_over_A5=1,1,exact,eq20,1,1.5,0.44444444444444442,1,53,1.0600000000000001,1.0600000000000001,0.72290555158270742,0.69094686010640605,0.072337502767574016,1,ok
CP-011-FIG11-001,n1_over_n5=1.5,1.5,a_over_A5=1,1,exact,eq20,1,1.5,0.44444444444444442,1,54,1.0800000000000001,1.0800000000000001,0.72290555158270742,0.69094686010640605,0.069264273099132481,1,ok
CP-011-FIG11-001,n1_over_n5=1.5,1.5,a_over_A5=1,1,exact,eq20,1,1.5,0.44444444444444442,1,55,1.1000000000000001,1.1000000000000001,0.72290555158270742,0.69094686010640605,0.066321608355296338,1,ok
CP-011-FIG11-001,n1_over_n5=1.5,1.5,a_over_A5=1,1,exact,eq20,1,1.5,0.44444444444444442,1,56,1.1200000000000001,1.1200000000000001,0.72290555158270742,0.69094686010640605,0.063503961537833636,1,ok
CP-011-FIG11-001,n1_over_n5=1.5,1.5,a_over_A5=1,1,exact,eq20,1,1.5,0.44444444444444442,1,57,1.1400000000000001,1.1400000000000001,0.72290555158270742,0.69094686010640605,0.060806021310498046,1,ok
CP-011-FIG11-001,n1_over_n5=1.5,1.5,a_over_A5=1,1,exact,eq20,1,1.5,0.44444444444444442,1,58,1.1599999999999999,1.1599999999999999,0.72290555158270742,0.69094686010640605,0.058222701987024311,1,ok
CP-011-FIG11-001,n1_over_n5=1.5,1.5,a_over_A5=1,1,exact,eq20,1,1.5,0.44444444444444442,1,59,1.1799999999999999,1.1799999999999999,0.72290555158270742,0.69094686010640605,0.055749133944479723,1,ok
CP-011-FIG11-001,n1_over_n5=1.5,1.5,a_over_A5=1,1,exact,eq20,1,1.5,0.44444444444444442,1,60,1.2,1.2,0.72290555158270742,0.69094686010640605,0.053380654443900458,1,ok
CP-011-FIG11-001,n1_over_n5=1.5,1.5,a_over_A5=1,1,exact,eq20,1,1.5,0.44444444444444442,1,61,1.22,1.22,0.72290555158270742,0.69094686010640605,0.051112798840909475,1,ok
CP-011-FIG11-001,n1_over_n5=1.5,1.5,a_over_A5=1,1,exact,eq20,1,1.5,0.44444444444444442,1,62,1.24,1.24,0.72290555158270742,0.69094686010640605,0.048941292169747762,1,ok
CP-011-FIG11-001,n1_over_n5=1.5,1.5,a_over_A5=1,1,exact,eq20,1,1.5,0.44444444444444442,1,63,1.26,1.26,0.72290555158270742,0.69094686010640605,0.0468620410848547,1,ok
CP-011-FIG11-001,n1_over_n5=1.5,1.5,a_over_A5=1,1,exact,eq20,1,1.5,0.44444444444444442,1,64,1.28,1.28,0.72290555158270742,0.69094686010640605,0.044871126144807046,1,ok
CP-011-FIG11-001,n1_over_n5=1.5,1.5,a_over_A5=1,1,exact,eq20,1,1.5,0.44444444444444442,1,65,1.3,1.3,0.72290555158270742,0.69094686010640605,0.042964794424071785,1,ok
CP-011-FIG11-001,n1_over_n5=1.5,1.5,a_over_A5=1,1,exact,eq20,1,1.5,0.44444444444444442,1,66,1.3200000000000001,1.3200000000000001,0.72290555158270742,0.69094686010640605,0.041139452438645419,1,ok
CP-011-FIG11-001,n1_over_n5=1.5,1.5,a_over_A5=1,1,exact,eq20,1,1.5,0.44444444444444442,1,67,1.3400000000000001,1.3400000000000001,0.72290555158270742,0.69094686010640605,0.03939165937224505,1,ok
CP-011-FIG11-001,n1_over_n5=1.5,1.5,a_over_A5=1,1,exact,eq20,1,1.5,0.44444444444444442,1,68,1.3600000000000001,1.3600000000000001,0.72290555158270742,0.69094686010640605,0.037718120590281567,1,ok
CP-011-FIG11-001,n1_over_n5=1.5,1.5,a_over_A5=1,1,exact,eq20,1,1.5,0.44444444444444442,1,69,1.3800000000000001,1.3800000000000001,0.72290555158270742,0.69094686010640605,0.036115681429389382,1,ok
CP-011-FIG11-001,n1_over_n5=1.5,1.5,a_over_A5=1,1,exact,eq20,1,1.5,0.44444444444444442,1,70,1.4000000000000001,1.4000000000000001,0.72290555158270742,0.69094686010640605,0.034581321250805312,1,ok
CP-011-FIG11-001,n1_over_n5=1.5,1.5,a_over_A5=1,1,exact,eq20,1,1.5,0.44444444444444442,1,71,1.4199999999999999,1.4199999999999999,0.72290555158270742,0.69094686010640605,0.033112147746387335,1,ok
CP-011-FIG11-001,n1_over_n5=1.5,1.5,a_over_A5=1,1,exact,eq20,1,1.5,0.44444444444444442,1,72,1.4399999999999999,1.4399999999999999,0.72290555158270742,0.69094686010640605,0.031705391486539877,1,ok
CP-011-FIG11-001,n1_over_n5=1.5,1.5,a_over_A5=1,1,exact,eq20,1,1.5,0.44444444444444442,1,73,1.46,1.46,0.72290555158270742,0.69094686010640605,0.030358400699768296,1,ok
CP-011-FIG11-001,n1_over_n5=1.5,1.5,a_over_A5=1,1,exact,eq20,1,1.5,0.44444444444444442,1,74,1.48,1.48,0.72290555158270742,0.69094686010640605,0.029068636274021682,1,ok
CP-011-FIG11-001,n1_over_n5=1.5,1.5,a_over_A5=1,1,exact,eq20,1,1.5,0.44444444444444442,1,75,1.5,1.5,0.72290555158270742,0.69094686010640605,0.027833666970401998,1,ok
CP-011-FIG11-001,n1_over_n5=1.5,1.5,a_over_A5=1,1,exact,eq20,1,1.5,0.44444444444444442,1,76,1.52,1.52,0.72290555158270742,0.69094686010640605,0.026651164840216443,1,ok
CP-011-FIG11-001,n1_over_n5=1.5,1.5,a_over_A5=1,1,exact,eq20,1,1.5,0.44444444444444442,1,77,1.54,1.54,0.72290555158270742,0.69094686010640605,0.025518900836734779,1,ok
CP-011-FIG11-001,n1_over_n5=1.5,1.5,a_over_A5=1,1,exact,eq20,1,1.5,0.44444444444444442,1,78,1.5600000000000001,1.5600000000000001,0.72290555158270742,0.69094686010640605,0.024434740613379319,1,ok
CP-011-FIG11-001,n1_over_n5=1.5,1.5,a_over_A5=1,1,exact,eq20,1,1.5,0.44444444444444442,1,79,1.5800000000000001,1.5800000000000001,0.72290555158270742,0.69094686010640605,0.023396640500426953,1,ok
CP-011-FIG11-001,n1_over_n5=1.5,1.5,a_over_A5=1,1,exact,eq20,1,1.5,0.44444444444444442,1,80,1.6000000000000001,1.6000000000000001,0.72290555158270742,0.69094686010640605,0.022402643652639682,1,ok
CP-011-FIG11-001,n1_over_n5=1.5,1.5,a_over_A5=1,1,exact,eq20,1,1.5,0.44444444444444442,1,81,1.6200000000000001,1.6200000000000001,0.72290555158270742,0.69094686010640605,0.021450876360561168,1,ok
CP-011-FIG11-001,n1_over_n5=1.5,1.5,a_over_A5=1,1,exact,eq20,1,1.5,0.44444444444444442,1,82,1.6400000000000001,1.6400000000000001,0.72290555158270742,0.69094686010640605,0.020539544518526694,1,ok
CP-011-FIG11-001,n1_over_n5=1.5,1.5,a_over_A5=1,1,exact,eq20,1,1.5,0.44444444444444442,1,83,1.6600000000000001,1.6600000000000001,0.72290555158270742,0.69094686010640605,0.019666930242728007,1,ok
CP-011-FIG11-001,n1_over_n5=1.5,1.5,a_over_A5=1,1,exact,eq20,1,1.5,0.44444444444444442,1,84,1.6799999999999999,1.6799999999999999,0.72290555158270742,0.69094686010640605,0.018831388632958568,1,ok
CP-011-FIG11-001,n1_over_n5=1.5,1.5,a_over_A5=1,1,exact,eq20,1,1.5,0.44444444444444442,1,85,1.7,1.7,0.72290555158270742,0.69094686010640605,0.018031344671934478,1,ok
CP-011-FIG11-001,n1_over_n5=1.5,1.5,a_over_A5=1,1,exact,eq20,1,1.5,0.44444444444444442,1,86,1.72,1.72,0.72290555158270742,0.69094686010640605,0.017265290256346839,1,ok
CP-011-FIG11-001,n1_over_n5=1.5,1.5,a_over_A5=1,1,exact,eq20,1,1.5,0.44444444444444442,1,87,1.74,1.74,0.72290555158270742,0.69094686010640605,0.016531781354048314,1,ok
CP-011-FIG11-001,n1_over_n5=1.5,1.5,a_over_A5=1,1,exact,eq20,1,1.5,0.44444444444444442,1,88,1.76,1.76,0.72290555158270742,0.69094686010640605,0.015829435282015768,1,ok
CP-011-FIG11-001,n1_over_n5=1.5,1.5,a_over_A5=1,1,exact,eq20,1,1.5,0.44444444444444442,1,89,1.78,1.78,0.72290555158270742,0.69094686010640605,0.015156928099957324,1,ok
CP-011-FIG11-001,n1_over_n5=1.5,1.5,a_over_A5=1,1,exact,eq20,1,1.5,0.44444444444444442,1,90,1.8,1.8,0.72290555158270742,0.69094686010640605,0.014512992114651182,1,ok
CP-011-FIG11-001,n1_over_n5=1.5,1.5,a_over_A5=1,1,exact,eq20,1,1.5,0.44444444444444442,1,91,1.8200000000000001,1.8200000000000001,0.72290555158270742,0.69094686010640605,0.013896413490311425,1,ok
CP-011-FIG11-001,n1_over_n5=1.5,1.5,a_over_A5=1,1,exact,eq20,1,1.5,0.44444444444444442,1,92,1.8400000000000001,1.8400000000000001,0.72290555158270742,0.69094686010640605,0.013306029960476619,1,ok
CP-011-FIG11-001,n1_over_n5=1.5,1.5,a_over_A5=1,1,exact,eq20,1,1.5,0.44444444444444442,1,93,1.8600000000000001,1.8600000000000001,0.72290555158270742,0.69094686010640605,0.01274072863710775,1,ok
CP-011-FIG11-001,n1_over_n5=1.5,1.5,a_over_A5=1,1,exact,eq20,1,1.5,0.44444444444444442,1,94,1.8800000000000001,1.8800000000000001,0.72290555158270742,0.69094686010640605,0.012199443912765937,1,ok
CP-011-FIG11-001,n1_over_n5=1.5,1.5,a_over_A5=1,1,exact,eq20,1,1.5,0.44444444444444442,1,95,1.9000000000000001,1.9000000000000001,0.72290555158270742,0.69094686010640605,0.011681155451915087,1,ok
CP-011-FIG11-001,n1_over_n5=1.5,1.5,a_over_A5=1,1,exact,eq20,1,1.5,0.44444444444444442,1,96,1.9199999999999999,1.9199999999999999,0.72290555158270742,0.69094686010640605,0.011184886267563383,1,ok
CP-011-FIG11-001,n1_over_n5=1.5,1.5,a_over_A5=1,1,exact,eq20,1,1.5,0.44444444444444442,1,97,1.9399999999999999,1.9399999999999999,0.72290555158270742,0.69094686010640605,0.010709700879617857,1,ok
CP-011-FIG11-001,n1_over_n5=1.5,1.5,a_over_A5=1,1,exact,eq20,1,1.5,0.44444444444444442,1,98,1.96,1.96,0.72290555158270742,0.69094686010640605,0.010254703551480494,1,ok
CP-011-FIG11-001,n1_over_n5=1.5,1.5,a_over_A5=1,1,exact,eq20,1,1.5,0.44444444444444442,1,99,1.98,1.98,0.72290555158270742,0.69094686010640605,0.0098190366015618175,1,ok
CP-011-FIG11-001,n1_over_n5=1.5,1.5,a_over_A5=1,1,exact,eq20,1,1.5,0.44444444444444442,1,100,2,2,0.72290555158270742,0.69094686010640605,0.0094018787865292625,1,ok
CP-011-FIG11-001,n1_over_n5=1.5,1.5,a_over_A5=1,1,exact,eq20,1,1.5,0.44444444444444442,1,101,2.02,2.02,0.72290555158270742,0.69094686010640605,0.0090024437532424291,1,ok
CP-011-FIG11-001,n1_over_n5=1.5,1.5,a_over_A5=1,1,exact,eq20,1,1.5,0.44444444444444442,1,102,2.04,2.04,0.72290555158270742,0.69094686010640605,0.0086199785564573597,1,ok
CP-011-FIG11-001,n1_over_n5=1.5,1.5,a_over_A5=1,1,exact,eq20,1,1.5,0.44444444444444442,1,103,2.0600000000000001,2.0600000000000001,0.72290555158270742,0.69094686010640605,0.0082537622395055243,1,ok
CP-011-FIG11-001,n1_over_n5=1.5,1.5,a_over_A5=1,1,exact,eq20,1,1.5,0.44444444444444442,1,104,2.0800000000000001,2.0800000000000001,0.72290555158270742,0.69094686010640605,0.0079031044752720415,1,ok
CP-011-FIG11-001,n1_over_n5=1.5,1.5,a_over_A5=1,1,exact,eq20,1,1.5,0.44444444444444442,1,105,2.1000000000000001,2.1000000000000001,0.72290555158270742,0.69094686010640605,0.0075673442649114757,1,ok
CP-011-FIG11-001,n1_over_n5=1.5,1.5,a_over_A5=1,1,exact,eq20,1,1.5,0.44444444444444442,1,106,2.1200000000000001,2.1200000000000001,0.72290555158270742,0.69094686010640605,0.0072458486918480711,1,ok
CP-011-FIG11-001,n1_over_n5=1.5,1.5,a_over_A5=1,1,exact,eq20,1,1.5,0.44444444444444442,1,107,2.1400000000000001,2.1400000000000001,0.72290555158270742,0.69094686010640605,0.0069380117287118799,1,ok
CP-011-FIG11-001,n1_over_n5=1.5,1.5,a_over_A5=1,1,exact,eq20,1,1.5,0.44444444444444442,1,108,2.1600000000000001,2.1600000000000001,0.72290555158270742,0.69094686010640605,0.0066432530949616618,1,ok
CP-011-FIG11-001,n1_over_n5=1.5,1.5,a_over_A5=1,1,exact,eq20,1,1.5,0.44444444444444442,1,109,2.1800000000000002,2.1800000000000002,0.72290555158270742,0.69094686010640605,0.0063610171630412472,1,ok
CP-011-FIG11-001,n1_over_n5=1.5,1.5,a_over_A5=1,1,exact,eq20,1,1.5,0.44444444444444442,1,110,2.2000000000000002,2.2000000000000002,0.72290555158270742,0.69094686010640605,0.0060907719110073711,1,ok
CP-011-FIG11-001,n1_over_n5=1.5,1.5,a_over_A5=1,1,exact,eq20,1,1.5,0.44444444444444442,1,111,2.2200000000000002,2.2200000000000002,0.72290555158270742,0.69094686010640605,0.0058320079196547622,1,ok
CP-011-FIG11-001,n1_over_n5=1.5,1.5,a_over_A5=1,1,exact,eq20,1,1.5,0.44444444444444442,1,112,2.2400000000000002,2.2400000000000002,0.72290555158270742,0.69094686010640605,0.0055842374122478736,1,ok
CP-011-FIG11-001,n1_over_n5=1.5,1.5,a_over_A5=1,1,exact,eq20,1,1.5,0.44444444444444442,1,113,2.2600000000000002,2.2600000000000002,0.72290555158270742,0.69094686010640605,0.0053469933350493186,1,ok
CP-011-FIG11-001,n1_over_n5=1.5,1.5,a_over_A5=1,1,exact,eq20,1,1.5,0.44444444444444442,1,114,2.2800000000000002,2.2800000000000002,0.72290555158270742,0.69094686010640605,0.0051198284769116047,1,ok
CP-011-FIG11-001,n1_over_n5=1.5,1.5,a_over_A5=1,1,exact,eq20,1,1.5,0.44444444444444442,1,115,2.3000000000000003,2.3000000000000003,0.72290555158270742,0.69094686010640605,0.0049023146262727113,1,ok
CP-011-FIG11-001,n1_over_n5=1.5,1.5,a_over_A5=1,1,exact,eq20,1,1.5,0.44444444444444442,1,116,2.3199999999999998,2.3199999999999998,0.72290555158270742,0.69094686010640605,0.0046940417639663654,1,ok
CP-011-FIG11-001,n1_over_n5=1.5,1.5,a_over_A5=1,1,exact,eq20,1,1.5,0.44444444444444442,1,117,2.3399999999999999,2.3399999999999999,0.72290555158270742,0.69094686010640605,0.0044946172903254072,1,ok
CP-011-FIG11-001,n1_over_n5=1.5,1.5,a_over_A5=1,1,exact,eq20,1,1.5,0.44444444444444442,1,118,2.3599999999999999,2.3599999999999999,0.72290555158270742,0.69094686010640605,0.0043036652851214047,1,ok
CP-011-FIG11-001,n1_over_n5=1.5,1.5,a_over_A5=1,1,exact,eq20,1,1.5,0.44444444444444442,1,119,2.3799999999999999,2.3799999999999999,0.72290555158270742,0.69094686010640605,0.0041208257989454244,1,ok
CP-011-FIG11-001,n1_over_n5=1.5,1.5,a_over_A5=1,1,exact,eq20,1,1.5,0.44444444444444442,1,120,2.3999999999999999,2.3999999999999999,0.72290555158270742,0.69094686010640605,0.0039457541746941759,1,ok
CP-011-FIG11-001,n1_over_n5=1.5,1.5,a_over_A5=1,1,exact,eq20,1,1.5,0.44444444444444442,1,121,2.4199999999999999,2.4199999999999999,0.72290555158270742,0.69094686010640605,0.00377812039788259,1,ok
CP-011-FIG11-001,n1_over_n5=1.5,1.5,a_over_A5=1,1,exact,eq20,1,1.5,0.44444444444444442,1,122,2.4399999999999999,2.4399999999999999,0.72290555158270742,0.69094686010640605,0.0036176084745580582,1,ok
CP-011-FIG11-001,n1_over_n5=1.5,1.5,a_over_A5=1,1,exact,eq20,1,1.5,0.44444444444444442,1,123,2.46,2.46,0.72290555158270742,0.69094686010640605,0.003463915835643783,1,ok
CP-011-FIG11-001,n1_over_n5=1.5,1.5,a_over_A5=1,1,exact,eq20,1,1.5,0.44444444444444442,1,124,2.48,2.48,0.72290555158270742,0.69094686010640605,0.0033167527665883107,1,ok
CP-011-FIG11-001,n1_over_n5=1.5,1.5,a_over_A5=1,1,exact,eq20,1,1.5,0.44444444444444442,1,125,2.5,2.5,0.72290555158270742,0.69094686010640605,0.0031758418612462215,1,ok
CP-011-FIG11-001,n1_over_n5=1.5,1.5,a_over_A5=1,1,exact,eq20,1,1.5,0.44444444444444442,1,126,2.52,2.52,0.72290555158270742,0.69094686010640605,0.0030409174989604478,1,ok
CP-011-FIG11-001,n1_over_n5=1.5,1.5,a_over_A5=1,1,exact,eq20,1,1.5,0.44444444444444442,1,127,2.54,2.54,0.72290555158270742,0.69094686010640605,0.002911725343860542,1,ok
CP-011-FIG11-001,n1_over_n5=1.5,1.5,a_over_A5=1,1,exact,eq20,1,1.5,0.44444444444444442,1,128,2.5600000000000001,2.5600000000000001,0.72290555158270742,0.69094686010640605,0.0027880218654330758,1,ok
CP-011-FIG11-001,n1_over_n5=1.5,1.5,a_over_A5=1,1,exact,eq20,1,1.5,0.44444444444444442,1,129,2.5800000000000001,2.5800000000000001,0.72290555158270742,0.69094686010640605,0.0026695738794603936,1,ok
CP-011-FIG11-001,n1_over_n5=1.5,1.5,a_over_A5=1,1,exact,eq20,1,1.5,0.44444444444444442,1,130,2.6000000000000001,2.6000000000000001,0.72290555158270742,0.69094686010640605,0.0025561581084623973,1,ok
CP-011-FIG11-001,n1_over_n5=1.5,1.5,a_over_A5=1,1,exact,eq20,1,1.5,0.44444444444444442,1,131,2.6200000000000001,2.6200000000000001,0.72290555158270742,0.69094686010640605,0.0024475607608128009,1,ok
CP-011-FIG11-001,n1_over_n5=1.5,1.5,a_over_A5=1,1,exact,eq20,1,1.5,0.44444444444444442,1,132,2.6400000000000001,2.6400000000000001,0.72290555158270742,0.69094686010640605,0.0023435771277364433,1,ok
CP-011-FIG11-001,n1_over_n5=1.5,1.5,a_over_A5=1,1,exact,eq20,1,1.5,0.44444444444444442,1,133,2.6600000000000001,2.6600000000000001,0.72290555158270742,0.69094686010640605,0.0022440111974280359,1,ok
CP-011-FIG11-001,n1_over_n5=1.5,1.5,a_over_A5=1,1,exact,eq20,1,1.5,0.44444444444444442,1,134,2.6800000000000002,2.6800000000000002,0.72290555158270742,0.69094686010640605,0.0021486752855648713,1,ok
CP-011-FIG11-001,n1_over_n5=1.5,1.5,a_over_A5=1,1,exact,eq20,1,1.5,0.44444444444444442,1,135,2.7000000000000002,2.7000000000000002,0.72290555158270742,0.69094686010640605,0.0020573896815171055,1,ok
CP-011-FIG11-001,n1_over_n5=1.5,1.5,a_over_A5=1,1,exact,eq20,1,1.5,0.44444444444444442,1,136,2.7200000000000002,2.7200000000000002,0.72290555158270742,0.69094686010640605,0.0019699823095886107,1,ok
CP-011-FIG11-001,n1_over_n5=1.5,1.5,a_over_A5=1,1,exact,eq20,1,1.5,0.44444444444444442,1,137,2.7400000000000002,2.7400000000000002,0.72290555158270742,0.69094686010640605,0.0018862884046499052,1,ok
CP-011-FIG11-001,n1_over_n5=1.5,1.5,a_over_A5=1,1,exact,eq20,1,1.5,0.44444444444444442,1,138,2.7600000000000002,2.7600000000000002,0.72290555158270742,0.69094686010640605,0.0018061502015516665,1,ok
CP-011-FIG11-001,n1_over_n5=1.5,1.5,a_over_A5=1,1,exact,eq20,1,1.5,0.44444444444444442,1,139,2.7800000000000002,2.7800000000000002,0.72290555158270742,0.69094686010640605,0.0017294166377333936,1,ok
CP-011-FIG11-001,n1_over_n5=1.5,1.5,a_over_A5=1,1,exact,eq20,1,1.5,0.44444444444444442,1,140,2.8000000000000003,2.8000000000000003,0.72290555158270742,0.69094686010640605,0.001655943068466623,1,ok
CP-011-FIG11-001,n1_over_n5=1.5,1.5,a_over_A5=1,1,exact,eq20,1,1.5,0.44444444444444442,1,141,2.8199999999999998,2.8199999999999998,0.72290555158270742,0.69094686010640605,0.0015855909941959172,1,ok
CP-011-FIG11-001,n1_over_n5=1.5,1.5,a_over_A5=1,1,exact,eq20,1,1.5,0.44444444444444442,1,142,2.8399999999999999,2.8399999999999999,0.72290555158270742,0.69094686010640605,0.0015182277994636709,1,ok
CP-011-FIG11-001,n1_over_n5=1.5,1.5,a_over_A5=1,1,exact,eq20,1,1.5,0.44444444444444442,1,143,2.8599999999999999,2.8599999999999999,0.72290555158270742,0.69094686010640605,0.0014537265029265735,1,ok
CP-011-FIG11-001,n1_over_n5=1.5,1.5,a_over_A5=1,1,exact,eq20,1,1.5,0.44444444444444442,1,144,2.8799999999999999,2.8799999999999999,0.72290555158270742,0.69094686010640605,0.0013919655179925393,1,ok
CP-011-FIG11-001,n1_over_n5=1.5,1.5,a_over_A5=1,1,exact,eq20,1,1.5,0.44444444444444442,1,145,2.8999999999999999,2.8999999999999999,0.72290555158270742,0.69094686010640605,0.0013328284236268798,1,ok
CP-011-FIG11-001,n1_over_n5=1.5,1.5,a_over_A5=1,1,exact,eq20,1,1.5,0.44444444444444442,1,146,2.9199999999999999,2.9199999999999999,0.72290555158270742,0.69094686010640605,0.0012762037448956654,1,ok
CP-011-FIG11-001,n1_over_n5=1.5,1.5,a_over_A5=1,1,exact,eq20,1,1.5,0.44444444444444442,1,147,2.9399999999999999,2.9399999999999999,0.72290555158270742,0.69094686010640605,0.0012219847428326361,1,ok
CP-011-FIG11-001,n1_over_n5=1.5,1.5,a_over_A5=1,1,exact,eq20,1,1.5,0.44444444444444442,1,148,2.96,2.96,0.72290555158270742,0.69094686010640605,0.0011700692132335187,1,ok
CP-011-FIG11-001,n1_over_n5=1.5,1.5,a_over_A5=1,1,exact,eq20,1,1.5,0.44444444444444442,1,149,2.98,2.98,0.72290555158270742,0.69094686010640605,0.0011203592939984974,1,ok
CP-011-FIG11-001,n1_over_n5=1.5,1.5,a_over_A5=1,1,exact,eq20,1,1.5,0.44444444444444442,1,150,3,3,0.72290555158270742,0.69094686010640605,0.0010727612806596439,1,ok
CP-011-FIG11-001,n1_over_n5=1.5,1.5,a_over_A5=1.5,1.5,exact,eq20,1,1.5,0.44444444444444442,1.5,0,0,0,0.54677837289400233,0.83727737992578499,0.50063592475473551,1,ok
CP-011-FIG11-001,n1_over_n5=1.5,1.5,a_over_A5=1.5,1.5,exact,eq20,1,1.5,0.44444444444444442,1.5,1,0.02,0.029999999999999999,0.54677837289400233,0.83727737992578499,0.46264850894965276,1,ok
CP-011-FIG11-001,n1_over_n5=1.5,1.5,a_over_A5=1.5,1.5,exact,eq20,1,1.5,0.44444444444444442,1.5,2,0.040000000000000001,0.059999999999999998,0.54677837289400233,0.83727737992578499,0.42754351465727941,1,ok
CP-011-FIG11-001,n1_over_n5=1.5,1.5,a_over_A5=1.5,1.5,exact,eq20,1,1.5,0.44444444444444442,1.5,3,0.059999999999999998,0.089999999999999997,0.54677837289400233,0.83727737992578499,0.39510222855898502,1,ok
CP-011-FIG11-001,n1_over_n5=1.5,1.5,a_over_A5=1.5,1.5,exact,eq20,1,1.5,0.44444444444444442,1.5,4,0.080000000000000002,0.12,0.54677837289400233,0.83727737992578499,0.36512253293658647,1,ok
CP-011-FIG11-001,n1_over_n5=1.5,1.5,a_over_A5=1.5,1.5,exact,eq20,1,1.5,0.44444444444444442,1.5,5,0.10000000000000001,0.15000000000000002,0.54677837289400233,0.83727737992578499,0.33741764642597061,1,ok
CP-011-FIG11-001,n1_over_n5=1.5,1.5,a_over_A5=1.5,1.5,exact,eq20,1,1.5,0.44444444444444442,1.5,6,0.12,0.17999999999999999,0.54677837289400233,0.83727737992578499,0.31181496032022393,1,ok
CP-011-FIG11-001,n1_over_n5=1.5,1.5,a_over_A5=1.5,1.5,exact,eq20,1,1.5,0.44444444444444442,1.5,7,0.14000000000000001,0.21000000000000002,0.54677837289400233,0.83727737992578499,0.2881549631721313,1,ok
CP-011-FIG11-001,n1_over_n5=1.5,1.5,a_over_A5=1.5,1.5,exact,eq20,1,1.5,0.44444444444444442,1.5,8,0.16,0.23999999999999999,0.54677837289400233,0.83727737992578499,0.26629024699603854,1,ok
CP-011-FIG11-001,n1_over_n5=1.5,1.5,a_over_A5=1.5,1.5,exact,eq20,1,1.5,0.44444444444444442,1.5,9,0.17999999999999999,0.27000000000000002,0.54677837289400233,0.83727737992578499,0.24608458887745172,1,ok
CP-011-FIG11-001,n1_over_n5=1.5,1.5,a_over_A5=1.5,1.5,exact,eq20,1,1.5,0.44444444444444442,1.5,10,0.20000000000000001,0.30000000000000004,0.54677837289400233,0.83727737992578499,0.22741210226856462,1,ok
CP-011-FIG11-001,n1_over_n5=1.5,1.5,a_over_A5=1.5,1.5,exact,eq20,1,1.5,0.44444444444444442,1.5,11,0.22,0.33000000000000002,0.54677837289400233,0.83727737992578499,0.2101564526820589,1,ok
CP-011-FIG11-001,n1_over_n5=1.5,1.5,a_over_A5=1.5,1.5,exact,eq20,1,1.5,0.44444444444444442,1.5,12,0.23999999999999999,0.35999999999999999,0.54677837289400233,0.83727737992578499,0.1942101328967466,1,ok
CP-011-FIG11-001,n1_over_n5=1.5,1.5,a_over_A5=1.5,1.5,exact,eq20,1,1.5,0.44444444444444442,1.5,13,0.26000000000000001,0.39000000000000001,0.54677837289400233,0.83727737992578499,0.17947379315939474,1,ok
CP-011-FIG11-001,n1_over_n5=1.5,1.5,a_over_A5=1.5,1.5,exact,eq20,1,1.5,0.44444444444444442,1.5,14,0.28000000000000003,0.42000000000000004,0.54677837289400233,0.83727737992578499,0.16585562220971428,1,ok
CP-011-FIG11-001,n1_over_n5=1.5,1.5,a_over_A5=1.5,1.5,exact,eq20,1,1.5,0.44444444444444442,1.5,15,0.29999999999999999,0.44999999999999996,0.54677837289400233,0.83727737992578499,0.15327077527213634,1,ok
CP-011-FIG11-001,n1_over_n5=1.5,1.5,a_over_A5=1.5,1.5,exact,eq20,1,1.5,0.44444444444444442,1.5,16,0.32000000000000001,0.47999999999999998,0.54677837289400233,0.83727737992578499,0.14164084545061498,1,ok
CP-011-FIG11-001,n1_over_n5=1.5,1.5,a_over_A5=1.5,1.5,exact,eq20,1,1.5,0.44444444444444442,1.5,17,0.34000000000000002,0.51000000000000001,0.54677837289400233,0.83727737992578499,0.13089337523310721,1,ok
CP-011-FIG11-001,n1_over_n5=1.5,1.5,a_over_A5=1.5,1.5,exact,eq20,1,1.5,0.44444444444444442,1.5,18,0.35999999999999999,0.54000000000000004,0.54677837289400233,0.83727737992578499,0.12096140506227548,1,ok
CP-011-FIG11-001,n1_over_n5=1.5,1.5,a_over_A5=1.5,1.5,exact,eq20,1,1.5,0.44444444444444442,1.5,19,0.38,0.57000000000000006,0.54677837289400233,0.83727737992578499,0.11178305615988936,1,ok
CP-011-FIG11-001,n1_over_n5=1.5,1.5,a_over_A5=1.5,1.5,exact,eq20,1,1.5,0.44444444444444442,1.5,20,0.40000000000000002,0.60000000000000009,0.54677837289400233,0.83727737992578499,0.10330114500581275,1,ok
CP-011-FIG11-001,n1_over_n5=1.5,1.5,a_over_A5=1.5,1.5,exact,eq20,1,1.5,0.44444444444444442,1.5,21,0.41999999999999998,0.63,0.54677837289400233,0.83727737992578499,0.095462827069681011,1,ok
CP-011-FIG11-001,n1_over_n5=1.5,1.5,a_over_A5=1.5,1.5,exact,eq20,1,1.5,0.44444444444444442,1.5,22,0.44,0.66000000000000003,0.54677837289400233,0.83727737992578499,0.088219267575620972,1,ok
CP-011-FIG11-001,n1_over_n5=1.5,1.5,a_over_A5=1.5,1.5,exact,eq20,1,1.5,0.44444444444444442,1.5,23,0.46000000000000002,0.69000000000000006,0.54677837289400233,0.83727737992578499,0.081525337248793642,1,ok
CP-011-FIG11-001,n1_over_n5=1.5,1.5,a_over_A5=1.5,1.5,exact,eq20,1,1.5,0.44444444444444442,1.5,24,0.47999999999999998,0.71999999999999997,0.54677837289400233,0.83727737992578499,0.075339331148179242,1,ok
CP-011-FIG11-001,n1_over_n5=1.5,1.5,a_over_A5=1.5,1.5,exact,eq20,1,1.5,0.44444444444444442,1.5,25,0.5,0.75,0.54677837289400233,0.83727737992578499,0.069622708833860139,1,ok
CP-011-FIG11-001,n1_over_n5=1.5,1.5,a_over_A5=1.5,1.5,exact,eq20,1,1.5,0.44444444444444442,1.5,26,0.52000000000000002,0.78000000000000003,0.54677837289400233,0.83727737992578499,0.064339854249975154,1,ok
CP-011-FIG11-001,n1_over_n5=1.5,1.5,a_over_A5=1.5,1.5,exact,eq20,1,1.5,0.44444444444444442,1.5,27,0.54000000000000004,0.81000000000000005,0.54677837289400233,0.83727737992578499,0.05945785382735342,1,ok
CP-011-FIG11-001,n1_over_n5=1.5,1.5,a_over_A5=1.5,1.5,exact,eq20,1,1.5,0.44444444444444442,1.5,28,0.56000000000000005,0.84000000000000008,0.54677837289400233,0.83727737992578499,0.054946291423348899,1,ok
CP-011-FIG11-001,n1_over_n5=1.5,1.5,a_over_A5=1.5,1.5,exact,eq20,1,1.5,0.44444444444444442,1.5,29,0.57999999999999996,0.86999999999999988,0.54677837289400233,0.83727737992578499,0.050777058821296704,1,ok
CP-011-FIG11-001,n1_over_n5=1.5,1.5,a_over_A5=1.5,1.5,exact,eq20,1,1.5,0.44444444444444442,1.5,30,0.59999999999999998,0.89999999999999991,0.54677837289400233,0.83727737992578499,0.046924180608953626,1,ok
CP-011-FIG11-001,n1_over_n5=1.5,1.5,a_over_A5=1.5,1.5,exact,eq20,1,1.5,0.44444444444444442,1.5,31,0.62,0.92999999999999994,0.54677837289400233,0.83727737992578499,0.043363652344869504,1,ok
CP-011-FIG11-001,n1_over_n5=1.5,1.5,a_over_A5=1.5,1.5,exact,eq20,1,1.5,0.44444444444444442,1.5,32,0.64000000000000001,0.95999999999999996,0.54677837289400233,0.83727737992578499,0.040073291004423119,1,ok
CP-011-FIG11-001,n1_over_n5=1.5,1.5,a_over_A5=1.5,1.5,exact,eq20,1,1.5,0.44444444444444442,1.5,33,0.66000000000000003,0.98999999999999999,0.54677837289400233,0.83727737992578499,0.037032596773762617,1,ok
CP-011-FIG11-001,n1_over_n5=1.5,1.5,a_over_A5=1.5,1.5,exact,eq20,1,1.5,0.44444444444444442,1.5,34,0.68000000000000005,1.02,0.54677837289400233,0.83727737992578499,0.034222625330590478,1,ok
CP-011-FIG11-001,n1_over_n5=1.5,1.5,a_over_A5=1.5,1.5,exact,eq20,1,1.5,0.44444444444444442,1.5,35,0.70000000000000007,1.05,0.54677837289400233,0.83727737992578499,0.031625869816068429,1,ok
CP-011-FIG11-001,n1_over_n5=1.5,1.5,a_over_A5=1.5,1.5,exact,eq20,1,1.5,0.44444444444444442,1.5,36,0.71999999999999997,1.0800000000000001,0.54677837289400233,0.83727737992578499,0.029226151762496912,1,ok
CP-011-FIG11-001,n1_over_n5=1.5,1.5,a_over_A5=1.5,1.5,exact,eq20,1,1.5,0.44444444444444442,1.5,37,0.73999999999999999,1.1099999999999999,0.54677837289400233,0.83727737992578499,0.027008520297219386,1,ok
CP-011-FIG11-001,n1_over_n5=1.5,1.5,a_over_A5=1.5,1.5,exact,eq20,1,1.5,0.44444444444444442,1.5,38,0.76000000000000001,1.1400000000000001,0.54677837289400233,0.83727737992578499,0.024959158994765654,1,ok
CP-011-FIG11-001,n1_over_n5=1.5,1.5,a_over_A5=1.5,1.5,exact,eq20,1,1.5,0.44444444444444442,1.5,39,0.78000000000000003,1.1699999999999999,0.54677837289400233,0.83727737992578499,0.023065299796898801,1,ok
CP-011-FIG11-001,n1_over_n5=1.5,1.5,a_over_A5=1.5,1.5,exact,eq20,1,1.5,0.44444444444444442,1.5,40,0.80000000000000004,1.2000000000000002,0.54677837289400233,0.83727737992578499,0.021315143464264576,1,ok
CP-011-FIG11-001,n1_over_n5=1.5,1.5,a_over_A5=1.5,1.5,exact,eq20,1,1.5,0.44444444444444442,1.5,41,0.82000000000000006,1.23,0.54677837289400233,0.83727737992578499,0.019697786064036684,1,ok
CP-011-FIG11-001,n1_over_n5=1.5,1.5,a_over_A5=1.5,1.5,exact,eq20,1,1.5,0.44444444444444442,1.5,42,0.83999999999999997,1.26,0.54677837289400233,0.83727737992578499,0.018203151035556246,1,ok
CP-011-FIG11-001,n1_over_n5=1.5,1.5,a_over_A5=1.5,1.5,exact,eq20,1,1.5,0.44444444444444442,1.5,43,0.85999999999999999,1.29,0.54677837289400233,0.83727737992578499,0.016821926410717017,1,ok
CP-011-FIG11-001,n1_over_n5=1.5,1.5,a_over_A5=1.5,1.5,exact,eq20,1,1.5,0.44444444444444442,1.5,44,0.88,1.3200000000000001,0.54677837289400233,0.83727737992578499,0.015545506797962553,1,ok
CP-011-FIG11-001,n1_over_n5=1.5,1.5,a_over_A5=1.5,1.5,exact,eq20,1,1.5,0.44444444444444442,1.5,45,0.90000000000000002,1.3500000000000001,0.54677837289400233,0.83727737992578499,0.014365939768440554,1,ok
CP-011-FIG11-001,n1_over_n5=1.5,1.5,a_over_A5=1.5,1.5,exact,eq20,1,1.5,0.44444444444444442,1.5,46,0.92000000000000004,1.3800000000000001,0.54677837289400233,0.83727737992578499,0.013275876310286044,1,ok
CP-011-FIG11-001,n1_over_n5=1.5,1.5,a_over_A5=1.5,1.5,exact,eq20,1,1.5,0.44444444444444442,1.5,47,0.94000000000000006,1.4100000000000001,0.54677837289400233,0.83727737992578499,0.012268525042350662,1,ok
CP-011-FIG11-001,n1_over_n5=1.5,1.5,a_over_A5=1.5,1.5,exact,eq20,1,1.5,0.44444444444444442,1.5,48,0.95999999999999996,1.4399999999999999,0.54677837289400233,0.83727737992578499,0.011337609902117443,1,ok
CP-011-FIG11-001,n1_over_n5=1.5,1.5,a_over_A5=1.5,1.5,exact,eq20,1,1.5,0.44444444444444442,1.5,49,0.97999999999999998,1.47,0.54677837289400233,0.83727737992578499,0.010477331044185795,1,ok
CP-011-FIG11-001,n1_over_n5=1.5,1.5,a_over_A5=1.5,1.5,exact,eq20,1,1.5,0.44444444444444442,1.5,50,1,1.5,0.54677837289400233,0.83727737992578499,0.0096823287057140311,1,ok
CP-011-FIG11-001,n1_over_n5=1.5,1.5,a_over_A5=1.5,1.5,exact,eq20,1,1.5,0.44444444444444442,1.5,51,1.02,1.53,0.54677837289400233,0.83727737992578499,0.0089476498136915675,1,ok
CP-011-FIG11-001,n1_over_n5=1.5,1.5,a_over_A5=1.5,1.5,exact,eq20,1,1.5,0.44444444444444442,1.5,52,1.04,1.5600000000000001,0.54677837289400233,0.83727737992578499,0.0082687171259954364,1,ok
CP-011-FIG11-001,n1_over_n5=1.5,1.5,a_over_A5=1.5,1.5,exact,eq20,1,1.5,0.44444444444444442,1.5,53,1.0600000000000001,1.5900000000000001,0.54677837289400233,0.83727737992578499,0.0076413007139717057,1,ok
CP-011-FIG11-001,n1_over_n5=1.5,1.5,a_over_A5=1.5,1.5,exact,eq20,1,1.5,0.44444444444444442,1.5,54,1.0800000000000001,1.6200000000000001,0.54677837289400233,0.83727737992578499,0.0070614916088709758,1,ok
CP-011-FIG11-001,n1_over_n5=1.5,1.5,a_over_A5=1.5,1.5,exact,eq20,1,1.5,0.44444444444444442,1.5,55,1.1000000000000001,1.6500000000000001,0.54677837289400233,0.83727737992578499,0.0065256774479481479,1,ok
CP-011-FIG11-001,n1_over_n5=1.5,1.5,a_over_A5=1.5,1.5,exact,eq20,1,1.5,0.44444444444444442,1.5,56,1.1200000000000001,1.6800000000000002,0.54677837289400233,0.83727737992578499,0.0060305199684953835,1,ok
CP-011-FIG11-001,n1_over_n5=1.5,1.5,a_over_A5=1.5,1.5,exact,eq20,1,1.5,0.44444444444444442,1.5,57,1.1400000000000001,1.7100000000000002,0.54677837289400233,0.83727737992578499,0.0055729342095902096,1,ok
CP-011-FIG11-001,n1_over_n5=1.5,1.5,a_over_A5=1.5,1.5,exact,eq20,1,1.5,0.44444444444444442,1.5,58,1.1599999999999999,1.7399999999999998,0.54677837289400233,0.83727737992578499,0.0051500692919801043,1,ok
CP-011-FIG11-001,n1_over_n5=1.5,1.5,a_over_A5=1.5,1.5,exact,eq20,1,1.5,0.44444444444444442,1.5,59,1.1799999999999999,1.77,0.54677837289400233,0.83727737992578499,0.0047592906563572552,1,ok
CP-011-FIG11-001,n1_over_n5=1.5,1.5,a_over_A5=1.5,1.5,exact,eq20,1,1.5,0.44444444444444442,1.5,60,1.2,1.7999999999999998,0.54677837289400233,0.83727737992578499,0.0043981636493633826,1,ok
CP-011-FIG11-001,n1_over_n5=1.5,1.5,a_over_A5=1.5,1.5,exact,eq20,1,1.5,0.44444444444444442,1.5,61,1.22,1.8300000000000001,0.54677837289400233,0.83727737992578499,0.0040644383550609009,1,ok
CP-011-FIG11-001,n1_over_n5=1.5,1.5,a_over_A5=1.5,1.5,exact,eq20,1,1.5,0.44444444444444442,1.5,62,1.24,1.8599999999999999,0.54677837289400233,0.83727737992578499,0.0037560355773667829,1,ok
CP-011-FIG11-001,n1_over_n5=1.5,1.5,a_over_A5=1.5,1.5,exact,eq20,1,1.5,0.44444444444444442,1.5,63,1.26,1.8900000000000001,0.54677837289400233,0.83727737992578499,0.0034710338861157659,1,ok
CP-011-FIG11-001,n1_over_n5=1.5,1.5,a_over_A5=1.5,1.5,exact,eq20,1,1.5,0.44444444444444442,1.5,64,1.28,1.9199999999999999,0.54677837289400233,0.83727737992578499,0.0032076576460466823,1,ok
CP-011-FIG11-001,n1_over_n5=1.5,1.5,a_over_A5=1.5,1.5,exact,eq20,1,1.5,0.44444444444444442,1.5,65,1.3,1.9500000000000002,0.54677837289400233,0.83727737992578499,0.0029642659541291969,1,ok
CP-011-FIG11-001,n1_over_n5=1.5,1.5,a_over_A5=1.5,1.5,exact,eq20,1,1.5,0.44444444444444442,1.5,66,1.3200000000000001,1.98,0.54677837289400233,0.83727737992578499,0.0027393424163077332,1,ok
CP-011-FIG11-001,n1_over_n5=1.5,1.5,a_over_A5=1.5,1.5,exact,eq20,1,1.5,0.44444444444444442,1.5,67,1.3400000000000001,2.0100000000000002,0.54677837289400233,0.83727737992578499,0.0025314856999688841,1,ok
CP-011-FIG11-001,n1_over_n5=1.5,1.5,a_over_A5=1.5,1.5,exact,eq20,1,1.5,0.44444444444444442,1.5,68,1.3600000000000001,2.04,0.54677837289400233,0.83727737992578499,0.0023394008032718485,1,ok
CP-011-FIG11-001,n1_over_n5=1.5,1.5,a_over_A5=1.5,1.5,exact,eq20,1,1.5,0.44444444444444442,1.5,69,1.3800000000000001,2.0700000000000003,0.54677837289400233,0.83727737992578499,0.0021618909869474019,1,ok
CP-011-FIG11-001,n1_over_n5=1.5,1.5,a_over_A5=1.5,1.5,exact,eq20,1,1.5,0.44444444444444442,1.5,70,1.4000000000000001,2.1000000000000001,0.54677837289400233,0.83727737992578499,0.001997850318298492,1,ok
CP-011-FIG11-001,n1_over_n5=1.5,1.5,a_over_A5=1.5,1.5,exact,eq20,1,1.5,0.44444444444444442,1.5,71,1.4199999999999999,2.1299999999999999,0.54677837289400233,0.83727737992578499,0.0018462567809495662,1,ok
CP-011-FIG11-001,n1_over_n5=1.5,1.5,a_over_A5=1.5,1.5,exact,eq20,1,1.5,0.44444444444444442,1.5,72,1.4399999999999999,2.1600000000000001,0.54677837289400233,0.83727737992578499,0.0017061659074165791,1,ok
CP-011-FIG11-001,n1_over_n5=1.5,1.5,a_over_A5=1.5,1.5,exact,eq20,1,1.5,0.44444444444444442,1.5,73,1.46,2.1899999999999999,0.54677837289400233,0.83727737992578499,0.0015767048948269579,1,ok
CP-011-FIG11-001,n1_over_n5=1.5,1.5,a_over_A5=1.5,1.5,exact,eq20,1,1.5,0.44444444444444442,1.5,74,1.48,2.2199999999999998,0.54677837289400233,0.83727737992578499,0.001457067167128844,1,ok
CP-011-FIG11-001,n1_over_n5=1.5,1.5,a_over_A5=1.5,1.5,exact,eq20,1,1.5,0.44444444444444442,1.5,75,1.5,2.25,0.54677837289400233,0.83727737992578499,0.0013465073499108247,1,ok
CP-011-FIG11-001,n1_over_n5=1.5,1.5,a_over_A5=1.5,1.5,exact,eq20,1,1.5,0.44444444444444442,1.5,76,1.52,2.2800000000000002,0.54677837289400233,0.83727737992578499,0.001244336626523921,1,ok
CP-011-FIG11-001,n1_over_n5=1.5,1.5,a_over_A5=1.5,1.5,exact,eq20,1,1.5,0.44444444444444442,1.5,77,1.54,2.3100000000000001,0.54677837289400233,0.83727737992578499,0.001149918446573261,1,ok
CP-011-FIG11-001,n1_over_n5=1.5,1.5,a_over_A5=1.5,1.5,exact,eq20,1,1.5,0.44444444444444442,1.5,78,1.5600000000000001,2.3399999999999999,0.54677837289400233,0.83727737992578499,0.001062664560042218,1,ok
CP-011-FIG11-001,n1_over_n5=1.5,1.5,a_over_A5=1.5,1.5,exact,eq20,1,1.5,0.44444444444444442,1.5,79,1.5800000000000001,2.3700000000000001,0.54677837289400233,0.83727737992578499,0.00098203135234058115,1,ok
CP-011-FIG11-001,n1_over_n5=1.5,1.5,a_over_A5=1.5,1.5,exact,eq20,1,1.5,0.44444444444444442,1.5,80,1.6000000000000001,2.4000000000000004,0.54677837289400233,0.83727737992578499,0.00090751645744312573,1,ok
CP-011-FIG11-001,n1_over_n5=1.5,1.5,a_over_A5=1.5,1.5,exact,eq20,1,1.5,0.44444444444444442,1.5,81,1.6200000000000001,2.4300000000000002,0.54677837289400233,0.83727737992578499,0.00083865562801755745,1,ok
CP-011-FIG11-001,n1_over_n5=1.5,1.5,a_over_A5=1.5,1.5,exact,eq20,1,1.5,0.44444444444444442,1.5,82,1.6400000000000001,2.46,0.54677837289400233,0.83727737992578499,0.00077501984304191248,1,ok
CP-011-FIG11-001,n1_over_n5=1.5,1.5,a_over_A5=1.5,1.5,exact,eq20,1,1.5,0.44444444444444442,1.5,83,1.6600000000000001,2.4900000000000002,0.54677837289400233,0.83727737992578499,0.00071621263489110543,1,ok
CP-011-FIG11-001,n1_over_n5=1.5,1.5,a_over_A5=1.5,1.5,exact,eq20,1,1.5,0.44444444444444442,1.5,84,1.6799999999999999,2.52,0.54677837289400233,0.83727737992578499,0.00066186761923968016,1,ok
CP-011-FIG11-001,n1_over_n5=1.5,1.5,a_over_A5=1.5,1.5,exact,eq20,1,1.5,0.44444444444444442,1.5,85,1.7,2.5499999999999998,0.54677837289400233,0.83727737992578499,0.00061164621239138972,1,ok
CP-011-FIG11-001,n1_over_n5=1.5,1.5,a_over_A5=1.5,1.5,exact,eq20,1,1.5,0.44444444444444442,1.5,86,1.72,2.5800000000000001,0.54677837289400233,0.83727737992578499,0.00056523552181400279,1,ok
CP-011-FIG11-001,n1_over_n5=1.5,1.5,a_over_A5=1.5,1.5,exact,eq20,1,1.5,0.44444444444444442,1.5,87,1.74,2.6099999999999999,0.54677837289400233,0.83727737992578499,0.00052234639673679069,1,ok
CP-011-FIG11-001,n1_over_n5=1.5,1.5,a_over_A5=1.5,1.5,exact,eq20,1,1.5,0.44444444444444442,1.5,88,1.76,2.6400000000000001,0.54677837289400233,0.83727737992578499,0.00048271162666540954,1,ok
CP-011-FIG11-001,n1_over_n5=1.5,1.5,a_over_A5=1.5,1.5,exact,eq20,1,1.5,0.44444444444444442,1.5,89,1.78,2.6699999999999999,0.54677837289400233,0.83727737992578499,0.00044608427659046187,1,ok
CP-011-FIG11-001,n1_over_n5=1.5,1.5,a_over_A5=1.5,1.5,exact,eq20,1,1.5,0.44444444444444442,1.5,90,1.8,2.7000000000000002,0.54677837289400233,0.83727737992578499,0.00041223614851764525,1,ok
CP-011-FIG11-001,n1_over_n5=1.5,1.5,a_over_A5=1.5,1.5,exact,eq20,1,1.5,0.44444444444444442,1.5,91,1.8200000000000001,2.73,0.54677837289400233,0.83727737992578499,0.00038095635973441446,1,ok
CP-011-FIG11-001,n1_over_n5=1.5,1.5,a_over_A5=1.5,1.5,exact,eq20,1,1.5,0.44444444444444442,1.5,92,1.8400000000000001,2.7600000000000002,0.54677837289400233,0.83727737992578499,0.00035205002895539219,1,ok
CP-011-FIG11-001,n1_over_n5=1.5,1.5,a_over_A5=1.5,1.5,exact,eq20,1,1.5,0.44444444444444442,1.5,93,1.8600000000000001,2.79,0.54677837289400233,0.83727737992578499,0.00032533706216086671,1,ok
CP-011-FIG11-001,n1_over_n5=1.5,1.5,a_over_A5=1.5,1.5,exact,eq20,1,1.5,0.44444444444444442,1.5,94,1.8800000000000001,2.8200000000000003,0.54677837289400233,0.83727737992578499,0.00030065103056382608,1,ok
CP-011-FIG11-001,n1_over_n5=1.5,1.5,a_over_A5=1.5,1.5,exact,eq20,1,1.5,0.44444444444444442,1.5,95,1.9000000000000001,2.8500000000000001,0.54677837289400233,0.83727737992578499,0.00027783813371498362,1,ok
CP-011-FIG11-001,n1_over_n5=1.5,1.5,a_over_A5=1.5,1.5,exact,eq20,1,1.5,0.44444444444444442,1.5,96,1.9199999999999999,2.8799999999999999,0.54677837289400233,0.83727737992578499,0.00025675624128565023,1,ok
CP-011-FIG11-001,n1_over_n5=1.5,1.5,a_over_A5=1.5,1.5,exact,eq20,1,1.5,0.44444444444444442,1.5,97,1.9399999999999999,2.9100000000000001,0.54677837289400233,0.83727737992578499,0.00023727400755852311,1,ok
CP-011-FIG11-001,n1_over_n5=1.5,1.5,a_over_A5=1.5,1.5,exact,eq20,1,1.5,0.44444444444444442,1.5,98,1.96,2.9399999999999999,0.54677837289400233,0.83727737992578499,0.00021927005310942992,1,ok
CP-011-FIG11-001,n1_over_n5=1.5,1.5,a_over_A5=1.5,1.5,exact,eq20,1,1.5,0.44444444444444442,1.5,99,1.98,2.9699999999999998,0.54677837289400233,0.83727737992578499,0.00020263220858169031,1,ok
CP-011-FIG11-001,n1_over_n5=1.5,1.5,a_over_A5=1.5,1.5,exact,eq20,1,1.5,0.44444444444444442,1.5,100,2,3,0.54677837289400233,0.83727737992578499,0.00018725681584161463,1,ok
CP-011-FIG11-001,n1_over_n5=1.5,1.5,a_over_A5=1.5,1.5,exact,eq20,1,1.5,0.44444444444444442,1.5,101,2.02,3.0300000000000002,0.54677837289400233,0.83727737992578499,0.00017304808216115369,1,ok
CP-011-FIG11-001,n1_over_n5=1.5,1.5,a_over_A5=1.5,1.5,exact,eq20,1,1.5,0.44444444444444442,1.5,102,2.04,3.0600000000000001,0.54677837289400233,0.83727737992578499,0.00015991748340408614,1,ok
CP-011-FIG11-001,n1_over_n5=1.5,1.5,a_over_A5=1.5,1.5,exact,eq20,1,1.5,0.44444444444444442,1.5,103,2.0600000000000001,3.0899999999999999,0.54677837289400233,0.83727737992578499,0.00014778321249743975,1,ok
CP-011-FIG11-001,n1_over_n5=1.5,1.5,a_over_A5=1.5,1.5,exact,eq20,1,1.5,0.44444444444444442,1.5,104,2.0800000000000001,3.1200000000000001,0.54677837289400233,0.83727737992578499,0.0001365696697519778,1,ok
CP-011-FIG11-001,n1_over_n5=1.5,1.5,a_over_A5=1.5,1.5,exact,eq20,1,1.5,0.44444444444444442,1.5,105,2.1000000000000001,3.1500000000000004,0.54677837289400233,0.83727737992578499,0.00012620699185631362,1,ok
CP-011-FIG11-001,n1_over_n5=1.5,1.5,a_over_A5=1.5,1.5,exact,eq20,1,1.5,0.44444444444444442,1.5,106,2.1200000000000001,3.1800000000000002,0.54677837289400233,0.83727737992578499,0.00011663061661016406,1,ok
CP-011-FIG11-001,n1_over_n5=1.5,1.5,a_over_A5=1.5,1.5,exact,eq20,1,1.5,0.44444444444444442,1.5,107,2.1400000000000001,3.21,0.54677837289400233,0.83727737992578499,0.00010778088068491263,1,ok
CP-011-FIG11-001,n1_over_n5=1.5,1.5,a_over_A5=1.5,1.5,exact,eq20,1,1.5,0.44444444444444442,1.5,108,2.1600000000000001,3.2400000000000002,0.54677837289400233,0.83727737992578499,9.9602647905429854e-05,1,ok
CP-011-FIG11-001,n1_over_n5=1.5,1.5,a_over_A5=1.5,1.5,exact,eq20,1,1.5,0.44444444444444442,1.5,109,2.1800000000000002,3.2700000000000005,0.54677837289400233,0.83727737992578499,9.2044965737246454e-05,1,ok
CP-011-FIG11-001,n1_over_n5=1.5,1.5,a_over_A5=1.5,1.5,exact,eq20,1,1.5,0.44444444444444442,1.5,110,2.2000000000000002,3.3000000000000003,0.54677837289400233,0.83727737992578499,8.5060747838903937e-05,1,ok
CP-011-FIG11-001,n1_over_n5=1.5,1.5,a_over_A5=1.5,1.5,exact,eq20,1,1.5,0.44444444444444442,1.5,111,2.2200000000000002,3.3300000000000001,0.54677837289400233,0.83727737992578499,7.8606480701700964e-05,1,ok
CP-011-FIG11-001,n1_over_n5=1.5,1.5,a_over_A5=1.5,1.5,exact,eq20,1,1.5,0.44444444444444442,1.5,112,2.2400000000000002,3.3600000000000003,0.54677837289400233,0.83727737992578499,7.2641952549126502e-05,1,ok
CP-011-FIG11-001,n1_over_n5=1.5,1.5,a_over_A5=1.5,1.5,exact,eq20,1,1.5,0.44444444444444442,1.5,113,2.2600000000000002,3.3900000000000006,0.54677837289400233,0.83727737992578499,6.7130002806948714e-05,1,ok
CP-011-FIG11-001,n1_over_n5=1.5,1.5,a_over_A5=1.5,1.5,exact,eq20,1,1.5,0.44444444444444442,1.5,114,2.2800000000000002,3.4200000000000004,0.54677837289400233,0.83727737992578499,6.2036290583094181e-05,1,ok
CP-011-FIG11-001,n1_over_n5=1.5,1.5,a_over_A5=1.5,1.5,exact,eq20,1,1.5,0.44444444444444442,1.5,115,2.3000000000000003,3.4500000000000002,0.54677837289400233,0.83727737992578499,5.7329080714886204e-05,1,ok
CP-011-FIG11-001,n1_over_n5=1.5,1.5,a_over_A5=1.5,1.5,exact,eq20,1,1.5,0.44444444444444442,1.5,116,2.3199999999999998,3.4799999999999995,0.54677837289400233,0.83727737992578499,5.2979046050661137e-05,1,ok
CP-011-FIG11-001,n1_over_n5=1.5,1.5,a_over_A5=1.5,1.5,exact,eq20,1,1.5,0.44444444444444442,1.5,117,2.3399999999999999,3.5099999999999998,0.54677837289400233,0.83727737992578499,4.8959084733923684e-05,1,ok
CP-011-FIG11-001,n1_over_n5=1.5,1.5,a_over_A5=1.5,1.5,exact,eq20,1,1.5,0.44444444444444442,1.5,118,2.3599999999999999,3.54,0.54677837289400233,0.83727737992578499,4.5244151351675878e-05,1,ok
CP-011-FIG11-001,n1_over_n5=1.5,1.5,a_over_A5=1.5,1.5,exact,eq20,1,1.5,0.44444444444444442,1.5,119,2.3799999999999999,3.5699999999999998,0.54677837289400233,0.83727737992578499,4.1811100894926897e-05,1,ok
CP-011-FIG11-001,n1_over_n5=1.5,1.5,a_over_A5=1.5,1.5,exact,eq20,1,1.5,0.44444444444444442,1.5,120,2.3999999999999999,3.5999999999999996,0.54677837289400233,0.83727737992578499,3.8638544559218551e-05,1,ok
CP-011-FIG11-001,n1_over_n5=1.5,1.5,a_over_A5=1.5,1.5,exact,eq20,1,1.5,0.44444444444444442,1.5,121,2.4199999999999999,3.6299999999999999,0.54677837289400233,0.83727737992578499,3.5706716486765805e-05,1,ok
CP-011-FIG11-001,n1_over_n5=1.5,1.5,a_over_A5=1.5,1.5,exact,eq20,1,1.5,0.44444444444444442,1.5,122,2.4399999999999999,3.6600000000000001,0.54677837289400233,0.83727737992578499,3.299735061998046e-05,1,ok
CP-011-FIG11-001,n1_over_n5=1.5,1.5,a_over_A5=1.5,1.5,exact,eq20,1,1.5,0.44444444444444442,1.5,123,2.46,3.6899999999999999,0.54677837289400233,0.83727737992578499,3.0493566899143044e-05,1,ok
CP-011-FIG11-001,n1_over_n5=1.5,1.5,a_over_A5=1.5,1.5,exact,eq20,1,1.5,0.44444444444444442,1.5,124,2.48,3.7199999999999998,0.54677837289400233,0.83727737992578499,2.8179766095204851e-05,1,ok
CP-011-FIG11-001,n1_over_n5=1.5,1.5,a_over_A5=1.5,1.5,exact,eq20,1,1.5,0.44444444444444442,1.5,125,2.5,3.75,0.54677837289400233,0.83727737992578499,2.6041532622501222e-05,1,ok
CP-011-FIG11-001,n1_over_n5=1.5,1.5,a_over_A5=1.5,1.5,exact,eq20,1,1.5,0.44444444444444442,1.5,126,2.52,3.7800000000000002,0.54677837289400233,0.83727737992578499,2.4065544725873076e-05,1,ok
CP-011-FIG11-001,n1_over_n5=1.5,1.5,a_over_A5=1.5,1.5,exact,eq20,1,1.5,0.44444444444444442,1.5,127,2.54,3.8100000000000001,0.54677837289400233,0.83727737992578499,2.2239491482639653e-05,1,ok
CP-011-FIG11-001,n1_over_n5=1.5,1.5,a_over_A5=1.5,1.5,exact,eq20,1,1.5,0.44444444444444442,1.5,128,2.5600000000000001,3.8399999999999999,0.54677837289400233,0.83727737992578499,2.05519961023221e-05,1,ok
CP-011-FIG11-001,n1_over_n5=1.5,1.5,a_over_A5=1.5,1.5,exact,eq20,1,1.5,0.44444444444444442,1.5,129,2.5800000000000001,3.8700000000000001,0.54677837289400233,0.83727737992578499,1.8992545046256078e-05,1,ok
CP-011-FIG11-001,n1_over_n5=1.5,1.5,a_over_A5=1.5,1.5,exact,eq20,1,1.5,0.44444444444444442,1.5,130,2.6000000000000001,3.9000000000000004,0.54677837289400233,0.83727737992578499,1.7551422525489394e-05,1,ok
CP-011-FIG11-001,n1_over_n5=1.5,1.5,a_over_A5=1.5,1.5,exact,eq20,1,1.5,0.44444444444444442,1.5,131,2.6200000000000001,3.9300000000000002,0.54677837289400233,0.83727737992578499,1.6219649968869347e-05,1,ok
CP-011-FIG11-001,n1_over_n5=1.5,1.5,a_over_A5=1.5,1.5,exact,eq20,1,1.5,0.44444444444444442,1.5,132,2.6400000000000001,3.96,0.54677837289400233,0.83727737992578499,1.4988930084190305e-05,1,ok
CP-011-FIG11-001,n1_over_n5=1.5,1.5,a_over_A5=1.5,1.5,exact,eq20,1,1.5,0.44444444444444442,1.5,133,2.6600000000000001,3.9900000000000002,0.54677837289400233,0.83727737992578499,1.3851595163887903e-05,1,ok
CP-011-FIG11-001,n1_over_n5=1.5,1.5,a_over_A5=1.5,1.5,exact,eq20,1,1.5,0.44444444444444442,1.5,134,2.6800000000000002,4.0200000000000005,0.54677837289400233,0.83727737992578499,1.2800559313210443e-05,1,ok
CP-011-FIG11-001,n1_over_n5=1.5,1.5,a_over_A5=1.5,1.5,exact,eq20,1,1.5,0.44444444444444442,1.5,135,2.7000000000000002,4.0500000000000007,0.54677837289400233,0.83727737992578499,1.182927430323682e-05,1,ok
CP-011-FIG11-001,n1_over_n5=1.5,1.5,a_over_A5=1.5,1.5,exact,eq20,1,1.5,0.44444444444444442,1.5,136,2.7200000000000002,4.0800000000000001,0.54677837289400233,0.83727737992578499,1.0931688773693429e-05,1,ok
CP-011-FIG11-001,n1_over_n5=1.5,1.5,a_over_A5=1.5,1.5,exact,eq20,1,1.5,0.44444444444444442,1.5,137,2.7400000000000002,4.1100000000000003,0.54677837289400233,0.83727737992578499,1.010221053139291e-05,1,ok
CP-011-FIG11-001,n1_over_n5=1.5,1.5,a_over_A5=1.5,1.5,exact,eq20,1,1.5,0.44444444444444442,1.5,138,2.7600000000000002,4.1400000000000006,0.54677837289400233,0.83727737992578499,9.3356717094046353e-06,1,ok
CP-011-FIG11-001,n1_over_n5=1.5,1.5,a_over_A5=1.5,1.5,exact,eq20,1,1.5,0.44444444444444442,1.5,139,2.7800000000000002,4.1699999999999999,0.54677837289400233,0.83727737992578499,8.627296569888536e-06,1,ok
CP-011-FIG11-001,n1_over_n5=1.5,1.5,a_over_A5=1.5,1.5,exact,eq20,1,1.5,0.44444444444444442,1.5,140,2.8000000000000003,4.2000000000000002,0.54677837289400233,0.83727737992578499,7.9726717499963681e-06,1,ok
CP-011-FIG11-001,n1_over_n5=1.5,1.5,a_over_A5=1.5,1.5,exact,eq20,1,1.5,0.44444444444444442,1.5,141,2.8199999999999998,4.2299999999999995,0.54677837289400233,0.83727737992578499,7.3677187654639182e-06,1,ok
CP-011-FIG11-001,n1_over_n5=1.5,1.5,a_over_A5=1.5,1.5,exact,eq20,1,1.5,0.44444444444444442,1.5,142,2.8399999999999999,4.2599999999999998,0.54677837289400233,0.83727737992578499,6.8086686005847045e-06,1,ok
CP-011-FIG11-001,n1_over_n5=1.5,1.5,a_over_A5=1.5,1.5,exact,eq20,1,1.5,0.44444444444444442,1.5,143,2.8599999999999999,4.29,0.54677837289400233,0.83727737992578499,6.2920382262540231e-06,1,ok
CP-011-FIG11-001,n1_over_n5=1.5,1.5,a_over_A5=1.5,1.5,exact,eq20,1,1.5,0.44444444444444442,1.5,144,2.8799999999999999,4.3200000000000003,0.54677837289400233,0.83727737992578499,5.8146088997843207e-06,1,ok
CP-011-FIG11-001,n1_over_n5=1.5,1.5,a_over_A5=1.5,1.5,exact,eq20,1,1.5,0.44444444444444442,1.5,145,2.8999999999999999,4.3499999999999996,0.54677837289400233,0.83727737992578499,5.3734061112943676e-06,1,ok
CP-011-FIG11-001,n1_over_n5=1.5,1.5,a_over_A5=1.5,1.5,exact,eq20,1,1.5,0.44444444444444442,1.5,146,2.9199999999999999,4.3799999999999999,0.54677837289400233,0.83727737992578499,4.9656810517327408e-06,1,ok
CP-011-FIG11-001,n1_over_n5=1.5,1.5,a_over_A5=1.5,1.5,exact,eq20,1,1.5,0.44444444444444442,1.5,147,2.9399999999999999,4.4100000000000001,0.54677837289400233,0.83727737992578499,4.5888934870768411e-06,1,ok
CP-011-FIG11-001,n1_over_n5=1.5,1.5,a_over_A5=1.5,1.5,exact,eq20,1,1.5,0.44444444444444442,1.5,148,2.96,4.4399999999999995,0.54677837289400233,0.83727737992578499,4.2406959320088074e-06,1,ok
CP-011-FIG11-001,n1_over_n5=1.5,1.5,a_over_A5=1.5,1.5,exact,eq20,1,1.5,0.44444444444444442,1.5,149,2.98,4.4699999999999998,0.54677837289400233,0.83727737992578499,3.9189190244665435e-06,1,ok
CP-011-FIG11-001,n1_over_n5=1.5,1.5,a_over_A5=1.5,1.5,exact,eq20,1,1.5,0.44444444444444442,1.5,150,3,4.5,0.54677837289400233,0.83727737992578499,3.6215580099492692e-06,1,ok
CP-011-FIG11-001,n1_over_n5=1.5,1.5,a_over_A5=2,2,exact,eq20,1,1.5,0.44444444444444442,2,0,0,0,0.43303978115604624,0.90137480990780061,0.33805783191430183,1,ok
CP-011-FIG11-001,n1_over_n5=1.5,1.5,a_over_A5=2,2,exact,eq20,1,1.5,0.44444444444444442,2,1,0.02,0.040000000000000001,0.43303978115604624,0.90137480990780061,0.30185503390546059,1,ok
CP-011-FIG11-001,n1_over_n5=1.5,1.5,a_over_A5=2,2,exact,eq20,1,1.5,0.44444444444444442,2,2,0.040000000000000001,0.080000000000000002,0.43303978115604624,0.90137480990780061,0.26952921332455604,1,ok
CP-011-FIG11-001,n1_over_n5=1.5,1.5,a_over_A5=2,2,exact,eq20,1,1.5,0.44444444444444442,2,3,0.059999999999999998,0.12,0.43303978115604624,0.90137480990780061,0.2406651825395974,1,ok
CP-011-FIG11-001,n1_over_n5=1.5,1.5,a_over_A5=2,2,exact,eq20,1,1.5,0.44444444444444442,2,4,0.080000000000000002,0.16,0.43303978115604624,0.90137480990780061,0.21489221658905364,1,ok
CP-011-FIG11-001,n1_over_n5=1.5,1.5,a_over_A5=2,2,exact,eq20,1,1.5,0.44444444444444442,2,5,0.10000000000000001,0.20000000000000001,0.43303978115604624,0.90137480990780061,0.19187929165016973,1,ok
CP-011-FIG11-001,n1_over_n5=1.5,1.5,a_over_A5=2,2,exact,eq20,1,1.5,0.44444444444444442,2,6,0.12,0.23999999999999999,0.43303978115604624,0.90137480990780061,0.17133083342231362,1,ok
CP-011-FIG11-001,n1_over_n5=1.5,1.5,a_over_A5=2,2,exact,eq20,1,1.5,0.44444444444444442,2,7,0.14000000000000001,0.28000000000000003,0.43303978115604624,0.90137480990780061,0.1529829208182748,1,ok
CP-011-FIG11-001,n1_over_n5=1.5,1.5,a_over_A5=2,2,exact,eq20,1,1.5,0.44444444444444442,2,8,0.16,0.32000000000000001,0.43303978115604624,0.90137480990780061,0.13659989620433668,1,ok
CP-011-FIG11-001,n1_over_n5=1.5,1.5,a_over_A5=2,2,exact,eq20,1,1.5,0.44444444444444442,2,9,0.17999999999999999,0.35999999999999999,0.43303978115604624,0.90137480990780061,0.12197133865159253,1,ok
CP-011-FIG11-001,n1_over_n5=1.5,1.5,a_over_A5=2,2,exact,eq20,1,1.5,0.44444444444444442,2,10,0.20000000000000001,0.40000000000000002,0.43303978115604624,0.90137480990780061,0.10890936132343243,1,ok
CP-011-FIG11-001,n1_over_n5=1.5,1.5,a_over_A5=2,2,exact,eq20,1,1.5,0.44444444444444442,2,11,0.22,0.44,0.43303978115604624,0.90137480990780061,0.097246198287281732,1,ok
CP-011-FIG11-001,n1_over_n5=1.5,1.5,a_over_A5=2,2,exact,eq20,1,1.5,0.44444444444444442,2,12,0.23999999999999999,0.47999999999999998,0.43303978115604624,0.90137480990780061,0.086832049755989418,1,ok
CP-011-FIG11-001,n1_over_n5=1.5,1.5,a_over_A5=2,2,exact,eq20,1,1.5,0.44444444444444442,2,13,0.26000000000000001,0.52000000000000002,0.43303978115604624,0.90137480990780061,0.077533158083494064,1,ok
CP-011-FIG11-001,n1_over_n5=1.5,1.5,a_over_A5=2,2,exact,eq20,1,1.5,0.44444444444444442,2,14,0.28000000000000003,0.56000000000000005,0.43303978115604624,0.90137480990780061,0.069230089803165459,1,ok
CP-011-FIG11-001,n1_over_n5=1.5,1.5,a_over_A5=2,2,exact,eq20,1,1.5,0.44444444444444442,2,15,0.29999999999999999,0.59999999999999998,0.43303978115604624,0.90137480990780061,0.061816201643599661,1,ok
CP-011-FIG11-001,n1_over_n5=1.5,1.5,a_over_A5=2,2,exact,eq20,1,1.5,0.44444444444444442,2,16,0.32000000000000001,0.64000000000000001,0.43303978115604624,0.90137480990780061,0.05519627081962053,1,ok
CP-011-FIG11-001,n1_over_n5=1.5,1.5,a_over_A5=2,2,exact,eq20,1,1.5,0.44444444444444442,2,17,0.34000000000000002,0.68000000000000005,0.43303978115604624,0.90137480990780061,0.049285272006167266,1,ok
CP-011-FIG11-001,n1_over_n5=1.5,1.5,a_over_A5=2,2,exact,eq20,1,1.5,0.44444444444444442,2,18,0.35999999999999999,0.71999999999999997,0.43303978115604624,0.90137480990780061,0.044007285286716311,1,ok
CP-011-FIG11-001,n1_over_n5=1.5,1.5,a_over_A5=2,2,exact,eq20,1,1.5,0.44444444444444442,2,19,0.38,0.76000000000000001,0.43303978115604624,0.90137480990780061,0.039294521050103941,1,ok
CP-011-FIG11-001,n1_over_n5=1.5,1.5,a_over_A5=2,2,exact,eq20,1,1.5,0.44444444444444442,2,20,0.40000000000000002,0.80000000000000004,0.43303978115604624,0.90137480990780061,0.035086449311681096,1,ok
CP-011-FIG11-001,n1_over_n5=1.5,1.5,a_over_A5=2,2,exact,eq20,1,1.5,0.44444444444444442,2,21,0.41999999999999998,0.83999999999999997,0.43303978115604624,0.90137480990780061,0.031329022275941719,1,ok
CP-011-FIG11-001,n1_over_n5=1.5,1.5,a_over_A5=2,2,exact,eq20,1,1.5,0.44444444444444442,2,22,0.44,0.88,0.43303978115604624,0.90137480990780061,0.027973980155344056,1,ok
CP-011-FIG11-001,n1_over_n5=1.5,1.5,a_over_A5=2,2,exact,eq20,1,1.5,0.44444444444444442,2,23,0.46000000000000002,0.92000000000000004,0.43303978115604624,0.90137480990780061,0.024978231329373993,1,ok
CP-011-FIG11-001,n1_over_n5=1.5,1.5,a_over_A5=2,2,exact,eq20,1,1.5,0.44444444444444442,2,24,0.47999999999999998,0.95999999999999996,0.43303978115604624,0.90137480990780061,0.022303298882712992,1,ok
CP-011-FIG11-001,n1_over_n5=1.5,1.5,a_over_A5=2,2,exact,eq20,1,1.5,0.44444444444444442,2,25,0.5,1,0.43303978115604624,0.90137480990780061,0.019914826413936229,1,ok
CP-011-FIG11-001,n1_over_n5=1.5,1.5,a_over_A5=2,2,exact,eq20,1,1.5,0.44444444444444442,2,26,0.52000000000000002,1.04,0.43303978115604624,0.90137480990780061,0.017782136767427351,1,ok
CP-011-FIG11-001,n1_over_n5=1.5,1.5,a_over_A5=2,2,exact,eq20,1,1.5,0.44444444444444442,2,27,0.54000000000000004,1.0800000000000001,0.43303978115604624,0.90137480990780061,0.015877838020933711,1,ok
CP-011-FIG11-001,n1_over_n5=1.5,1.5,a_over_A5=2,2,exact,eq20,1,1.5,0.44444444444444442,2,28,0.56000000000000005,1.1200000000000001,0.43303978115604624,0.90137480990780061,0.014177471668129667,1,ok
CP-011-FIG11-001,n1_over_n5=1.5,1.5,a_over_A5=2,2,exact,eq20,1,1.5,0.44444444444444442,2,29,0.57999999999999996,1.1599999999999999,0.43303978115604624,0.90137480990780061,0.012659198477501511,1,ok
CP-011-FIG11-001,n1_over_n5=1.5,1.5,a_over_A5=2,2,exact,eq20,1,1.5,0.44444444444444442,2,30,0.59999999999999998,1.2,0.43303978115604624,0.90137480990780061,0.011303517992776051,1,ok
CP-011-FIG11-001,n1_over_n5=1.5,1.5,a_over_A5=2,2,exact,eq20,1,1.5,0.44444444444444442,2,31,0.62,1.24,0.43303978115604624,0.90137480990780061,0.010093018072201776,1,ok
CP-011-FIG11-001,n1_over_n5=1.5,1.5,a_over_A5=2,2,exact,eq20,1,1.5,0.44444444444444442,2,32,0.64000000000000001,1.28,0.43303978115604624,0.90137480990780061,0.0090121512498051431,1,ok
CP-011-FIG11-001,n1_over_n5=1.5,1.5,a_over_A5=2,2,exact,eq20,1,1.5,0.44444444444444442,2,33,0.66000000000000003,1.3200000000000001,0.43303978115604624,0.90137480990780061,0.0080470350462422853,1,ok
CP-011-FIG11-001,n1_over_n5=1.5,1.5,a_over_A5=2,2,exact,eq20,1,1.5,0.44444444444444442,2,34,0.68000000000000005,1.3600000000000001,0.43303978115604624,0.90137480990780061,0.0071852736644706979,1,ok
CP-011-FIG11-001,n1_over_n5=1.5,1.5,a_over_A5=2,2,exact,eq20,1,1.5,0.44444444444444442,2,35,0.70000000000000007,1.4000000000000001,0.43303978115604624,0.90137480990780061,0.0064157987801289531,1,ok
CP-011-FIG11-001,n1_over_n5=1.5,1.5,a_over_A5=2,2,exact,eq20,1,1.5,0.44444444444444442,2,36,0.71999999999999997,1.4399999999999999,0.43303978115604624,0.90137480990780061,0.0057287273817616478,1,ok
CP-011-FIG11-001,n1_over_n5=1.5,1.5,a_over_A5=2,2,exact,eq20,1,1.5,0.44444444444444442,2,37,0.73999999999999999,1.48,0.43303978115604624,0.90137480990780061,0.0051152348350123958,1,ok
CP-011-FIG11-001,n1_over_n5=1.5,1.5,a_over_A5=2,2,exact,eq20,1,1.5,0.44444444444444442,2,38,0.76000000000000001,1.52,0.43303978115604624,0.90137480990780061,0.0045674415404417645,1,ok
CP-011-FIG11-001,n1_over_n5=1.5,1.5,a_over_A5=2,2,exact,eq20,1,1.5,0.44444444444444442,2,39,0.78000000000000003,1.5600000000000001,0.43303978115604624,0.90137480990780061,0.0040783117292214101,1,ok
CP-011-FIG11-001,n1_over_n5=1.5,1.5,a_over_A5=2,2,exact,eq20,1,1.5,0.44444444444444442,2,40,0.80000000000000004,1.6000000000000001,0.43303978115604624,0.90137480990780061,0.0036415630968527368,1,ok
CP-011-FIG11-001,n1_over_n5=1.5,1.5,a_over_A5=2,2,exact,eq20,1,1.5,0.44444444444444442,2,41,0.82000000000000006,1.6400000000000001,0.43303978115604624,0.90137480990780061,0.0032515861142599161,1,ok
CP-011-FIG11-001,n1_over_n5=1.5,1.5,a_over_A5=2,2,exact,eq20,1,1.5,0.44444444444444442,2,42,0.83999999999999997,1.6799999999999999,0.43303978115604624,0.90137480990780061,0.0029033719799021426,1,ok
CP-011-FIG11-001,n1_over_n5=1.5,1.5,a_over_A5=2,2,exact,eq20,1,1.5,0.44444444444444442,2,43,0.85999999999999999,1.72,0.43303978115604624,0.90137480990780061,0.0025924482875335185,1,ok
CP-011-FIG11-001,n1_over_n5=1.5,1.5,a_over_A5=2,2,exact,eq20,1,1.5,0.44444444444444442,2,44,0.88,1.76,0.43303978115604624,0.90137480990780061,0.0023148215833377261,1,ok
CP-011-FIG11-001,n1_over_n5=1.5,1.5,a_over_A5=2,2,exact,eq20,1,1.5,0.44444444444444442,2,45,0.90000000000000002,1.8,0.43303978115604624,0.90137480990780061,0.0020669260746505433,1,ok
CP-011-FIG11-001,n1_over_n5=1.5,1.5,a_over_A5=2,2,exact,eq20,1,1.5,0.44444444444444442,2,46,0.92000000000000004,1.8400000000000001,0.43303978115604624,0.90137480990780061,0.0018455778314932904,1,ok
CP-011-FIG11-001,n1_over_n5=1.5,1.5,a_over_A5=2,2,exact,eq20,1,1.5,0.44444444444444442,2,47,0.94000000000000006,1.8800000000000001,0.43303978115604624,0.90137480990780061,0.0016479338926891013,1,ok
CP-011-FIG11-001,n1_over_n5=1.5,1.5,a_over_A5=2,2,exact,eq20,1,1.5,0.44444444444444442,2,48,0.95999999999999996,1.9199999999999999,0.43303978115604624,0.90137480990780061,0.0014714557513275648,1,ok
CP-011-FIG11-001,n1_over_n5=1.5,1.5,a_over_A5=2,2,exact,eq20,1,1.5,0.44444444444444442,2,49,0.97999999999999998,1.96,0.43303978115604624,0.90137480990780061,0.001313876750590899,1,ok
CP-011-FIG11-001,n1_over_n5=1.5,1.5,a_over_A5=2,2,exact,eq20,1,1.5,0.44444444444444442,2,50,1,2,0.43303978115604624,0.90137480990780061,0.0011731729711789397,1,ok
CP-011-FIG11-001,n1_over_n5=1.5,1.5,a_over_A5=2,2,exact,eq20,1,1.5,0.44444444444444442,2,51,1.02,2.04,0.43303978115604624,0.90137480990780061,0.0010475372364156937,1,ok
CP-011-FIG11-001,n1_over_n5=1.5,1.5,a_over_A5=2,2,exact,eq20,1,1.5,0.44444444444444442,2,52,1.04,2.0800000000000001,0.43303978115604624,0.90137480990780061,0.00093535590116323617,1,ok
CP-011-FIG11-001,n1_over_n5=1.5,1.5,a_over_A5=2,2,exact,eq20,1,1.5,0.44444444444444442,2,53,1.0600000000000001,2.1200000000000001,0.43303978115604624,0.90137480990780061,0.00083518812642351462,1,ok
CP-011-FIG11-001,n1_over_n5=1.5,1.5,a_over_A5=2,2,exact,eq20,1,1.5,0.44444444444444442,2,54,1.0800000000000001,2.1600000000000001,0.43303978115604624,0.90137480990780061,0.00074574737343436964,1,ok
CP-011-FIG11-001,n1_over_n5=1.5,1.5,a_over_A5=2,2,exact,eq20,1,1.5,0.44444444444444442,2,55,1.1000000000000001,2.2000000000000002,0.43303978115604624,0.90137480990780061,0.00066588487957292713,1,ok
CP-011-FIG11-001,n1_over_n5=1.5,1.5,a_over_A5=2,2,exact,eq20,1,1.5,0.44444444444444442,2,56,1.1200000000000001,2.2400000000000002,0.43303978115604624,0.90137480990780061,0.00059457490383353509,1,ok
CP-011-FIG11-001,n1_over_n5=1.5,1.5,a_over_A5=2,2,exact,eq20,1,1.5,0.44444444444444442,2,57,1.1400000000000001,2.2800000000000002,0.43303978115604624,0.90137480990780061,0.00053090155237552734,1,ok
CP-011-FIG11-001,n1_over_n5=1.5,1.5,a_over_A5=2,2,exact,eq20,1,1.5,0.44444444444444442,2,58,1.1599999999999999,2.3199999999999998,0.43303978115604624,0.90137480990780061,0.00047404701493027822,1,ok
CP-011-FIG11-001,n1_over_n5=1.5,1.5,a_over_A5=2,2,exact,eq20,1,1.5,0.44444444444444442,2,59,1.1799999999999999,2.3599999999999999,0.43303978115604624,0.90137480990780061,0.0004232810609778621,1,ok
CP-011-FIG11-001,n1_over_n5=1.5,1.5,a_over_A5=2,2,exact,eq20,1,1.5,0.44444444444444442,2,60,1.2,2.3999999999999999,0.43303978115604624,0.90137480990780061,0.00037795166078389132,1,ok
CP-011-FIG11-001,n1_over_n5=1.5,1.5,a_over_A5=2,2,exact,eq20,1,1.5,0.44444444444444442,2,61,1.22,2.4399999999999999,0.43303978115604624,0.90137480990780061,0.00033747661083464471,1,ok
CP-011-FIG11-001,n1_over_n5=1.5,1.5,a_over_A5=2,2,exact,eq20,1,1.5,0.44444444444444442,2,62,1.24,2.48,0.43303978115604624,0.90137480990780061,0.00030133605610893112,1,ok
CP-011-FIG11-001,n1_over_n5=1.5,1.5,a_over_A5=2,2,exact,eq20,1,1.5,0.44444444444444442,2,63,1.26,2.52,0.43303978115604624,0.90137480990780061,0.00026906581314394061,1,ok
CP-011-FIG11-001,n1_over_n5=1.5,1.5,a_over_A5=2,2,exact,eq20,1,1.5,0.44444444444444442,2,64,1.28,2.5600000000000001,0.43303978115604624,0.90137480990780061,0.00024025140813762751,1,ok
CP-011-FIG11-001,n1_over_n5=1.5,1.5,a_over_A5=2,2,exact,eq20,1,1.5,0.44444444444444442,2,65,1.3,2.6000000000000001,0.43303978115604624,0.90137480990780061,0.00021452275351396827,1,ok
CP-011-FIG11-001,n1_over_n5=1.5,1.5,a_over_A5=2,2,exact,eq20,1,1.5,0.44444444444444442,2,66,1.3200000000000001,2.6400000000000001,0.43303978115604624,0.90137480990780061,0.00019154939457775085,1,ok
CP-011-FIG11-001,n1_over_n5=1.5,1.5,a_over_A5=2,2,exact,eq20,1,1.5,0.44444444444444442,2,67,1.3400000000000001,2.6800000000000002,0.43303978115604624,0.90137480990780061,0.00017103626520770845,1,ok
CP-011-FIG11-001,n1_over_n5=1.5,1.5,a_over_A5=2,2,exact,eq20,1,1.5,0.44444444444444442,2,68,1.3600000000000001,2.7200000000000002,0.43303978115604624,0.90137480990780061,0.0001527198980747885,1,ok
CP-011-FIG11-001,n1_over_n5=1.5,1.5,a_over_A5=2,2,exact,eq20,1,1.5,0.44444444444444442,2,69,1.3800000000000001,2.7600000000000002,0.43303978115604624,0.90137480990780061,0.00013636504071022387,1,ok
CP-011-FIG11-001,n1_over_n5=1.5,1.5,a_over_A5=2,2,exact,eq20,1,1.5,0.44444444444444442,2,70,1.4000000000000001,2.8000000000000003,0.43303978115604624,0.90137480990780061,0.00012176163396072097,1,ok
CP-011-FIG11-001,n1_over_n5=1.5,1.5,a_over_A5=2,2,exact,eq20,1,1.5,0.44444444444444442,2,71,1.4199999999999999,2.8399999999999999,0.43303978115604624,0.90137480990780061,0.00010872211402253518,1,ok
CP-011-FIG11-001,n1_over_n5=1.5,1.5,a_over_A5=2,2,exact,eq20,1,1.5,0.44444444444444442,2,72,1.4399999999999999,2.8799999999999999,0.43303978115604624,0.90137480990780061,9.7079003402190554e-05,1,ok
CP-011-FIG11-001,n1_over_n5=1.5,1.5,a_over_A5=2,2,exact,eq20,1,1.5,0.44444444444444442,2,73,1.46,2.9199999999999999,0.43303978115604624,0.90137480990780061,8.6682759862534759e-05,1,ok
CP-011-FIG11-001,n1_over_n5=1.5,1.5,a_over_A5=2,2,exact,eq20,1,1.5,0.44444444444444442,2,74,1.48,2.96,0.43303978115604624,0.90137480990780061,7.7399855726334175e-05,1,ok
CP-011-FIG11-001,n1_over_n5=1.5,1.5,a_over_A5=2,2,exact,eq20,1,1.5,0.44444444444444442,2,75,1.5,3,0.43303978115604624,0.90137480990780061,6.9111062868299714e-05,1,ok
CP-011-FIG11-001,n1_over_n5=1.5,1.5,a_over_A5=2,2,exact,eq20,1,1.5,0.44444444444444442,2,76,1.52,3.04,0.43303978115604624,0.90137480990780061,6.1709921368251173e-05,1,ok
CP-011-FIG11-001,n1_over_n5=1.5,1.5,a_over_A5=2,2,exact,eq20,1,1.5,0.44444444444444442,2,77,1.54,3.0800000000000001,0.43303978115604624,0.90137480990780061,5.510137215705396e-05,1,ok
CP-011-FIG11-001,n1_over_n5=1.5,1.5,a_over_A5=2,2,exact,eq20,1,1.5,0.44444444444444442,2,78,1.5600000000000001,3.1200000000000001,0.43303978115604624,0.90137480990780061,4.9200536093248471e-05,1,ok
CP-011-FIG11-001,n1_over_n5=1.5,1.5,a_over_A5=2,2,exact,eq20,1,1.5,0.44444444444444442,2,79,1.5800000000000001,3.1600000000000001,0.43303978115604624,0.90137480990780061,4.393162378903026e-05,1,ok
CP-011-FIG11-001,n1_over_n5=1.5,1.5,a_over_A5=2,2,exact,eq20,1,1.5,0.44444444444444442,2,80,1.6000000000000001,3.2000000000000002,0.43303978115604624,0.90137480990780061,3.9226962183563239e-05,1,ok
CP-011-FIG11-001,n1_over_n5=1.5,1.5,a_over_A5=2,2,exact,eq20,1,1.5,0.44444444444444442,2,81,1.6200000000000001,3.2400000000000002,0.43303978115604624,0.90137480990780061,3.5026125361087213e-05,1,ok
CP-011-FIG11-001,n1_over_n5=1.5,1.5,a_over_A5=2,2,exact,eq20,1,1.5,0.44444444444444442,2,82,1.6400000000000001,3.2800000000000002,0.43303978115604624,0.90137480990780061,3.1275158450191215e-05,1,ok
CP-011-FIG11-001,n1_over_n5=1.5,1.5,a_over_A5=2,2,exact,eq20,1,1.5,0.44444444444444442,2,83,1.6600000000000001,3.3200000000000003,0.43303978115604624,0.90137480990780061,2.792588463613618e-05,1,ok
CP-011-FIG11-001,n1_over_n5=1.5,1.5,a_over_A5=2,2,exact,eq20,1,1.5,0.44444444444444442,2,84,1.6799999999999999,3.3599999999999999,0.43303978115604624,0.90137480990780061,2.4935286385608114e-05,1,ok
CP-011-FIG11-001,n1_over_n5=1.5,1.5,a_over_A5=2,2,exact,eq20,1,1.5,0.44444444444444442,2,85,1.7,3.3999999999999999,0.43303978115604624,0.90137480990780061,2.2264952936449533e-05,1,ok
CP-011-FIG11-001,n1_over_n5=1.5,1.5,a_over_A5=2,2,exact,eq20,1,1.5,0.44444444444444442,2,86,1.72,3.4399999999999999,0.43303978115604624,0.90137480990780061,1.9880586956018822e-05,1,ok
CP-011-FIG11-001,n1_over_n5=1.5,1.5,a_over_A5=2,2,exact,eq20,1,1.5,0.44444444444444442,2,87,1.74,3.48,0.43303978115604624,0.90137480990780061,1.7751564031774265e-05,1,ok
CP-011-FIG11-001,n1_over_n5=1.5,1.5,a_over_A5=2,2,exact,eq20,1,1.5,0.44444444444444442,2,88,1.76,3.52,0.43303978115604624,0.90137480990780061,1.5850539336253391e-05,1,ok
CP-011-FIG11-001,n1_over_n5=1.5,1.5,a_over_A5=2,2,exact,eq20,1,1.5,0.44444444444444442,2,89,1.78,3.5600000000000001,0.43303978115604624,0.90137480990780061,1.4153096414513751e-05,1,ok
CP-011-FIG11-001,n1_over_n5=1.5,1.5,a_over_A5=2,2,exact,eq20,1,1.5,0.44444444444444442,2,90,1.8,3.6000000000000001,0.43303978115604624,0.90137480990780061,1.2637433583119315e-05,1,ok
CP-011-FIG11-001,n1_over_n5=1.5,1.5,a_over_A5=2,2,exact,eq20,1,1.5,0.44444444444444442,2,91,1.8200000000000001,3.6400000000000001,0.43303978115604624,0.90137480990780061,1.1284083912830376e-05,1,ok
CP-011-FIG11-001,n1_over_n5=1.5,1.5,a_over_A5=2,2,exact,eq20,1,1.5,0.44444444444444442,2,92,1.8400000000000001,3.6800000000000002,0.43303978115604624,0.90137480990780061,1.0075665198500543e-05,1,ok
CP-011-FIG11-001,n1_over_n5=1.5,1.5,a_over_A5=2,2,exact,eq20,1,1.5,0.44444444444444442,2,93,1.8600000000000001,3.7200000000000002,0.43303978115604624,0.90137480990780061,8.9966567048339923e-06,1,ok
CP-011-FIG11-001,n1_over_n5=1.5,1.5,a_over_A5=2,2,exact,eq20,1,1.5,0.44444444444444442,2,94,1.8800000000000001,3.7600000000000002,0.43303978115604624,0.90137480990780061,8.0331998205617245e-06,1,ok
CP-011-FIG11-001,n1_over_n5=1.5,1.5,a_over_A5=2,2,exact,eq20,1,1.5,0.44444444444444442,2,95,1.9000000000000001,3.8000000000000003,0.43303978115604624,0.90137480990780061,7.1729200606708813e-06,1,ok
CP-011-FIG11-001,n1_over_n5=1.5,1.5,a_over_A5=2,2,exact,eq20,1,1.5,0.44444444444444442,2,96,1.9199999999999999,3.8399999999999999,0.43303978115604624,0.90137480990780061,6.4047681305127847e-06,1,ok
CP-011-FIG11-001,n1_over_n5=1.5,1.5,a_over_A5=2,2,exact,eq20,1,1.5,0.44444444444444442,2,97,1.9399999999999999,3.8799999999999999,0.43303978115604624,0.90137480990780061,5.7188780104424503e-06,1,ok
CP-011-FIG11-001,n1_over_n5=1.5,1.5,a_over_A5=2,2,exact,eq20,1,1.5,0.44444444444444442,2,98,1.96,3.9199999999999999,0.43303978115604624,0.90137480990780061,5.1064402382516378e-06,1,ok
CP-011-FIG11-001,n1_over_n5=1.5,1.5,a_over_A5=2,2,exact,eq20,1,1.5,0.44444444444444442,2,99,1.98,3.96,0.43303978115604624,0.90137480990780061,4.5595887618554056e-06,1,ok
CP-011-FIG11-001,n1_over_n5=1.5,1.5,a_over_A5=2,2,exact,eq20,1,1.5,0.44444444444444442,2,100,2,4,0.43303978115604624,0.90137480990780061,4.0712999089863533e-06,1,ok
CP-011-FIG11-001,n1_over_n5=1.5,1.5,a_over_A5=2,2,exact,eq20,1,1.5,0.44444444444444442,2,101,2.02,4.04,0.43303978115604624,0.90137480990780061,3.6353021762794527e-06,1,ok
CP-011-FIG11-001,n1_over_n5=1.5,1.5,a_over_A5=2,2,exact,eq20,1,1.5,0.44444444444444442,2,102,2.04,4.0800000000000001,0.43303978115604624,0.90137480990780061,3.2459956790931715e-06,1,ok
CP-011-FIG11-001,n1_over_n5=1.5,1.5,a_over_A5=2,2,exact,eq20,1,1.5,0.44444444444444442,2,103,2.0600000000000001,4.1200000000000001,0.43303978115604624,0.90137480990780061,2.8983802274932476e-06,1,ok
CP-011-FIG11-001,n1_over_n5=1.5,1.5,a_over_A5=2,2,exact,eq20,1,1.5,0.44444444444444442,2,104,2.0800000000000001,4.1600000000000001,0.43303978115604624,0.90137480990780061,2.5879911046186788e-06,1,ok
CP-011-FIG11-001,n1_over_n5=1.5,1.5,a_over_A5=2,2,exact,eq20,1,1.5,0.44444444444444442,2,105,2.1000000000000001,4.2000000000000002,0.43303978115604624,0.90137480990780061,2.3108417225776239e-06,1,ok
CP-011-FIG11-001,n1_over_n5=1.5,1.5,a_over_A5=2,2,exact,eq20,1,1.5,0.44444444444444442,2,106,2.1200000000000001,4.2400000000000002,0.43303978115604624,0.90137480990780061,2.063372419354709e-06,1,ok
CP-011-FIG11-001,n1_over_n5=1.5,1.5,a_over_A5=2,2,exact,eq20,1,1.5,0.44444444444444442,2,107,2.1400000000000001,4.2800000000000002,0.43303978115604624,0.90137480990780061,1.8424047390855862e-06,1,ok
CP-011-FIG11-001,n1_over_n5=1.5,1.5,a_over_A5=2,2,exact,eq20,1,1.5,0.44444444444444442,2,108,2.1600000000000001,4.3200000000000003,0.43303978115604624,0.90137480990780061,1.6451006084818152e-06,1,ok
CP-011-FIG11-001,n1_over_n5=1.5,1.5,a_over_A5=2,2,exact,eq20,1,1.5,0.44444444444444442,2,109,2.1800000000000002,4.3600000000000003,0.43303978115604624,0.90137480990780061,1.4689258850747663e-06,1,ok
CP-011-FIG11-001,n1_over_n5=1.5,1.5,a_over_A5=2,2,exact,eq20,1,1.5,0.44444444444444442,2,110,2.2000000000000002,4.4000000000000004,0.43303978115604624,0.90137480990780061,1.3116178090979856e-06,1,ok
CP-011-FIG11-001,n1_over_n5=1.5,1.5,a_over_A5=2,2,exact,eq20,1,1.5,0.44444444444444442,2,111,2.2200000000000002,4.4400000000000004,0.43303978115604624,0.90137480990780061,1.1711559409652857e-06,1,ok
CP-011-FIG11-001,n1_over_n5=1.5,1.5,a_over_A5=2,2,exact,eq20,1,1.5,0.44444444444444442,2,112,2.2400000000000002,4.4800000000000004,0.43303978115604624,0.90137480990780061,1.0457362110701673e-06,1,ok
CP-011-FIG11-001,n1_over_n5=1.5,1.5,a_over_A5=2,2,exact,eq20,1,1.5,0.44444444444444442,2,113,2.2600000000000002,4.5200000000000005,0.43303978115604624,0.90137480990780061,9.3374774860644069e-07,1,ok
CP-011-FIG11-001,n1_over_n5=1.5,1.5,a_over_A5=2,2,exact,eq20,1,1.5,0.44444444444444442,2,114,2.2800000000000002,4.5600000000000005,0.43303978115604624,0.90137480990780061,8.337521918030754e-07,1,ok
CP-011-FIG11-001,n1_over_n5=1.5,1.5,a_over_A5=2,2,exact,eq20,1,1.5,0.44444444444444442,2,115,2.3000000000000003,4.6000000000000005,0.43303978115604624,0.90137480990780061,7.444652138373423e-07,1,ok
CP-011-FIG11-001,n1_over_n5=1.5,1.5,a_over_A5=2,2,exact,eq20,1,1.5,0.44444444444444442,2,116,2.3199999999999998,4.6399999999999997,0.43303978115604624,0.90137480990780061,6.6474002714800122e-07,1,ok
CP-011-FIG11-001,n1_over_n5=1.5,1.5,a_over_A5=2,2,exact,eq20,1,1.5,0.44444444444444442,2,117,2.3399999999999999,4.6799999999999997,0.43303978115604624,0.90137480990780061,5.9355265428059407e-07,1,ok
CP-011-FIG11-001,n1_over_n5=1.5,1.5,a_over_A5=2,2,exact,eq20,1,1.5,0.44444444444444442,2,118,2.3599999999999999,4.7199999999999998,0.43303978115604624,0.90137480990780061,5.2998877608599137e-07,1,ok
CP-011-FIG11-001,n1_over_n5=1.5,1.5,a_over_A5=2,2,exact,eq20,1,1.5,0.44444444444444442,2,119,2.3799999999999999,4.7599999999999998,0.43303978115604624,0.90137480990780061,4.7323198835253111e-07,1,ok
CP-011-FIG11-001,n1_over_n5=1.5,1.5,a_over_A5=2,2,exact,eq20,1,1.5,0.44444444444444442,2,120,2.3999999999999999,4.7999999999999998,0.43303978115604624,0.90137480990780061,4.2255331604183532e-07,1,ok
CP-011-FIG11-001,n1_over_n5=1.5,1.5,a_over_A5=2,2,exact,eq20,1,1.5,0.44444444444444442,2,121,2.4199999999999999,4.8399999999999999,0.43303978115604624,0.90137480990780061,3.7730185045086347e-07,1,ok
CP-011-FIG11-001,n1_over_n5=1.5,1.5,a_over_A5=2,2,exact,eq20,1,1.5,0.44444444444444442,2,122,2.4399999999999999,4.8799999999999999,0.43303978115604624,0.90137480990780061,3.3689638904537988e-07,1,ok
CP-011-FIG11-001,n1_over_n5=1.5,1.5,a_over_A5=2,2,exact,eq20,1,1.5,0.44444444444444442,2,123,2.46,4.9199999999999999,0.43303978115604624,0.90137480990780061,3.0081797058823941e-07,1,ok
CP-011-FIG11-001,n1_over_n5=1.5,1.5,a_over_A5=2,2,exact,eq20,1,1.5,0.44444444444444442,2,124,2.48,4.96,0.43303978115604624,0.90137480990780061,2.6860320968485563e-07,1,ok
CP-011-FIG11-001,n1_over_n5=1.5,1.5,a_over_A5=2,2,exact,eq20,1,1.5,0.44444444444444442,2,125,2.5,5,0.43303978115604624,0.90137480990780061,2.3983834513584464e-07,1,ok
CP-011-FIG11-001,n1_over_n5=1.5,1.5,a_over_A5=2,2,exact,eq20,1,1.5,0.44444444444444442,2,126,2.52,5.04,0.43303978115604624,0.90137480990780061,2.1415392565483457e-07,1,ok
CP-011-FIG11-001,n1_over_n5=1.5,1.5,a_over_A5=2,2,exact,eq20,1,1.5,0.44444444444444442,2,127,2.54,5.0800000000000001,0.43303978115604624,0.90137480990780061,1.9122006469566044e-07,1,ok
CP-011-FIG11-001,n1_over_n5=1.5,1.5,a_over_A5=2,2,exact,eq20,1,1.5,0.44444444444444442,2,128,2.5600000000000001,5.1200000000000001,0.43303978115604624,0.90137480990780061,1.7074220344270905e-07,1,ok
CP-011-FIG11-001,n1_over_n5=1.5,1.5,a_over_A5=2,2,exact,eq20,1,1.5,0.44444444444444442,2,129,2.5800000000000001,5.1600000000000001,0.43303978115604624,0.90137480990780061,1.5245732754494304e-07,1,ok
CP-011-FIG11-001,n1_over_n5=1.5,1.5,a_over_A5=2,2,exact,eq20,1,1.5,0.44444444444444442,2,130,2.6000000000000001,5.2000000000000002,0.43303978115604624,0.90137480990780061,1.3613058900194607e-07,1,ok
CP-011-FIG11-001,n1_over_n5=1.5,1.5,a_over_A5=2,2,exact,eq20,1,1.5,0.44444444444444442,2,131,2.6200000000000001,5.2400000000000002,0.43303978115604624,0.90137480990780061,1.2155228981403862e-07,1,ok
CP-011-FIG11-001,n1_over_n5=1.5,1.5,a_over_A5=2,2,exact,eq20,1,1.5,0.44444444444444442,2,132,2.6400000000000001,5.2800000000000002,0.43303978115604624,0.90137480990780061,1.0853518865495224e-07,1,ok
CP-011-FIG11-001,n1_over_n5=1.5,1.5,a_over_A5=2,2,exact,eq20,1,1.5,0.44444444444444442,2,133,2.6600000000000001,5.3200000000000003,0.43303978115604624,0.90137480990780061,9.6912095974399361e-08,1,ok
CP-011-FIG11-001,n1_over_n5=1.5,1.5,a_over_A5=2,2,exact,eq20,1,1.5,0.44444444444444442,2,134,2.6800000000000002,5.3600000000000003,0.43303978115604624,0.90137480990780061,8.6533726642420636e-08,1,ok
CP-011-FIG11-001,n1_over_n5=1.5,1.5,a_over_A5=2,2,exact,eq20,1,1.5,0.44444444444444442,2,135,2.7000000000000002,5.4000000000000004,0.43303978115604624,0.90137480990780061,7.7266782555226884e-08,1,ok
CP-011-FIG11-001,n1_over_n5=1.5,1.5,a_over_A5=2,2,exact,eq20,1,1.5,0.44444444444444442,2,136,2.7200000000000002,5.4400000000000004,0.43303978115604624,0.90137480990780061,6.8992240575826375e-08,1,ok
CP-011-FIG11-001,n1_over_n5=1.5,1.5,a_over_A5=2,2,exact,eq20,1,1.5,0.44444444444444442,2,137,2.7400000000000002,5.4800000000000004,0.43303978115604624,0.90137480990780061,6.1603823820029438e-08,1,ok
CP-011-FIG11-001,n1_over_n5=1.5,1.5,a_over_A5=2,2,exact,eq20,1,1.5,0.44444444444444442,2,138,2.7600000000000002,5.5200000000000005,0.43303978115604624,0.90137480990780061,5.5006636653266419e-08,1,ok
CP-011-FIG11-001,n1_over_n5=1.5,1.5,a_over_A5=2,2,exact,eq20,1,1.5,0.44444444444444442,2,139,2.7800000000000002,5.5600000000000005,0.43303978115604624,0.90137480990780061,4.9115945866345848e-08,1,ok
CP-011-FIG11-001,n1_over_n5=1.5,1.5,a_over_A5=2,2,exact,eq20,1,1.5,0.44444444444444442,2,140,2.8000000000000003,5.6000000000000005,0.43303978115604624,0.90137480990780061,4.3856092375765417e-08,1,ok
CP-011-FIG11-001,n1_over_n5=1.5,1.5,a_over_A5=2,2,exact,eq20,1,1.5,0.44444444444444442,2,141,2.8199999999999998,5.6399999999999997,0.43303978115604624,0.90137480990780061,3.9159519470631904e-08,1,ok
CP-011-FIG11-001,n1_over_n5=1.5,1.5,a_over_A5=2,2,exact,eq20,1,1.5,0.44444444444444442,2,142,2.8399999999999999,5.6799999999999997,0.43303978115604624,0.90137480990780061,3.4965905125149286e-08,1,ok
CP-011-FIG11-001,n1_over_n5=1.5,1.5,a_over_A5=2,2,exact,eq20,1,1.5,0.44444444444444442,2,143,2.8599999999999999,5.7199999999999998,0.43303978115604624,0.90137480990780061,3.1221387232237462e-08,1,ok
CP-011-FIG11-001,n1_over_n5=1.5,1.5,a_over_A5=2,2,exact,eq20,1,1.5,0.44444444444444442,2,144,2.8799999999999999,5.7599999999999998,0.43303978115604624,0.90137480990780061,2.7877871807305459e-08,1,ok
CP-011-FIG11-001,n1_over_n5=1.5,1.5,a_over_A5=2,2,exact,eq20,1,1.5,0.44444444444444442,2,145,2.8999999999999999,5.7999999999999998,0.43303978115604624,0.90137480990780061,2.4892415276861598e-08,1,ok
CP-011-FIG11-001,n1_over_n5=1.5,1.5,a_over_A5=2,2,exact,eq20,1,1.5,0.44444444444444442,2,146,2.9199999999999999,5.8399999999999999,0.43303978115604624,0.90137480990780061,2.2226672918172921e-08,1,ok
CP-011-FIG11-001,n1_over_n5=1.5,1.5,a_over_A5=2,2,exact,eq20,1,1.5,0.44444444444444442,2,147,2.9399999999999999,5.8799999999999999,0.43303978115604624,0.90137480990780061,1.9846406365824039e-08,1,ok
CP-011-FIG11-001,n1_over_n5=1.5,1.5,a_over_A5=2,2,exact,eq20,1,1.5,0.44444444444444442,2,148,2.96,5.9199999999999999,0.43303978115604624,0.90137480990780061,1.7721043859667202e-08,1,ok
CP-011-FIG11-001,n1_over_n5=1.5,1.5,a_over_A5=2,2,exact,eq20,1,1.5,0.44444444444444442,2,149,2.98,5.96,0.43303978115604624,0.90137480990780061,1.5823287586060261e-08,1,ok
CP-011-FIG11-001,n1_over_n5=1.5,1.5,a_over_A5=2,2,exact,eq20,1,1.5,0.44444444444444442,2,150,3,6,0.43303978115604624,0.90137480990780061,1.4128763069145178e-08,1,ok
CP-011-FIG11-001,n1_over_n5=1.5,1.5,a_over_A5=3,3,exact,eq20,1,1.5,0.44444444444444442,3,0,0,0,0.30349125797413967,0.95283422290200837,0.17552529618512747,1,ok
CP-011-FIG11-001,n1_over_n5=1.5,1.5,a_over_A5=3,3,exact,eq20,1,1.5,0.44444444444444442,3,1,0.02,0.059999999999999998,0.30349125797413967,0.95283422290200837,0.14666897116957489,1,ok
CP-011-FIG11-001,n1_over_n5=1.5,1.5,a_over_A5=3,3,exact,eq20,1,1.5,0.44444444444444442,3,2,0.040000000000000001,0.12,0.30349125797413967,0.95283422290200837,0.12255662045004041,1,ok
CP-011-FIG11-001,n1_over_n5=1.5,1.5,a_over_A5=3,3,exact,eq20,1,1.5,0.44444444444444442,3,3,0.059999999999999998,0.17999999999999999,0.30349125797413967,0.95283422290200837,0.10240833556246454,1,ok
CP-011-FIG11-001,n1_over_n5=1.5,1.5,a_over_A5=3,3,exact,eq20,1,1.5,0.44444444444444442,3,4,0.080000000000000002,0.23999999999999999,0.30349125797413967,0.95283422290200837,0.085572424844641531,1,ok
CP-011-FIG11-001,n1_over_n5=1.5,1.5,a_over_A5=3,3,exact,eq20,1,1.5,0.44444444444444442,3,5,0.10000000000000001,0.30000000000000004,0.30349125797413967,0.95283422290200837,0.071504334618594942,1,ok
CP-011-FIG11-001,n1_over_n5=1.5,1.5,a_over_A5=3,3,exact,eq20,1,1.5,0.44444444444444442,3,6,0.12,0.35999999999999999,0.30349125797413967,0.95283422290200837,0.059749035726526567,1,ok
CP-011-FIG11-001,n1_over_n5=1.5,1.5,a_over_A5=3,3,exact,eq20,1,1.5,0.44444444444444442,3,7,0.14000000000000001,0.42000000000000004,0.30349125797413967,0.95283422290200837,0.049926305716875681,1,ok
CP-011-FIG11-001,n1_over_n5=1.5,1.5,a_over_A5=3,3,exact,eq20,1,1.5,0.44444444444444442,3,8,0.16,0.47999999999999998,0.30349125797413967,0.95283422290200837,0.041718430636166502,1,ok
CP-011-FIG11-001,n1_over_n5=1.5,1.5,a_over_A5=3,3,exact,eq20,1,1.5,0.44444444444444442,3,9,0.17999999999999999,0.54000000000000004,0.30349125797413967,0.95283422290200837,0.03485992864391628,1,ok
CP-011-FIG11-001,n1_over_n5=1.5,1.5,a_over_A5=3,3,exact,eq20,1,1.5,0.44444444444444442,3,10,0.20000000000000001,0.60000000000000009,0.30349125797413967,0.95283422290200837,0.029128963063280767,1,ok
CP-011-FIG11-001,n1_over_n5=1.5,1.5,a_over_A5=3,3,exact,eq20,1,1.5,0.44444444444444442,3,11,0.22,0.66000000000000003,0.30349125797413967,0.95283422290200837,0.024340167124526062,1,ok
CP-011-FIG11-001,n1_over_n5=1.5,1.5,a_over_A5=3,3,exact,eq20,1,1.5,0.44444444444444442,3,12,0.23999999999999999,0.71999999999999997,0.30349125797413967,0.95283422290200837,0.020338648319296982,1,ok
CP-011-FIG11-001,n1_over_n5=1.5,1.5,a_over_A5=3,3,exact,eq20,1,1.5,0.44444444444444442,3,13,0.26000000000000001,0.78000000000000003,0.30349125797413967,0.95283422290200837,0.016994978437893393,1,ok
CP-011-FIG11-001,n1_over_n5=1.5,1.5,a_over_A5=3,3,exact,eq20,1,1.5,0.44444444444444442,3,14,0.28000000000000003,0.84000000000000008,0.30349125797413967,0.95283422290200837,0.014201007243457013,1,ok
CP-011-FIG11-001,n1_over_n5=1.5,1.5,a_over_A5=3,3,exact,eq20,1,1.5,0.44444444444444442,3,15,0.29999999999999999,0.89999999999999991,0.30349125797413967,0.95283422290200837,0.011866364377318767,1,ok
CP-011-FIG11-001,n1_over_n5=1.5,1.5,a_over_A5=3,3,exact,eq20,1,1.5,0.44444444444444442,3,16,0.32000000000000001,0.95999999999999996,0.30349125797413967,0.95283422290200837,0.009915536350435768,1,ok
CP-011-FIG11-001,n1_over_n5=1.5,1.5,a_over_A5=3,3,exact,eq20,1,1.5,0.44444444444444442,3,17,0.34000000000000002,1.02,0.30349125797413967,0.95283422290200837,0.0082854240768753668,1,ok
CP-011-FIG11-001,n1_over_n5=1.5,1.5,a_over_A5=3,3,exact,eq20,1,1.5,0.44444444444444442,3,18,0.35999999999999999,1.0800000000000001,0.30349125797413967,0.95283422290200837,0.006923301948325679,1,ok
CP-011-FIG11-001,n1_over_n5=1.5,1.5,a_over_A5=3,3,exact,eq20,1,1.5,0.44444444444444442,3,19,0.38,1.1400000000000001,0.30349125797413967,0.95283422290200837,0.0057851124363650563,1,ok
CP-011-FIG11-001,n1_over_n5=1.5,1.5,a_over_A5=3,3,exact,eq20,1,1.5,0.44444444444444442,3,20,0.40000000000000002,1.2000000000000002,0.30349125797413967,0.95283422290200837,0.0048340410617912395,1,ok
CP-011-FIG11-001,n1_over_n5=1.5,1.5,a_over_A5=3,3,exact,eq20,1,1.5,0.44444444444444442,3,21,0.41999999999999998,1.26,0.30349125797413967,0.95283422290200837,0.0040393256387193941,1,ok
CP-011-FIG11-001,n1_over_n5=1.5,1.5,a_over_A5=3,3,exact,eq20,1,1.5,0.44444444444444442,3,22,0.44,1.3200000000000001,0.30349125797413967,0.95283422290200837,0.0033752612787219332,1,ok
CP-011-FIG11-001,n1_over_n5=1.5,1.5,a_over_A5=3,3,exact,eq20,1,1.5,0.44444444444444442,3,23,0.46000000000000002,1.3800000000000001,0.30349125797413967,0.95283422290200837,0.002820368972096888,1,ok
CP-011-FIG11-001,n1_over_n5=1.5,1.5,a_over_A5=3,3,exact,eq20,1,1.5,0.44444444444444442,3,24,0.47999999999999998,1.4399999999999999,0.30349125797413967,0.95283422290200837,0.0023567008542162032,1,ok
CP-011-FIG11-001,n1_over_n5=1.5,1.5,a_over_A5=3,3,exact,eq20,1,1.5,0.44444444444444442,3,25,0.5,1.5,0.30349125797413967,0.95283422290200837,0.0019692596859530996,1,ok
CP-011-FIG11-001,n1_over_n5=1.5,1.5,a_over_A5=3,3,exact,eq20,1,1.5,0.44444444444444442,3,26,0.52000000000000002,1.5600000000000001,0.30349125797413967,0.95283422290200837,0.0016455137714157823,1,ok
CP-011-FIG11-001,n1_over_n5=1.5,1.5,a_over_A5=3,3,exact,eq20,1,1.5,0.44444444444444442,3,27,0.54000000000000004,1.6200000000000001,0.30349125797413967,0.95283422290200837,0.0013749916231126647,1,ok
CP-011-FIG11-001,n1_over_n5=1.5,1.5,a_over_A5=3,3,exact,eq20,1,1.5,0.44444444444444442,3,28,0.56000000000000005,1.6800000000000002,0.30349125797413967,0.95283422290200837,0.0011489432640866626,1,ok
CP-011-FIG11-001,n1_over_n5=1.5,1.5,a_over_A5=3,3,exact,eq20,1,1.5,0.44444444444444442,3,29,0.57999999999999996,1.7399999999999998,0.30349125797413967,0.95283422290200837,0.00096005721191361052,1,ok
CP-011-FIG11-001,n1_over_n5=1.5,1.5,a_over_A5=3,3,exact,eq20,1,1.5,0.44444444444444442,3,30,0.59999999999999998,1.7999999999999998,0.30349125797413967,0.95283422290200837,0.00080222399047705413,1,ok
CP-011-FIG11-001,n1_over_n5=1.5,1.5,a_over_A5=3,3,exact,eq20,1,1.5,0.44444444444444442,3,31,0.62,1.8599999999999999,0.30349125797413967,0.95283422290200837,0.00067033852036188686,1,ok
CP-011-FIG11-001,n1_over_n5=1.5,1.5,a_over_A5=3,3,exact,eq20,1,1.5,0.44444444444444442,3,32,0.64000000000000001,1.9199999999999999,0.30349125797413967,0.95283422290200837,0.00056013499622935671,1,ok
CP-011-FIG11-001,n1_over_n5=1.5,1.5,a_over_A5=3,3,exact,eq20,1,1.5,0.44444444444444442,3,33,0.66000000000000003,1.98,0.30349125797413967,0.95283422290200837,0.00046804891031993861,1,ok
CP-011-FIG11-001,n1_over_n5=1.5,1.5,a_over_A5=3,3,exact,eq20,1,1.5,0.44444444444444442,3,34,0.68000000000000005,2.04,0.30349125797413967,0.95283422290200837,0.00039110175926586869,1,ok
CP-011-FIG11-001,n1_over_n5=1.5,1.5,a_over_A5=3,3,exact,eq20,1,1.5,0.44444444444444442,3,35,0.70000000000000007,2.1000000000000001,0.30349125797413967,0.95283422290200837,0.00032680470508156956,1,ok
CP-011-FIG11-001,n1_over_n5=1.5,1.5,a_over_A5=3,3,exact,eq20,1,1.5,0.44444444444444442,3,36,0.71999999999999997,2.1600000000000001,0.30349125797413967,0.95283422290200837,0.00027307807426877039,1,ok
CP-011-FIG11-001,n1_over_n5=1.5,1.5,a_over_A5=3,3,exact,eq20,1,1.5,0.44444444444444442,3,37,0.73999999999999999,2.2199999999999998,0.30349125797413967,0.95283422290200837,0.00022818409125329838,1,ok
CP-011-FIG11-001,n1_over_n5=1.5,1.5,a_over_A5=3,3,exact,eq20,1,1.5,0.44444444444444442,3,38,0.76000000000000001,2.2800000000000002,0.30349125797413967,0.95283422290200837,0.00019067067043195449,1,ok
CP-011-FIG11-001,n1_over_n5=1.5,1.5,a_over_A5=3,3,exact,eq20,1,1.5,0.44444444444444442,3,39,0.78000000000000003,2.3399999999999999,0.30349125797413967,0.95283422290200837,0.00015932444879610141,1,ok
CP-011-FIG11-001,n1_over_n5=1.5,1.5,a_over_A5=3,3,exact,eq20,1,1.5,0.44444444444444442,3,40,0.80000000000000004,2.4000000000000004,0.30349125797413967,0.95283422290200837,0.00013313153998291771,1,ok
CP-011-FIG11-001,n1_over_n5=1.5,1.5,a_over_A5=3,3,exact,eq20,1,1.5,0.44444444444444442,3,41,0.82000000000000006,2.46,0.30349125797413967,0.95283422290200837,0.00011124474035310118,1,ok
CP-011-FIG11-001,n1_over_n5=1.5,1.5,a_over_A5=3,3,exact,eq20,1,1.5,0.44444444444444442,3,42,0.83999999999999997,2.52,0.30349125797413967,0.95283422290200837,9.2956126383100419e-05,1,ok
CP-011-FIG11-001,n1_over_n5=1.5,1.5,a_over_A5=3,3,exact,eq20,1,1.5,0.44444444444444442,3,43,0.85999999999999999,2.5800000000000001,0.30349125797413967,0.95283422290200837,7.767415704081014e-05,1,ok
CP-011-FIG11-001,n1_over_n5=1.5,1.5,a_over_A5=3,3,exact,eq20,1,1.5,0.44444444444444442,3,44,0.88,2.6400000000000001,0.30349125797413967,0.95283422290200837,6.4904540526306833e-05,1,ok
CP-011-FIG11-001,n1_over_n5=1.5,1.5,a_over_A5=3,3,exact,eq20,1,1.5,0.44444444444444442,3,45,0.90000000000000002,2.7000000000000002,0.30349125797413967,0.95283422290200837,5.4234246516736565e-05,1,ok
CP-011-FIG11-001,n1_over_n5=1.5,1.5,a_over_A5=3,3,exact,eq20,1,1.5,0.44444444444444442,3,46,0.92000000000000004,2.7600000000000002,0.30349125797413967,0.95283422290200837,4.5318146795076307e-05,1,ok
CP-011-FIG11-001,n1_over_n5=1.5,1.5,a_over_A5=3,3,exact,eq20,1,1.5,0.44444444444444442,3,47,0.94000000000000006,2.8200000000000003,0.30349125797413967,0.95283422290200837,3.7867852156963288e-05,1,ok
CP-011-FIG11-001,n1_over_n5=1.5,1.5,a_over_A5=3,3,exact,eq20,1,1.5,0.44444444444444442,3,48,0.95999999999999996,2.8799999999999999,0.30349125797413967,0.95283422290200837,3.1642384527900237e-05,1,ok
CP-011-FIG11-001,n1_over_n5=1.5,1.5,a_over_A5=3,3,exact,eq20,1,1.5,0.44444444444444442,3,49,0.97999999999999998,2.9399999999999999,0.30349125797413967,0.95283422290200837,2.6440382582601485e-05,1,ok
CP-011-FIG11-001,n1_over_n5=1.5,1.5,a_over_A5=3,3,exact,eq20,1,1.5,0.44444444444444442,3,50,1,3,0.30349125797413967,0.95283422290200837,2.2093588759024054e-05,1,ok
CP-011-FIG11-001,n1_over_n5=1.5,1.5,a_over_A5=3,3,exact,eq20,1,1.5,0.44444444444444442,3,51,1.02,3.0600000000000001,0.30349125797413967,0.95283422290200837,1.8461407006042196e-05,1,ok
CP-011-FIG11-001,n1_over_n5=1.5,1.5,a_over_A5=3,3,exact,eq20,1,1.5,0.44444444444444442,3,52,1.04,3.1200000000000001,0.30349125797413967,0.95283422290200837,1.5426355236359488e-05,1,ok
CP-011-FIG11-001,n1_over_n5=1.5,1.5,a_over_A5=3,3,exact,eq20,1,1.5,0.44444444444444442,3,53,1.0600000000000001,3.1800000000000002,0.30349125797413967,0.95283422290200837,1.2890265395290307e-05,1,ok
CP-011-FIG11-001,n1_over_n5=1.5,1.5,a_over_A5=3,3,exact,eq20,1,1.5,0.44444444444444442,3,54,1.0800000000000001,3.2400000000000002,0.30349125797413967,0.95283422290200837,1.0771108237504252e-05,1,ok
CP-011-FIG11-001,n1_over_n5=1.5,1.5,a_over_A5=3,3,exact,eq20,1,1.5,0.44444444444444442,3,55,1.1000000000000001,3.3000000000000003,0.30349125797413967,0.95283422290200837,9.0003401098647035e-06,1,ok
CP-011-FIG11-001,n1_over_n5=1.5,1.5,a_over_A5=3,3,exact,eq20,1,1.5,0.44444444444444442,3,56,1.1200000000000001,3.3600000000000003,0.30349125797413967,0.95283422290200837,7.5206859226594281e-06,1,ok
CP-011-FIG11-001,n1_over_n5=1.5,1.5,a_over_A5=3,3,exact,eq20,1,1.5,0.44444444444444442,3,57,1.1400000000000001,3.4200000000000004,0.30349125797413967,0.95283422290200837,6.284286599935815e-06,1,ok
CP-011-FIG11-001,n1_over_n5=1.5,1.5,a_over_A5=3,3,exact,eq20,1,1.5,0.44444444444444442,3,58,1.1599999999999999,3.4799999999999995,0.30349125797413967,0.95283422290200837,5.2511510886453826e-06,1,ok
CP-011-FIG11-001,n1_over_n5=1.5,1.5,a_over_A5=3,3,exact,eq20,1,1.5,0.44444444444444442,3,59,1.1799999999999999,3.54,0.30349125797413967,0.95283422290200837,4.3878628571878103e-06,1,ok
CP-011-FIG11-001,n1_over_n5=1.5,1.5,a_over_A5=3,3,exact,eq20,1,1.5,0.44444444444444442,3,60,1.2,3.5999999999999996,0.30349125797413967,0.95283422290200837,3.6664990453464841e-06,1,ok
CP-011-FIG11-001,n1_over_n5=1.5,1.5,a_over_A5=3,3,exact,eq20,1,1.5,0.44444444444444442,3,61,1.22,3.6600000000000001,0.30349125797413967,0.95283422290200837,3.0637273057668869e-06,1,ok
CP-011-FIG11-001,n1_over_n5=1.5,1.5,a_over_A5=3,3,exact,eq20,1,1.5,0.44444444444444442,3,62,1.24,3.7199999999999998,0.30349125797413967,0.95283422290200837,2.5600511245229747e-06,1,ok
CP-011-FIG11-001,n1_over_n5=1.5,1.5,a_over_A5=3,3,exact,eq20,1,1.5,0.44444444444444442,3,63,1.26,3.7800000000000002,0.30349125797413967,0.95283422290200837,2.1391792108373742e-06,1,ok
CP-011-FIG11-001,n1_over_n5=1.5,1.5,a_over_A5=3,3,exact,eq20,1,1.5,0.44444444444444442,3,64,1.28,3.8399999999999999,0.30349125797413967,0.95283422290200837,1.7874985590108124e-06,1,ok
CP-011-FIG11-001,n1_over_n5=1.5,1.5,a_over_A5=3,3,exact,eq20,1,1.5,0.44444444444444442,3,65,1.3,3.9000000000000004,0.30349125797413967,0.95283422290200837,1.4936341388690799e-06,1,ok
CP-011-FIG11-001,n1_over_n5=1.5,1.5,a_over_A5=3,3,exact,eq20,1,1.5,0.44444444444444442,3,66,1.3200000000000001,3.96,0.30349125797413967,0.95283422290200837,1.2480809730161507e-06,1,ok
CP-011-FIG11-001,n1_over_n5=1.5,1.5,a_over_A5=3,3,exact,eq20,1,1.5,0.44444444444444442,3,67,1.3400000000000001,4.0200000000000005,0.30349125797413967,0.95283422290200837,1.042896700516215e-06,1,ok
CP-011-FIG11-001,n1_over_n5=1.5,1.5,a_over_A5=3,3,exact,eq20,1,1.5,0.44444444444444442,3,68,1.3600000000000001,4.0800000000000001,0.30349125797413967,0.95283422290200837,8.7144468304744625e-07,1,ok
CP-011-FIG11-001,n1_over_n5=1.5,1.5,a_over_A5=3,3,exact,eq20,1,1.5,0.44444444444444442,3,69,1.3800000000000001,4.1400000000000006,0.30349125797413967,0.95283422290200837,7.2817934435478303e-07,1,ok
CP-011-FIG11-001,n1_over_n5=1.5,1.5,a_over_A5=3,3,exact,eq20,1,1.5,0.44444444444444442,3,70,1.4000000000000001,4.2000000000000002,0.30349125797413967,0.95283422290200837,6.084667998554905e-07,1,ok
CP-011-FIG11-001,n1_over_n5=1.5,1.5,a_over_A5=3,3,exact,eq20,1,1.5,0.44444444444444442,3,71,1.4199999999999999,4.2599999999999998,0.30349125797413967,0.95283422290200837,5.0843497470315233e-07,1,ok
CP-011-FIG11-001,n1_over_n5=1.5,1.5,a_over_A5=3,3,exact,eq20,1,1.5,0.44444444444444442,3,72,1.4399999999999999,4.3200000000000003,0.30349125797413967,0.95283422290200837,4.2484836241318149e-07,1,ok
CP-011-FIG11-001,n1_over_n5=1.5,1.5,a_over_A5=3,3,exact,eq20,1,1.5,0.44444444444444442,3,73,1.46,4.3799999999999999,0.30349125797413967,0.95283422290200837,3.5500337314627946e-07,1,ok
CP-011-FIG11-001,n1_over_n5=1.5,1.5,a_over_A5=3,3,exact,eq20,1,1.5,0.44444444444444442,3,74,1.48,4.4399999999999995,0.30349125797413967,0.95283422290200837,2.9664088671399946e-07,1,ok
CP-011-FIG11-001,n1_over_n5=1.5,1.5,a_over_A5=3,3,exact,eq20,1,1.5,0.44444444444444442,3,75,1.5,4.5,0.30349125797413967,0.95283422290200837,2.4787318185342646e-07,1,ok
CP-011-FIG11-001,n1_over_n5=1.5,1.5,a_over_A5=3,3,exact,eq20,1,1.5,0.44444444444444442,3,76,1.52,4.5600000000000005,0.30349125797413967,0.95283422290200837,2.0712287831508273e-07,1,ok
CP-011-FIG11-001,n1_over_n5=1.5,1.5,a_over_A5=3,3,exact,eq20,1,1.5,0.44444444444444442,3,77,1.54,4.6200000000000001,0.30349125797413967,0.95283422290200837,1.7307191685985747e-07,1,ok
CP-011-FIG11-001,n1_over_n5=1.5,1.5,a_over_A5=3,3,exact,eq20,1,1.5,0.44444444444444442,3,78,1.5600000000000001,4.6799999999999997,0.30349125797413967,0.95283422290200837,1.4461892693466023e-07,1,ok
CP-011-FIG11-001,n1_over_n5=1.5,1.5,a_over_A5=3,3,exact,eq20,1,1.5,0.44444444444444442,3,79,1.5800000000000001,4.7400000000000002,0.30349125797413967,0.95283422290200837,1.2084360309401214e-07,1,ok
CP-011-FIG11-001,n1_over_n5=1.5,1.5,a_over_A5=3,3,exact,eq20,1,1.5,0.44444444444444442,3,80,1.6000000000000001,4.8000000000000007,0.30349125797413967,0.95283422290200837,1.0097693793109807e-07,1,ok
CP-011-FIG11-001,n1_over_n5=1.5,1.5,a_over_A5=3,3,exact,eq20,1,1.5,0.44444444444444442,3,81,1.6200000000000001,4.8600000000000003,0.30349125797413967,0.95283422290200837,8.4376348709235754e-08,1,ok
CP-011-FIG11-001,n1_over_n5=1.5,1.5,a_over_A5=3,3,exact,eq20,1,1.5,0.44444444444444442,3,82,1.6400000000000001,4.9199999999999999,0.30349125797413967,0.95283422290200837,7.0504893170363913e-08,1,ok
CP-011-FIG11-001,n1_over_n5=1.5,1.5,a_over_A5=3,3,exact,eq20,1,1.5,0.44444444444444442,3,83,1.6600000000000001,4.9800000000000004,0.30349125797413967,0.95283422290200837,5.8913902260626091e-08,1,ok
CP-011-FIG11-001,n1_over_n5=1.5,1.5,a_over_A5=3,3,exact,eq20,1,1.5,0.44444444444444442,3,84,1.6799999999999999,5.04,0.30349125797413967,0.95283422290200837,4.9228468032535872e-08,1,ok
CP-011-FIG11-001,n1_over_n5=1.5,1.5,a_over_A5=3,3,exact,eq20,1,1.5,0.44444444444444442,3,85,1.7,5.0999999999999996,0.30349125797413967,0.95283422290200837,4.1135317333241127e-08,1,ok
CP-011-FIG11-001,n1_over_n5=1.5,1.5,a_over_A5=3,3,exact,eq20,1,1.5,0.44444444444444442,3,86,1.72,5.1600000000000001,0.30349125797413967,0.95283422290200837,3.4372679056112286e-08,1,ok
CP-011-FIG11-001,n1_over_n5=1.5,1.5,a_over_A5=3,3,exact,eq20,1,1.5,0.44444444444444442,3,87,1.74,5.2199999999999998,0.30349125797413967,0.95283422290200837,2.8721817214225321e-08,1,ok
CP-011-FIG11-001,n1_over_n5=1.5,1.5,a_over_A5=3,3,exact,eq20,1,1.5,0.44444444444444442,3,88,1.76,5.2800000000000002,0.30349125797413967,0.95283422290200837,2.3999955974937972e-08,1,ok
CP-011-FIG11-001,n1_over_n5=1.5,1.5,a_over_A5=3,3,exact,eq20,1,1.5,0.44444444444444442,3,89,1.78,5.3399999999999999,0.30349125797413967,0.95283422290200837,2.0054367817426327e-08,1,ok
CP-011-FIG11-001,n1_over_n5=1.5,1.5,a_over_A5=3,3,exact,eq20,1,1.5,0.44444444444444442,3,90,1.8,5.4000000000000004,0.30349125797413967,0.95283422290200837,1.6757433595986594e-08,1,ok
CP-011-FIG11-001,n1_over_n5=1.5,1.5,a_over_A5=3,3,exact,eq20,1,1.5,0.44444444444444442,3,91,1.8200000000000001,5.46,0.30349125797413967,0.95283422290200837,1.4002514727983014e-08,1,ok
CP-011-FIG11-001,n1_over_n5=1.5,1.5,a_over_A5=3,3,exact,eq20,1,1.5,0.44444444444444442,3,92,1.8400000000000001,5.5200000000000005,0.30349125797413967,0.95283422290200837,1.1700503993304763e-08,1,ok
CP-011-FIG11-001,n1_over_n5=1.5,1.5,a_over_A5=3,3,exact,eq20,1,1.5,0.44444444444444442,3,93,1.8600000000000001,5.5800000000000001,0.30349125797413967,0.95283422290200837,9.7769433817307705e-09,1,ok
CP-011-FIG11-001,n1_over_n5=1.5,1.5,a_over_A5=3,3,exact,eq20,1,1.5,0.44444444444444442,3,94,1.8800000000000001,5.6400000000000006,0.30349125797413967,0.95283422290200837,8.1696157656341955e-09,1,ok
CP-011-FIG11-001,n1_over_n5=1.5,1.5,a_over_A5=3,3,exact,eq20,1,1.5,0.44444444444444442,3,95,1.9000000000000001,5.7000000000000002,0.30349125797413967,0.95283422290200837,6.8265325012329271e-09,1,ok
CP-011-FIG11-001,n1_over_n5=1.5,1.5,a_over_A5=3,3,exact,eq20,1,1.5,0.44444444444444442,3,96,1.9199999999999999,5.7599999999999998,0.30349125797413967,0.95283422290200837,5.7042518678076263e-09,1,ok
CP-011-FIG11-001,n1_over_n5=1.5,1.5,a_over_A5=3,3,exact,eq20,1,1.5,0.44444444444444442,3,97,1.9399999999999999,5.8200000000000003,0.30349125797413967,0.95283422290200837,4.766473955190292e-09,1,ok
CP-011-FIG11-001,n1_over_n5=1.5,1.5,a_over_A5=3,3,exact,eq20,1,1.5,0.44444444444444442,3,98,1.96,5.8799999999999999,0.30349125797413967,0.95283422290200837,3.9828665514798382e-09,1,ok
CP-011-FIG11-001,n1_over_n5=1.5,1.5,a_over_A5=3,3,exact,eq20,1,1.5,0.44444444444444442,3,99,1.98,5.9399999999999995,0.30349125797413967,0.95283422290200837,3.3280840545919935e-09,1,ok
CP-011-FIG11-001,n1_over_n5=1.5,1.5,a_over_A5=3,3,exact,eq20,1,1.5,0.44444444444444442,3,100,2,6,0.30349125797413967,0.95283422290200837,2.7809476745622143e-09,1,ok
CP-011-FIG11-001,n1_over_n5=1.5,1.5,a_over_A5=3,3,exact,eq20,1,1.5,0.44444444444444442,3,101,2.02,6.0600000000000005,0.30349125797413967,0.95283422290200837,2.3237604104326322e-09,1,ok
CP-011-FIG11-001,n1_over_n5=1.5,1.5,a_over_A5=3,3,exact,eq20,1,1.5,0.44444444444444442,3,102,2.04,6.1200000000000001,0.30349125797413967,0.95283422290200837,1.9417346448074096e-09,1,ok
CP-011-FIG11-001,n1_over_n5=1.5,1.5,a_over_A5=3,3,exact,eq20,1,1.5,0.44444444444444442,3,103,2.0600000000000001,6.1799999999999997,0.30349125797413967,0.95283422290200837,1.6225138417533298e-09,1,ok
CP-011-FIG11-001,n1_over_n5=1.5,1.5,a_over_A5=3,3,exact,eq20,1,1.5,0.44444444444444442,3,104,2.0800000000000001,6.2400000000000002,0.30349125797413967,0.95283422290200837,1.3557728774738255e-09,1,ok
CP-011-FIG11-001,n1_over_n5=1.5,1.5,a_over_A5=3,3,exact,eq20,1,1.5,0.44444444444444442,3,105,2.1000000000000001,6.3000000000000007,0.30349125797413967,0.95283422290200837,1.1328840765434278e-09,1,ok
CP-011-FIG11-001,n1_over_n5=1.5,1.5,a_over_A5=3,3,exact,eq20,1,1.5,0.44444444444444442,3,106,2.1200000000000001,6.3600000000000003,0.30349125797413967,0.95283422290200837,9.4663815172127722e-10,1,ok
CP-011-FIG11-001,n1_over_n5=1.5,1.5,a_over_A5=3,3,exact,eq20,1,1.5,0.44444444444444442,3,107,2.1400000000000001,6.4199999999999999,0.30349125797413967,0.95283422290200837,7.9101102120568464e-10,1,ok
CP-011-FIG11-001,n1_over_n5=1.5,1.5,a_over_A5=3,3,exact,eq20,1,1.5,0.44444444444444442,3,108,2.1600000000000001,6.4800000000000004,0.30349125797413967,0.95283422290200837,6.6096896108734346e-10,1,ok
CP-011-FIG11-001,n1_over_n5=1.5,1.5,a_over_A5=3,3,exact,eq20,1,1.5,0.44444444444444442,3,109,2.1800000000000002,6.5400000000000009,0.30349125797413967,0.95283422290200837,5.5230579070185023e-10,1,ok
CP-011-FIG11-001,n1_over_n5=1.5,1.5,a_over_A5=3,3,exact,eq20,1,1.5,0.44444444444444442,3,110,2.2000000000000002,6.6000000000000005,0.30349125797413967,0.95283422290200837,4.6150682467900115e-10,1,ok
CP-011-FIG11-001,n1_over_n5=1.5,1.5,a_over_A5=3,3,exact,eq20,1,1.5,0.44444444444444442,3,111,2.2200000000000002,6.6600000000000001,0.30349125797413967,0.95283422290200837,3.8563519124910022e-10,1,ok
CP-011-FIG11-001,n1_over_n5=1.5,1.5,a_over_A5=3,3,exact,eq20,1,1.5,0.44444444444444442,3,112,2.2400000000000002,6.7200000000000006,0.30349125797413967,0.95283422290200837,3.2223683979791037e-10,1,ok
CP-011-FIG11-001,n1_over_n5=1.5,1.5,a_over_A5=3,3,exact,eq20,1,1.5,0.44444444444444442,3,113,2.2600000000000002,6.7800000000000011,0.30349125797413967,0.95283422290200837,2.6926116516132672e-10,1,ok
CP-011-FIG11-001,n1_over_n5=1.5,1.5,a_over_A5=3,3,exact,eq20,1,1.5,0.44444444444444442,3,114,2.2800000000000002,6.8400000000000007,0.30349125797413967,0.95283422290200837,2.2499468127078473e-10,1,ok
CP-011-FIG11-001,n1_over_n5=1.5,1.5,a_over_A5=3,3,exact,eq20,1,1.5,0.44444444444444442,3,115,2.3000000000000003,6.9000000000000004,0.30349125797413967,0.95283422290200837,1.8800559883862826e-10,1,ok
CP-011-FIG11-001,n1_over_n5=1.5,1.5,a_over_A5=3,3,exact,eq20,1,1.5,0.44444444444444442,3,116,2.3199999999999998,6.9599999999999991,0.30349125797413967,0.95283422290200837,1.5709751446138289e-10,1,ok
CP-011-FIG11-001,n1_over_n5=1.5,1.5,a_over_A5=3,3,exact,eq20,1,1.5,0.44444444444444442,3,117,2.3399999999999999,7.0199999999999996,0.30349125797413967,0.95283422290200837,1.3127071322555418e-10,1,ok
CP-011-FIG11-001,n1_over_n5=1.5,1.5,a_over_A5=3,3,exact,eq20,1,1.5,0.44444444444444442,3,118,2.3599999999999999,7.0800000000000001,0.30349125797413967,0.95283422290200837,1.0968983315761948e-10,1,ok
CP-011-FIG11-001,n1_over_n5=1.5,1.5,a_over_A5=3,3,exact,eq20,1,1.5,0.44444444444444442,3,119,2.3799999999999999,7.1399999999999997,0.30349125797413967,0.95283422290200837,9.1656845632222729e-11,1,ok
CP-011-FIG11-001,n1_over_n5=1.5,1.5,a_over_A5=3,3,exact,eq20,1,1.5,0.44444444444444442,3,120,2.3999999999999999,7.1999999999999993,0.30349125797413967,0.95283422290200837,7.6588477796089553e-11,1,ok
CP-011-FIG11-001,n1_over_n5=1.5,1.5,a_over_A5=3,3,exact,eq20,1,1.5,0.44444444444444442,3,121,2.4199999999999999,7.2599999999999998,0.30349125797413967,0.95283422290200837,6.3997346741113599e-11,1,ok
CP-011-FIG11-001,n1_over_n5=1.5,1.5,a_over_A5=3,3,exact,eq20,1,1.5,0.44444444444444442,3,122,2.4399999999999999,7.3200000000000003,0.30349125797413967,0.95283422290200837,5.3476195215769449e-11,1,ok
CP-011-FIG11-001,n1_over_n5=1.5,1.5,a_over_A5=3,3,exact,eq20,1,1.5,0.44444444444444442,3,123,2.46,7.3799999999999999,0.30349125797413967,0.95283422290200837,4.4684718982544225e-11,1,ok
CP-011-FIG11-001,n1_over_n5=1.5,1.5,a_over_A5=3,3,exact,eq20,1,1.5,0.44444444444444442,3,124,2.48,7.4399999999999995,0.30349125797413967,0.95283422290200837,3.7338559755278551e-11,1,ok
CP-011-FIG11-001,n1_over_n5=1.5,1.5,a_over_A5=3,3,exact,eq20,1,1.5,0.44444444444444442,3,125,2.5,7.5,0.30349125797413967,0.95283422290200837,3.1200107695499408e-11,1,ok
CP-011-FIG11-001,n1_over_n5=1.5,1.5,a_over_A5=3,3,exact,eq20,1,1.5,0.44444444444444442,3,126,2.52,7.5600000000000005,0.30349125797413967,0.95283422290200837,2.6070815976589418e-11,1,ok
CP-011-FIG11-001,n1_over_n5=1.5,1.5,a_over_A5=3,3,exact,eq20,1,1.5,0.44444444444444442,3,127,2.54,7.6200000000000001,0.30349125797413967,0.95283422290200837,2.1784778832133302e-11,1,ok
CP-011-FIG11-001,n1_over_n5=1.5,1.5,a_over_A5=3,3,exact,eq20,1,1.5,0.44444444444444442,3,128,2.5600000000000001,7.6799999999999997,0.30349125797413967,0.95283422290200837,1.8203365371882283e-11,1,ok
CP-011-FIG11-001,n1_over_n5=1.5,1.5,a_over_A5=3,3,exact,eq20,1,1.5,0.44444444444444442,3,129,2.5800000000000001,7.7400000000000002,0.30349125797413967,0.95283422290200837,1.5210735597346101e-11,1,ok
CP-011-FIG11-001,n1_over_n5=1.5,1.5,a_over_A5=3,3,exact,eq20,1,1.5,0.44444444444444442,3,130,2.6000000000000001,7.8000000000000007,0.30349125797413967,0.95283422290200837,1.271009358356069e-11,1,ok
CP-011-FIG11-001,n1_over_n5=1.5,1.5,a_over_A5=3,3,exact,eq20,1,1.5,0.44444444444444442,3,131,2.6200000000000001,7.8600000000000003,0.30349125797413967,0.95283422290200837,1.0620556637054191e-11,1,ok
CP-011-FIG11-001,n1_over_n5=1.5,1.5,a_over_A5=3,3,exact,eq20,1,1.5,0.44444444444444442,3,132,2.6400000000000001,7.9199999999999999,0.30349125797413967,0.95283422290200837,8.8745391636429457e-12,1,ok
CP-011-FIG11-001,n1_over_n5=1.5,1.5,a_over_A5=3,3,exact,eq20,1,1.5,0.44444444444444442,3,133,2.6600000000000001,7.9800000000000004,0.30349125797413967,0.95283422290200837,7.4155666278596548e-12,1,ok
CP-011-FIG11-001,n1_over_n5=1.5,1.5,a_over_A5=3,3,exact,eq20,1,1.5,0.44444444444444442,3,134,2.6800000000000002,8.0400000000000009,0.30349125797413967,0.95283422290200837,6.196448897032339e-12,1,ok
CP-011-FIG11-001,n1_over_n5=1.5,1.5,a_over_A5=3,3,exact,eq20,1,1.5,0.44444444444444442,3,135,2.7000000000000002,8.1000000000000014,0.30349125797413967,0.95283422290200837,5.1777538872461683e-12,1,ok
CP-011-FIG11-001,n1_over_n5=1.5,1.5,a_over_A5=3,3,exact,eq20,1,1.5,0.44444444444444442,3,136,2.7200000000000002,8.1600000000000001,0.30349125797413967,0.95283422290200837,4.3265321416162379e-12,1,ok
CP-011-FIG11-001,n1_over_n5=1.5,1.5,a_over_A5=3,3,exact,eq20,1,1.5,0.44444444444444442,3,137,2.7400000000000002,8.2200000000000006,0.30349125797413967,0.95283422290200837,3.6152510876476047e-12,1,ok
CP-011-FIG11-001,n1_over_n5=1.5,1.5,a_over_A5=3,3,exact,eq20,1,1.5,0.44444444444444442,3,138,2.7600000000000002,8.2800000000000011,0.30349125797413967,0.95283422290200837,3.0209045024809949e-12,1,ok
CP-011-FIG11-001,n1_over_n5=1.5,1.5,a_over_A5=3,3,exact,eq20,1,1.5,0.44444444444444442,3,139,2.7800000000000002,8.3399999999999999,0.30349125797413967,0.95283422290200837,2.5242683818810566e-12,1,ok
CP-011-FIG11-001,n1_over_n5=1.5,1.5,a_over_A5=3,3,exact,eq20,1,1.5,0.44444444444444442,3,140,2.8000000000000003,8.4000000000000004,0.30349125797413967,0.95283422290200837,2.1092791442203065e-12,1,ok
CP-011-FIG11-001,n1_over_n5=1.5,1.5,a_over_A5=3,3,exact,eq20,1,1.5,0.44444444444444442,3,141,2.8199999999999998,8.4599999999999991,0.30349125797413967,0.95283422290200837,1.7625140576087999e-12,1,ok
CP-011-FIG11-001,n1_over_n5=1.5,1.5,a_over_A5=3,3,exact,eq20,1,1.5,0.44444444444444442,3,142,2.8399999999999999,8.5199999999999996,0.30349125797413967,0.95283422290200837,1.4727570847038898e-12,1,ok
CP-011-FIG11-001,n1_over_n5=1.5,1.5,a_over_A5=3,3,exact,eq20,1,1.5,0.44444444444444442,3,143,2.8599999999999999,8.5800000000000001,0.30349125797413967,0.95283422290200837,1.2306361025501252e-12,1,ok
CP-011-FIG11-001,n1_over_n5=1.5,1.5,a_over_A5=3,3,exact,eq20,1,1.5,0.44444444444444442,3,144,2.8799999999999999,8.6400000000000006,0.30349125797413967,0.95283422290200837,1.02831976340773e-12,1,ok
CP-011-FIG11-001,n1_over_n5=1.5,1.5,a_over_A5=3,3,exact,eq20,1,1.5,0.44444444444444442,3,145,2.8999999999999999,8.6999999999999993,0.30349125797413967,0.95283422290200837,8.5926419160278364e-13,1,ok
CP-011-FIG11-001,n1_over_n5=1.5,1.5,a_over_A5=3,3,exact,eq20,1,1.5,0.44444444444444442,3,146,2.9199999999999999,8.7599999999999998,0.30349125797413967,0.95283422290200837,7.1800132336660347e-13,1,ok
CP-011-FIG11-001,n1_over_n5=1.5,1.5,a_over_A5=3,3,exact,eq20,1,1.5,0.44444444444444442,3,147,2.9399999999999999,8.8200000000000003,0.30349125797413967,0.95283422290200837,5.9996204356495557e-13,1,ok
CP-011-FIG11-001,n1_over_n5=1.5,1.5,a_over_A5=3,3,exact,eq20,1,1.5,0.44444444444444442,3,148,2.96,8.879999999999999,0.30349125797413967,0.95283422290200837,5.0132839871501039e-13,1,ok
CP-011-FIG11-001,n1_over_n5=1.5,1.5,a_over_A5=3,3,exact,eq20,1,1.5,0.44444444444444442,3,149,2.98,8.9399999999999995,0.30349125797413967,0.95283422290200837,4.1891010615398196e-13,1,ok
CP-011-FIG11-001,n1_over_n5=1.5,1.5,a_over_A5=3,3,exact,eq20,1,1.5,0.44444444444444442,3,150,3,9,0.30349125797413967,0.95283422290200837,3.5004136507674407e-13,1,ok
CP-011-FIG11-001,n1_over_n5=1.5,1.5,a_over_A5=4,4,exact,eq20,1,1.5,0.44444444444444442,4,0,0,0,0.23310760475813996,0.97245094714536773,0.10568432626398919,1,ok
CP-011-FIG11-001,n1_over_n5=1.5,1.5,a_over_A5=4,4,exact,eq20,1,1.5,0.44444444444444442,4,1,0.02,0.080000000000000002,0.23310760475813996,0.97245094714536773,0.082768952117939151,1,ok
CP-011-FIG11-001,n1_over_n5=1.5,1.5,a_over_A5=4,4,exact,eq20,1,1.5,0.44444444444444442,4,2,0.040000000000000001,0.16,0.23310760475813996,0.97245094714536773,0.064822284220172069,1,ok
CP-011-FIG11-001,n1_over_n5=1.5,1.5,a_over_A5=4,4,exact,eq20,1,1.5,0.44444444444444442,4,3,0.059999999999999998,0.23999999999999999,0.23310760475813996,0.97245094714536773,0.050766965438119323,1,ok
CP-011-FIG11-001,n1_over_n5=1.5,1.5,a_over_A5=4,4,exact,eq20,1,1.5,0.44444444444444442,4,4,0.080000000000000002,0.32000000000000001,0.23310760475813996,0.97245094714536773,0.039759240372359089,1,ok
CP-011-FIG11-001,n1_over_n5=1.5,1.5,a_over_A5=4,4,exact,eq20,1,1.5,0.44444444444444442,4,5,0.10000000000000001,0.40000000000000002,0.23310760475813996,0.97245094714536773,0.0311383038427595,1,ok
CP-011-FIG11-001,n1_over_n5=1.5,1.5,a_over_A5=4,4,exact,eq20,1,1.5,0.44444444444444442,4,6,0.12,0.47999999999999998,0.23310760475813996,0.97245094714536773,0.024386632066493896,1,ok
CP-011-FIG11-001,n1_over_n5=1.5,1.5,a_over_A5=4,4,exact,eq20,1,1.5,0.44444444444444442,4,7,0.14000000000000001,0.56000000000000005,0.23310760475813996,0.97245094714536773,0.019098915167302336,1,ok
CP-011-FIG11-001,n1_over_n5=1.5,1.5,a_over_A5=4,4,exact,eq20,1,1.5,0.44444444444444442,4,8,0.16,0.64000000000000001,0.23310760475813996,0.97245094714536773,0.014957726002229993,1,ok
CP-011-FIG11-001,n1_over_n5=1.5,1.5,a_over_A5=4,4,exact,eq20,1,1.5,0.44444444444444442,4,9,0.17999999999999999,0.71999999999999997,0.23310760475813996,0.97245094714536773,0.011714464680215076,1,ok
CP-011-FIG11-001,n1_over_n5=1.5,1.5,a_over_A5=4,4,exact,eq20,1,1.5,0.44444444444444442,4,10,0.20000000000000001,0.80000000000000004,0.23310760475813996,0.97245094714536773,0.0091744348521658678,1,ok
CP-011-FIG11-001,n1_over_n5=1.5,1.5,a_over_A5=4,4,exact,eq20,1,1.5,0.44444444444444442,4,11,0.22,0.88,0.23310760475813996,0.97245094714536773,0.0071851558867041957,1,ok
CP-011-FIG11-001,n1_over_n5=1.5,1.5,a_over_A5=4,4,exact,eq20,1,1.5,0.44444444444444442,4,12,0.23999999999999999,0.95999999999999996,0.23310760475813996,0.97245094714536773,0.0056272092993338105,1,ok
CP-011-FIG11-001,n1_over_n5=1.5,1.5,a_over_A5=4,4,exact,eq20,1,1.5,0.44444444444444442,4,13,0.26000000000000001,1.04,0.23310760475813996,0.97245094714536773,0.004407069936659889,1,ok
CP-011-FIG11-001,n1_over_n5=1.5,1.5,a_over_A5=4,4,exact,eq20,1,1.5,0.44444444444444442,4,14,0.28000000000000003,1.1200000000000001,0.23310760475813996,0.97245094714536773,0.0034514915641951937,1,ok
CP-011-FIG11-001,n1_over_n5=1.5,1.5,a_over_A5=4,4,exact,eq20,1,1.5,0.44444444444444442,4,15,0.29999999999999999,1.2,0.23310760475813996,0.97245094714536773,0.0027031098187516602,1,ok
CP-011-FIG11-001,n1_over_n5=1.5,1.5,a_over_A5=4,4,exact,eq20,1,1.5,0.44444444444444442,4,16,0.32000000000000001,1.28,0.23310760475813996,0.97245094714536773,0.0021169985660780244,1,ok
CP-011-FIG11-001,n1_over_n5=1.5,1.5,a_over_A5=4,4,exact,eq20,1,1.5,0.44444444444444442,4,17,0.34000000000000002,1.3600000000000001,0.23310760475813996,0.97245094714536773,0.0016579729383122608,1,ok
CP-011-FIG11-001,n1_over_n5=1.5,1.5,a_over_A5=4,4,exact,eq20,1,1.5,0.44444444444444442,4,18,0.35999999999999999,1.4399999999999999,0.23310760475813996,0.97245094714536773,0.0012984771497830489,1,ok
CP-011-FIG11-001,n1_over_n5=1.5,1.5,a_over_A5=4,4,exact,eq20,1,1.5,0.44444444444444442,4,19,0.38,1.52,0.23310760475813996,0.97245094714536773,0.0010169302945469204,1,ok
CP-011-FIG11-001,n1_over_n5=1.5,1.5,a_over_A5=4,4,exact,eq20,1,1.5,0.44444444444444442,4,20,0.40000000000000002,1.6000000000000001,0.23310760475813996,0.97245094714536773,0.00079643082216739134,1,ok
CP-011-FIG11-001,n1_over_n5=1.5,1.5,a_over_A5=4,4,exact,eq20,1,1.5,0.44444444444444442,4,21,0.41999999999999998,1.6799999999999999,0.23310760475813996,0.97245094714536773,0.00062374192007017817,1,ok
CP-011-FIG11-001,n1_over_n5=1.5,1.5,a_over_A5=4,4,exact,eq20,1,1.5,0.44444444444444442,4,22,0.44,1.76,0.23310760475813996,0.97245094714536773,0.00048849689392239731,1,ok
CP-011-FIG11-001,n1_over_n5=1.5,1.5,a_over_A5=4,4,exact,eq20,1,1.5,0.44444444444444442,4,23,0.46000000000000002,1.8400000000000001,0.23310760475813996,0.97245094714536773,0.00038257684419379986,1,ok
CP-011-FIG11-001,n1_over_n5=1.5,1.5,a_over_A5=4,4,exact,eq20,1,1.5,0.44444444444444442,4,24,0.47999999999999998,1.9199999999999999,0.23310760475813996,0.97245094714536773,0.0002996232801769641,1,ok
CP-011-FIG11-001,n1_over_n5=1.5,1.5,a_over_A5=4,4,exact,eq20,1,1.5,0.44444444444444442,4,25,0.5,2,0.23310760475813996,0.97245094714536773,0.00023465641317937938,1,ok
CP-011-FIG11-001,n1_over_n5=1.5,1.5,a_over_A5=4,4,exact,eq20,1,1.5,0.44444444444444442,4,26,0.52000000000000002,2.0800000000000001,0.23310760475813996,0.97245094714536773,0.00018377621463088538,1,ok
CP-011-FIG11-001,n1_over_n5=1.5,1.5,a_over_A5=4,4,exact,eq20,1,1.5,0.44444444444444442,4,27,0.54000000000000004,2.1600000000000001,0.23310760475813996,0.97245094714536773,0.00014392829331384813,1,ok
CP-011-FIG11-001,n1_over_n5=1.5,1.5,a_over_A5=4,4,exact,eq20,1,1.5,0.44444444444444442,4,28,0.56000000000000005,2.2400000000000002,0.23310760475813996,0.97245094714536773,0.00011272053708279866,1,ok
CP-011-FIG11-001,n1_over_n5=1.5,1.5,a_over_A5=4,4,exact,eq20,1,1.5,0.44444444444444442,4,29,0.57999999999999996,2.3199999999999998,0.23310760475813996,0.97245094714536773,8.8279511885326566e-05,1,ok
CP-011-FIG11-001,n1_over_n5=1.5,1.5,a_over_A5=4,4,exact,eq20,1,1.5,0.44444444444444442,4,30,0.59999999999999998,2.3999999999999999,0.23310760475813996,0.97245094714536773,6.9137997568153583e-05,1,ok
CP-011-FIG11-001,n1_over_n5=1.5,1.5,a_over_A5=4,4,exact,eq20,1,1.5,0.44444444444444442,4,31,0.62,2.48,0.23310760475813996,0.97245094714536773,5.4146909125904759e-05,1,ok
CP-011-FIG11-001,n1_over_n5=1.5,1.5,a_over_A5=4,4,exact,eq20,1,1.5,0.44444444444444442,4,32,0.64000000000000001,2.5600000000000001,0.23310760475813996,0.97245094714536773,4.2406315933562406e-05,1,ok
CP-011-FIG11-001,n1_over_n5=1.5,1.5,a_over_A5=4,4,exact,eq20,1,1.5,0.44444444444444442,4,33,0.66000000000000003,2.6400000000000001,0.23310760475813996,0.97245094714536773,3.3211417975412661e-05,1,ok
CP-011-FIG11-001,n1_over_n5=1.5,1.5,a_over_A5=4,4,exact,eq20,1,1.5,0.44444444444444442,4,34,0.68000000000000005,2.7200000000000002,0.23310760475813996,0.97245094714536773,2.6010235967340797e-05,1,ok
CP-011-FIG11-001,n1_over_n5=1.5,1.5,a_over_A5=4,4,exact,eq20,1,1.5,0.44444444444444442,4,35,0.70000000000000007,2.8000000000000003,0.23310760475813996,0.97245094714536773,2.0370475466528023e-05,1,ok
CP-011-FIG11-001,n1_over_n5=1.5,1.5,a_over_A5=4,4,exact,eq20,1,1.5,0.44444444444444442,4,36,0.71999999999999997,2.8799999999999999,0.23310760475813996,0.97245094714536773,1.5953575786603768e-05,1,ok
CP-011-FIG11-001,n1_over_n5=1.5,1.5,a_over_A5=4,4,exact,eq20,1,1.5,0.44444444444444442,4,37,0.73999999999999999,2.96,0.23310760475813996,0.97245094714536773,1.2494385847651018e-05,1,ok
CP-011-FIG11-001,n1_over_n5=1.5,1.5,a_over_A5=4,4,exact,eq20,1,1.5,0.44444444444444442,4,38,0.76000000000000001,3.04,0.23310760475813996,0.97245094714536773,9.7852468812081652e-06,1,ok
CP-011-FIG11-001,n1_over_n5=1.5,1.5,a_over_A5=4,4,exact,eq20,1,1.5,0.44444444444444442,4,39,0.78000000000000003,3.1200000000000001,0.23310760475813996,0.97245094714536773,7.6635264585009806e-06,1,ok
CP-011-FIG11-001,n1_over_n5=1.5,1.5,a_over_A5=4,4,exact,eq20,1,1.5,0.44444444444444442,4,40,0.80000000000000004,3.2000000000000002,0.23310760475813996,0.97245094714536773,6.0018554966590022e-06,1,ok
CP-011-FIG11-001,n1_over_n5=1.5,1.5,a_over_A5=4,4,exact,eq20,1,1.5,0.44444444444444442,4,41,0.82000000000000006,3.2800000000000002,0.23310760475813996,0.97245094714536773,4.7004821602484625e-06,1,ok
CP-011-FIG11-001,n1_over_n5=1.5,1.5,a_over_A5=4,4,exact,eq20,1,1.5,0.44444444444444442,4,42,0.83999999999999997,3.3599999999999999,0.23310760475813996,0.97245094714536773,3.6812836548819307e-06,1,ok
CP-011-FIG11-001,n1_over_n5=1.5,1.5,a_over_A5=4,4,exact,eq20,1,1.5,0.44444444444444442,4,43,0.85999999999999999,3.4399999999999999,0.23310760475813996,0.97245094714536773,2.8830764346491007e-06,1,ok
CP-011-FIG11-001,n1_over_n5=1.5,1.5,a_over_A5=4,4,exact,eq20,1,1.5,0.44444444444444442,4,44,0.88,3.52,0.23310760475813996,0.97245094714536773,2.2579432902449252e-06,1,ok
CP-011-FIG11-001,n1_over_n5=1.5,1.5,a_over_A5=4,4,exact,eq20,1,1.5,0.44444444444444442,4,45,0.90000000000000002,3.6000000000000001,0.23310760475813996,0.97245094714536773,1.7683568290767855e-06,1,ok
CP-011-FIG11-001,n1_over_n5=1.5,1.5,a_over_A5=4,4,exact,eq20,1,1.5,0.44444444444444442,4,46,0.92000000000000004,3.6800000000000002,0.23310760475813996,0.97245094714536773,1.3849266668709356e-06,1,ok
CP-011-FIG11-001,n1_over_n5=1.5,1.5,a_over_A5=4,4,exact,eq20,1,1.5,0.44444444444444442,4,47,0.94000000000000006,3.7600000000000002,0.23310760475813996,0.97245094714536773,1.084635092348185e-06,1,ok
CP-011-FIG11-001,n1_over_n5=1.5,1.5,a_over_A5=4,4,exact,eq20,1,1.5,0.44444444444444442,4,48,0.95999999999999996,3.8399999999999999,0.23310760475813996,0.97245094714536773,8.4945529008489388e-07,1,ok
CP-011-FIG11-001,n1_over_n5=1.5,1.5,a_over_A5=4,4,exact,eq20,1,1.5,0.44444444444444442,4,49,0.97999999999999998,3.9199999999999999,0.23310760475813996,0.97245094714536773,6.6526917204110999e-07,1,ok
CP-011-FIG11-001,n1_over_n5=1.5,1.5,a_over_A5=4,4,exact,eq20,1,1.5,0.44444444444444442,4,50,1,4,0.23310760475813996,0.97245094714536773,5.2101985405733671e-07,1,ok
CP-011-FIG11-001,n1_over_n5=1.5,1.5,a_over_A5=4,4,exact,eq20,1,1.5,0.44444444444444442,4,51,1.02,4.0800000000000001,0.23310760475813996,0.97245094714536773,4.0804789960289048e-07,1,ok
CP-011-FIG11-001,n1_over_n5=1.5,1.5,a_over_A5=4,4,exact,eq20,1,1.5,0.44444444444444442,4,52,1.04,4.1600000000000001,0.23310760475813996,0.97245094714536773,3.1957148479798072e-07,1,ok
CP-011-FIG11-001,n1_over_n5=1.5,1.5,a_over_A5=4,4,exact,eq20,1,1.5,0.44444444444444442,4,53,1.0600000000000001,4.2400000000000002,0.23310760475813996,0.97245094714536773,2.5027927847533167e-07,1,ok
CP-011-FIG11-001,n1_over_n5=1.5,1.5,a_over_A5=4,4,exact,eq20,1,1.5,0.44444444444444442,4,54,1.0800000000000001,4.3200000000000003,0.23310760475813996,0.97245094714536773,1.9601159744816049e-07,1,ok
CP-011-FIG11-001,n1_over_n5=1.5,1.5,a_over_A5=4,4,exact,eq20,1,1.5,0.44444444444444442,4,55,1.1000000000000001,4.4000000000000004,0.23310760475813996,0.97245094714536773,1.535106964037636e-07,1,ok
CP-011-FIG11-001,n1_over_n5=1.5,1.5,a_over_A5=4,4,exact,eq20,1,1.5,0.44444444444444442,4,56,1.1200000000000001,4.4800000000000004,0.23310760475813996,0.97245094714536773,1.2022520206540786e-07,1,ok
CP-011-FIG11-001,n1_over_n5=1.5,1.5,a_over_A5=4,4,exact,eq20,1,1.5,0.44444444444444442,4,57,1.1400000000000001,4.5600000000000005,0.23310760475813996,0.97245094714536773,9.4156951601933014e-08,1,ok
CP-011-FIG11-001,n1_over_n5=1.5,1.5,a_over_A5=4,4,exact,eq20,1,1.5,0.44444444444444442,4,58,1.1599999999999999,4.6399999999999997,0.23310760475813996,0.97245094714536773,7.3741040835560387e-08,1,ok
CP-011-FIG11-001,n1_over_n5=1.5,1.5,a_over_A5=4,4,exact,eq20,1,1.5,0.44444444444444442,4,59,1.1799999999999999,4.7199999999999998,0.23310760475813996,0.97245094714536773,5.7751881417113982e-08,1,ok
CP-011-FIG11-001,n1_over_n5=1.5,1.5,a_over_A5=4,4,exact,eq20,1,1.5,0.44444444444444442,4,60,1.2,4.7999999999999998,0.23310760475813996,0.97245094714536773,4.5229627483207659e-08,1,ok
CP-011-FIG11-001,n1_over_n5=1.5,1.5,a_over_A5=4,4,exact,eq20,1,1.5,0.44444444444444442,4,61,1.22,4.8799999999999999,0.23310760475813996,0.97245094714536773,3.5422555111139795e-08,1,ok
CP-011-FIG11-001,n1_over_n5=1.5,1.5,a_over_A5=4,4,exact,eq20,1,1.5,0.44444444444444442,4,62,1.24,4.96,0.23310760475813996,0.97245094714536773,2.774193555026709e-08,1,ok
CP-011-FIG11-001,n1_over_n5=1.5,1.5,a_over_A5=4,4,exact,eq20,1,1.5,0.44444444444444442,4,63,1.26,5.04,0.23310760475813996,0.97245094714536773,2.1726693223017804e-08,1,ok
CP-011-FIG11-001,n1_over_n5=1.5,1.5,a_over_A5=4,4,exact,eq20,1,1.5,0.44444444444444442,4,64,1.28,5.1200000000000001,0.23310760475813996,0.97245094714536773,1.7015726878602047e-08,1,ok
CP-011-FIG11-001,n1_over_n5=1.5,1.5,a_over_A5=4,4,exact,eq20,1,1.5,0.44444444444444442,4,65,1.3,5.2000000000000002,0.23310760475813996,0.97245094714536773,1.3326232309500301e-08,1,ok
CP-011-FIG11-001,n1_over_n5=1.5,1.5,a_over_A5=4,4,exact,eq20,1,1.5,0.44444444444444442,4,66,1.3200000000000001,5.2800000000000002,0.23310760475813996,0.97245094714536773,1.0436725320861491e-08,1,ok
CP-011-FIG11-001,n1_over_n5=1.5,1.5,a_over_A5=4,4,exact,eq20,1,1.5,0.44444444444444442,4,67,1.3400000000000001,5.3600000000000003,0.23310760475813996,0.97245094714536773,8.1737458040153441e-09,1,ok
CP-011-FIG11-001,n1_over_n5=1.5,1.5,a_over_A5=4,4,exact,eq20,1,1.5,0.44444444444444442,4,68,1.3600000000000001,5.4400000000000004,0.23310760475813996,0.97245094714536773,6.4014447458068346e-09,1,ok
CP-011-FIG11-001,n1_over_n5=1.5,1.5,a_over_A5=4,4,exact,eq20,1,1.5,0.44444444444444442,4,69,1.3800000000000001,5.5200000000000005,0.23310760475813996,0.97245094714536773,5.0134290710982956e-09,1,ok
CP-011-FIG11-001,n1_over_n5=1.5,1.5,a_over_A5=4,4,exact,eq20,1,1.5,0.44444444444444442,4,70,1.4000000000000001,5.6000000000000005,0.23310760475813996,0.97245094714536773,3.9263747558545207e-09,1,ok
CP-011-FIG11-001,n1_over_n5=1.5,1.5,a_over_A5=4,4,exact,eq20,1,1.5,0.44444444444444442,4,71,1.4199999999999999,5.6799999999999997,0.23310760475813996,0.97245094714536773,3.0750247993504187e-09,1,ok
CP-011-FIG11-001,n1_over_n5=1.5,1.5,a_over_A5=4,4,exact,eq20,1,1.5,0.44444444444444442,4,72,1.4399999999999999,5.7599999999999998,0.23310760475813996,0.97245094714536773,2.4082717785715195e-09,1,ok
CP-011-FIG11-001,n1_over_n5=1.5,1.5,a_over_A5=4,4,exact,eq20,1,1.5,0.44444444444444442,4,73,1.46,5.8399999999999999,0.23310760475813996,0.97245094714536773,1.8860898164753727e-09,1,ok
CP-011-FIG11-001,n1_over_n5=1.5,1.5,a_over_A5=4,4,exact,eq20,1,1.5,0.44444444444444442,4,74,1.48,5.9199999999999999,0.23310760475813996,0.97245094714536773,1.4771317869788489e-09,1,ok
CP-011-FIG11-001,n1_over_n5=1.5,1.5,a_over_A5=4,4,exact,eq20,1,1.5,0.44444444444444442,4,75,1.5,6,0.23310760475813996,0.97245094714536773,1.1568475143886835e-09,1,ok
CP-011-FIG11-001,n1_over_n5=1.5,1.5,a_over_A5=4,4,exact,eq20,1,1.5,0.44444444444444442,4,76,1.52,6.0800000000000001,0.23310760475813996,0.97245094714536773,9.0601000083037173e-10,1,ok
CP-011-FIG11-001,n1_over_n5=1.5,1.5,a_over_A5=4,4,exact,eq20,1,1.5,0.44444444444444442,4,77,1.54,6.1600000000000001,0.23310760475813996,0.97245094714536773,7.0956120957601823e-10,1,ok
CP-011-FIG11-001,n1_over_n5=1.5,1.5,a_over_A5=4,4,exact,eq20,1,1.5,0.44444444444444442,4,78,1.5600000000000001,6.2400000000000002,0.23310760475813996,0.97245094714536773,5.5570811544413552e-10,1,ok
CP-011-FIG11-001,n1_over_n5=1.5,1.5,a_over_A5=4,4,exact,eq20,1,1.5,0.44444444444444442,4,79,1.5800000000000001,6.3200000000000003,0.23310760475813996,0.97245094714536773,4.3521475723707432e-10,1,ok
CP-011-FIG11-001,n1_over_n5=1.5,1.5,a_over_A5=4,4,exact,eq20,1,1.5,0.44444444444444442,4,80,1.6000000000000001,6.4000000000000004,0.23310760475813996,0.97245094714536773,3.4084779338797834e-10,1,ok
CP-011-FIG11-001,n1_over_n5=1.5,1.5,a_over_A5=4,4,exact,eq20,1,1.5,0.44444444444444442,4,81,1.6200000000000001,6.4800000000000004,0.23310760475813996,0.97245094714536773,2.669422769462039e-10,1,ok
CP-011-FIG11-001,n1_over_n5=1.5,1.5,a_over_A5=4,4,exact,eq20,1,1.5,0.44444444444444442,4,82,1.6400000000000001,6.5600000000000005,0.23310760475813996,0.97245094714536773,2.0906158292218339e-10,1,ok
CP-011-FIG11-001,n1_over_n5=1.5,1.5,a_over_A5=4,4,exact,eq20,1,1.5,0.44444444444444442,4,83,1.6600000000000001,6.6400000000000006,0.23310760475813996,0.97245094714536773,1.6373107307665897e-10,1,ok
CP-011-FIG11-001,n1_over_n5=1.5,1.5,a_over_A5=4,4,exact,eq20,1,1.5,0.44444444444444442,4,84,1.6799999999999999,6.7199999999999998,0.23310760475813996,0.97245094714536773,1.2822950977470076e-10,1,ok
CP-011-FIG11-001,n1_over_n5=1.5,1.5,a_over_A5=4,4,exact,eq20,1,1.5,0.44444444444444442,4,85,1.7,6.7999999999999998,0.23310760475813996,0.97245094714536773,1.0042569726127326e-10,1,ok
CP-011-FIG11-001,n1_over_n5=1.5,1.5,a_over_A5=4,4,exact,eq20,1,1.5,0.44444444444444442,4,86,1.72,6.8799999999999999,0.23310760475813996,0.97245094714536773,7.8650543764323938e-11,1,ok
CP-011-FIG11-001,n1_over_n5=1.5,1.5,a_over_A5=4,4,exact,eq20,1,1.5,0.44444444444444442,4,87,1.74,6.96,0.23310760475813996,0.97245094714536773,6.1596864180392206e-11,1,ok
CP-011-FIG11-001,n1_over_n5=1.5,1.5,a_over_A5=4,4,exact,eq20,1,1.5,0.44444444444444442,4,88,1.76,7.04,0.23310760475813996,0.97245094714536773,4.824090839380478e-11,1,ok
CP-011-FIG11-001,n1_over_n5=1.5,1.5,a_over_A5=4,4,exact,eq20,1,1.5,0.44444444444444442,4,89,1.78,7.1200000000000001,0.23310760475813996,0.97245094714536773,3.7780904492866446e-11,1,ok
CP-011-FIG11-001,n1_over_n5=1.5,1.5,a_over_A5=4,4,exact,eq20,1,1.5,0.44444444444444442,4,90,1.8,7.2000000000000002,0.23310760475813996,0.97245094714536773,2.9588927568420564e-11,1,ok
CP-011-FIG11-001,n1_over_n5=1.5,1.5,a_over_A5=4,4,exact,eq20,1,1.5,0.44444444444444442,4,91,1.8200000000000001,7.2800000000000002,0.23310760475813996,0.97245094714536773,2.3173204728715343e-11,1,ok
CP-011-FIG11-001,n1_over_n5=1.5,1.5,a_over_A5=4,4,exact,eq20,1,1.5,0.44444444444444442,4,92,1.8400000000000001,7.3600000000000003,0.23310760475813996,0.97245094714536773,1.8148593461429717e-11,1,ok
CP-011-FIG11-001,n1_over_n5=1.5,1.5,a_over_A5=4,4,exact,eq20,1,1.5,0.44444444444444442,4,93,1.8600000000000001,7.4400000000000004,0.23310760475813996,0.97245094714536773,1.4213461128235975e-11,1,ok
CP-011-FIG11-001,n1_over_n5=1.5,1.5,a_over_A5=4,4,exact,eq20,1,1.5,0.44444444444444442,4,94,1.8800000000000001,7.5200000000000005,0.23310760475813996,0.97245094714536773,1.1131577643921765e-11,1,ok
CP-011-FIG11-001,n1_over_n5=1.5,1.5,a_over_A5=4,4,exact,eq20,1,1.5,0.44444444444444442,4,95,1.9000000000000001,7.6000000000000005,0.23310760475813996,0.97245094714536773,8.7179343387726306e-12,1,ok
CP-011-FIG11-001,n1_over_n5=1.5,1.5,a_over_A5=4,4,exact,eq20,1,1.5,0.44444444444444442,4,96,1.9199999999999999,7.6799999999999997,0.23310760475813996,0.97245094714536773,6.8276376957808171e-12,1,ok
CP-011-FIG11-001,n1_over_n5=1.5,1.5,a_over_A5=4,4,exact,eq20,1,1.5,0.44444444444444442,4,97,1.9399999999999999,7.7599999999999998,0.23310760475813996,0.97245094714536773,5.3472112421771071e-12,1,ok
CP-011-FIG11-001,n1_over_n5=1.5,1.5,a_over_A5=4,4,exact,eq20,1,1.5,0.44444444444444442,4,98,1.96,7.8399999999999999,0.23310760475813996,0.97245094714536773,4.1877834387923761e-12,1,ok
CP-011-FIG11-001,n1_over_n5=1.5,1.5,a_over_A5=4,4,exact,eq20,1,1.5,0.44444444444444442,4,99,1.98,7.9199999999999999,0.23310760475813996,0.97245094714536773,3.2797526291636204e-12,1,ok
CP-011-FIG11-001,n1_over_n5=1.5,1.5,a_over_A5=4,4,exact,eq20,1,1.5,0.44444444444444442,4,100,2,8,0.23310760475813996,0.97245094714536773,2.5686087797337474e-12,1,ok
CP-011-FIG11-001,n1_over_n5=1.5,1.5,a_over_A5=4,4,exact,eq20,1,1.5,0.44444444444444442,4,101,2.02,8.0800000000000001,0.23310760475813996,0.97245094714536773,2.0116611858644432e-12,1,ok
CP-011-FIG11-001,n1_over_n5=1.5,1.5,a_over_A5=4,4,exact,eq20,1,1.5,0.44444444444444442,4,102,2.04,8.1600000000000001,0.23310760475813996,0.97245094714536773,1.5754757044523524e-12,1,ok
CP-011-FIG11-001,n1_over_n5=1.5,1.5,a_over_A5=4,4,exact,eq20,1,1.5,0.44444444444444442,4,103,2.0600000000000001,8.2400000000000002,0.23310760475813996,0.97245094714536773,1.2338676675580573e-12,1,ok
CP-011-FIG11-001,n1_over_n5=1.5,1.5,a_over_A5=4,4,exact,eq20,1,1.5,0.44444444444444442,4,104,2.0800000000000001,8.3200000000000003,0.23310760475813996,0.97245094714536773,9.663299895661477e-13,1,ok
CP-011-FIG11-001,n1_over_n5=1.5,1.5,a_over_A5=4,4,exact,eq20,1,1.5,0.44444444444444442,4,105,2.1000000000000001,8.4000000000000004,0.23310760475813996,0.97245094714536773,7.5680210551507655e-13,1,ok
CP-011-FIG11-001,n1_over_n5=1.5,1.5,a_over_A5=4,4,exact,eq20,1,1.5,0.44444444444444442,4,106,2.1200000000000001,8.4800000000000004,0.23310760475813996,0.97245094714536773,5.9270583868477035e-13,1,ok
CP-011-FIG11-001,n1_over_n5=1.5,1.5,a_over_A5=4,4,exact,eq20,1,1.5,0.44444444444444442,4,107,2.1400000000000001,8.5600000000000005,0.23310760475813996,0.97245094714536773,4.6419031957096105e-13,1,ok
CP-011-FIG11-001,n1_over_n5=1.5,1.5,a_over_A5=4,4,exact,eq20,1,1.5,0.44444444444444442,4,108,2.1600000000000001,8.6400000000000006,0.23310760475813996,0.97245094714536773,3.6354062794712733e-13,1,ok
CP-011-FIG11-001,n1_over_n5=1.5,1.5,a_over_A5=4,4,exact,eq20,1,1.5,0.44444444444444442,4,109,2.1800000000000002,8.7200000000000006,0.23310760475813996,0.97245094714536773,2.8471465818232781e-13,1,ok
CP-011-FIG11-001,n1_over_n5=1.5,1.5,a_over_A5=4,4,exact,eq20,1,1.5,0.44444444444444442,4,110,2.2000000000000002,8.8000000000000007,0.23310760475813996,0.97245094714536773,2.2298040535835048e-13,1,ok
CP-011-FIG11-001,n1_over_n5=1.5,1.5,a_over_A5=4,4,exact,eq20,1,1.5,0.44444444444444442,4,111,2.2200000000000002,8.8800000000000008,0.23310760475813996,0.97245094714536773,1.7463189809473819e-13,1,ok
CP-011-FIG11-001,n1_over_n5=1.5,1.5,a_over_A5=4,4,exact,eq20,1,1.5,0.44444444444444442,4,112,2.2400000000000002,8.9600000000000009,0.23310760475813996,0.97245094714536773,1.3676672523381768e-13,1,ok
CP-011-FIG11-001,n1_over_n5=1.5,1.5,a_over_A5=4,4,exact,eq20,1,1.5,0.44444444444444442,4,113,2.2600000000000002,9.0400000000000009,0.23310760475813996,0.97245094714536773,1.0711180108135304e-13,1,ok
CP-011-FIG11-001,n1_over_n5=1.5,1.5,a_over_A5=4,4,exact,eq20,1,1.5,0.44444444444444442,4,114,2.2800000000000002,9.120000000000001,0.23310760475813996,0.97245094714536773,8.3886909709047282e-14,1,ok
CP-011-FIG11-001,n1_over_n5=1.5,1.5,a_over_A5=4,4,exact,eq20,1,1.5,0.44444444444444442,4,115,2.3000000000000003,9.2000000000000011,0.23310760475813996,0.97245094714536773,6.5697836741528442e-14,1,ok
CP-011-FIG11-001,n1_over_n5=1.5,1.5,a_over_A5=4,4,exact,eq20,1,1.5,0.44444444444444442,4,116,2.3199999999999998,9.2799999999999994,0.23310760475813996,0.97245094714536773,5.1452673217869936e-14,1,ok
CP-011-FIG11-001,n1_over_n5=1.5,1.5,a_over_A5=4,4,exact,eq20,1,1.5,0.44444444444444442,4,117,2.3399999999999999,9.3599999999999994,0.23310760475813996,0.97245094714536773,4.0296267161433934e-14,1,ok
CP-011-FIG11-001,n1_over_n5=1.5,1.5,a_over_A5=4,4,exact,eq20,1,1.5,0.44444444444444442,4,118,2.3599999999999999,9.4399999999999995,0.23310760475813996,0.97245094714536773,3.1558887917638698e-14,1,ok
CP-011-FIG11-001,n1_over_n5=1.5,1.5,a_over_A5=4,4,exact,eq20,1,1.5,0.44444444444444442,4,119,2.3799999999999999,9.5199999999999996,0.23310760475813996,0.97245094714536773,2.4716021526462589e-14,1,ok
CP-011-FIG11-001,n1_over_n5=1.5,1.5,a_over_A5=4,4,exact,eq20,1,1.5,0.44444444444444442,4,120,2.3999999999999999,9.5999999999999996,0.23310760475813996,0.97245094714536773,1.935688360409968e-14,1,ok
CP-011-FIG11-001,n1_over_n5=1.5,1.5,a_over_A5=4,4,exact,eq20,1,1.5,0.44444444444444442,4,121,2.4199999999999999,9.6799999999999997,0.23310760475813996,0.97245094714536773,1.5159759529319739e-14,1,ok
CP-011-FIG11-001,n1_over_n5=1.5,1.5,a_over_A5=4,4,exact,eq20,1,1.5,0.44444444444444442,4,122,2.4399999999999999,9.7599999999999998,0.23310760475813996,0.97245094714536773,1.1872691580277228e-14,1,ok
CP-011-FIG11-001,n1_over_n5=1.5,1.5,a_over_A5=4,4,exact,eq20,1,1.5,0.44444444444444442,4,123,2.46,9.8399999999999999,0.23310760475813996,0.97245094714536773,9.2983536505154309e-15,1,ok
CP-011-FIG11-001,n1_over_n5=1.5,1.5,a_over_A5=4,4,exact,eq20,1,1.5,0.44444444444444442,4,124,2.48,9.9199999999999999,0.23310760475813996,0.97245094714536773,7.2822055576410587e-15,1,ok
CP-011-FIG11-001,n1_over_n5=1.5,1.5,a_over_A5=4,4,exact,eq20,1,1.5,0.44444444444444442,4,125,2.5,10,0.23310760475813996,0.97245094714536773,5.7032158355042868e-15,1,ok
CP-011-FIG11-001,n1_over_n5=1.5,1.5,a_over_A5=4,4,exact,eq20,1,1.5,0.44444444444444442,4,126,2.52,10.08,0.23310760475813996,0.97245094714536773,4.4665960894522311e-15,1,ok
CP-011-FIG11-001,n1_over_n5=1.5,1.5,a_over_A5=4,4,exact,eq20,1,1.5,0.44444444444444442,4,127,2.54,10.16,0.23310760475813996,0.97245094714536773,3.4981107504492285e-15,1,ok
CP-011-FIG11-001,n1_over_n5=1.5,1.5,a_over_A5=4,4,exact,eq20,1,1.5,0.44444444444444442,4,128,2.5600000000000001,10.24,0.23310760475813996,0.97245094714536773,2.7396206366869376e-15,1,ok
CP-011-FIG11-001,n1_over_n5=1.5,1.5,a_over_A5=4,4,exact,eq20,1,1.5,0.44444444444444442,4,129,2.5800000000000001,10.32,0.23310760475813996,0.97245094714536773,2.1455927980545232e-15,1,ok
CP-011-FIG11-001,n1_over_n5=1.5,1.5,a_over_A5=4,4,exact,eq20,1,1.5,0.44444444444444442,4,130,2.6000000000000001,10.4,0.23310760475813996,0.97245094714536773,1.6803671258041706e-15,1,ok
CP-011-FIG11-001,n1_over_n5=1.5,1.5,a_over_A5=4,4,exact,eq20,1,1.5,0.44444444444444442,4,131,2.6200000000000001,10.48,0.23310760475813996,0.97245094714536773,1.3160156391481494e-15,1,ok
CP-011-FIG11-001,n1_over_n5=1.5,1.5,a_over_A5=4,4,exact,eq20,1,1.5,0.44444444444444442,4,132,2.6400000000000001,10.56,0.23310760475813996,0.97245094714536773,1.030665939536074e-15,1,ok
CP-011-FIG11-001,n1_over_n5=1.5,1.5,a_over_A5=4,4,exact,eq20,1,1.5,0.44444444444444442,4,133,2.6600000000000001,10.640000000000001,0.23310760475813996,0.97245094714536773,8.0718818782988727e-16,1,ok
CP-011-FIG11-001,n1_over_n5=1.5,1.5,a_over_A5=4,4,exact,eq20,1,1.5,0.44444444444444442,4,134,2.6800000000000002,10.720000000000001,0.23310760475813996,0.97245094714536773,6.3216678225088203e-16,1,ok
CP-011-FIG11-001,n1_over_n5=1.5,1.5,a_over_A5=4,4,exact,eq20,1,1.5,0.44444444444444442,4,135,2.7000000000000002,10.800000000000001,0.23310760475813996,0.97245094714536773,4.9509500585711395e-16,1,ok
CP-011-FIG11-001,n1_over_n5=1.5,1.5,a_over_A5=4,4,exact,eq20,1,1.5,0.44444444444444442,4,136,2.7200000000000002,10.880000000000001,0.23310760475813996,0.97245094714536773,3.8774429740184591e-16,1,ok
CP-011-FIG11-001,n1_over_n5=1.5,1.5,a_over_A5=4,4,exact,eq20,1,1.5,0.44444444444444442,4,137,2.7400000000000002,10.960000000000001,0.23310760475813996,0.97245094714536773,3.0367028224688556e-16,1,ok
CP-011-FIG11-001,n1_over_n5=1.5,1.5,a_over_A5=4,4,exact,eq20,1,1.5,0.44444444444444442,4,138,2.7600000000000002,11.040000000000001,0.23310760475813996,0.97245094714536773,2.378259098529904e-16,1,ok
CP-011-FIG11-001,n1_over_n5=1.5,1.5,a_over_A5=4,4,exact,eq20,1,1.5,0.44444444444444442,4,139,2.7800000000000002,11.120000000000001,0.23310760475813996,0.97245094714536773,1.8625847408874264e-16,1,ok
CP-011-FIG11-001,n1_over_n5=1.5,1.5,a_over_A5=4,4,exact,eq20,1,1.5,0.44444444444444442,4,140,2.8000000000000003,11.200000000000001,0.23310760475813996,0.97245094714536773,1.4587232817194602e-16,1,ok
CP-011-FIG11-001,n1_over_n5=1.5,1.5,a_over_A5=4,4,exact,eq20,1,1.5,0.44444444444444442,4,141,2.8199999999999998,11.279999999999999,0.23310760475813996,0.97245094714536773,1.1424304977482816e-16,1,ok
CP-011-FIG11-001,n1_over_n5=1.5,1.5,a_over_A5=4,4,exact,eq20,1,1.5,0.44444444444444442,4,142,2.8399999999999999,11.359999999999999,0.23310760475813996,0.97245094714536773,8.9471900431105242e-17,1,ok
CP-011-FIG11-001,n1_over_n5=1.5,1.5,a_over_A5=4,4,exact,eq20,1,1.5,0.44444444444444442,4,143,2.8599999999999999,11.44,0.23310760475813996,0.97245094714536773,7.0071842291779448e-17,1,ok
CP-011-FIG11-001,n1_over_n5=1.5,1.5,a_over_A5=4,4,exact,eq20,1,1.5,0.44444444444444442,4,144,2.8799999999999999,11.52,0.23310760475813996,0.97245094714536773,5.487826969702925e-17,1,ok
CP-011-FIG11-001,n1_over_n5=1.5,1.5,a_over_A5=4,4,exact,eq20,1,1.5,0.44444444444444442,4,145,2.8999999999999999,11.6,0.23310760475813996,0.97245094714536773,4.297909668764641e-17,1,ok
CP-011-FIG11-001,n1_over_n5=1.5,1.5,a_over_A5=4,4,exact,eq20,1,1.5,0.44444444444444442,4,146,2.9199999999999999,11.68,0.23310760475813996,0.97245094714536773,3.3660003536628767e-17,1,ok
CP-011-FIG11-001,n1_over_n5=1.5,1.5,a_over_A5=4,4,exact,eq20,1,1.5,0.44444444444444442,4,147,2.9399999999999999,11.76,0.23310760475813996,0.97245094714536773,2.6361555393310836e-17,1,ok
CP-011-FIG11-001,n1_over_n5=1.5,1.5,a_over_A5=4,4,exact,eq20,1,1.5,0.44444444444444442,4,148,2.96,11.84,0.23310760475813996,0.97245094714536773,2.0645618827650069e-17,1,ok
CP-011-FIG11-001,n1_over_n5=1.5,1.5,a_over_A5=4,4,exact,eq20,1,1.5,0.44444444444444442,4,149,2.98,11.92,0.23310760475813996,0.97245094714536773,1.6169060224905488e-17,1,ok
CP-011-FIG11-001,n1_over_n5=1.5,1.5,a_over_A5=4,4,exact,eq20,1,1.5,0.44444444444444442,4,150,3,12,0.23310760475813996,0.97245094714536773,1.266314711799687e-17,1,ok
CP-011-FIG11-001,n1_over_n5=1.1,1.1,a_over_A5=0.5,0.5,exact,eq20,1,1.1000000000000001,0.82644628099173545,0.5,0,0,0,0.84133542793801941,0.54051336495626978,0.76519969243326802,1,ok
CP-011-FIG11-001,n1_over_n5=1.1,1.1,a_over_A5=0.5,0.5,exact,eq20,1,1.1000000000000001,0.82644628099173545,0.5,1,0.02,0.01,0.84133542793801941,0.54051336495626978,0.75231574346540997,1,ok
CP-011-FIG11-001,n1_over_n5=1.1,1.1,a_over_A5=0.5,0.5,exact,eq20,1,1.1000000000000001,0.82644628099173545,0.5,2,0.040000000000000001,0.02,0.84133542793801941,0.54051336495626978,0.73964872629019096,1,ok
CP-011-FIG11-001,n1_over_n5=1.1,1.1,a_over_A5=0.5,0.5,exact,eq20,1,1.1000000000000001,0.82644628099173545,0.5,3,0.059999999999999998,0.029999999999999999,0.84133542793801941,0.54051336495626978,0.72719498834714402,1,ok
CP-011-FIG11-001,n1_over_n5=1.1,1.1,a_over_A5=0.5,0.5,exact,eq20,1,1.1000000000000001,0.82644628099173545,0.5,4,0.080000000000000002,0.040000000000000001,0.84133542793801941,0.54051336495626978,0.71495093857530778,1,ok
CP-011-FIG11-001,n1_over_n5=1.1,1.1,a_over_A5=0.5,0.5,exact,eq20,1,1.1000000000000001,0.82644628099173545,0.5,5,0.10000000000000001,0.050000000000000003,0.84133542793801941,0.54051336495626978,0.70291304637773644,1,ok
CP-011-FIG11-001,n1_over_n5=1.1,1.1,a_over_A5=0.5,0.5,exact,eq20,1,1.1000000000000001,0.82644628099173545,0.5,6,0.12,0.059999999999999998,0.84133542793801941,0.54051336495626978,0.69107784060344479,1,ok
CP-011-FIG11-001,n1_over_n5=1.1,1.1,a_over_A5=0.5,0.5,exact,eq20,1,1.1000000000000001,0.82644628099173545,0.5,7,0.14000000000000001,0.070000000000000007,0.84133542793801941,0.54051336495626978,0.67944190854649511,1,ok
CP-011-FIG11-001,n1_over_n5=1.1,1.1,a_over_A5=0.5,0.5,exact,eq20,1,1.1000000000000001,0.82644628099173545,0.5,8,0.16,0.080000000000000002,0.84133542793801941,0.54051336495626978,0.66800189496193596,1,ok
CP-011-FIG11-001,n1_over_n5=1.1,1.1,a_over_A5=0.5,0.5,exact,eq20,1,1.1000000000000001,0.82644628099173545,0.5,9,0.17999999999999999,0.089999999999999997,0.84133542793801941,0.54051336495626978,0.65675450109831046,1,ok
CP-011-FIG11-001,n1_over_n5=1.1,1.1,a_over_A5=0.5,0.5,exact,eq20,1,1.1000000000000001,0.82644628099173545,0.5,10,0.20000000000000001,0.10000000000000001,0.84133542793801941,0.54051336495626978,0.64569648374645472,1,ok
CP-011-FIG11-001,n1_over_n5=1.1,1.1,a_over_A5=0.5,0.5,exact,eq20,1,1.1000000000000001,0.82644628099173545,0.5,11,0.22,0.11,0.84133542793801941,0.54051336495626978,0.6348246543043119,1,ok
CP-011-FIG11-001,n1_over_n5=1.1,1.1,a_over_A5=0.5,0.5,exact,eq20,1,1.1000000000000001,0.82644628099173545,0.5,12,0.23999999999999999,0.12,0.84133542793801941,0.54051336495626978,0.62413587785749158,1,ok
CP-011-FIG11-001,n1_over_n5=1.1,1.1,a_over_A5=0.5,0.5,exact,eq20,1,1.1000000000000001,0.82644628099173545,0.5,13,0.26000000000000001,0.13,0.84133542793801941,0.54051336495626978,0.61362707227531144,1,ok
CP-011-FIG11-001,n1_over_n5=1.1,1.1,a_over_A5=0.5,0.5,exact,eq20,1,1.1000000000000001,0.82644628099173545,0.5,14,0.28000000000000003,0.14000000000000001,0.84133542793801941,0.54051336495626978,0.60329520732205844,1,ok
CP-011-FIG11-001,n1_over_n5=1.1,1.1,a_over_A5=0.5,0.5,exact,eq20,1,1.1000000000000001,0.82644628099173545,0.5,15,0.29999999999999999,0.14999999999999999,0.84133542793801941,0.54051336495626978,0.59313730378321383,1,ok
CP-011-FIG11-001,n1_over_n5=1.1,1.1,a_over_A5=0.5,0.5,exact,eq20,1,1.1000000000000001,0.82644628099173545,0.5,16,0.32000000000000001,0.16,0.84133542793801941,0.54051336495626978,0.58315043260639055,1,ok
CP-011-FIG11-001,n1_over_n5=1.1,1.1,a_over_A5=0.5,0.5,exact,eq20,1,1.1000000000000001,0.82644628099173545,0.5,17,0.34000000000000002,0.17000000000000001,0.84133542793801941,0.54051336495626978,0.57333171405673522,1,ok
CP-011-FIG11-001,n1_over_n5=1.1,1.1,a_over_A5=0.5,0.5,exact,eq20,1,1.1000000000000001,0.82644628099173545,0.5,18,0.35999999999999999,0.17999999999999999,0.84133542793801941,0.54051336495626978,0.56367831688655046,1,ok
CP-011-FIG11-001,n1_over_n5=1.1,1.1,a_over_A5=0.5,0.5,exact,eq20,1,1.1000000000000001,0.82644628099173545,0.5,19,0.38,0.19,0.84133542793801941,0.54051336495626978,0.55418745751889886,1,ok
CP-011-FIG11-001,n1_over_n5=1.1,1.1,a_over_A5=0.5,0.5,exact,eq20,1,1.1000000000000001,0.82644628099173545,0.5,20,0.40000000000000002,0.20000000000000001,0.84133542793801941,0.54051336495626978,0.54485639924495266,1,ok
CP-011-FIG11-001,n1_over_n5=1.1,1.1,a_over_A5=0.5,0.5,exact,eq20,1,1.1000000000000001,0.82644628099173545,0.5,21,0.41999999999999998,0.20999999999999999,0.84133542793801941,0.54051336495626978,0.53568245143485871,1,ok
CP-011-FIG11-001,n1_over_n5=1.1,1.1,a_over_A5=0.5,0.5,exact,eq20,1,1.1000000000000001,0.82644628099173545,0.5,22,0.44,0.22,0.84133542793801941,0.54051336495626978,0.52666296876188867,1,ok
CP-011-FIG11-001,n1_over_n5=1.1,1.1,a_over_A5=0.5,0.5,exact,eq20,1,1.1000000000000001,0.82644628099173545,0.5,23,0.46000000000000002,0.23000000000000001,0.84133542793801941,0.54051336495626978,0.51779535043965508,1,ok
CP-011-FIG11-001,n1_over_n5=1.1,1.1,a_over_A5=0.5,0.5,exact,eq20,1,1.1000000000000001,0.82644628099173545,0.5,24,0.47999999999999998,0.23999999999999999,0.84133542793801941,0.54051336495626978,0.50907703947216798,1,ok
CP-011-FIG11-001,n1_over_n5=1.1,1.1,a_over_A5=0.5,0.5,exact,eq20,1,1.1000000000000001,0.82644628099173545,0.5,25,0.5,0.25,0.84133542793801941,0.54051336495626978,0.50050552191652076,1,ok
CP-011-FIG11-001,n1_over_n5=1.1,1.1,a_over_A5=0.5,0.5,exact,eq20,1,1.1000000000000001,0.82644628099173545,0.5,26,0.52000000000000002,0.26000000000000001,0.84133542793801941,0.54051336495626978,0.49207832615798874,1,ok
CP-011-FIG11-001,n1_over_n5=1.1,1.1,a_over_A5=0.5,0.5,exact,eq20,1,1.1000000000000001,0.82644628099173545,0.5,27,0.54000000000000004,0.27000000000000002,0.84133542793801941,0.54051336495626978,0.48379302219733478,1,ok
CP-011-FIG11-001,n1_over_n5=1.1,1.1,a_over_A5=0.5,0.5,exact,eq20,1,1.1000000000000001,0.82644628099173545,0.5,28,0.56000000000000005,0.28000000000000003,0.84133542793801941,0.54051336495626978,0.47564722095011347,1,ok
CP-011-FIG11-001,n1_over_n5=1.1,1.1,a_over_A5=0.5,0.5,exact,eq20,1,1.1000000000000001,0.82644628099173545,0.5,29,0.57999999999999996,0.28999999999999998,0.84133542793801941,0.54051336495626978,0.46763857355777388,1,ok
CP-011-FIG11-001,n1_over_n5=1.1,1.1,a_over_A5=0.5,0.5,exact,eq20,1,1.1000000000000001,0.82644628099173545,0.5,30,0.59999999999999998,0.29999999999999999,0.84133542793801941,0.54051336495626978,0.45976477071036126,1,ok
CP-011-FIG11-001,n1_over_n5=1.1,1.1,a_over_A5=0.5,0.5,exact,eq20,1,1.1000000000000001,0.82644628099173545,0.5,31,0.62,0.31,0.84133542793801941,0.54051336495626978,0.45202354198062306,1,ok
CP-011-FIG11-001,n1_over_n5=1.1,1.1,a_over_A5=0.5,0.5,exact,eq20,1,1.1000000000000001,0.82644628099173545,0.5,32,0.64000000000000001,0.32000000000000001,0.84133542793801941,0.54051336495626978,0.44441265516932615,1,ok
CP-011-FIG11-001,n1_over_n5=1.1,1.1,a_over_A5=0.5,0.5,exact,eq20,1,1.1000000000000001,0.82644628099173545,0.5,33,0.66000000000000003,0.33000000000000002,0.84133542793801941,0.54051336495626978,0.43692991566159795,1,ok
CP-011-FIG11-001,n1_over_n5=1.1,1.1,a_over_A5=0.5,0.5,exact,eq20,1,1.1000000000000001,0.82644628099173545,0.5,34,0.68000000000000005,0.34000000000000002,0.84133542793801941,0.54051336495626978,0.42957316579410443,1,ok
CP-011-FIG11-001,n1_over_n5=1.1,1.1,a_over_A5=0.5,0.5,exact,eq20,1,1.1000000000000001,0.82644628099173545,0.5,35,0.70000000000000007,0.35000000000000003,0.84133542793801941,0.54051336495626978,0.42234028423288367,1,ok
CP-011-FIG11-001,n1_over_n5=1.1,1.1,a_over_A5=0.5,0.5,exact,eq20,1,1.1000000000000001,0.82644628099173545,0.5,36,0.71999999999999997,0.35999999999999999,0.84133542793801941,0.54051336495626978,0.41522918536165437,1,ok
CP-011-FIG11-001,n1_over_n5=1.1,1.1,a_over_A5=0.5,0.5,exact,eq20,1,1.1000000000000001,0.82644628099173545,0.5,37,0.73999999999999999,0.37,0.84133542793801941,0.54051336495626978,0.40823781868042519,1,ok
CP-011-FIG11-001,n1_over_n5=1.1,1.1,a_over_A5=0.5,0.5,exact,eq20,1,1.1000000000000001,0.82644628099173545,0.5,38,0.76000000000000001,0.38,0.84133542793801941,0.54051336495626978,0.40136416821422755,1,ok
CP-011-FIG11-001,n1_over_n5=1.1,1.1,a_over_A5=0.5,0.5,exact,eq20,1,1.1000000000000001,0.82644628099173545,0.5,39,0.78000000000000003,0.39000000000000001,0.84133542793801941,0.54051336495626978,0.39460625193180576,1,ok
CP-011-FIG11-001,n1_over_n5=1.1,1.1,a_over_A5=0.5,0.5,exact,eq20,1,1.1000000000000001,0.82644628099173545,0.5,40,0.80000000000000004,0.40000000000000002,0.84133542793801941,0.54051336495626978,0.38796212117409445,1,ok
CP-011-FIG11-001,n1_over_n5=1.1,1.1,a_over_A5=0.5,0.5,exact,eq20,1,1.1000000000000001,0.82644628099173545,0.5,41,0.82000000000000006,0.41000000000000003,0.84133542793801941,0.54051336495626978,0.38142986009231816,1,ok
CP-011-FIG11-001,n1_over_n5=1.1,1.1,a_over_A5=0.5,0.5,exact,eq20,1,1.1000000000000001,0.82644628099173545,0.5,42,0.83999999999999997,0.41999999999999998,0.84133542793801941,0.54051336495626978,0.37500758509555299,1,ok
CP-011-FIG11-001,n1_over_n5=1.1,1.1,a_over_A5=0.5,0.5,exact,eq20,1,1.1000000000000001,0.82644628099173545,0.5,43,0.85999999999999999,0.42999999999999999,0.84133542793801941,0.54051336495626978,0.36869344430758844,1,ok
CP-011-FIG11-001,n1_over_n5=1.1,1.1,a_over_A5=0.5,0.5,exact,eq20,1,1.1000000000000001,0.82644628099173545,0.5,44,0.88,0.44,0.84133542793801941,0.54051336495626978,0.36248561703293614,1,ok
CP-011-FIG11-001,n1_over_n5=1.1,1.1,a_over_A5=0.5,0.5,exact,eq20,1,1.1000000000000001,0.82644628099173545,0.5,45,0.90000000000000002,0.45000000000000001,0.84133542793801941,0.54051336495626978,0.35638231323182784,1,ok
CP-011-FIG11-001,n1_over_n5=1.1,1.1,a_over_A5=0.5,0.5,exact,eq20,1,1.1000000000000001,0.82644628099173545,0.5,46,0.92000000000000004,0.46000000000000002,0.84133542793801941,0.54051336495626978,0.35038177300405388,1,ok
CP-011-FIG11-001,n1_over_n5=1.1,1.1,a_over_A5=0.5,0.5,exact,eq20,1,1.1000000000000001,0.82644628099173545,0.5,47,0.94000000000000006,0.47000000000000003,0.84133542793801941,0.54051336495626978,0.34448226608149252,1,ok
CP-011-FIG11-001,n1_over_n5=1.1,1.1,a_over_A5=0.5,0.5,exact,eq20,1,1.1000000000000001,0.82644628099173545,0.5,48,0.95999999999999996,0.47999999999999998,0.84133542793801941,0.54051336495626978,0.33868209132918364,1,ok
CP-011-FIG11-001,n1_over_n5=1.1,1.1,a_over_A5=0.5,0.5,exact,eq20,1,1.1000000000000001,0.82644628099173545,0.5,49,0.97999999999999998,0.48999999999999999,0.84133542793801941,0.54051336495626978,0.33297957625480235,1,ok
CP-011-FIG11-001,n1_over_n5=1.1,1.1,a_over_A5=0.5,0.5,exact,eq20,1,1.1000000000000001,0.82644628099173545,0.5,50,1,0.5,0.84133542793801941,0.54051336495626978,0.32737307652639319,1,ok
CP-011-FIG11-001,n1_over_n5=1.1,1.1,a_over_A5=0.5,0.5,exact,eq20,1,1.1000000000000001,0.82644628099173545,0.5,51,1.02,0.51000000000000001,0.84133542793801941,0.54051336495626978,0.32186097549822329,1,ok
CP-011-FIG11-001,n1_over_n5=1.1,1.1,a_over_A5=0.5,0.5,exact,eq20,1,1.1000000000000001,0.82644628099173545,0.5,52,1.04,0.52000000000000002,0.84133542793801941,0.54051336495626978,0.31644168374461901,1,ok
CP-011-FIG11-001,n1_over_n5=1.1,1.1,a_over_A5=0.5,0.5,exact,eq20,1,1.1000000000000001,0.82644628099173545,0.5,53,1.0600000000000001,0.53000000000000003,0.84133542793801941,0.54051336495626978,0.3111136386016522,1,ok
CP-011-FIG11-001,n1_over_n5=1.1,1.1,a_over_A5=0.5,0.5,exact,eq20,1,1.1000000000000001,0.82644628099173545,0.5,54,1.0800000000000001,0.54000000000000004,0.84133542793801941,0.54051336495626978,0.30587530371654265,1,ok
CP-011-FIG11-001,n1_over_n5=1.1,1.1,a_over_A5=0.5,0.5,exact,eq20,1,1.1000000000000001,0.82644628099173545,0.5,55,1.1000000000000001,0.55000000000000004,0.84133542793801941,0.54051336495626978,0.30072516860464737,1,ok
CP-011-FIG11-001,n1_over_n5=1.1,1.1,a_over_A5=0.5,0.5,exact,eq20,1,1.1000000000000001,0.82644628099173545,0.5,56,1.1200000000000001,0.56000000000000005,0.84133542793801941,0.54051336495626978,0.29566174821390973,1,ok
CP-011-FIG11-001,n1_over_n5=1.1,1.1,a_over_A5=0.5,0.5,exact,eq20,1,1.1000000000000001,0.82644628099173545,0.5,57,1.1400000000000001,0.57000000000000006,0.84133542793801941,0.54051336495626978,0.29068358249664122,1,ok
CP-011-FIG11-001,n1_over_n5=1.1,1.1,a_over_A5=0.5,0.5,exact,eq20,1,1.1000000000000001,0.82644628099173545,0.5,58,1.1599999999999999,0.57999999999999996,0.84133542793801941,0.54051336495626978,0.28578923598851391,1,ok
CP-011-FIG11-001,n1_over_n5=1.1,1.1,a_over_A5=0.5,0.5,exact,eq20,1,1.1000000000000001,0.82644628099173545,0.5,59,1.1799999999999999,0.58999999999999997,0.84133542793801941,0.54051336495626978,0.28097729739464122,1,ok
CP-011-FIG11-001,n1_over_n5=1.1,1.1,a_over_A5=0.5,0.5,exact,eq20,1,1.1000000000000001,0.82644628099173545,0.5,60,1.2,0.59999999999999998,0.84133542793801941,0.54051336495626978,0.27624637918262829,1,ok
CP-011-FIG11-001,n1_over_n5=1.1,1.1,a_over_A5=0.5,0.5,exact,eq20,1,1.1000000000000001,0.82644628099173545,0.5,61,1.22,0.60999999999999999,0.84133542793801941,0.54051336495626978,0.27159511718247414,1,ok
CP-011-FIG11-001,n1_over_n5=1.1,1.1,a_over_A5=0.5,0.5,exact,eq20,1,1.1000000000000001,0.82644628099173545,0.5,62,1.24,0.62,0.84133542793801941,0.54051336495626978,0.26702217019321012,1,ok
CP-011-FIG11-001,n1_over_n5=1.1,1.1,a_over_A5=0.5,0.5,exact,eq20,1,1.1000000000000001,0.82644628099173545,0.5,63,1.26,0.63,0.84133542793801941,0.54051336495626978,0.26252621959616251,1,ok
CP-011-FIG11-001,n1_over_n5=1.1,1.1,a_over_A5=0.5,0.5,exact,eq20,1,1.1000000000000001,0.82644628099173545,0.5,64,1.28,0.64000000000000001,0.84133542793801941,0.54051336495626978,0.25810596897472537,1,ok
CP-011-FIG11-001,n1_over_n5=1.1,1.1,a_over_A5=0.5,0.5,exact,eq20,1,1.1000000000000001,0.82644628099173545,0.5,65,1.3,0.65000000000000002,0.84133542793801941,0.54051336495626978,0.25376014374053668,1,ok
CP-011-FIG11-001,n1_over_n5=1.1,1.1,a_over_A5=0.5,0.5,exact,eq20,1,1.1000000000000001,0.82644628099173545,0.5,66,1.3200000000000001,0.66000000000000003,0.84133542793801941,0.54051336495626978,0.24948749076594792,1,ok
CP-011-FIG11-001,n1_over_n5=1.1,1.1,a_over_A5=0.5,0.5,exact,eq20,1,1.1000000000000001,0.82644628099173545,0.5,67,1.3400000000000001,0.67000000000000004,0.84133542793801941,0.54051336495626978,0.24528677802268226,1,ok
CP-011-FIG11-001,n1_over_n5=1.1,1.1,a_over_A5=0.5,0.5,exact,eq20,1,1.1000000000000001,0.82644628099173545,0.5,68,1.3600000000000001,0.68000000000000005,0.84133542793801941,0.54051336495626978,0.24115679422657638,1,ok
CP-011-FIG11-001,n1_over_n5=1.1,1.1,a_over_A5=0.5,0.5,exact,eq20,1,1.1000000000000001,0.82644628099173545,0.5,69,1.3800000000000001,0.69000000000000006,0.84133542793801941,0.54051336495626978,0.23709634848830471,1,ok
CP-011-FIG11-001,n1_over_n5=1.1,1.1,a_over_A5=0.5,0.5,exact,eq20,1,1.1000000000000001,0.82644628099173545,0.5,70,1.4000000000000001,0.70000000000000007,0.84133542793801941,0.54051336495626978,0.23310426996998362,1,ok
CP-011-FIG11-001,n1_over_n5=1.1,1.1,a_over_A5=0.5,0.5,exact,eq20,1,1.1000000000000001,0.82644628099173545,0.5,71,1.4199999999999999,0.70999999999999996,0.84133542793801941,0.54051336495626978,0.22917940754755786,1,ok
CP-011-FIG11-001,n1_over_n5=1.1,1.1,a_over_A5=0.5,0.5,exact,eq20,1,1.1000000000000001,0.82644628099173545,0.5,72,1.4399999999999999,0.71999999999999997,0.84133542793801941,0.54051336495626978,0.22532062947887194,1,ok
CP-011-FIG11-001,n1_over_n5=1.1,1.1,a_over_A5=0.5,0.5,exact,eq20,1,1.1000000000000001,0.82644628099173545,0.5,73,1.46,0.72999999999999998,0.84133542793801941,0.54051336495626978,0.22152682307732979,1,ok
CP-011-FIG11-001,n1_over_n5=1.1,1.1,a_over_A5=0.5,0.5,exact,eq20,1,1.1000000000000001,0.82644628099173545,0.5,74,1.48,0.73999999999999999,0.84133542793801941,0.54051336495626978,0.21779689439104907,1,ok
CP-011-FIG11-001,n1_over_n5=1.1,1.1,a_over_A5=0.5,0.5,exact,eq20,1,1.1000000000000001,0.82644628099173545,0.5,75,1.5,0.75,0.84133542793801941,0.54051336495626978,0.21412976788741819,1,ok
CP-011-FIG11-001,n1_over_n5=1.1,1.1,a_over_A5=0.5,0.5,exact,eq20,1,1.1000000000000001,0.82644628099173545,0.5,76,1.52,0.76000000000000001,0.84133542793801941,0.54051336495626978,0.21052438614296412,1,ok
CP-011-FIG11-001,n1_over_n5=1.1,1.1,a_over_A5=0.5,0.5,exact,eq20,1,1.1000000000000001,0.82644628099173545,0.5,77,1.54,0.77000000000000002,0.84133542793801941,0.54051336495626978,0.20697970953844214,1,ok
CP-011-FIG11-001,n1_over_n5=1.1,1.1,a_over_A5=0.5,0.5,exact,eq20,1,1.1000000000000001,0.82644628099173545,0.5,78,1.5600000000000001,0.78000000000000003,0.84133542793801941,0.54051336495626978,0.20349471595905971,1,ok
CP-011-FIG11-001,n1_over_n5=1.1,1.1,a_over_A5=0.5,0.5,exact,eq20,1,1.1000000000000001,0.82644628099173545,0.5,79,1.5800000000000001,0.79000000000000004,0.84133542793801941,0.54051336495626978,0.20006840049974717,1,ok
CP-011-FIG11-001,n1_over_n5=1.1,1.1,a_over_A5=0.5,0.5,exact,eq20,1,1.1000000000000001,0.82644628099173545,0.5,80,1.6000000000000001,0.80000000000000004,0.84133542793801941,0.54051336495626978,0.19669977517539169,1,ok
CP-011-FIG11-001,n1_over_n5=1.1,1.1,a_over_A5=0.5,0.5,exact,eq20,1,1.1000000000000001,0.82644628099173545,0.5,81,1.6200000000000001,0.81000000000000005,0.84133542793801941,0.54051336495626978,0.19338786863594948,1,ok
CP-011-FIG11-001,n1_over_n5=1.1,1.1,a_over_A5=0.5,0.5,exact,eq20,1,1.1000000000000001,0.82644628099173545,0.5,82,1.6400000000000001,0.82000000000000006,0.84133542793801941,0.54051336495626978,0.19013172588635519,1,ok
CP-011-FIG11-001,n1_over_n5=1.1,1.1,a_over_A5=0.5,0.5,exact,eq20,1,1.1000000000000001,0.82644628099173545,0.5,83,1.6600000000000001,0.83000000000000007,0.84133542793801941,0.54051336495626978,0.18693040801114677,1,ok
CP-011-FIG11-001,n1_over_n5=1.1,1.1,a_over_A5=0.5,0.5,exact,eq20,1,1.1000000000000001,0.82644628099173545,0.5,84,1.6799999999999999,0.83999999999999997,0.84133542793801941,0.54051336495626978,0.1837829919037279,1,ok
CP-011-FIG11-001,n1_over_n5=1.1,1.1,a_over_A5=0.5,0.5,exact,eq20,1,1.1000000000000001,0.82644628099173545,0.5,85,1.7,0.84999999999999998,0.84133542793801941,0.54051336495626978,0.18068857000018745,1,ok
CP-011-FIG11-001,n1_over_n5=1.1,1.1,a_over_A5=0.5,0.5,exact,eq20,1,1.1000000000000001,0.82644628099173545,0.5,86,1.72,0.85999999999999999,0.84133542793801941,0.54051336495626978,0.17764625001760245,1,ok
CP-011-FIG11-001,n1_over_n5=1.1,1.1,a_over_A5=0.5,0.5,exact,eq20,1,1.1000000000000001,0.82644628099173545,0.5,87,1.74,0.87,0.84133542793801941,0.54051336495626978,0.17465515469674567,1,ok
CP-011-FIG11-001,n1_over_n5=1.1,1.1,a_over_A5=0.5,0.5,exact,eq20,1,1.1000000000000001,0.82644628099173545,0.5,88,1.76,0.88,0.84133542793801941,0.54051336495626978,0.17171442154912694,1,ok
CP-011-FIG11-001,n1_over_n5=1.1,1.1,a_over_A5=0.5,0.5,exact,eq20,1,1.1000000000000001,0.82644628099173545,0.5,89,1.78,0.89000000000000001,0.84133542793801941,0.54051336495626978,0.16882320260829184,1,ok
CP-011-FIG11-001,n1_over_n5=1.1,1.1,a_over_A5=0.5,0.5,exact,eq20,1,1.1000000000000001,0.82644628099173545,0.5,90,1.8,0.90000000000000002,0.84133542793801941,0.54051336495626978,0.16598066418530985,1,ok
CP-011-FIG11-001,n1_over_n5=1.1,1.1,a_over_A5=0.5,0.5,exact,eq20,1,1.1000000000000001,0.82644628099173545,0.5,91,1.8200000000000001,0.91000000000000003,0.84133542793801941,0.54051336495626978,0.16318598662837755,1,ok
CP-011-FIG11-001,n1_over_n5=1.1,1.1,a_over_A5=0.5,0.5,exact,eq20,1,1.1000000000000001,0.82644628099173545,0.5,92,1.8400000000000001,0.92000000000000004,0.84133542793801941,0.54051336495626978,0.16043836408647108,1,ok
CP-011-FIG11-001,n1_over_n5=1.1,1.1,a_over_A5=0.5,0.5,exact,eq20,1,1.1000000000000001,0.82644628099173545,0.5,93,1.8600000000000001,0.93000000000000005,0.84133542793801941,0.54051336495626978,0.15773700427697662,1,ok
CP-011-FIG11-001,n1_over_n5=1.1,1.1,a_over_A5=0.5,0.5,exact,eq20,1,1.1000000000000001,0.82644628099173545,0.5,94,1.8800000000000001,0.94000000000000006,0.84133542793801941,0.54051336495626978,0.15508112825723475,1,ok
CP-011-FIG11-001,n1_over_n5=1.1,1.1,a_over_A5=0.5,0.5,exact,eq20,1,1.1000000000000001,0.82644628099173545,0.5,95,1.9000000000000001,0.95000000000000007,0.84133542793801941,0.54051336495626978,0.15246997019993028,1,ok
CP-011-FIG11-001,n1_over_n5=1.1,1.1,a_over_A5=0.5,0.5,exact,eq20,1,1.1000000000000001,0.82644628099173545,0.5,96,1.9199999999999999,0.95999999999999996,0.84133542793801941,0.54051336495626978,0.14990277717226447,1,ok
CP-011-FIG11-001,n1_over_n5=1.1,1.1,a_over_A5=0.5,0.5,exact,eq20,1,1.1000000000000001,0.82644628099173545,0.5,97,1.9399999999999999,0.96999999999999997,0.84133542793801941,0.54051336495626978,0.14737880891884531,1,ok
CP-011-FIG11-001,n1_over_n5=1.1,1.1,a_over_A5=0.5,0.5,exact,eq20,1,1.1000000000000001,0.82644628099173545,0.5,98,1.96,0.97999999999999998,0.84133542793801941,0.54051336495626978,0.14489733764823359,1,ok
CP-011-FIG11-001,n1_over_n5=1.1,1.1,a_over_A5=0.5,0.5,exact,eq20,1,1.1000000000000001,0.82644628099173545,0.5,99,1.98,0.98999999999999999,0.84133542793801941,0.54051336495626978,0.14245764782308226,1,ok
CP-011-FIG11-001,n1_over_n5=1.1,1.1,a_over_A5=0.5,0.5,exact,eq20,1,1.1000000000000001,0.82644628099173545,0.5,100,2,1,0.84133542793801941,0.54051336495626978,0.14005903595381033,1,ok
CP-011-FIG11-001,n1_over_n5=1.1,1.1,a_over_A5=0.5,0.5,exact,eq20,1,1.1000000000000001,0.82644628099173545,0.5,101,2.02,1.01,0.84133542793801941,0.54051336495626978,0.13770081039574969,1,ok
CP-011-FIG11-001,n1_over_n5=1.1,1.1,a_over_A5=0.5,0.5,exact,eq20,1,1.1000000000000001,0.82644628099173545,0.5,102,2.04,1.02,0.84133542793801941,0.54051336495626978,0.13538229114970821,1,ok
CP-011-FIG11-001,n1_over_n5=1.1,1.1,a_over_A5=0.5,0.5,exact,eq20,1,1.1000000000000001,0.82644628099173545,0.5,103,2.0600000000000001,1.03,0.84133542793801941,0.54051336495626978,0.13310280966589064,1,ok
CP-011-FIG11-001,n1_over_n5=1.1,1.1,a_over_A5=0.5,0.5,exact,eq20,1,1.1000000000000001,0.82644628099173545,0.5,104,2.0800000000000001,1.04,0.84133542793801941,0.54051336495626978,0.13086170865112068,1,ok
CP-011-FIG11-001,n1_over_n5=1.1,1.1,a_over_A5=0.5,0.5,exact,eq20,1,1.1000000000000001,0.82644628099173545,0.5,105,2.1000000000000001,1.05,0.84133542793801941,0.54051336495626978,0.1286583418793093,1,ok
CP-011-FIG11-001,n1_over_n5=1.1,1.1,a_over_A5=0.5,0.5,exact,eq20,1,1.1000000000000001,0.82644628099173545,0.5,106,2.1200000000000001,1.0600000000000001,0.84133542793801941,0.54051336495626978,0.12649207400511409,1,ok
CP-011-FIG11-001,n1_over_n5=1.1,1.1,a_over_A5=0.5,0.5,exact,eq20,1,1.1000000000000001,0.82644628099173545,0.5,107,2.1400000000000001,1.0700000000000001,0.84133542793801941,0.54051336495626978,0.12436228038073603,1,ok
CP-011-FIG11-001,n1_over_n5=1.1,1.1,a_over_A5=0.5,0.5,exact,eq20,1,1.1000000000000001,0.82644628099173545,0.5,108,2.1600000000000001,1.0800000000000001,0.84133542793801941,0.54051336495626978,0.12226834687580118,1,ok
CP-011-FIG11-001,n1_over_n5=1.1,1.1,a_over_A5=0.5,0.5,exact,eq20,1,1.1000000000000001,0.82644628099173545,0.5,109,2.1800000000000002,1.0900000000000001,0.84133542793801941,0.54051336495626978,0.1202096697002748,1,ok
CP-011-FIG11-001,n1_over_n5=1.1,1.1,a_over_A5=0.5,0.5,exact,eq20,1,1.1000000000000001,0.82644628099173545,0.5,110,2.2000000000000002,1.1000000000000001,0.84133542793801941,0.54051336495626978,0.11818565523035721,1,ok
CP-011-FIG11-001,n1_over_n5=1.1,1.1,a_over_A5=0.5,0.5,exact,eq20,1,1.1000000000000001,0.82644628099173545,0.5,111,2.2200000000000002,1.1100000000000001,0.84133542793801941,0.54051336495626978,0.11619571983731133,1,ok
CP-011-FIG11-001,n1_over_n5=1.1,1.1,a_over_A5=0.5,0.5,exact,eq20,1,1.1000000000000001,0.82644628099173545,0.5,112,2.2400000000000002,1.1200000000000001,0.84133542793801941,0.54051336495626978,0.11423928971917194,1,ok
CP-011-FIG11-001,n1_over_n5=1.1,1.1,a_over_A5=0.5,0.5,exact,eq20,1,1.1000000000000001,0.82644628099173545,0.5,113,2.2600000000000002,1.1300000000000001,0.84133542793801941,0.54051336495626978,0.1123158007352888,1,ok
CP-011-FIG11-001,n1_over_n5=1.1,1.1,a_over_A5=0.5,0.5,exact,eq20,1,1.1000000000000001,0.82644628099173545,0.5,114,2.2800000000000002,1.1400000000000001,0.84133542793801941,0.54051336495626978,0.11042469824365551,1,ok
CP-011-FIG11-001,n1_over_n5=1.1,1.1,a_over_A5=0.5,0.5,exact,eq20,1,1.1000000000000001,0.82644628099173545,0.5,115,2.3000000000000003,1.1500000000000001,0.84133542793801941,0.54051336495626978,0.10856543694097738,1,ok
CP-011-FIG11-001,n1_over_n5=1.1,1.1,a_over_A5=0.5,0.5,exact,eq20,1,1.1000000000000001,0.82644628099173545,0.5,116,2.3199999999999998,1.1599999999999999,0.84133542793801941,0.54051336495626978,0.10673748070543208,1,ok
CP-011-FIG11-001,n1_over_n5=1.1,1.1,a_over_A5=0.5,0.5,exact,eq20,1,1.1000000000000001,0.82644628099173545,0.5,117,2.3399999999999999,1.1699999999999999,0.84133542793801941,0.54051336495626978,0.10494030244207773,1,ok
CP-011-FIG11-001,n1_over_n5=1.1,1.1,a_over_A5=0.5,0.5,exact,eq20,1,1.1000000000000001,0.82644628099173545,0.5,118,2.3599999999999999,1.1799999999999999,0.84133542793801941,0.54051336495626978,0.10317338393086407,1,ok
CP-011-FIG11-001,n1_over_n5=1.1,1.1,a_over_A5=0.5,0.5,exact,eq20,1,1.1000000000000001,0.82644628099173545,0.5,119,2.3799999999999999,1.1899999999999999,0.84133542793801941,0.54051336495626978,0.10143621567720276,1,ok
CP-011-FIG11-001,n1_over_n5=1.1,1.1,a_over_A5=0.5,0.5,exact,eq20,1,1.1000000000000001,0.82644628099173545,0.5,120,2.3999999999999999,1.2,0.84133542793801941,0.54051336495626978,0.099728296765053279,1,ok
CP-011-FIG11-001,n1_over_n5=1.1,1.1,a_over_A5=0.5,0.5,exact,eq20,1,1.1000000000000001,0.82644628099173545,0.5,121,2.4199999999999999,1.21,0.84133542793801941,0.54051336495626978,0.098049134712483083,1,ok
CP-011-FIG11-001,n1_over_n5=1.1,1.1,a_over_A5=0.5,0.5,exact,eq20,1,1.1000000000000001,0.82644628099173545,0.5,122,2.4399999999999999,1.22,0.84133542793801941,0.54051336495626978,0.096398245329659085,1,ok
CP-011-FIG11-001,n1_over_n5=1.1,1.1,a_over_A5=0.5,0.5,exact,eq20,1,1.1000000000000001,0.82644628099173545,0.5,123,2.46,1.23,0.84133542793801941,0.54051336495626978,0.09477515257923079,1,ok
CP-011-FIG11-001,n1_over_n5=1.1,1.1,a_over_A5=0.5,0.5,exact,eq20,1,1.1000000000000001,0.82644628099173545,0.5,124,2.48,1.24,0.84133542793801941,0.54051336495626978,0.093179388439063857,1,ok
CP-011-FIG11-001,n1_over_n5=1.1,1.1,a_over_A5=0.5,0.5,exact,eq20,1,1.1000000000000001,0.82644628099173545,0.5,125,2.5,1.25,0.84133542793801941,0.54051336495626978,0.091610492767284959,1,ok
CP-011-FIG11-001,n1_over_n5=1.1,1.1,a_over_A5=0.5,0.5,exact,eq20,1,1.1000000000000001,0.82644628099173545,0.5,126,2.52,1.26,0.84133542793801941,0.54051336495626978,0.090068013169598796,1,ok
CP-011-FIG11-001,n1_over_n5=1.1,1.1,a_over_A5=0.5,0.5,exact,eq20,1,1.1000000000000001,0.82644628099173545,0.5,127,2.54,1.27,0.84133542793801941,0.54051336495626978,0.088551504868839545,1,ok
CP-011-FIG11-001,n1_over_n5=1.1,1.1,a_over_A5=0.5,0.5,exact,eq20,1,1.1000000000000001,0.82644628099173545,0.5,128,2.5600000000000001,1.28,0.84133542793801941,0.54051336495626978,0.087060530576718184,1,ok
CP-011-FIG11-001,n1_over_n5=1.1,1.1,a_over_A5=0.5,0.5,exact,eq20,1,1.1000000000000001,0.82644628099173545,0.5,129,2.5800000000000001,1.29,0.84133542793801941,0.54051336495626978,0.085594660367729725,1,ok
CP-011-FIG11-001,n1_over_n5=1.1,1.1,a_over_A5=0.5,0.5,exact,eq20,1,1.1000000000000001,0.82644628099173545,0.5,130,2.6000000000000001,1.3,0.84133542793801941,0.54051336495626978,0.08415347155518306,1,ok
CP-011-FIG11-001,n1_over_n5=1.1,1.1,a_over_A5=0.5,0.5,exact,eq20,1,1.1000000000000001,0.82644628099173545,0.5,131,2.6200000000000001,1.3100000000000001,0.84133542793801941,0.54051336495626978,0.082736548569318669,1,ok
CP-011-FIG11-001,n1_over_n5=1.1,1.1,a_over_A5=0.5,0.5,exact,eq20,1,1.1000000000000001,0.82644628099173545,0.5,132,2.6400000000000001,1.3200000000000001,0.84133542793801941,0.54051336495626978,0.081343482837477957,1,ok
CP-011-FIG11-001,n1_over_n5=1.1,1.1,a_over_A5=0.5,0.5,exact,eq20,1,1.1000000000000001,0.82644628099173545,0.5,133,2.6600000000000001,1.3300000000000001,0.84133542793801941,0.54051336495626978,0.079973872666290802,1,ok
CP-011-FIG11-001,n1_over_n5=1.1,1.1,a_over_A5=0.5,0.5,exact,eq20,1,1.1000000000000001,0.82644628099173545,0.5,134,2.6800000000000002,1.3400000000000001,0.84133542793801941,0.54051336495626978,0.078627323125846055,1,ok
CP-011-FIG11-001,n1_over_n5=1.1,1.1,a_over_A5=0.5,0.5,exact,eq20,1,1.1000000000000001,0.82644628099173545,0.5,135,2.7000000000000002,1.3500000000000001,0.84133542793801941,0.54051336495626978,0.077303445935813064,1,ok
CP-011-FIG11-001,n1_over_n5=1.1,1.1,a_over_A5=0.5,0.5,exact,eq20,1,1.1000000000000001,0.82644628099173545,0.5,136,2.7200000000000002,1.3600000000000001,0.84133542793801941,0.54051336495626978,0.076001859353479875,1,ok
CP-011-FIG11-001,n1_over_n5=1.1,1.1,a_over_A5=0.5,0.5,exact,eq20,1,1.1000000000000001,0.82644628099173545,0.5,137,2.7400000000000002,1.3700000000000001,0.84133542793801941,0.54051336495626978,0.074722188063677406,1,ok
CP-011-FIG11-001,n1_over_n5=1.1,1.1,a_over_A5=0.5,0.5,exact,eq20,1,1.1000000000000001,0.82644628099173545,0.5,138,2.7600000000000002,1.3800000000000001,0.84133542793801941,0.54051336495626978,0.073464063070555988,1,ok
CP-011-FIG11-001,n1_over_n5=1.1,1.1,a_over_A5=0.5,0.5,exact,eq20,1,1.1000000000000001,0.82644628099173545,0.5,139,2.7800000000000002,1.3900000000000001,0.84133542793801941,0.54051336495626978,0.072227121591185134,1,ok
CP-011-FIG11-001,n1_over_n5=1.1,1.1,a_over_A5=0.5,0.5,exact,eq20,1,1.1000000000000001,0.82644628099173545,0.5,140,2.8000000000000003,1.4000000000000001,0.84133542793801941,0.54051336495626978,0.071011006950943992,1,ok
CP-011-FIG11-001,n1_over_n5=1.1,1.1,a_over_A5=0.5,0.5,exact,eq20,1,1.1000000000000001,0.82644628099173545,0.5,141,2.8199999999999998,1.4099999999999999,0.84133542793801941,0.54051336495626978,0.069815368480673767,1,ok
CP-011-FIG11-001,n1_over_n5=1.1,1.1,a_over_A5=0.5,0.5,exact,eq20,1,1.1000000000000001,0.82644628099173545,0.5,142,2.8399999999999999,1.4199999999999999,0.84133542793801941,0.54051336495626978,0.068639861415561262,1,ok
CP-011-FIG11-001,n1_over_n5=1.1,1.1,a_over_A5=0.5,0.5,exact,eq20,1,1.1000000000000001,0.82644628099173545,0.5,143,2.8599999999999999,1.4299999999999999,0.84133542793801941,0.54051336495626978,0.06748414679572555,1,ok
CP-011-FIG11-001,n1_over_n5=1.1,1.1,a_over_A5=0.5,0.5,exact,eq20,1,1.1000000000000001,0.82644628099173545,0.5,144,2.8799999999999999,1.4399999999999999,0.84133542793801941,0.54051336495626978,0.066347891368477824,1,ok
CP-011-FIG11-001,n1_over_n5=1.1,1.1,a_over_A5=0.5,0.5,exact,eq20,1,1.1000000000000001,0.82644628099173545,0.5,145,2.8999999999999999,1.45,0.84133542793801941,0.54051336495626978,0.065230767492227726,1,ok
CP-011-FIG11-001,n1_over_n5=1.1,1.1,a_over_A5=0.5,0.5,exact,eq20,1,1.1000000000000001,0.82644628099173545,0.5,146,2.9199999999999999,1.46,0.84133542793801941,0.54051336495626978,0.064132453042006779,1,ok
CP-011-FIG11-001,n1_over_n5=1.1,1.1,a_over_A5=0.5,0.5,exact,eq20,1,1.1000000000000001,0.82644628099173545,0.5,147,2.9399999999999999,1.47,0.84133542793801941,0.54051336495626978,0.063052631316583369,1,ok
CP-011-FIG11-001,n1_over_n5=1.1,1.1,a_over_A5=0.5,0.5,exact,eq20,1,1.1000000000000001,0.82644628099173545,0.5,148,2.96,1.48,0.84133542793801941,0.54051336495626978,0.061990990947140973,1,ok
CP-011-FIG11-001,n1_over_n5=1.1,1.1,a_over_A5=0.5,0.5,exact,eq20,1,1.1000000000000001,0.82644628099173545,0.5,149,2.98,1.49,0.84133542793801941,0.54051336495626978,0.060947225807494704,1,ok
CP-011-FIG11-001,n1_over_n5=1.1,1.1,a_over_A5=0.5,0.5,exact,eq20,1,1.1000000000000001,0.82644628099173545,0.5,150,3,1.5,0.84133542793801941,0.54051336495626978,0.059921034925818711,1,ok
CP-011-FIG11-001,n1_over_n5=1.1,1.1,a_over_A5=0.75,0.75,exact,eq20,1,1.1000000000000001,0.82644628099173545,0.75,0,0,0,0.72527348761059751,0.68846086901810222,0.72429061954515994,1,ok
CP-011-FIG11-001,n1_over_n5=1.1,1.1,a_over_A5=0.75,0.75,exact,eq20,1,1.1000000000000001,0.82644628099173545,0.75,1,0.02,0.014999999999999999,0.72527348761059751,0.68846086901810222,0.70116957761254617,1,ok
CP-011-FIG11-001,n1_over_n5=1.1,1.1,a_over_A5=0.75,0.75,exact,eq20,1,1.1000000000000001,0.82644628099173545,0.75,2,0.040000000000000001,0.029999999999999999,0.72527348761059751,0.68846086901810222,0.67878661313893007,1,ok
CP-011-FIG11-001,n1_over_n5=1.1,1.1,a_over_A5=0.75,0.75,exact,eq20,1,1.1000000000000001,0.82644628099173545,0.75,3,0.059999999999999998,0.044999999999999998,0.72527348761059751,0.68846086901810222,0.6571181649743828,1,ok
CP-011-FIG11-001,n1_over_n5=1.1,1.1,a_over_A5=0.75,0.75,exact,eq20,1,1.1000000000000001,0.82644628099173545,0.75,4,0.080000000000000002,0.059999999999999998,0.72527348761059751,0.68846086901810222,0.63614142409570618,1,ok
CP-011-FIG11-001,n1_over_n5=1.1,1.1,a_over_A5=0.75,0.75,exact,eq20,1,1.1000000000000001,0.82644628099173545,0.75,5,0.10000000000000001,0.075000000000000011,0.72527348761059751,0.68846086901810222,0.61583430959679697,1,ok
CP-011-FIG11-001,n1_over_n5=1.1,1.1,a_over_A5=0.75,0.75,exact,eq20,1,1.1000000000000001,0.82644628099173545,0.75,6,0.12,0.089999999999999997,0.72527348761059751,0.68846086901810222,0.59617544544545475,1,ok
CP-011-FIG11-001,n1_over_n5=1.1,1.1,a_over_A5=0.75,0.75,exact,eq20,1,1.1000000000000001,0.82644628099173545,0.75,7,0.14000000000000001,0.10500000000000001,0.72527348761059751,0.68846086901810222,0.57714413798216713,1,ok
CP-011-FIG11-001,n1_over_n5=1.1,1.1,a_over_A5=0.75,0.75,exact,eq20,1,1.1000000000000001,0.82644628099173545,0.75,8,0.16,0.12,0.72527348761059751,0.68846086901810222,0.55872035413718546,1,ok
CP-011-FIG11-001,n1_over_n5=1.1,1.1,a_over_A5=0.75,0.75,exact,eq20,1,1.1000000000000001,0.82644628099173545,0.75,9,0.17999999999999999,0.13500000000000001,0.72527348761059751,0.68846086901810222,0.54088470034296254,1,ok
CP-011-FIG11-001,n1_over_n5=1.1,1.1,a_over_A5=0.75,0.75,exact,eq20,1,1.1000000000000001,0.82644628099173545,0.75,10,0.20000000000000001,0.15000000000000002,0.72527348761059751,0.68846086901810222,0.52361840211975441,1,ok
CP-011-FIG11-001,n1_over_n5=1.1,1.1,a_over_A5=0.75,0.75,exact,eq20,1,1.1000000000000001,0.82644628099173545,0.75,11,0.22,0.16500000000000001,0.72527348761059751,0.68846086901810222,0.506903284312897,1,ok
CP-011-FIG11-001,n1_over_n5=1.1,1.1,a_over_A5=0.75,0.75,exact,eq20,1,1.1000000000000001,0.82644628099173545,0.75,12,0.23999999999999999,0.17999999999999999,0.72527348761059751,0.68846086901810222,0.49072175196095508,1,ok
CP-011-FIG11-001,n1_over_n5=1.1,1.1,a_over_A5=0.75,0.75,exact,eq20,1,1.1000000000000001,0.82644628099173545,0.75,13,0.26000000000000001,0.19500000000000001,0.72527348761059751,0.68846086901810222,0.47505677177460387,1,ok
CP-011-FIG11-001,n1_over_n5=1.1,1.1,a_over_A5=0.75,0.75,exact,eq20,1,1.1000000000000001,0.82644628099173545,0.75,14,0.28000000000000003,0.21000000000000002,0.72527348761059751,0.68846086901810222,0.45989185420674922,1,ok
CP-011-FIG11-001,n1_over_n5=1.1,1.1,a_over_A5=0.75,0.75,exact,eq20,1,1.1000000000000001,0.82644628099173545,0.75,15,0.29999999999999999,0.22499999999999998,0.72527348761059751,0.68846086901810222,0.44521103609500956,1,ok
CP-011-FIG11-001,n1_over_n5=1.1,1.1,a_over_A5=0.75,0.75,exact,eq20,1,1.1000000000000001,0.82644628099173545,0.75,16,0.32000000000000001,0.23999999999999999,0.72527348761059751,0.68846086901810222,0.43099886385829139,1,ok
CP-011-FIG11-001,n1_over_n5=1.1,1.1,a_over_A5=0.75,0.75,exact,eq20,1,1.1000000000000001,0.82644628099173545,0.75,17,0.34000000000000002,0.255,0.72527348761059751,0.68846086901810222,0.41724037722976876,1,ok
CP-011-FIG11-001,n1_over_n5=1.1,1.1,a_over_A5=0.75,0.75,exact,eq20,1,1.1000000000000001,0.82644628099173545,0.75,18,0.35999999999999999,0.27000000000000002,0.72527348761059751,0.68846086901810222,0.40392109350914396,1,ok
CP-011-FIG11-001,n1_over_n5=1.1,1.1,a_over_A5=0.75,0.75,exact,eq20,1,1.1000000000000001,0.82644628099173545,0.75,19,0.38,0.28500000000000003,0.72527348761059751,0.68846086901810222,0.39102699231761279,1,ok
CP-011-FIG11-001,n1_over_n5=1.1,1.1,a_over_A5=0.75,0.75,exact,eq20,1,1.1000000000000001,0.82644628099173545,0.75,20,0.40000000000000002,0.30000000000000004,0.72527348761059751,0.68846086901810222,0.37854450083948632,1,ok
CP-011-FIG11-001,n1_over_n5=1.1,1.1,a_over_A5=0.75,0.75,exact,eq20,1,1.1000000000000001,0.82644628099173545,0.75,21,0.41999999999999998,0.315,0.72527348761059751,0.68846086901810222,0.36646047953493538,1,ok
CP-011-FIG11-001,n1_over_n5=1.1,1.1,a_over_A5=0.75,0.75,exact,eq20,1,1.1000000000000001,0.82644628099173545,0.75,22,0.44,0.33000000000000002,0.72527348761059751,0.68846086901810222,0.35476220830881638,1,ok
CP-011-FIG11-001,n1_over_n5=1.1,1.1,a_over_A5=0.75,0.75,exact,eq20,1,1.1000000000000001,0.82644628099173545,0.75,23,0.46000000000000002,0.34500000000000003,0.72527348761059751,0.68846086901810222,0.34343737312102152,1,ok
CP-011-FIG11-001,n1_over_n5=1.1,1.1,a_over_A5=0.75,0.75,exact,eq20,1,1.1000000000000001,0.82644628099173545,0.75,24,0.47999999999999998,0.35999999999999999,0.72527348761059751,0.68846086901810222,0.33247405302425648,1,ok
CP-011-FIG11-001,n1_over_n5=1.1,1.1,a_over_A5=0.75,0.75,exact,eq20,1,1.1000000000000001,0.82644628099173545,0.75,25,0.5,0.375,0.72527348761059751,0.68846086901810222,0.3218607076156037,1,ok
CP-011-FIG11-001,n1_over_n5=1.1,1.1,a_over_A5=0.75,0.75,exact,eq20,1,1.1000000000000001,0.82644628099173545,0.75,26,0.52000000000000002,0.39000000000000001,0.72527348761059751,0.68846086901810222,0.31158616488866026,1,ok
CP-011-FIG11-001,n1_over_n5=1.1,1.1,a_over_A5=0.75,0.75,exact,eq20,1,1.1000000000000001,0.82644628099173545,0.75,27,0.54000000000000004,0.40500000000000003,0.72527348761059751,0.68846086901810222,0.30163960947346363,1,ok
CP-011-FIG11-001,n1_over_n5=1.1,1.1,a_over_A5=0.75,0.75,exact,eq20,1,1.1000000000000001,0.82644628099173545,0.75,28,0.56000000000000005,0.42000000000000004,0.72527348761059751,0.68846086901810222,0.292010571251827,1,ok
CP-011-FIG11-001,n1_over_n5=1.1,1.1,a_over_A5=0.75,0.75,exact,eq20,1,1.1000000000000001,0.82644628099173545,0.75,29,0.57999999999999996,0.43499999999999994,0.72527348761059751,0.68846086901810222,0.28268891433609916,1,ok
CP-011-FIG11-001,n1_over_n5=1.1,1.1,a_over_A5=0.75,0.75,exact,eq20,1,1.1000000000000001,0.82644628099173545,0.75,30,0.59999999999999998,0.44999999999999996,0.72527348761059751,0.68846086901810222,0.27366482639974771,1,ok
CP-011-FIG11-001,n1_over_n5=1.1,1.1,a_over_A5=0.75,0.75,exact,eq20,1,1.1000000000000001,0.82644628099173545,0.75,31,0.62,0.46499999999999997,0.72527348761059751,0.68846086901810222,0.26492880834853572,1,ok
CP-011-FIG11-001,n1_over_n5=1.1,1.1,a_over_A5=0.75,0.75,exact,eq20,1,1.1000000000000001,0.82644628099173545,0.75,32,0.64000000000000001,0.47999999999999998,0.72527348761059751,0.68846086901810222,0.25647166432141777,1,ok
CP-011-FIG11-001,n1_over_n5=1.1,1.1,a_over_A5=0.75,0.75,exact,eq20,1,1.1000000000000001,0.82644628099173545,0.75,33,0.66000000000000003,0.495,0.72527348761059751,0.68846086901810222,0.24828449201063096,1,ok
CP-011-FIG11-001,n1_over_n5=1.1,1.1,a_over_A5=0.75,0.75,exact,eq20,1,1.1000000000000001,0.82644628099173545,0.75,34,0.68000000000000005,0.51000000000000001,0.72527348761059751,0.68846086901810222,0.240358673290791,1,ok
CP-011-FIG11-001,n1_over_n5=1.1,1.1,a_over_A5=0.75,0.75,exact,eq20,1,1.1000000000000001,0.82644628099173545,0.75,35,0.70000000000000007,0.52500000000000002,0.72527348761059751,0.68846086901810222,0.23268586514712944,1,ok
CP-011-FIG11-001,n1_over_n5=1.1,1.1,a_over_A5=0.75,0.75,exact,eq20,1,1.1000000000000001,0.82644628099173545,0.75,36,0.71999999999999997,0.54000000000000004,0.72527348761059751,0.68846086901810222,0.22525799089332255,1,ok
CP-011-FIG11-001,n1_over_n5=1.1,1.1,a_over_A5=0.75,0.75,exact,eq20,1,1.1000000000000001,0.82644628099173545,0.75,37,0.73999999999999999,0.55499999999999994,0.72527348761059751,0.68846086901810222,0.21806723166966804,1,ok
CP-011-FIG11-001,n1_over_n5=1.1,1.1,a_over_A5=0.75,0.75,exact,eq20,1,1.1000000000000001,0.82644628099173545,0.75,38,0.76000000000000001,0.57000000000000006,0.72527348761059751,0.68846086901810222,0.21110601821265867,1,ok
CP-011-FIG11-001,n1_over_n5=1.1,1.1,a_over_A5=0.75,0.75,exact,eq20,1,1.1000000000000001,0.82644628099173545,0.75,39,0.78000000000000003,0.58499999999999996,0.72527348761059751,0.68846086901810222,0.20436702288729169,1,ok
CP-011-FIG11-001,n1_over_n5=1.1,1.1,a_over_A5=0.75,0.75,exact,eq20,1,1.1000000000000001,0.82644628099173545,0.75,40,0.80000000000000004,0.60000000000000009,0.72527348761059751,0.68846086901810222,0.19784315197372404,1,ok
CP-011-FIG11-001,n1_over_n5=1.1,1.1,a_over_A5=0.75,0.75,exact,eq20,1,1.1000000000000001,0.82644628099173545,0.75,41,0.82000000000000006,0.61499999999999999,0.72527348761059751,0.68846086901810222,0.19152753820015686,1,ok
CP-011-FIG11-001,n1_over_n5=1.1,1.1,a_over_A5=0.75,0.75,exact,eq20,1,1.1000000000000001,0.82644628099173545,0.75,42,0.83999999999999997,0.63,0.72527348761059751,0.68846086901810222,0.18541353351408621,1,ok
CP-011-FIG11-001,n1_over_n5=1.1,1.1,a_over_A5=0.75,0.75,exact,eq20,1,1.1000000000000001,0.82644628099173545,0.75,43,0.85999999999999999,0.64500000000000002,0.72527348761059751,0.68846086901810222,0.17949470208431376,1,ok
CP-011-FIG11-001,n1_over_n5=1.1,1.1,a_over_A5=0.75,0.75,exact,eq20,1,1.1000000000000001,0.82644628099173545,0.75,44,0.88,0.66000000000000003,0.72527348761059751,0.68846086901810222,0.17376481352634837,1,ok
CP-011-FIG11-001,n1_over_n5=1.1,1.1,a_over_A5=0.75,0.75,exact,eq20,1,1.1000000000000001,0.82644628099173545,0.75,45,0.90000000000000002,0.67500000000000004,0.72527348761059751,0.68846086901810222,0.1682178363440697,1,ok
CP-011-FIG11-001,n1_over_n5=1.1,1.1,a_over_A5=0.75,0.75,exact,eq20,1,1.1000000000000001,0.82644628099173545,0.75,46,0.92000000000000004,0.69000000000000006,0.72527348761059751,0.68846086901810222,0.16284793158074798,1,ok
CP-011-FIG11-001,n1_over_n5=1.1,1.1,a_over_A5=0.75,0.75,exact,eq20,1,1.1000000000000001,0.82644628099173545,0.75,47,0.94000000000000006,0.70500000000000007,0.72527348761059751,0.68846086901810222,0.15764944667273911,1,ok
CP-011-FIG11-001,n1_over_n5=1.1,1.1,a_over_A5=0.75,0.75,exact,eq20,1,1.1000000000000001,0.82644628099173545,0.75,48,0.95999999999999996,0.71999999999999997,0.72527348761059751,0.68846086901810222,0.15261690949938356,1,ok
CP-011-FIG11-001,n1_over_n5=1.1,1.1,a_over_A5=0.75,0.75,exact,eq20,1,1.1000000000000001,0.82644628099173545,0.75,49,0.97999999999999998,0.73499999999999999,0.72527348761059751,0.68846086901810222,0.14774502262284622,1,ok
CP-011-FIG11-001,n1_over_n5=1.1,1.1,a_over_A5=0.75,0.75,exact,eq20,1,1.1000000000000001,0.82644628099173545,0.75,50,1,0.75,0.72527348761059751,0.68846086901810222,0.1430286577118344,1,ok
CP-011-FIG11-001,n1_over_n5=1.1,1.1,a_over_A5=0.75,0.75,exact,eq20,1,1.1000000000000001,0.82644628099173545,0.75,51,1.02,0.76500000000000001,0.72527348761059751,0.68846086901810222,0.13846285014332343,1,ok
CP-011-FIG11-001,n1_over_n5=1.1,1.1,a_over_A5=0.75,0.75,exact,eq20,1,1.1000000000000001,0.82644628099173545,0.75,52,1.04,0.78000000000000003,0.72527348761059751,0.68846086901810222,0.13404279377660783,1,ok
CP-011-FIG11-001,n1_over_n5=1.1,1.1,a_over_A5=0.75,0.75,exact,eq20,1,1.1000000000000001,0.82644628099173545,0.75,53,1.0600000000000001,0.79500000000000004,0.72527348761059751,0.68846086901810222,0.12976383589417673,1,ok
CP-011-FIG11-001,n1_over_n5=1.1,1.1,a_over_A5=0.75,0.75,exact,eq20,1,1.1000000000000001,0.82644628099173545,0.75,54,1.0800000000000001,0.81000000000000005,0.72527348761059751,0.68846086901810222,0.12562147230408882,1,ok
CP-011-FIG11-001,n1_over_n5=1.1,1.1,a_over_A5=0.75,0.75,exact,eq20,1,1.1000000000000001,0.82644628099173545,0.75,55,1.1000000000000001,0.82500000000000007,0.72527348761059751,0.68846086901810222,0.12161134259869037,1,ok
CP-011-FIG11-001,n1_over_n5=1.1,1.1,a_over_A5=0.75,0.75,exact,eq20,1,1.1000000000000001,0.82644628099173545,0.75,56,1.1200000000000001,0.84000000000000008,0.72527348761059751,0.68846086901810222,0.11772922556468605,1,ok
CP-011-FIG11-001,n1_over_n5=1.1,1.1,a_over_A5=0.75,0.75,exact,eq20,1,1.1000000000000001,0.82644628099173545,0.75,57,1.1400000000000001,0.85500000000000009,0.72527348761059751,0.68846086901810222,0.11397103473973152,1,ok
CP-011-FIG11-001,n1_over_n5=1.1,1.1,a_over_A5=0.75,0.75,exact,eq20,1,1.1000000000000001,0.82644628099173545,0.75,58,1.1599999999999999,0.86999999999999988,0.72527348761059751,0.68846086901810222,0.1103328141108692,1,ok
CP-011-FIG11-001,n1_over_n5=1.1,1.1,a_over_A5=0.75,0.75,exact,eq20,1,1.1000000000000001,0.82644628099173545,0.75,59,1.1799999999999999,0.88500000000000001,0.72527348761059751,0.68846086901810222,0.10681073395028023,1,ok
CP-011-FIG11-001,n1_over_n5=1.1,1.1,a_over_A5=0.75,0.75,exact,eq20,1,1.1000000000000001,0.82644628099173545,0.75,60,1.2,0.89999999999999991,0.72527348761059751,0.68846086901810222,0.10340108678396941,1,ok
CP-011-FIG11-001,n1_over_n5=1.1,1.1,a_over_A5=0.75,0.75,exact,eq20,1,1.1000000000000001,0.82644628099173545,0.75,61,1.22,0.91500000000000004,0.72527348761059751,0.68846086901810222,0.10010028348913816,1,ok
CP-011-FIG11-001,n1_over_n5=1.1,1.1,a_over_A5=0.75,0.75,exact,eq20,1,1.1000000000000001,0.82644628099173545,0.75,62,1.24,0.92999999999999994,0.72527348761059751,0.68846086901810222,0.096904849516139466,1,ok
CP-011-FIG11-001,n1_over_n5=1.1,1.1,a_over_A5=0.75,0.75,exact,eq20,1,1.1000000000000001,0.82644628099173545,0.75,63,1.26,0.94500000000000006,0.72527348761059751,0.68846086901810222,0.093811421231035738,1,ok
CP-011-FIG11-001,n1_over_n5=1.1,1.1,a_over_A5=0.75,0.75,exact,eq20,1,1.1000000000000001,0.82644628099173545,0.75,64,1.28,0.95999999999999996,0.72527348761059751,0.68846086901810222,0.090816742374911719,1,ok
CP-011-FIG11-001,n1_over_n5=1.1,1.1,a_over_A5=0.75,0.75,exact,eq20,1,1.1000000000000001,0.82644628099173545,0.75,65,1.3,0.97500000000000009,0.72527348761059751,0.68846086901810222,0.087917660636213577,1,ok
CP-011-FIG11-001,n1_over_n5=1.1,1.1,a_over_A5=0.75,0.75,exact,eq20,1,1.1000000000000001,0.82644628099173545,0.75,66,1.3200000000000001,0.98999999999999999,0.72527348761059751,0.68846086901810222,0.085111124332507601,1,ok
CP-011-FIG11-001,n1_over_n5=1.1,1.1,a_over_A5=0.75,0.75,exact,eq20,1,1.1000000000000001,0.82644628099173545,0.75,67,1.3400000000000001,1.0050000000000001,0.72527348761059751,0.68846086901810222,0.08239417919816415,1,ok
CP-011-FIG11-001,n1_over_n5=1.1,1.1,a_over_A5=0.75,0.75,exact,eq20,1,1.1000000000000001,0.82644628099173545,0.75,68,1.3600000000000001,1.02,0.72527348761059751,0.68846086901810222,0.079763965274586957,1,ok
CP-011-FIG11-001,n1_over_n5=1.1,1.1,a_over_A5=0.75,0.75,exact,eq20,1,1.1000000000000001,0.82644628099173545,0.75,69,1.3800000000000001,1.0350000000000001,0.72527348761059751,0.68846086901810222,0.077217713899712839,1,ok
CP-011-FIG11-001,n1_over_n5=1.1,1.1,a_over_A5=0.75,0.75,exact,eq20,1,1.1000000000000001,0.82644628099173545,0.75,70,1.4000000000000001,1.05,0.72527348761059751,0.68846086901810222,0.074752744793614254,1,ok
CP-011-FIG11-001,n1_over_n5=1.1,1.1,a_over_A5=0.75,0.75,exact,eq20,1,1.1000000000000001,0.82644628099173545,0.75,71,1.4199999999999999,1.0649999999999999,0.72527348761059751,0.68846086901810222,0.072366463237135595,1,ok
CP-011-FIG11-001,n1_over_n5=1.1,1.1,a_over_A5=0.75,0.75,exact,eq20,1,1.1000000000000001,0.82644628099173545,0.75,72,1.4399999999999999,1.0800000000000001,0.72527348761059751,0.68846086901810222,0.07005635734059433,1,ok
CP-011-FIG11-001,n1_over_n5=1.1,1.1,a_over_A5=0.75,0.75,exact,eq20,1,1.1000000000000001,0.82644628099173545,0.75,73,1.46,1.095,0.72527348761059751,0.68846086901810222,0.067819995399671734,1,ok
CP-011-FIG11-001,n1_over_n5=1.1,1.1,a_over_A5=0.75,0.75,exact,eq20,1,1.1000000000000001,0.82644628099173545,0.75,74,1.48,1.1099999999999999,0.72527348761059751,0.68846086901810222,0.065655023335709078,1,ok
CP-011-FIG11-001,n1_over_n5=1.1,1.1,a_over_A5=0.75,0.75,exact,eq20,1,1.1000000000000001,0.82644628099173545,0.75,75,1.5,1.125,0.72527348761059751,0.68846086901810222,0.063559162217716236,1,ok
CP-011-FIG11-001,n1_over_n5=1.1,1.1,a_over_A5=0.75,0.75,exact,eq20,1,1.1000000000000001,0.82644628099173545,0.75,76,1.52,1.1400000000000001,0.72527348761059751,0.68846086901810222,0.06153020586348306,1,ok
CP-011-FIG11-001,n1_over_n5=1.1,1.1,a_over_A5=0.75,0.75,exact,eq20,1,1.1000000000000001,0.82644628099173545,0.75,77,1.54,1.155,0.72527348761059751,0.68846086901810222,0.059566018517269288,1,ok
CP-011-FIG11-001,n1_over_n5=1.1,1.1,a_over_A5=0.75,0.75,exact,eq20,1,1.1000000000000001,0.82644628099173545,0.75,78,1.5600000000000001,1.1699999999999999,0.72527348761059751,0.68846086901810222,0.057664532601627454,1,ok
CP-011-FIG11-001,n1_over_n5=1.1,1.1,a_over_A5=0.75,0.75,exact,eq20,1,1.1000000000000001,0.82644628099173545,0.75,79,1.5800000000000001,1.1850000000000001,0.72527348761059751,0.68846086901810222,0.055823746540993265,1,ok
CP-011-FIG11-001,n1_over_n5=1.1,1.1,a_over_A5=0.75,0.75,exact,eq20,1,1.1000000000000001,0.82644628099173545,0.75,80,1.6000000000000001,1.2000000000000002,0.72527348761059751,0.68846086901810222,0.054041722654752058,1,ok
CP-011-FIG11-001,n1_over_n5=1.1,1.1,a_over_A5=0.75,0.75,exact,eq20,1,1.1000000000000001,0.82644628099173545,0.75,81,1.6200000000000001,1.2150000000000001,0.72527348761059751,0.68846086901810222,0.052316585117563111,1,ok
CP-011-FIG11-001,n1_over_n5=1.1,1.1,a_over_A5=0.75,0.75,exact,eq20,1,1.1000000000000001,0.82644628099173545,0.75,82,1.6400000000000001,1.23,0.72527348761059751,0.68846086901810222,0.050646517984795407,1,ok
CP-011-FIG11-001,n1_over_n5=1.1,1.1,a_over_A5=0.75,0.75,exact,eq20,1,1.1000000000000001,0.82644628099173545,0.75,83,1.6600000000000001,1.2450000000000001,0.72527348761059751,0.68846086901810222,0.049029763280996119,1,ok
CP-011-FIG11-001,n1_over_n5=1.1,1.1,a_over_A5=0.75,0.75,exact,eq20,1,1.1000000000000001,0.82644628099173545,0.75,84,1.6799999999999999,1.26,0.72527348761059751,0.68846086901810222,0.047464619149379557,1,ok
CP-011-FIG11-001,n1_over_n5=1.1,1.1,a_over_A5=0.75,0.75,exact,eq20,1,1.1000000000000001,0.82644628099173545,0.75,85,1.7,1.2749999999999999,0.72527348761059751,0.68846086901810222,0.045949438060388634,1,ok
CP-011-FIG11-001,n1_over_n5=1.1,1.1,a_over_A5=0.75,0.75,exact,eq20,1,1.1000000000000001,0.82644628099173545,0.75,86,1.72,1.29,0.72527348761059751,0.68846086901810222,0.044482625077443397,1,ok
CP-011-FIG11-001,n1_over_n5=1.1,1.1,a_over_A5=0.75,0.75,exact,eq20,1,1.1000000000000001,0.82644628099173545,0.75,87,1.74,1.3049999999999999,0.72527348761059751,0.68846086901810222,0.043062636178050825,1,ok
CP-011-FIG11-001,n1_over_n5=1.1,1.1,a_over_A5=0.75,0.75,exact,eq20,1,1.1000000000000001,0.82644628099173545,0.75,88,1.76,1.3200000000000001,0.72527348761059751,0.68846086901810222,0.041687976628508573,1,ok
CP-011-FIG11-001,n1_over_n5=1.1,1.1,a_over_A5=0.75,0.75,exact,eq20,1,1.1000000000000001,0.82644628099173545,0.75,89,1.78,1.335,0.72527348761059751,0.68846086901810222,0.040357199410492338,1,ok
CP-011-FIG11-001,n1_over_n5=1.1,1.1,a_over_A5=0.75,0.75,exact,eq20,1,1.1000000000000001,0.82644628099173545,0.75,90,1.8,1.3500000000000001,0.72527348761059751,0.68846086901810222,0.039068903697869674,1,ok
CP-011-FIG11-001,n1_over_n5=1.1,1.1,a_over_A5=0.75,0.75,exact,eq20,1,1.1000000000000001,0.82644628099173545,0.75,91,1.8200000000000001,1.365,0.72527348761059751,0.68846086901810222,0.037821733382137915,1,ok
CP-011-FIG11-001,n1_over_n5=1.1,1.1,a_over_A5=0.75,0.75,exact,eq20,1,1.1000000000000001,0.82644628099173545,0.75,92,1.8400000000000001,1.3800000000000001,0.72527348761059751,0.68846086901810222,0.036614375644933327,1,ok
CP-011-FIG11-001,n1_over_n5=1.1,1.1,a_over_A5=0.75,0.75,exact,eq20,1,1.1000000000000001,0.82644628099173545,0.75,93,1.8600000000000001,1.395,0.72527348761059751,0.68846086901810222,0.03544555957610919,1,ok
CP-011-FIG11-001,n1_over_n5=1.1,1.1,a_over_A5=0.75,0.75,exact,eq20,1,1.1000000000000001,0.82644628099173545,0.75,94,1.8800000000000001,1.4100000000000001,0.72527348761059751,0.68846086901810222,0.034314054835927893,1,ok
CP-011-FIG11-001,n1_over_n5=1.1,1.1,a_over_A5=0.75,0.75,exact,eq20,1,1.1000000000000001,0.82644628099173545,0.75,95,1.9000000000000001,1.425,0.72527348761059751,0.68846086901810222,0.033218670359959235,1,ok
CP-011-FIG11-001,n1_over_n5=1.1,1.1,a_over_A5=0.75,0.75,exact,eq20,1,1.1000000000000001,0.82644628099173545,0.75,96,1.9199999999999999,1.4399999999999999,0.72527348761059751,0.68846086901810222,0.03215825310532102,1,ok
CP-011-FIG11-001,n1_over_n5=1.1,1.1,a_over_A5=0.75,0.75,exact,eq20,1,1.1000000000000001,0.82644628099173545,0.75,97,1.9399999999999999,1.4550000000000001,0.72527348761059751,0.68846086901810222,0.031131686836942934,1,ok
CP-011-FIG11-001,n1_over_n5=1.1,1.1,a_over_A5=0.75,0.75,exact,eq20,1,1.1000000000000001,0.82644628099173545,0.75,98,1.96,1.47,0.72527348761059751,0.68846086901810222,0.030137890952575453,1,ok
CP-011-FIG11-001,n1_over_n5=1.1,1.1,a_over_A5=0.75,0.75,exact,eq20,1,1.1000000000000001,0.82644628099173545,0.75,99,1.98,1.4849999999999999,0.72527348761059751,0.68846086901810222,0.029175819345307333,1,ok
CP-011-FIG11-001,n1_over_n5=1.1,1.1,a_over_A5=0.75,0.75,exact,eq20,1,1.1000000000000001,0.82644628099173545,0.75,100,2,1.5,0.72527348761059751,0.68846086901810222,0.028244459302394106,1,ok
CP-011-FIG11-001,n1_over_n5=1.1,1.1,a_over_A5=0.75,0.75,exact,eq20,1,1.1000000000000001,0.82644628099173545,0.75,101,2.02,1.5150000000000001,0.72527348761059751,0.68846086901810222,0.027342830439238654,1,ok
CP-011-FIG11-001,n1_over_n5=1.1,1.1,a_over_A5=0.75,0.75,exact,eq20,1,1.1000000000000001,0.82644628099173545,0.75,102,2.04,1.53,0.72527348761059751,0.68846086901810222,0.026469983667401421,1,ok
CP-011-FIG11-001,n1_over_n5=1.1,1.1,a_over_A5=0.75,0.75,exact,eq20,1,1.1000000000000001,0.82644628099173545,0.75,103,2.0600000000000001,1.5449999999999999,0.72527348761059751,0.68846086901810222,0.02562500019555428,1,ok
CP-011-FIG11-001,n1_over_n5=1.1,1.1,a_over_A5=0.75,0.75,exact,eq20,1,1.1000000000000001,0.82644628099173545,0.75,104,2.0800000000000001,1.5600000000000001,0.72527348761059751,0.68846086901810222,0.024806990562326246,1,ok
CP-011-FIG11-001,n1_over_n5=1.1,1.1,a_over_A5=0.75,0.75,exact,eq20,1,1.1000000000000001,0.82644628099173545,0.75,105,2.1000000000000001,1.5750000000000002,0.72527348761059751,0.68846086901810222,0.024015093700022964,1,ok
CP-011-FIG11-001,n1_over_n5=1.1,1.1,a_over_A5=0.75,0.75,exact,eq20,1,1.1000000000000001,0.82644628099173545,0.75,106,2.1200000000000001,1.5900000000000001,0.72527348761059751,0.68846086901810222,0.023248476028234582,1,ok
CP-011-FIG11-001,n1_over_n5=1.1,1.1,a_over_A5=0.75,0.75,exact,eq20,1,1.1000000000000001,0.82644628099173545,0.75,107,2.1400000000000001,1.605,0.72527348761059751,0.68846086901810222,0.02250633057637752,1,ok
CP-011-FIG11-001,n1_over_n5=1.1,1.1,a_over_A5=0.75,0.75,exact,eq20,1,1.1000000000000001,0.82644628099173545,0.75,108,2.1600000000000001,1.6200000000000001,0.72527348761059751,0.68846086901810222,0.021787876134246986,1,ok
CP-011-FIG11-001,n1_over_n5=1.1,1.1,a_over_A5=0.75,0.75,exact,eq20,1,1.1000000000000001,0.82644628099173545,0.75,109,2.1800000000000002,1.6350000000000002,0.72527348761059751,0.68846086901810222,0.021092356429685745,1,ok
CP-011-FIG11-001,n1_over_n5=1.1,1.1,a_over_A5=0.75,0.75,exact,eq20,1,1.1000000000000001,0.82644628099173545,0.75,110,2.2000000000000002,1.6500000000000001,0.72527348761059751,0.68846086901810222,0.020419039332503629,1,ok
CP-011-FIG11-001,n1_over_n5=1.1,1.1,a_over_A5=0.75,0.75,exact,eq20,1,1.1000000000000001,0.82644628099173545,0.75,111,2.2200000000000002,1.665,0.72527348761059751,0.68846086901810222,0.019767216083809647,1,ok
CP-011-FIG11-001,n1_over_n5=1.1,1.1,a_over_A5=0.75,0.75,exact,eq20,1,1.1000000000000001,0.82644628099173545,0.75,112,2.2400000000000002,1.6800000000000002,0.72527348761059751,0.68846086901810222,0.019136200549945876,1,ok
CP-011-FIG11-001,n1_over_n5=1.1,1.1,a_over_A5=0.75,0.75,exact,eq20,1,1.1000000000000001,0.82644628099173545,0.75,113,2.2600000000000002,1.6950000000000003,0.72527348761059751,0.68846086901810222,0.018525328500237356,1,ok
CP-011-FIG11-001,n1_over_n5=1.1,1.1,a_over_A5=0.75,0.75,exact,eq20,1,1.1000000000000001,0.82644628099173545,0.75,114,2.2800000000000002,1.7100000000000002,0.72527348761059751,0.68846086901810222,0.017933956907797827,1,ok
CP-011-FIG11-001,n1_over_n5=1.1,1.1,a_over_A5=0.75,0.75,exact,eq20,1,1.1000000000000001,0.82644628099173545,0.75,115,2.3000000000000003,1.7250000000000001,0.72527348761059751,0.68846086901810222,0.01736146327265552,1,ok
CP-011-FIG11-001,n1_over_n5=1.1,1.1,a_over_A5=0.75,0.75,exact,eq20,1,1.1000000000000001,0.82644628099173545,0.75,116,2.3199999999999998,1.7399999999999998,0.72527348761059751,0.68846086901810222,0.016807244966486279,1,ok
CP-011-FIG11-001,n1_over_n5=1.1,1.1,a_over_A5=0.75,0.75,exact,eq20,1,1.1000000000000001,0.82644628099173545,0.75,117,2.3399999999999999,1.7549999999999999,0.72527348761059751,0.68846086901810222,0.016270718598264247,1,ok
CP-011-FIG11-001,n1_over_n5=1.1,1.1,a_over_A5=0.75,0.75,exact,eq20,1,1.1000000000000001,0.82644628099173545,0.75,118,2.3599999999999999,1.77,0.72527348761059751,0.68846086901810222,0.015751319400162708,1,ok
CP-011-FIG11-001,n1_over_n5=1.1,1.1,a_over_A5=0.75,0.75,exact,eq20,1,1.1000000000000001,0.82644628099173545,0.75,119,2.3799999999999999,1.7849999999999999,0.72527348761059751,0.68846086901810222,0.015248500633058069,1,ok
CP-011-FIG11-001,n1_over_n5=1.1,1.1,a_over_A5=0.75,0.75,exact,eq20,1,1.1000000000000001,0.82644628099173545,0.75,120,2.3999999999999999,1.7999999999999998,0.72527348761059751,0.68846086901810222,0.014761733011011793,1,ok
CP-011-FIG11-001,n1_over_n5=1.1,1.1,a_over_A5=0.75,0.75,exact,eq20,1,1.1000000000000001,0.82644628099173545,0.75,121,2.4199999999999999,1.8149999999999999,0.72527348761059751,0.68846086901810222,0.014290504144124095,1,ok
CP-011-FIG11-001,n1_over_n5=1.1,1.1,a_over_A5=0.75,0.75,exact,eq20,1,1.1000000000000001,0.82644628099173545,0.75,122,2.4399999999999999,1.8300000000000001,0.72527348761059751,0.68846086901810222,0.013834317999173076,1,ok
CP-011-FIG11-001,n1_over_n5=1.1,1.1,a_over_A5=0.75,0.75,exact,eq20,1,1.1000000000000001,0.82644628099173545,0.75,123,2.46,1.845,0.72527348761059751,0.68846086901810222,0.013392694377471528,1,ok
CP-011-FIG11-001,n1_over_n5=1.1,1.1,a_over_A5=0.75,0.75,exact,eq20,1,1.1000000000000001,0.82644628099173545,0.75,124,2.48,1.8599999999999999,0.72527348761059751,0.68846086901810222,0.012965168409391679,1,ok
CP-011-FIG11-001,n1_over_n5=1.1,1.1,a_over_A5=0.75,0.75,exact,eq20,1,1.1000000000000001,0.82644628099173545,0.75,125,2.5,1.875,0.72527348761059751,0.68846086901810222,0.012551290065026002,1,ok
CP-011-FIG11-001,n1_over_n5=1.1,1.1,a_over_A5=0.75,0.75,exact,eq20,1,1.1000000000000001,0.82644628099173545,0.75,126,2.52,1.8900000000000001,0.72527348761059751,0.68846086901810222,0.012150623680468778,1,ok
CP-011-FIG11-001,n1_over_n5=1.1,1.1,a_over_A5=0.75,0.75,exact,eq20,1,1.1000000000000001,0.82644628099173545,0.75,127,2.54,1.905,0.72527348761059751,0.68846086901810222,0.011762747499219947,1,ok
CP-011-FIG11-001,n1_over_n5=1.1,1.1,a_over_A5=0.75,0.75,exact,eq20,1,1.1000000000000001,0.82644628099173545,0.75,128,2.5600000000000001,1.9199999999999999,0.72527348761059751,0.68846086901810222,0.011387253228228283,1,ok
CP-011-FIG11-001,n1_over_n5=1.1,1.1,a_over_A5=0.75,0.75,exact,eq20,1,1.1000000000000001,0.82644628099173545,0.75,129,2.5800000000000001,1.9350000000000001,0.72527348761059751,0.68846086901810222,0.011023745608106816,1,ok
CP-011-FIG11-001,n1_over_n5=1.1,1.1,a_over_A5=0.75,0.75,exact,eq20,1,1.1000000000000001,0.82644628099173545,0.75,130,2.6000000000000001,1.9500000000000002,0.72527348761059751,0.68846086901810222,0.010671841997067973,1,ok
CP-011-FIG11-001,n1_over_n5=1.1,1.1,a_over_A5=0.75,0.75,exact,eq20,1,1.1000000000000001,0.82644628099173545,0.75,131,2.6200000000000001,1.9650000000000001,0.72527348761059751,0.68846086901810222,0.010331171968140379,1,ok
CP-011-FIG11-001,n1_over_n5=1.1,1.1,a_over_A5=0.75,0.75,exact,eq20,1,1.1000000000000001,0.82644628099173545,0.75,132,2.6400000000000001,1.98,0.72527348761059751,0.68846086901810222,0.010001376919243542,1,ok
CP-011-FIG11-001,n1_over_n5=1.1,1.1,a_over_A5=0.75,0.75,exact,eq20,1,1.1000000000000001,0.82644628099173545,0.75,133,2.6600000000000001,1.9950000000000001,0.72527348761059751,0.68846086901810222,0.0096821096957098174,1,ok
CP-011-FIG11-001,n1_over_n5=1.1,1.1,a_over_A5=0.75,0.75,exact,eq20,1,1.1000000000000001,0.82644628099173545,0.75,134,2.6800000000000002,2.0100000000000002,0.72527348761059751,0.68846086901810222,0.0093730342248563407,1,ok
CP-011-FIG11-001,n1_over_n5=1.1,1.1,a_over_A5=0.75,0.75,exact,eq20,1,1.1000000000000001,0.82644628099173545,0.75,135,2.7000000000000002,2.0250000000000004,0.72527348761059751,0.68846086901810222,0.0090738251622223039,1,ok
CP-011-FIG11-001,n1_over_n5=1.1,1.1,a_over_A5=0.75,0.75,exact,eq20,1,1.1000000000000001,0.82644628099173545,0.75,136,2.7200000000000002,2.04,0.72527348761059751,0.68846086901810222,0.0087841675490991523,1,ok
CP-011-FIG11-001,n1_over_n5=1.1,1.1,a_over_A5=0.75,0.75,exact,eq20,1,1.1000000000000001,0.82644628099173545,0.75,137,2.7400000000000002,2.0550000000000002,0.72527348761059751,0.68846086901810222,0.0085037564809931302,1,ok
CP-011-FIG11-001,n1_over_n5=1.1,1.1,a_over_A5=0.75,0.75,exact,eq20,1,1.1000000000000001,0.82644628099173545,0.75,138,2.7600000000000002,2.0700000000000003,0.72527348761059751,0.68846086901810222,0.0082322967866714659,1,ok
CP-011-FIG11-001,n1_over_n5=1.1,1.1,a_over_A5=0.75,0.75,exact,eq20,1,1.1000000000000001,0.82644628099173545,0.75,139,2.7800000000000002,2.085,0.72527348761059751,0.68846086901810222,0.0079695027174539468,1,ok
CP-011-FIG11-001,n1_over_n5=1.1,1.1,a_over_A5=0.75,0.75,exact,eq20,1,1.1000000000000001,0.82644628099173545,0.75,140,2.8000000000000003,2.1000000000000001,0.72527348761059751,0.68846086901810222,0.0077150976464231439,1,ok
CP-011-FIG11-001,n1_over_n5=1.1,1.1,a_over_A5=0.75,0.75,exact,eq20,1,1.1000000000000001,0.82644628099173545,0.75,141,2.8199999999999998,2.1149999999999998,0.72527348761059751,0.68846086901810222,0.0074688137772365272,1,ok
CP-011-FIG11-001,n1_over_n5=1.1,1.1,a_over_A5=0.75,0.75,exact,eq20,1,1.1000000000000001,0.82644628099173545,0.75,142,2.8399999999999999,2.1299999999999999,0.72527348761059751,0.68846086901810222,0.0072303918622339319,1,ok
CP-011-FIG11-001,n1_over_n5=1.1,1.1,a_over_A5=0.75,0.75,exact,eq20,1,1.1000000000000001,0.82644628099173545,0.75,143,2.8599999999999999,2.145,0.72527348761059751,0.68846086901810222,0.006999580929543784,1,ok
CP-011-FIG11-001,n1_over_n5=1.1,1.1,a_over_A5=0.75,0.75,exact,eq20,1,1.1000000000000001,0.82644628099173545,0.75,144,2.8799999999999999,2.1600000000000001,0.72527348761059751,0.68846086901810222,0.0067761380189006242,1,ok
CP-011-FIG11-001,n1_over_n5=1.1,1.1,a_over_A5=0.75,0.75,exact,eq20,1,1.1000000000000001,0.82644628099173545,0.75,145,2.8999999999999999,2.1749999999999998,0.72527348761059751,0.68846086901810222,0.006559827925896022,1,ok
CP-011-FIG11-001,n1_over_n5=1.1,1.1,a_over_A5=0.75,0.75,exact,eq20,1,1.1000000000000001,0.82644628099173545,0.75,146,2.9199999999999999,2.1899999999999999,0.72527348761059751,0.68846086901810222,0.0063504229543935309,1,ok
CP-011-FIG11-001,n1_over_n5=1.1,1.1,a_over_A5=0.75,0.75,exact,eq20,1,1.1000000000000001,0.82644628099173545,0.75,147,2.9399999999999999,2.2050000000000001,0.72527348761059751,0.68846086901810222,0.0061477026768472463,1,ok
CP-011-FIG11-001,n1_over_n5=1.1,1.1,a_over_A5=0.75,0.75,exact,eq20,1,1.1000000000000001,0.82644628099173545,0.75,148,2.96,2.2199999999999998,0.72527348761059751,0.68846086901810222,0.0059514537022714222,1,ok
CP-011-FIG11-001,n1_over_n5=1.1,1.1,a_over_A5=0.75,0.75,exact,eq20,1,1.1000000000000001,0.82644628099173545,0.75,149,2.98,2.2349999999999999,0.72527348761059751,0.68846086901810222,0.0057614694516171213,1,ok
CP-011-FIG11-001,n1_over_n5=1.1,1.1,a_over_A5=0.75,0.75,exact,eq20,1,1.1000000000000001,0.82644628099173545,0.75,150,3,2.25,0.72527348761059751,0.68846086901810222,0.0055775499403193417,1,ok
CP-011-FIG11-001,n1_over_n5=1.1,1.1,a_over_A5=1,1,exact,eq20,1,1.1000000000000001,0.82644628099173545,1,0,0,0,0.6266189884292741,0.77932576201475157,0.61200663547055856,1,ok
CP-011-FIG11-001,n1_over_n5=1.1,1.1,a_over_A5=1,1,exact,eq20,1,1.1000000000000001,0.82644628099173545,1,1,0.02,0.02,0.6266189884292741,0.77932576201475157,0.58276070232292188,1,ok
CP-011-FIG11-001,n1_over_n5=1.1,1.1,a_over_A5=1,1,exact,eq20,1,1.1000000000000001,0.82644628099173545,1,2,0.040000000000000001,0.040000000000000001,0.6266189884292741,0.77932576201475157,0.5549123432473676,1,ok
CP-011-FIG11-001,n1_over_n5=1.1,1.1,a_over_A5=1,1,exact,eq20,1,1.1000000000000001,0.82644628099173545,1,3,0.059999999999999998,0.059999999999999998,0.6266189884292741,0.77932576201475157,0.52839477243552035,1,ok
CP-011-FIG11-001,n1_over_n5=1.1,1.1,a_over_A5=1,1,exact,eq20,1,1.1000000000000001,0.82644628099173545,1,4,0.080000000000000002,0.080000000000000002,0.6266189884292741,0.77932576201475157,0.5031443955693804,1,ok
CP-011-FIG11-001,n1_over_n5=1.1,1.1,a_over_A5=1,1,exact,eq20,1,1.1000000000000001,0.82644628099173545,1,5,0.10000000000000001,0.10000000000000001,0.6266189884292741,0.77932576201475157,0.4791006573097189,1,ok
CP-011-FIG11-001,n1_over_n5=1.1,1.1,a_over_A5=1,1,exact,eq20,1,1.1000000000000001,0.82644628099173545,1,6,0.12,0.12,0.6266189884292741,0.77932576201475157,0.45620589607253809,1,ok
CP-011-FIG11-001,n1_over_n5=1.1,1.1,a_over_A5=1,1,exact,eq20,1,1.1000000000000001,0.82644628099173545,1,7,0.14000000000000001,0.14000000000000001,0.6266189884292741,0.77932576201475157,0.43440520574532182,1,ok
CP-011-FIG11-001,n1_over_n5=1.1,1.1,a_over_A5=1,1,exact,eq20,1,1.1000000000000001,0.82644628099173545,1,8,0.16,0.16,0.6266189884292741,0.77932576201475157,0.41364630401144642,1,ok
CP-011-FIG11-001,n1_over_n5=1.1,1.1,a_over_A5=1,1,exact,eq20,1,1.1000000000000001,0.82644628099173545,1,9,0.17999999999999999,0.17999999999999999,0.6266189884292741,0.77932576201475157,0.39387940696696544,1,ok
CP-011-FIG11-001,n1_over_n5=1.1,1.1,a_over_A5=1,1,exact,eq20,1,1.1000000000000001,0.82644628099173545,1,10,0.20000000000000001,0.20000000000000001,0.6266189884292741,0.77932576201475157,0.37505710972907735,1,ok
CP-011-FIG11-001,n1_over_n5=1.1,1.1,a_over_A5=1,1,exact,eq20,1,1.1000000000000001,0.82644628099173545,1,11,0.22,0.22,0.6266189884292741,0.77932576201475157,0.35713427274995102,1,ok
CP-011-FIG11-001,n1_over_n5=1.1,1.1,a_over_A5=1,1,exact,eq20,1,1.1000000000000001,0.82644628099173545,1,12,0.23999999999999999,0.23999999999999999,0.6266189884292741,0.77932576201475157,0.34006791356326643,1,ok
CP-011-FIG11-001,n1_over_n5=1.1,1.1,a_over_A5=1,1,exact,eq20,1,1.1000000000000001,0.82644628099173545,1,13,0.26000000000000001,0.26000000000000001,0.6266189884292741,0.77932576201475157,0.32381710370385919,1,ok
CP-011-FIG11-001,n1_over_n5=1.1,1.1,a_over_A5=1,1,exact,eq20,1,1.1000000000000001,0.82644628099173545,1,14,0.28000000000000003,0.28000000000000003,0.6266189884292741,0.77932576201475157,0.30834287055326126,1,ok
CP-011-FIG11-001,n1_over_n5=1.1,1.1,a_over_A5=1,1,exact,eq20,1,1.1000000000000001,0.82644628099173545,1,15,0.29999999999999999,0.29999999999999999,0.6266189884292741,0.77932576201475157,0.29360810387574399,1,ok
CP-011-FIG11-001,n1_over_n5=1.1,1.1,a_over_A5=1,1,exact,eq20,1,1.1000000000000001,0.82644628099173545,1,16,0.32000000000000001,0.32000000000000001,0.6266189884292741,0.77932576201475157,0.27957746682071899,1,ok
CP-011-FIG11-001,n1_over_n5=1.1,1.1,a_over_A5=1,1,exact,eq20,1,1.1000000000000001,0.82644628099173545,1,17,0.34000000000000002,0.34000000000000002,0.6266189884292741,0.77932576201475157,0.26621731117806385,1,ok
CP-011-FIG11-001,n1_over_n5=1.1,1.1,a_over_A5=1,1,exact,eq20,1,1.1000000000000001,0.82644628099173545,1,18,0.35999999999999999,0.35999999999999999,0.6266189884292741,0.77932576201475157,0.25349559668313698,1,ok
CP-011-FIG11-001,n1_over_n5=1.1,1.1,a_over_A5=1,1,exact,eq20,1,1.1000000000000001,0.82644628099173545,1,19,0.38,0.38,0.6266189884292741,0.77932576201475157,0.24138181417796034,1,ok
CP-011-FIG11-001,n1_over_n5=1.1,1.1,a_over_A5=1,1,exact,eq20,1,1.1000000000000001,0.82644628099173545,1,20,0.40000000000000002,0.40000000000000002,0.6266189884292741,0.77932576201475157,0.22984691244429523,1,ok
CP-011-FIG11-001,n1_over_n5=1.1,1.1,a_over_A5=1,1,exact,eq20,1,1.1000000000000001,0.82644628099173545,1,21,0.41999999999999998,0.41999999999999998,0.6266189884292741,0.77932576201475157,0.21886322853314272,1,ok
CP-011-FIG11-001,n1_over_n5=1.1,1.1,a_over_A5=1,1,exact,eq20,1,1.1000000000000001,0.82644628099173545,1,22,0.44,0.44,0.6266189884292741,0.77932576201475157,0.20840442142358459,1,ok
CP-011-FIG11-001,n1_over_n5=1.1,1.1,a_over_A5=1,1,exact,eq20,1,1.1000000000000001,0.82644628099173545,1,23,0.46000000000000002,0.46000000000000002,0.6266189884292741,0.77932576201475157,0.19844540885186673,1,ok
CP-011-FIG11-001,n1_over_n5=1.1,1.1,a_over_A5=1,1,exact,eq20,1,1.1000000000000001,0.82644628099173545,1,24,0.47999999999999998,0.47999999999999998,0.6266189884292741,0.77932576201475157,0.18896230715922779,1,ok
CP-011-FIG11-001,n1_over_n5=1.1,1.1,a_over_A5=1,1,exact,eq20,1,1.1000000000000001,0.82644628099173545,1,25,0.5,0.5,0.6266189884292741,0.77932576201475157,0.17993237401421724,1,ok
CP-011-FIG11-001,n1_over_n5=1.1,1.1,a_over_A5=1,1,exact,eq20,1,1.1000000000000001,0.82644628099173545,1,26,0.52000000000000002,0.52000000000000002,0.6266189884292741,0.77932576201475157,0.17133395387213937,1,ok
CP-011-FIG11-001,n1_over_n5=1.1,1.1,a_over_A5=1,1,exact,eq20,1,1.1000000000000001,0.82644628099173545,1,27,0.54000000000000004,0.54000000000000004,0.6266189884292741,0.77932576201475157,0.16314642604082402,1,ok
CP-011-FIG11-001,n1_over_n5=1.1,1.1,a_over_A5=1,1,exact,eq20,1,1.1000000000000001,0.82644628099173545,1,28,0.56000000000000005,0.56000000000000005,0.6266189884292741,0.77932576201475157,0.15535015522817638,1,ok
CP-011-FIG11-001,n1_over_n5=1.1,1.1,a_over_A5=1,1,exact,eq20,1,1.1000000000000001,0.82644628099173545,1,29,0.57999999999999996,0.57999999999999996,0.6266189884292741,0.77932576201475157,0.14792644445290853,1,ok
CP-011-FIG11-001,n1_over_n5=1.1,1.1,a_over_A5=1,1,exact,eq20,1,1.1000000000000001,0.82644628099173545,1,30,0.59999999999999998,0.59999999999999998,0.6266189884292741,0.77932576201475157,0.14085749020552363,1,ok
CP-011-FIG11-001,n1_over_n5=1.1,1.1,a_over_A5=1,1,exact,eq20,1,1.1000000000000001,0.82644628099173545,1,31,0.62,0.62,0.6266189884292741,0.77932576201475157,0.13412633975202043,1,ok
CP-011-FIG11-001,n1_over_n5=1.1,1.1,a_over_A5=1,1,exact,eq20,1,1.1000000000000001,0.82644628099173545,1,32,0.64000000000000001,0.64000000000000001,0.6266189884292741,0.77932576201475157,0.12771685047792333,1,ok
CP-011-FIG11-001,n1_over_n5=1.1,1.1,a_over_A5=1,1,exact,eq20,1,1.1000000000000001,0.82644628099173545,1,33,0.66000000000000003,0.66000000000000003,0.6266189884292741,0.77932576201475157,0.12161365117513773,1,ok
CP-011-FIG11-001,n1_over_n5=1.1,1.1,a_over_A5=1,1,exact,eq20,1,1.1000000000000001,0.82644628099173545,1,34,0.68000000000000005,0.68000000000000005,0.6266189884292741,0.77932576201475157,0.11580210517878849,1,ok
CP-011-FIG11-001,n1_over_n5=1.1,1.1,a_over_A5=1,1,exact,eq20,1,1.1000000000000001,0.82644628099173545,1,35,0.70000000000000007,0.70000000000000007,0.6266189884292741,0.77932576201475157,0.11026827526563659,1,ok
CP-011-FIG11-001,n1_over_n5=1.1,1.1,a_over_A5=1,1,exact,eq20,1,1.1000000000000001,0.82644628099173545,1,36,0.71999999999999997,0.71999999999999997,0.6266189884292741,0.77932576201475157,0.10499889022989355,1,ok
CP-011-FIG11-001,n1_over_n5=1.1,1.1,a_over_A5=1,1,exact,eq20,1,1.1000000000000001,0.82644628099173545,1,37,0.73999999999999999,0.73999999999999999,0.6266189884292741,0.77932576201475157,0.099981313056276069,1,ok
CP-011-FIG11-001,n1_over_n5=1.1,1.1,a_over_A5=1,1,exact,eq20,1,1.1000000000000001,0.82644628099173545,1,38,0.76000000000000001,0.76000000000000001,0.6266189884292741,0.77932576201475157,0.095203510613973238,1,ok
CP-011-FIG11-001,n1_over_n5=1.1,1.1,a_over_A5=1,1,exact,eq20,1,1.1000000000000001,0.82644628099173545,1,39,0.78000000000000003,0.78000000000000003,0.6266189884292741,0.77932576201475157,0.090654024798846766,1,ok
CP-011-FIG11-001,n1_over_n5=1.1,1.1,a_over_A5=1,1,exact,eq20,1,1.1000000000000001,0.82644628099173545,1,40,0.80000000000000004,0.80000000000000004,0.6266189884292741,0.77932576201475157,0.086321945054657762,1,ok
CP-011-FIG11-001,n1_over_n5=1.1,1.1,a_over_A5=1,1,exact,eq20,1,1.1000000000000001,0.82644628099173545,1,41,0.82000000000000006,0.82000000000000006,0.6266189884292741,0.77932576201475157,0.082196882207420149,1,ok
CP-011-FIG11-001,n1_over_n5=1.1,1.1,a_over_A5=1,1,exact,eq20,1,1.1000000000000001,0.82644628099173545,1,42,0.83999999999999997,0.83999999999999997,0.6266189884292741,0.77932576201475157,0.078268943550130851,1,ok
CP-011-FIG11-001,n1_over_n5=1.1,1.1,a_over_A5=1,1,exact,eq20,1,1.1000000000000001,0.82644628099173545,1,43,0.85999999999999999,0.85999999999999999,0.6266189884292741,0.77932576201475157,0.074528709118124606,1,ok
CP-011-FIG11-001,n1_over_n5=1.1,1.1,a_over_A5=1,1,exact,eq20,1,1.1000000000000001,0.82644628099173545,1,44,0.88,0.88,0.6266189884292741,0.77932576201475157,0.070967209098157596,1,ok
CP-011-FIG11-001,n1_over_n5=1.1,1.1,a_over_A5=1,1,exact,eq20,1,1.1000000000000001,0.82644628099173545,1,45,0.90000000000000002,0.90000000000000002,0.6266189884292741,0.77932576201475157,0.067575902317041983,1,ok
CP-011-FIG11-001,n1_over_n5=1.1,1.1,a_over_A5=1,1,exact,eq20,1,1.1000000000000001,0.82644628099173545,1,46,0.92000000000000004,0.92000000000000004,0.6266189884292741,0.77932576201475157,0.064346655758242999,1,ok
CP-011-FIG11-001,n1_over_n5=1.1,1.1,a_over_A5=1,1,exact,eq20,1,1.1000000000000001,0.82644628099173545,1,47,0.94000000000000006,0.94000000000000006,0.6266189884292741,0.77932576201475157,0.061271725057315825,1,ok
CP-011-FIG11-001,n1_over_n5=1.1,1.1,a_over_A5=1,1,exact,eq20,1,1.1000000000000001,0.82644628099173545,1,48,0.95999999999999996,0.95999999999999996,0.6266189884292741,0.77932576201475157,0.058343735929405748,1,ok
CP-011-FIG11-001,n1_over_n5=1.1,1.1,a_over_A5=1,1,exact,eq20,1,1.1000000000000001,0.82644628099173545,1,49,0.97999999999999998,0.97999999999999998,0.6266189884292741,0.77932576201475157,0.055555666484271668,1,ok
CP-011-FIG11-001,n1_over_n5=1.1,1.1,a_over_A5=1,1,exact,eq20,1,1.1000000000000001,0.82644628099173545,1,50,1,1,0.6266189884292741,0.77932576201475157,0.05290083038642094,1,ok
CP-011-FIG11-001,n1_over_n5=1.1,1.1,a_over_A5=1,1,exact,eq20,1,1.1000000000000001,0.82644628099173545,1,51,1.02,1.02,0.6266189884292741,0.77932576201475157,0.050372860819969785,1,ok
CP-011-FIG11-001,n1_over_n5=1.1,1.1,a_over_A5=1,1,exact,eq20,1,1.1000000000000001,0.82644628099173545,1,52,1.04,1.04,0.6266189884292741,0.77932576201475157,0.047965695219774403,1,ok
CP-011-FIG11-001,n1_over_n5=1.1,1.1,a_over_A5=1,1,exact,eq20,1,1.1000000000000001,0.82644628099173545,1,53,1.0600000000000001,1.0600000000000001,0.6266189884292741,0.77932576201475157,0.045673560732214707,1,ok
CP-011-FIG11-001,n1_over_n5=1.1,1.1,a_over_A5=1,1,exact,eq20,1,1.1000000000000001,0.82644628099173545,1,54,1.0800000000000001,1.0800000000000001,0.6266189884292741,0.77932576201475157,0.043490960370763013,1,ok
CP-011-FIG11-001,n1_over_n5=1.1,1.1,a_over_A5=1,1,exact,eq20,1,1.1000000000000001,0.82644628099173545,1,55,1.1000000000000001,1.1000000000000001,0.6266189884292741,0.77932576201475157,0.041412659833135843,1,ok
CP-011-FIG11-001,n1_over_n5=1.1,1.1,a_over_A5=1,1,exact,eq20,1,1.1000000000000001,0.82644628099173545,1,56,1.1200000000000001,1.1200000000000001,0.6266189884292741,0.77932576201475157,0.039433674948413988,1,ok
CP-011-FIG11-001,n1_over_n5=1.1,1.1,a_over_A5=1,1,exact,eq20,1,1.1000000000000001,0.82644628099173545,1,57,1.1400000000000001,1.1400000000000001,0.6266189884292741,0.77932576201475157,0.03754925972402641,1,ok
CP-011-FIG11-001,n1_over_n5=1.1,1.1,a_over_A5=1,1,exact,eq20,1,1.1000000000000001,0.82644628099173545,1,58,1.1599999999999999,1.1599999999999999,0.6266189884292741,0.77932576201475157,0.035754894963932325,1,ok
CP-011-FIG11-001,n1_over_n5=1.1,1.1,a_over_A5=1,1,exact,eq20,1,1.1000000000000001,0.82644628099173545,1,59,1.1799999999999999,1.1799999999999999,0.6266189884292741,0.77932576201475157,0.034046277430705853,1,ok
CP-011-FIG11-001,n1_over_n5=1.1,1.1,a_over_A5=1,1,exact,eq20,1,1.1000000000000001,0.82644628099173545,1,60,1.2,1.2,0.6266189884292741,0.77932576201475157,0.032419309525531535,1,ok
CP-011-FIG11-001,n1_over_n5=1.1,1.1,a_over_A5=1,1,exact,eq20,1,1.1000000000000001,0.82644628099173545,1,61,1.22,1.22,0.6266189884292741,0.77932576201475157,0.030870089461361428,1,ok
CP-011-FIG11-001,n1_over_n5=1.1,1.1,a_over_A5=1,1,exact,eq20,1,1.1000000000000001,0.82644628099173545,1,62,1.24,1.24,0.6266189884292741,0.77932576201475157,0.029394901905667067,1,ok
CP-011-FIG11-001,n1_over_n5=1.1,1.1,a_over_A5=1,1,exact,eq20,1,1.1000000000000001,0.82644628099173545,1,63,1.26,1.26,0.6266189884292741,0.77932576201475157,0.02799020907034596,1,ok
CP-011-FIG11-001,n1_over_n5=1.1,1.1,a_over_A5=1,1,exact,eq20,1,1.1000000000000001,0.82644628099173545,1,64,1.28,1.28,0.6266189884292741,0.77932576201475157,0.026652642227414074,1,ok
CP-011-FIG11-001,n1_over_n5=1.1,1.1,a_over_A5=1,1,exact,eq20,1,1.1000000000000001,0.82644628099173545,1,65,1.3,1.3,0.6266189884292741,0.77932576201475157,0.025378993630137837,1,ok
CP-011-FIG11-001,n1_over_n5=1.1,1.1,a_over_A5=1,1,exact,eq20,1,1.1000000000000001,0.82644628099173545,1,66,1.3200000000000001,1.3200000000000001,0.6266189884292741,0.77932576201475157,0.024166208820230291,1,ok
CP-011-FIG11-001,n1_over_n5=1.1,1.1,a_over_A5=1,1,exact,eq20,1,1.1000000000000001,0.82644628099173545,1,67,1.3400000000000001,1.3400000000000001,0.6266189884292741,0.77932576201475157,0.023011379302663278,1,ok
CP-011-FIG11-001,n1_over_n5=1.1,1.1,a_over_A5=1,1,exact,eq20,1,1.1000000000000001,0.82644628099173545,1,68,1.3600000000000001,1.3600000000000001,0.6266189884292741,0.77932576201475157,0.021911735570527658,1,ok
CP-011-FIG11-001,n1_over_n5=1.1,1.1,a_over_A5=1,1,exact,eq20,1,1.1000000000000001,0.82644628099173545,1,69,1.3800000000000001,1.3800000000000001,0.6266189884292741,0.77932576201475157,0.020864640463214613,1,ok
CP-011-FIG11-001,n1_over_n5=1.1,1.1,a_over_A5=1,1,exact,eq20,1,1.1000000000000001,0.82644628099173545,1,70,1.4000000000000001,1.4000000000000001,0.6266189884292741,0.77932576201475157,0.019867582841988869,1,ok
CP-011-FIG11-001,n1_over_n5=1.1,1.1,a_over_A5=1,1,exact,eq20,1,1.1000000000000001,0.82644628099173545,1,71,1.4199999999999999,1.4199999999999999,0.6266189884292741,0.77932576201475157,0.01891817156778727,1,ok
CP-011-FIG11-001,n1_over_n5=1.1,1.1,a_over_A5=1,1,exact,eq20,1,1.1000000000000001,0.82644628099173545,1,72,1.4399999999999999,1.4399999999999999,0.6266189884292741,0.77932576201475157,0.018014129766799888,1,ok
CP-011-FIG11-001,n1_over_n5=1.1,1.1,a_over_A5=1,1,exact,eq20,1,1.1000000000000001,0.82644628099173545,1,73,1.46,1.46,0.6266189884292741,0.77932576201475157,0.017153289370081634,1,ok
CP-011-FIG11-001,n1_over_n5=1.1,1.1,a_over_A5=1,1,exact,eq20,1,1.1000000000000001,0.82644628099173545,1,74,1.48,1.48,0.6266189884292741,0.77932576201475157,0.016333585914099068,1,ok
CP-011-FIG11-001,n1_over_n5=1.1,1.1,a_over_A5=1,1,exact,eq20,1,1.1000000000000001,0.82644628099173545,1,75,1.5,1.5,0.6266189884292741,0.77932576201475157,0.015553053589743413,1,ok
CP-011-FIG11-001,n1_over_n5=1.1,1.1,a_over_A5=1,1,exact,eq20,1,1.1000000000000001,0.82644628099173545,1,76,1.52,1.52,0.6266189884292741,0.77932576201475157,0.01480982052793599,1,ok
CP-011-FIG11-001,n1_over_n5=1.1,1.1,a_over_A5=1,1,exact,eq20,1,1.1000000000000001,0.82644628099173545,1,77,1.54,1.54,0.6266189884292741,0.77932576201475157,0.014102104310520313,1,ok
CP-011-FIG11-001,n1_over_n5=1.1,1.1,a_over_A5=1,1,exact,eq20,1,1.1000000000000001,0.82644628099173545,1,78,1.5600000000000001,1.5600000000000001,0.6266189884292741,0.77932576201475157,0.01342820769567501,1,ok
CP-011-FIG11-001,n1_over_n5=1.1,1.1,a_over_A5=1,1,exact,eq20,1,1.1000000000000001,0.82644628099173545,1,79,1.5800000000000001,1.5800000000000001,0.6266189884292741,0.77932576201475157,0.012786514547596085,1,ok
CP-011-FIG11-001,n1_over_n5=1.1,1.1,a_over_A5=1,1,exact,eq20,1,1.1000000000000001,0.82644628099173545,1,80,1.6000000000000001,1.6000000000000001,0.6266189884292741,0.77932576201475157,0.012175485960687463,1,ok
CP-011-FIG11-001,n1_over_n5=1.1,1.1,a_over_A5=1,1,exact,eq20,1,1.1000000000000001,0.82644628099173545,1,81,1.6200000000000001,1.6200000000000001,0.6266189884292741,0.77932576201475157,0.011593656568964491,1,ok
CP-011-FIG11-001,n1_over_n5=1.1,1.1,a_over_A5=1,1,exact,eq20,1,1.1000000000000001,0.82644628099173545,1,82,1.6400000000000001,1.6400000000000001,0.6266189884292741,0.77932576201475157,0.011039631031819956,1,ok
CP-011-FIG11-001,n1_over_n5=1.1,1.1,a_over_A5=1,1,exact,eq20,1,1.1000000000000001,0.82644628099173545,1,83,1.6600000000000001,1.6600000000000001,0.6266189884292741,0.77932576201475157,0.010512080687724521,1,ok
CP-011-FIG11-001,n1_over_n5=1.1,1.1,a_over_A5=1,1,exact,eq20,1,1.1000000000000001,0.82644628099173545,1,84,1.6799999999999999,1.6799999999999999,0.6266189884292741,0.77932576201475157,0.0100097403678367,1,ok
CP-011-FIG11-001,n1_over_n5=1.1,1.1,a_over_A5=1,1,exact,eq20,1,1.1000000000000001,0.82644628099173545,1,85,1.7,1.7,0.6266189884292741,0.77932576201475157,0.0095314053618806484,1,ok
CP-011-FIG11-001,n1_over_n5=1.1,1.1,a_over_A5=1,1,exact,eq20,1,1.1000000000000001,0.82644628099173545,1,86,1.72,1.72,0.6266189884292741,0.77932576201475157,0.0090759285290154968,1,ok
CP-011-FIG11-001,n1_over_n5=1.1,1.1,a_over_A5=1,1,exact,eq20,1,1.1000000000000001,0.82644628099173545,1,87,1.74,1.74,0.6266189884292741,0.77932576201475157,0.008642217546767356,1,ok
CP-011-FIG11-001,n1_over_n5=1.1,1.1,a_over_A5=1,1,exact,eq20,1,1.1000000000000001,0.82644628099173545,1,88,1.76,1.76,0.6266189884292741,0.77932576201475157,0.0082292322914265231,1,ok
CP-011-FIG11-001,n1_over_n5=1.1,1.1,a_over_A5=1,1,exact,eq20,1,1.1000000000000001,0.82644628099173545,1,89,1.78,1.78,0.6266189884292741,0.77932576201475157,0.0078359823436275327,1,ok
CP-011-FIG11-001,n1_over_n5=1.1,1.1,a_over_A5=1,1,exact,eq20,1,1.1000000000000001,0.82644628099173545,1,90,1.8,1.8,0.6266189884292741,0.77932576201475157,0.0074615246131299138,1,ok
CP-011-FIG11-001,n1_over_n5=1.1,1.1,a_over_A5=1,1,exact,eq20,1,1.1000000000000001,0.82644628099173545,1,91,1.8200000000000001,1.8200000000000001,0.6266189884292741,0.77932576201475157,0.0071049610771034399,1,ok
CP-011-FIG11-001,n1_over_n5=1.1,1.1,a_over_A5=1,1,exact,eq20,1,1.1000000000000001,0.82644628099173545,1,92,1.8400000000000001,1.8400000000000001,0.6266189884292741,0.77932576201475157,0.0067654366264939163,1,ok
CP-011-FIG11-001,n1_over_n5=1.1,1.1,a_over_A5=1,1,exact,eq20,1,1.1000000000000001,0.82644628099173545,1,93,1.8600000000000001,1.8600000000000001,0.6266189884292741,0.77932576201475157,0.0064421370153044293,1,ok
CP-011-FIG11-001,n1_over_n5=1.1,1.1,a_over_A5=1,1,exact,eq20,1,1.1000000000000001,0.82644628099173545,1,94,1.8800000000000001,1.8800000000000001,0.6266189884292741,0.77932576201475157,0.0061342869078743938,1,ok
CP-011-FIG11-001,n1_over_n5=1.1,1.1,a_over_A5=1,1,exact,eq20,1,1.1000000000000001,0.82644628099173545,1,95,1.9000000000000001,1.9000000000000001,0.6266189884292741,0.77932576201475157,0.0058411480194729979,1,ok
CP-011-FIG11-001,n1_over_n5=1.1,1.1,a_over_A5=1,1,exact,eq20,1,1.1000000000000001,0.82644628099173545,1,96,1.9199999999999999,1.9199999999999999,0.6266189884292741,0.77932576201475157,0.0055620173457481817,1,ok
CP-011-FIG11-001,n1_over_n5=1.1,1.1,a_over_A5=1,1,exact,eq20,1,1.1000000000000001,0.82644628099173545,1,97,1.9399999999999999,1.9399999999999999,0.6266189884292741,0.77932576201475157,0.0052962254767847357,1,ok
CP-011-FIG11-001,n1_over_n5=1.1,1.1,a_over_A5=1,1,exact,eq20,1,1.1000000000000001,0.82644628099173545,1,98,1.96,1.96,0.6266189884292741,0.77932576201475157,0.0050431349917285399,1,ok
CP-011-FIG11-001,n1_over_n5=1.1,1.1,a_over_A5=1,1,exact,eq20,1,1.1000000000000001,0.82644628099173545,1,99,1.98,1.98,0.6266189884292741,0.77932576201475157,0.0048021389301266901,1,ok
CP-011-FIG11-001,n1_over_n5=1.1,1.1,a_over_A5=1,1,exact,eq20,1,1.1000000000000001,0.82644628099173545,1,100,2,2,0.6266189884292741,0.77932576201475157,0.004572659336317772,1,ok
CP-011-FIG11-001,n1_over_n5=1.1,1.1,a_over_A5=1,1,exact,eq20,1,1.1000000000000001,0.82644628099173545,1,101,2.02,2.02,0.6266189884292741,0.77932576201475157,0.0043541458733811437,1,ok
CP-011-FIG11-001,n1_over_n5=1.1,1.1,a_over_A5=1,1,exact,eq20,1,1.1000000000000001,0.82644628099173545,1,102,2.04,2.04,0.6266189884292741,0.77932576201475157,0.0041460745033214813,1,ok
CP-011-FIG11-001,n1_over_n5=1.1,1.1,a_over_A5=1,1,exact,eq20,1,1.1000000000000001,0.82644628099173545,1,103,2.0600000000000001,2.0600000000000001,0.6266189884292741,0.77932576201475157,0.0039479462303232153,1,ok
CP-011-FIG11-001,n1_over_n5=1.1,1.1,a_over_A5=1,1,exact,eq20,1,1.1000000000000001,0.82644628099173545,1,104,2.0800000000000001,2.0800000000000001,0.6266189884292741,0.77932576201475157,0.0037592859040610311,1,ok
CP-011-FIG11-001,n1_over_n5=1.1,1.1,a_over_A5=1,1,exact,eq20,1,1.1000000000000001,0.82644628099173545,1,105,2.1000000000000001,2.1000000000000001,0.6266189884292741,0.77932576201475157,0.0035796410801965206,1,ok
CP-011-FIG11-001,n1_over_n5=1.1,1.1,a_over_A5=1,1,exact,eq20,1,1.1000000000000001,0.82644628099173545,1,106,2.1200000000000001,2.1200000000000001,0.6266189884292741,0.77932576201475157,0.003408580935328206,1,ok
CP-011-FIG11-001,n1_over_n5=1.1,1.1,a_over_A5=1,1,exact,eq20,1,1.1000000000000001,0.82644628099173545,1,107,2.1400000000000001,2.1400000000000001,0.6266189884292741,0.77932576201475157,0.0032456952337928482,1,ok
CP-011-FIG11-001,n1_over_n5=1.1,1.1,a_over_A5=1,1,exact,eq20,1,1.1000000000000001,0.82644628099173545,1,108,2.1600000000000001,2.1600000000000001,0.6266189884292741,0.77932576201475157,0.0030905933438400931,1,ok
CP-011-FIG11-001,n1_over_n5=1.1,1.1,a_over_A5=1,1,exact,eq20,1,1.1000000000000001,0.82644628099173545,1,109,2.1800000000000002,2.1800000000000002,0.6266189884292741,0.77932576201475157,0.0029429033008212292,1,ok
CP-011-FIG11-001,n1_over_n5=1.1,1.1,a_over_A5=1,1,exact,eq20,1,1.1000000000000001,0.82644628099173545,1,110,2.2000000000000002,2.2000000000000002,0.6266189884292741,0.77932576201475157,0.0028022709151452095,1,ok
CP-011-FIG11-001,n1_over_n5=1.1,1.1,a_over_A5=1,1,exact,eq20,1,1.1000000000000001,0.82644628099173545,1,111,2.2200000000000002,2.2200000000000002,0.6266189884292741,0.77932576201475157,0.0026683589228628239,1,ok
CP-011-FIG11-001,n1_over_n5=1.1,1.1,a_over_A5=1,1,exact,eq20,1,1.1000000000000001,0.82644628099173545,1,112,2.2400000000000002,2.2400000000000002,0.6266189884292741,0.77932576201475157,0.0025408461768417854,1,ok
CP-011-FIG11-001,n1_over_n5=1.1,1.1,a_over_A5=1,1,exact,eq20,1,1.1000000000000001,0.82644628099173545,1,113,2.2600000000000002,2.2600000000000002,0.6266189884292741,0.77932576201475157,0.0024194268765931749,1,ok
CP-011-FIG11-001,n1_over_n5=1.1,1.1,a_over_A5=1,1,exact,eq20,1,1.1000000000000001,0.82644628099173545,1,114,2.2800000000000002,2.2800000000000002,0.6266189884292741,0.77932576201475157,0.0023038098349020581,1,ok
CP-011-FIG11-001,n1_over_n5=1.1,1.1,a_over_A5=1,1,exact,eq20,1,1.1000000000000001,0.82644628099173545,1,115,2.3000000000000003,2.3000000000000003,0.6266189884292741,0.77932576201475157,0.0021937177795036573,1,ok
CP-011-FIG11-001,n1_over_n5=1.1,1.1,a_over_A5=1,1,exact,eq20,1,1.1000000000000001,0.82644628099173545,1,116,2.3199999999999998,2.3199999999999998,0.6266189884292741,0.77932576201475157,0.0020888866881302514,1,ok
CP-011-FIG11-001,n1_over_n5=1.1,1.1,a_over_A5=1,1,exact,eq20,1,1.1000000000000001,0.82644628099173545,1,117,2.3399999999999999,2.3399999999999999,0.6266189884292741,0.77932576201475157,0.0019890651553341686,1,ok
CP-011-FIG11-001,n1_over_n5=1.1,1.1,a_over_A5=1,1,exact,eq20,1,1.1000000000000001,0.82644628099173545,1,118,2.3599999999999999,2.3599999999999999,0.6266189884292741,0.77932576201475157,0.0018940137895683863,1,ok
CP-011-FIG11-001,n1_over_n5=1.1,1.1,a_over_A5=1,1,exact,eq20,1,1.1000000000000001,0.82644628099173545,1,119,2.3799999999999999,2.3799999999999999,0.6266189884292741,0.77932576201475157,0.0018035046390788196,1,ok
CP-011-FIG11-001,n1_over_n5=1.1,1.1,a_over_A5=1,1,exact,eq20,1,1.1000000000000001,0.82644628099173545,1,120,2.3999999999999999,2.3999999999999999,0.6266189884292741,0.77932576201475157,0.0017173206452314356,1,ok
CP-011-FIG11-001,n1_over_n5=1.1,1.1,a_over_A5=1,1,exact,eq20,1,1.1000000000000001,0.82644628099173545,1,121,2.4199999999999999,2.4199999999999999,0.6266189884292741,0.77932576201475157,0.0016352551219632483,1,ok
CP-011-FIG11-001,n1_over_n5=1.1,1.1,a_over_A5=1,1,exact,eq20,1,1.1000000000000001,0.82644628099173545,1,122,2.4399999999999999,2.4399999999999999,0.6266189884292741,0.77932576201475157,0.0015571112601087175,1,ok
CP-011-FIG11-001,n1_over_n5=1.1,1.1,a_over_A5=1,1,exact,eq20,1,1.1000000000000001,0.82644628099173545,1,123,2.46,2.46,0.6266189884292741,0.77932576201475157,0.0014827016554129155,1,ok
CP-011-FIG11-001,n1_over_n5=1.1,1.1,a_over_A5=1,1,exact,eq20,1,1.1000000000000001,0.82644628099173545,1,124,2.48,2.48,0.6266189884292741,0.77932576201475157,0.0014118478590994887,1,ok
CP-011-FIG11-001,n1_over_n5=1.1,1.1,a_over_A5=1,1,exact,eq20,1,1.1000000000000001,0.82644628099173545,1,125,2.5,2.5,0.6266189884292741,0.77932576201475157,0.0013443799499156118,1,ok
CP-011-FIG11-001,n1_over_n5=1.1,1.1,a_over_A5=1,1,exact,eq20,1,1.1000000000000001,0.82644628099173545,1,126,2.52,2.52,0.6266189884292741,0.77932576201475157,0.0012801361266276113,1,ok
CP-011-FIG11-001,n1_over_n5=1.1,1.1,a_over_A5=1,1,exact,eq20,1,1.1000000000000001,0.82644628099173545,1,127,2.54,2.54,0.6266189884292741,0.77932576201475157,0.0012189623199899745,1,ok
CP-011-FIG11-001,n1_over_n5=1.1,1.1,a_over_A5=1,1,exact,eq20,1,1.1000000000000001,0.82644628099173545,1,128,2.5600000000000001,2.5600000000000001,0.6266189884292741,0.77932576201475157,0.0011607118232571986,1,ok
CP-011-FIG11-001,n1_over_n5=1.1,1.1,a_over_A5=1,1,exact,eq20,1,1.1000000000000001,0.82644628099173545,1,129,2.5800000000000001,2.5800000000000001,0.6266189884292741,0.77932576201475157,0.0011052449403523242,1,ok
CP-011-FIG11-001,n1_over_n5=1.1,1.1,a_over_A5=1,1,exact,eq20,1,1.1000000000000001,0.82644628099173545,1,130,2.6000000000000001,2.6000000000000001,0.6266189884292741,0.77932576201475157,0.0010524286508484465,1,ok
CP-011-FIG11-001,n1_over_n5=1.1,1.1,a_over_A5=1,1,exact,eq20,1,1.1000000000000001,0.82644628099173545,1,131,2.6200000000000001,2.6200000000000001,0.6266189884292741,0.77932576201475157,0.0010021362909597245,1,ok
CP-011-FIG11-001,n1_over_n5=1.1,1.1,a_over_A5=1,1,exact,eq20,1,1.1000000000000001,0.82644628099173545,1,132,2.6400000000000001,2.6400000000000001,0.6266189884292741,0.77932576201475157,0.00095424724977687082,1,ok
CP-011-FIG11-001,n1_over_n5=1.1,1.1,a_over_A5=1,1,exact,eq20,1,1.1000000000000001,0.82644628099173545,1,133,2.6600000000000001,2.6600000000000001,0.6266189884292741,0.77932576201475157,0.00090864668001861524,1,ok
CP-011-FIG11-001,n1_over_n5=1.1,1.1,a_over_A5=1,1,exact,eq20,1,1.1000000000000001,0.82644628099173545,1,134,2.6800000000000002,2.6800000000000002,0.6266189884292741,0.77932576201475157,0.00086522522260547177,1,ok
CP-011-FIG11-001,n1_over_n5=1.1,1.1,a_over_A5=1,1,exact,eq20,1,1.1000000000000001,0.82644628099173545,1,135,2.7000000000000002,2.7000000000000002,0.6266189884292741,0.77932576201475157,0.00082387874439529226,1,ok
CP-011-FIG11-001,n1_over_n5=1.1,1.1,a_over_A5=1,1,exact,eq20,1,1.1000000000000001,0.82644628099173545,1,136,2.7200000000000002,2.7200000000000002,0.6266189884292741,0.77932576201475157,0.00078450808845163919,1,ok
CP-011-FIG11-001,n1_over_n5=1.1,1.1,a_over_A5=1,1,exact,eq20,1,1.1000000000000001,0.82644628099173545,1,137,2.7400000000000002,2.7400000000000002,0.6266189884292741,0.77932576201475157,0.00074701883624607175,1,ok
CP-011-FIG11-001,n1_over_n5=1.1,1.1,a_over_A5=1,1,exact,eq20,1,1.1000000000000001,0.82644628099173545,1,138,2.7600000000000002,2.7600000000000002,0.6266189884292741,0.77932576201475157,0.00071132108122405288,1,ok
CP-011-FIG11-001,n1_over_n5=1.1,1.1,a_over_A5=1,1,exact,eq20,1,1.1000000000000001,0.82644628099173545,1,139,2.7800000000000002,2.7800000000000002,0.6266189884292741,0.77932576201475157,0.00067732921319146552,1,ok
CP-011-FIG11-001,n1_over_n5=1.1,1.1,a_over_A5=1,1,exact,eq20,1,1.1000000000000001,0.82644628099173545,1,140,2.8000000000000003,2.8000000000000003,0.6266189884292741,0.77932576201475157,0.00064496171300462821,1,ok
CP-011-FIG11-001,n1_over_n5=1.1,1.1,a_over_A5=1,1,exact,eq20,1,1.1000000000000001,0.82644628099173545,1,141,2.8199999999999998,2.8199999999999998,0.6266189884292741,0.77932576201475157,0.00061414095707145822,1,ok
CP-011-FIG11-001,n1_over_n5=1.1,1.1,a_over_A5=1,1,exact,eq20,1,1.1000000000000001,0.82644628099173545,1,142,2.8399999999999999,2.8399999999999999,0.6266189884292741,0.77932576201475157,0.00058479303119492382,1,ok
CP-011-FIG11-001,n1_over_n5=1.1,1.1,a_over_A5=1,1,exact,eq20,1,1.1000000000000001,0.82644628099173545,1,143,2.8599999999999999,2.8599999999999999,0.6266189884292741,0.77932576201475157,0.00055684755331235044,1,ok
CP-011-FIG11-001,n1_over_n5=1.1,1.1,a_over_A5=1,1,exact,eq20,1,1.1000000000000001,0.82644628099173545,1,144,2.8799999999999999,2.8799999999999999,0.6266189884292741,0.77932576201475157,0.00053023750470548078,1,ok
CP-011-FIG11-001,n1_over_n5=1.1,1.1,a_over_A5=1,1,exact,eq20,1,1.1000000000000001,0.82644628099173545,1,145,2.8999999999999999,2.8999999999999999,0.6266189884292741,0.77932576201475157,0.00050489906927648782,1,ok
CP-011-FIG11-001,n1_over_n5=1.1,1.1,a_over_A5=1,1,exact,eq20,1,1.1000000000000001,0.82644628099173545,1,146,2.9199999999999999,2.9199999999999999,0.6266189884292741,0.77932576201475157,0.00048077148050449563,1,ok
CP-011-FIG11-001,n1_over_n5=1.1,1.1,a_over_A5=1,1,exact,eq20,1,1.1000000000000001,0.82644628099173545,1,147,2.9399999999999999,2.9399999999999999,0.6266189884292741,0.77932576201475157,0.00045779687571558892,1,ok
CP-011-FIG11-001,n1_over_n5=1.1,1.1,a_over_A5=1,1,exact,eq20,1,1.1000000000000001,0.82644628099173545,1,148,2.96,2.96,0.6266189884292741,0.77932576201475157,0.00043592015731680673,1,ok
CP-011-FIG11-001,n1_over_n5=1.1,1.1,a_over_A5=1,1,exact,eq20,1,1.1000000000000001,0.82644628099173545,1,149,2.98,2.98,0.6266189884292741,0.77932576201475157,0.0004150888606613513,1,ok
CP-011-FIG11-001,n1_over_n5=1.1,1.1,a_over_A5=1,1,exact,eq20,1,1.1000000000000001,0.82644628099173545,1,150,3,3,0.6266189884292741,0.77932576201475157,0.00039525302822810213,1,ok
CP-011-FIG11-001,n1_over_n5=1.1,1.1,a_over_A5=1.5,1.5,exact,eq20,1,1.1000000000000001,0.82644628099173545,1.5,0,0,0,0.48448851967626438,0.87479761905363118,0.41068096056647335,1,ok
CP-011-FIG11-001,n1_over_n5=1.1,1.1,a_over_A5=1.5,1.5,exact,eq20,1,1.1000000000000001,0.82644628099173545,1.5,1,0.02,0.029999999999999999,0.48448851967626438,0.87479761905363118,0.37817949151420599,1,ok
CP-011-FIG11-001,n1_over_n5=1.1,1.1,a_over_A5=1.5,1.5,exact,eq20,1,1.1000000000000001,0.82644628099173545,1.5,2,0.040000000000000001,0.059999999999999998,0.48448851967626438,0.87479761905363118,0.34825020279651858,1,ok
CP-011-FIG11-001,n1_over_n5=1.1,1.1,a_over_A5=1.5,1.5,exact,eq20,1,1.1000000000000001,0.82644628099173545,1.5,3,0.059999999999999998,0.089999999999999997,0.48448851967626438,0.87479761905363118,0.32068953094792718,1,ok
CP-011-FIG11-001,n1_over_n5=1.1,1.1,a_over_A5=1.5,1.5,exact,eq20,1,1.1000000000000001,0.82644628099173545,1.5,4,0.080000000000000002,0.12,0.48448851967626438,0.87479761905363118,0.29531002260375316,1,ok
CP-011-FIG11-001,n1_over_n5=1.1,1.1,a_over_A5=1.5,1.5,exact,eq20,1,1.1000000000000001,0.82644628099173545,1.5,5,0.10000000000000001,0.15000000000000002,0.48448851967626438,0.87479761905363118,0.27193905953976977,1,ok
CP-011-FIG11-001,n1_over_n5=1.1,1.1,a_over_A5=1.5,1.5,exact,eq20,1,1.1000000000000001,0.82644628099173545,1.5,6,0.12,0.17999999999999999,0.48448851967626438,0.87479761905363118,0.25041768461276265,1,ok
CP-011-FIG11-001,n1_over_n5=1.1,1.1,a_over_A5=1.5,1.5,exact,eq20,1,1.1000000000000001,0.82644628099173545,1.5,7,0.14000000000000001,0.21000000000000002,0.48448851967626438,0.87479761905363118,0.23059952061666283,1,ok
CP-011-FIG11-001,n1_over_n5=1.1,1.1,a_over_A5=1.5,1.5,exact,eq20,1,1.1000000000000001,0.82644628099173545,1.5,8,0.16,0.23999999999999999,0.48448851967626438,0.87479761905363118,0.21234977470087424,1,ok
CP-011-FIG11-001,n1_over_n5=1.1,1.1,a_over_A5=1.5,1.5,exact,eq20,1,1.1000000000000001,0.82644628099173545,1.5,9,0.17999999999999999,0.27000000000000002,0.48448851967626438,0.87479761905363118,0.19554432157936458,1,ok
CP-011-FIG11-001,n1_over_n5=1.1,1.1,a_over_A5=1.5,1.5,exact,eq20,1,1.1000000000000001,0.82644628099173545,1.5,10,0.20000000000000001,0.30000000000000004,0.48448851967626438,0.87479761905363118,0.18006885929498717,1,ok
CP-011-FIG11-001,n1_over_n5=1.1,1.1,a_over_A5=1.5,1.5,exact,eq20,1,1.1000000000000001,0.82644628099173545,1.5,11,0.22,0.33000000000000002,0.48448851967626438,0.87479761905363118,0.16581813179697885,1,ok
CP-011-FIG11-001,n1_over_n5=1.1,1.1,a_over_A5=1.5,1.5,exact,eq20,1,1.1000000000000001,0.82644628099173545,1.5,12,0.23999999999999999,0.35999999999999999,0.48448851967626438,0.87479761905363118,0.15269521304401182,1,ok
CP-011-FIG11-001,n1_over_n5=1.1,1.1,a_over_A5=1.5,1.5,exact,eq20,1,1.1000000000000001,0.82644628099173545,1.5,13,0.26000000000000001,0.39000000000000001,0.48448851967626438,0.87479761905363118,0.1406108477636398,1,ok
CP-011-FIG11-001,n1_over_n5=1.1,1.1,a_over_A5=1.5,1.5,exact,eq20,1,1.1000000000000001,0.82644628099173545,1.5,14,0.28000000000000003,0.42000000000000004,0.48448851967626438,0.87479761905363118,0.12948284438432728,1,ok
CP-011-FIG11-001,n1_over_n5=1.1,1.1,a_over_A5=1.5,1.5,exact,eq20,1,1.1000000000000001,0.82644628099173545,1.5,15,0.29999999999999999,0.44999999999999996,0.48448851967626438,0.87479761905363118,0.11923551601110076,1,ok
CP-011-FIG11-001,n1_over_n5=1.1,1.1,a_over_A5=1.5,1.5,exact,eq20,1,1.1000000000000001,0.82644628099173545,1.5,16,0.32000000000000001,0.47999999999999998,0.48448851967626438,0.87479761905363118,0.10979916564262863,1,ok
CP-011-FIG11-001,n1_over_n5=1.1,1.1,a_over_A5=1.5,1.5,exact,eq20,1,1.1000000000000001,0.82644628099173545,1.5,17,0.34000000000000002,0.51000000000000001,0.48448851967626438,0.87479761905363118,0.10110961212844508,1,ok
CP-011-FIG11-001,n1_over_n5=1.1,1.1,a_over_A5=1.5,1.5,exact,eq20,1,1.1000000000000001,0.82644628099173545,1.5,18,0.35999999999999999,0.54000000000000004,0.48448851967626438,0.87479761905363118,0.093107753642123772,1,ok
CP-011-FIG11-001,n1_over_n5=1.1,1.1,a_over_A5=1.5,1.5,exact,eq20,1,1.1000000000000001,0.82644628099173545,1.5,19,0.38,0.57000000000000006,0.48448851967626438,0.87479761905363118,0.085739165701374062,1,ok
CP-011-FIG11-001,n1_over_n5=1.1,1.1,a_over_A5=1.5,1.5,exact,eq20,1,1.1000000000000001,0.82644628099173545,1.5,20,0.40000000000000002,0.60000000000000009,0.48448851967626438,0.87479761905363118,0.078953731001000629,1,ok
CP-011-FIG11-001,n1_over_n5=1.1,1.1,a_over_A5=1.5,1.5,exact,eq20,1,1.1000000000000001,0.82644628099173545,1.5,21,0.41999999999999998,0.63,0.48448851967626438,0.87479761905363118,0.072705298541043184,1,ok
CP-011-FIG11-001,n1_over_n5=1.1,1.1,a_over_A5=1.5,1.5,exact,eq20,1,1.1000000000000001,0.82644628099173545,1.5,22,0.44,0.66000000000000003,0.48448851967626438,0.87479761905363118,0.066951369731662463,1,ok
CP-011-FIG11-001,n1_over_n5=1.1,1.1,a_over_A5=1.5,1.5,exact,eq20,1,1.1000000000000001,0.82644628099173545,1.5,23,0.46000000000000002,0.69000000000000006,0.48448851967626438,0.87479761905363118,0.061652809339821937,1,ok
CP-011-FIG11-001,n1_over_n5=1.1,1.1,a_over_A5=1.5,1.5,exact,eq20,1,1.1000000000000001,0.82644628099173545,1.5,24,0.47999999999999998,0.71999999999999997,0.48448851967626438,0.87479761905363118,0.056773579311773868,1,ok
CP-011-FIG11-001,n1_over_n5=1.1,1.1,a_over_A5=1.5,1.5,exact,eq20,1,1.1000000000000001,0.82644628099173545,1.5,25,0.5,0.75,0.48448851967626438,0.87479761905363118,0.052280493660949313,1,ok
CP-011-FIG11-001,n1_over_n5=1.1,1.1,a_over_A5=1.5,1.5,exact,eq20,1,1.1000000000000001,0.82644628099173545,1.5,26,0.52000000000000002,0.78000000000000003,0.48448851967626438,0.87479761905363118,0.048142992754126618,1,ok
CP-011-FIG11-001,n1_over_n5=1.1,1.1,a_over_A5=1.5,1.5,exact,eq20,1,1.1000000000000001,0.82644628099173545,1.5,27,0.54000000000000004,0.81000000000000005,0.48448851967626438,0.87479761905363118,0.04433293546069015,1,ok
CP-011-FIG11-001,n1_over_n5=1.1,1.1,a_over_A5=1.5,1.5,exact,eq20,1,1.1000000000000001,0.82644628099173545,1.5,28,0.56000000000000005,0.84000000000000008,0.48448851967626438,0.87479761905363118,0.040824407751286977,1,ok
CP-011-FIG11-001,n1_over_n5=1.1,1.1,a_over_A5=1.5,1.5,exact,eq20,1,1.1000000000000001,0.82644628099173545,1.5,29,0.57999999999999996,0.86999999999999988,0.48448851967626438,0.87479761905363118,0.037593546444068364,1,ok
CP-011-FIG11-001,n1_over_n5=1.1,1.1,a_over_A5=1.5,1.5,exact,eq20,1,1.1000000000000001,0.82644628099173545,1.5,30,0.59999999999999998,0.89999999999999991,0.48448851967626438,0.87479761905363118,0.034618376899730331,1,ok
CP-011-FIG11-001,n1_over_n5=1.1,1.1,a_over_A5=1.5,1.5,exact,eq20,1,1.1000000000000001,0.82644628099173545,1.5,31,0.62,0.92999999999999994,0.48448851967626438,0.87479761905363118,0.031878663561438862,1,ok
CP-011-FIG11-001,n1_over_n5=1.1,1.1,a_over_A5=1.5,1.5,exact,eq20,1,1.1000000000000001,0.82644628099173545,1.5,32,0.64000000000000001,0.95999999999999996,0.48448851967626438,0.87479761905363118,0.029355772323090255,1,ok
CP-011-FIG11-001,n1_over_n5=1.1,1.1,a_over_A5=1.5,1.5,exact,eq20,1,1.1000000000000001,0.82644628099173545,1.5,33,0.66000000000000003,0.98999999999999999,0.48448851967626438,0.87479761905363118,0.027032543789806695,1,ok
CP-011-FIG11-001,n1_over_n5=1.1,1.1,a_over_A5=1.5,1.5,exact,eq20,1,1.1000000000000001,0.82644628099173545,1.5,34,0.68000000000000005,1.02,0.48448851967626438,0.87479761905363118,0.024893176568651455,1,ok
CP-011-FIG11-001,n1_over_n5=1.1,1.1,a_over_A5=1.5,1.5,exact,eq20,1,1.1000000000000001,0.82644628099173545,1.5,35,0.70000000000000007,1.05,0.48448851967626438,0.87479761905363118,0.022923119795767052,1,ok
CP-011-FIG11-001,n1_over_n5=1.1,1.1,a_over_A5=1.5,1.5,exact,eq20,1,1.1000000000000001,0.82644628099173545,1.5,36,0.71999999999999997,1.0800000000000001,0.48448851967626438,0.87479761905363118,0.021108974168962548,1,ok
CP-011-FIG11-001,n1_over_n5=1.1,1.1,a_over_A5=1.5,1.5,exact,eq20,1,1.1000000000000001,0.82644628099173545,1.5,37,0.73999999999999999,1.1099999999999999,0.48448851967626438,0.87479761905363118,0.019438400812624552,1,ok
CP-011-FIG11-001,n1_over_n5=1.1,1.1,a_over_A5=1.5,1.5,exact,eq20,1,1.1000000000000001,0.82644628099173545,1.5,38,0.76000000000000001,1.1400000000000001,0.48448851967626438,0.87479761905363118,0.01790003735509867,1,ok
CP-011-FIG11-001,n1_over_n5=1.1,1.1,a_over_A5=1.5,1.5,exact,eq20,1,1.1000000000000001,0.82644628099173545,1.5,39,0.78000000000000003,1.1699999999999999,0.48448851967626438,0.87479761905363118,0.016483420647743434,1,ok
CP-011-FIG11-001,n1_over_n5=1.1,1.1,a_over_A5=1.5,1.5,exact,eq20,1,1.1000000000000001,0.82644628099173545,1.5,40,0.80000000000000004,1.2000000000000002,0.48448851967626438,0.87479761905363118,0.015178915600031513,1,ok
CP-011-FIG11-001,n1_over_n5=1.1,1.1,a_over_A5=1.5,1.5,exact,eq20,1,1.1000000000000001,0.82644628099173545,1.5,41,0.82000000000000006,1.23,0.48448851967626438,0.87479761905363118,0.013977649646672214,1,ok
CP-011-FIG11-001,n1_over_n5=1.1,1.1,a_over_A5=1.5,1.5,exact,eq20,1,1.1000000000000001,0.82644628099173545,1.5,42,0.83999999999999997,1.26,0.48448851967626438,0.87479761905363118,0.01287145240103384,1,ok
CP-011-FIG11-001,n1_over_n5=1.1,1.1,a_over_A5=1.5,1.5,exact,eq20,1,1.1000000000000001,0.82644628099173545,1.5,43,0.85999999999999999,1.29,0.48448851967626438,0.87479761905363118,0.011852800084420733,1,ok
CP-011-FIG11-001,n1_over_n5=1.1,1.1,a_over_A5=1.5,1.5,exact,eq20,1,1.1000000000000001,0.82644628099173545,1.5,44,0.88,1.3200000000000001,0.48448851967626438,0.87479761905363118,0.010914764353241128,1,ok
CP-011-FIG11-001,n1_over_n5=1.1,1.1,a_over_A5=1.5,1.5,exact,eq20,1,1.1000000000000001,0.82644628099173545,1.5,45,0.90000000000000002,1.3500000000000001,0.48448851967626438,0.87479761905363118,0.010050965176015244,1,ok
CP-011-FIG11-001,n1_over_n5=1.1,1.1,a_over_A5=1.5,1.5,exact,eq20,1,1.1000000000000001,0.82644628099173545,1.5,46,0.92000000000000004,1.3800000000000001,0.48448851967626438,0.87479761905363118,0.0092555274397172569,1,ok
CP-011-FIG11-001,n1_over_n5=1.1,1.1,a_over_A5=1.5,1.5,exact,eq20,1,1.1000000000000001,0.82644628099173545,1.5,47,0.94000000000000006,1.4100000000000001,0.48448851967626438,0.87479761905363118,0.0085230409903102825,1,ok
CP-011-FIG11-001,n1_over_n5=1.1,1.1,a_over_A5=1.5,1.5,exact,eq20,1,1.1000000000000001,0.82644628099173545,1.5,48,0.95999999999999996,1.4399999999999999,0.48448851967626438,0.87479761905363118,0.0078485238356906014,1,ok
CP-011-FIG11-001,n1_over_n5=1.1,1.1,a_over_A5=1.5,1.5,exact,eq20,1,1.1000000000000001,0.82644628099173545,1.5,49,0.97999999999999998,1.47,0.48448851967626438,0.87479761905363118,0.0072273882607668894,1,ok
CP-011-FIG11-001,n1_over_n5=1.1,1.1,a_over_A5=1.5,1.5,exact,eq20,1,1.1000000000000001,0.82644628099173545,1.5,50,1,1.5,0.48448851967626438,0.87479761905363118,0.0066554096242067056,1,ok
CP-011-FIG11-001,n1_over_n5=1.1,1.1,a_over_A5=1.5,1.5,exact,eq20,1,1.1000000000000001,0.82644628099173545,1.5,51,1.02,1.53,0.48448851967626438,0.87479761905363118,0.0061286976246220431,1,ok
CP-011-FIG11-001,n1_over_n5=1.1,1.1,a_over_A5=1.5,1.5,exact,eq20,1,1.1000000000000001,0.82644628099173545,1.5,52,1.04,1.5600000000000001,0.48448851967626438,0.87479761905363118,0.0056436698407613048,1,ok
CP-011-FIG11-001,n1_over_n5=1.1,1.1,a_over_A5=1.5,1.5,exact,eq20,1,1.1000000000000001,0.82644628099173545,1.5,53,1.0600000000000001,1.5900000000000001,0.48448851967626438,0.87479761905363118,0.0051970273657419921,1,ok
CP-011-FIG11-001,n1_over_n5=1.1,1.1,a_over_A5=1.5,1.5,exact,eq20,1,1.1000000000000001,0.82644628099173545,1.5,54,1.0800000000000001,1.6200000000000001,0.48448851967626438,0.87479761905363118,0.0047857323696007918,1,ok
CP-011-FIG11-001,n1_over_n5=1.1,1.1,a_over_A5=1.5,1.5,exact,eq20,1,1.1000000000000001,0.82644628099173545,1.5,55,1.1000000000000001,1.6500000000000001,0.48448851967626438,0.87479761905363118,0.0044069874375531407,1,ok
CP-011-FIG11-001,n1_over_n5=1.1,1.1,a_over_A5=1.5,1.5,exact,eq20,1,1.1000000000000001,0.82644628099173545,1.5,56,1.1200000000000001,1.6800000000000002,0.48448851967626438,0.87479761905363118,0.0040582165434318376,1,ok
CP-011-FIG11-001,n1_over_n5=1.1,1.1,a_over_A5=1.5,1.5,exact,eq20,1,1.1000000000000001,0.82644628099173545,1.5,57,1.1400000000000001,1.7100000000000002,0.48448851967626438,0.87479761905363118,0.0037370475288960388,1,ok
CP-011-FIG11-001,n1_over_n5=1.1,1.1,a_over_A5=1.5,1.5,exact,eq20,1,1.1000000000000001,0.82644628099173545,1.5,58,1.1599999999999999,1.7399999999999998,0.48448851967626438,0.87479761905363118,0.0034412959692431875,1,ok
CP-011-FIG11-001,n1_over_n5=1.1,1.1,a_over_A5=1.5,1.5,exact,eq20,1,1.1000000000000001,0.82644628099173545,1.5,59,1.1799999999999999,1.77,0.48448851967626438,0.87479761905363118,0.0031689503160875756,1,ok
CP-011-FIG11-001,n1_over_n5=1.1,1.1,a_over_A5=1.5,1.5,exact,eq20,1,1.1000000000000001,0.82644628099173545,1.5,60,1.2,1.7999999999999998,0.48448851967626438,0.87479761905363118,0.002918158215853795,1,ok
CP-011-FIG11-001,n1_over_n5=1.1,1.1,a_over_A5=1.5,1.5,exact,eq20,1,1.1000000000000001,0.82644628099173545,1.5,61,1.22,1.8300000000000001,0.48448851967626438,0.87479761905363118,0.0026872139110304836,1,ok
CP-011-FIG11-001,n1_over_n5=1.1,1.1,a_over_A5=1.5,1.5,exact,eq20,1,1.1000000000000001,0.82644628099173545,1.5,62,1.24,1.8599999999999999,0.48448851967626438,0.87479761905363118,0.0024745466384943808,1,ok
CP-011-FIG11-001,n1_over_n5=1.1,1.1,a_over_A5=1.5,1.5,exact,eq20,1,1.1000000000000001,0.82644628099173545,1.5,63,1.26,1.8900000000000001,0.48448851967626438,0.87479761905363118,0.0022787099459959477,1,ok
CP-011-FIG11-001,n1_over_n5=1.1,1.1,a_over_A5=1.5,1.5,exact,eq20,1,1.1000000000000001,0.82644628099173545,1.5,64,1.28,1.9199999999999999,0.48448851967626438,0.87479761905363118,0.0020983718541430318,1,ok
CP-011-FIG11-001,n1_over_n5=1.1,1.1,a_over_A5=1.5,1.5,exact,eq20,1,1.1000000000000001,0.82644628099173545,1.5,65,1.3,1.9500000000000002,0.48448851967626438,0.87479761905363118,0.0019323057969693363,1,ok
CP-011-FIG11-001,n1_over_n5=1.1,1.1,a_over_A5=1.5,1.5,exact,eq20,1,1.1000000000000001,0.82644628099173545,1.5,66,1.3200000000000001,1.98,0.48448851967626438,0.87479761905363118,0.0017793822794702826,1,ok
CP-011-FIG11-001,n1_over_n5=1.1,1.1,a_over_A5=1.5,1.5,exact,eq20,1,1.1000000000000001,0.82644628099173545,1.5,67,1.3400000000000001,2.0100000000000002,0.48448851967626438,0.87479761905363118,0.0016385611953650321,1,ok
CP-011-FIG11-001,n1_over_n5=1.1,1.1,a_over_A5=1.5,1.5,exact,eq20,1,1.1000000000000001,0.82644628099173545,1.5,68,1.3600000000000001,2.04,0.48448851967626438,0.87479761905363118,0.0015088847528342071,1,ok
CP-011-FIG11-001,n1_over_n5=1.1,1.1,a_over_A5=1.5,1.5,exact,eq20,1,1.1000000000000001,0.82644628099173545,1.5,69,1.3800000000000001,2.0700000000000003,0.48448851967626438,0.87479761905363118,0.0013894709601177517,1,ok
CP-011-FIG11-001,n1_over_n5=1.1,1.1,a_over_A5=1.5,1.5,exact,eq20,1,1.1000000000000001,0.82644628099173545,1.5,70,1.4000000000000001,2.1000000000000001,0.48448851967626438,0.87479761905363118,0.0012795076266654299,1,ok
CP-011-FIG11-001,n1_over_n5=1.1,1.1,a_over_A5=1.5,1.5,exact,eq20,1,1.1000000000000001,0.82644628099173545,1.5,71,1.4199999999999999,2.1299999999999999,0.48448851967626438,0.87479761905363118,0.0011782468390388386,1,ok
CP-011-FIG11-001,n1_over_n5=1.1,1.1,a_over_A5=1.5,1.5,exact,eq20,1,1.1000000000000001,0.82644628099173545,1.5,72,1.4399999999999999,2.1600000000000001,0.48448851967626438,0.87479761905363118,0.0010849998739929519,1,ok
CP-011-FIG11-001,n1_over_n5=1.1,1.1,a_over_A5=1.5,1.5,exact,eq20,1,1.1000000000000001,0.82644628099173545,1.5,73,1.46,2.1899999999999999,0.48448851967626438,0.87479761905363118,0.00099913251413859109,1,ok
CP-011-FIG11-001,n1_over_n5=1.1,1.1,a_over_A5=1.5,1.5,exact,eq20,1,1.1000000000000001,0.82644628099173545,1.5,74,1.48,2.2199999999999998,0.48448851967626438,0.87479761905363118,0.0009200607343253824,1,ok
CP-011-FIG11-001,n1_over_n5=1.1,1.1,a_over_A5=1.5,1.5,exact,eq20,1,1.1000000000000001,0.82644628099173545,1.5,75,1.5,2.25,0.48448851967626438,0.87479761905363118,0.00084724672940624597,1,ok
CP-011-FIG11-001,n1_over_n5=1.1,1.1,a_over_A5=1.5,1.5,exact,eq20,1,1.1000000000000001,0.82644628099173545,1.5,76,1.52,2.2800000000000002,0.48448851967626438,0.87479761905363118,0.00078019525636632391,1,ok
CP-011-FIG11-001,n1_over_n5=1.1,1.1,a_over_A5=1.5,1.5,exact,eq20,1,1.1000000000000001,0.82644628099173545,1.5,77,1.54,2.3100000000000001,0.48448851967626438,0.87479761905363118,0.00071845026593740614,1,ok
CP-011-FIG11-001,n1_over_n5=1.1,1.1,a_over_A5=1.5,1.5,exact,eq20,1,1.1000000000000001,0.82644628099173545,1.5,78,1.5600000000000001,2.3399999999999999,0.48448851967626438,0.87479761905363118,0.0006615918007878437,1,ok
CP-011-FIG11-001,n1_over_n5=1.1,1.1,a_over_A5=1.5,1.5,exact,eq20,1,1.1000000000000001,0.82644628099173545,1.5,79,1.5800000000000001,2.3700000000000001,0.48448851967626438,0.87479761905363118,0.00060923313919106453,1,ok
CP-011-FIG11-001,n1_over_n5=1.1,1.1,a_over_A5=1.5,1.5,exact,eq20,1,1.1000000000000001,0.82644628099173545,1.5,80,1.6000000000000001,2.4000000000000004,0.48448851967626438,0.87479761905363118,0.00056101816474539803,1,ok
CP-011-FIG11-001,n1_over_n5=1.1,1.1,a_over_A5=1.5,1.5,exact,eq20,1,1.1000000000000001,0.82644628099173545,1.5,81,1.6200000000000001,2.4300000000000002,0.48448851967626438,0.87479761905363118,0.00051661894425540677,1,ok
CP-011-FIG11-001,n1_over_n5=1.1,1.1,a_over_A5=1.5,1.5,exact,eq20,1,1.1000000000000001,0.82644628099173545,1.5,82,1.6400000000000001,2.46,0.48448851967626438,0.87479761905363118,0.0004757334973007404,1,ok
CP-011-FIG11-001,n1_over_n5=1.1,1.1,a_over_A5=1.5,1.5,exact,eq20,1,1.1000000000000001,0.82644628099173545,1.5,83,1.6600000000000001,2.4900000000000002,0.48448851967626438,0.87479761905363118,0.00043808374232227843,1,ok
CP-011-FIG11-001,n1_over_n5=1.1,1.1,a_over_A5=1.5,1.5,exact,eq20,1,1.1000000000000001,0.82644628099173545,1.5,84,1.6799999999999999,2.52,0.48448851967626438,0.87479761905363118,0.00040341360525590663,1,ok
CP-011-FIG11-001,n1_over_n5=1.1,1.1,a_over_A5=1.5,1.5,exact,eq20,1,1.1000000000000001,0.82644628099173545,1.5,85,1.7,2.5499999999999998,0.48448851967626438,0.87479761905363118,0.00037148727784982739,1,ok
CP-011-FIG11-001,n1_over_n5=1.1,1.1,a_over_A5=1.5,1.5,exact,eq20,1,1.1000000000000001,0.82644628099173545,1.5,86,1.72,2.5800000000000001,0.48448851967626438,0.87479761905363118,0.0003420876138194004,1,ok
CP-011-FIG11-001,n1_over_n5=1.1,1.1,a_over_A5=1.5,1.5,exact,eq20,1,1.1000000000000001,0.82644628099173545,1.5,87,1.74,2.6099999999999999,0.48448851967626438,0.87479761905363118,0.00031501465193098187,1,ok
CP-011-FIG11-001,n1_over_n5=1.1,1.1,a_over_A5=1.5,1.5,exact,eq20,1,1.1000000000000001,0.82644628099173545,1.5,88,1.76,2.6400000000000001,0.48448851967626438,0.87479761905363118,0.0002900842559695443,1,ok
CP-011-FIG11-001,n1_over_n5=1.1,1.1,a_over_A5=1.5,1.5,exact,eq20,1,1.1000000000000001,0.82644628099173545,1.5,89,1.78,2.6699999999999999,0.48448851967626438,0.87479761905363118,0.00026712686233985351,1,ok
CP-011-FIG11-001,n1_over_n5=1.1,1.1,a_over_A5=1.5,1.5,exact,eq20,1,1.1000000000000001,0.82644628099173545,1.5,90,1.8,2.7000000000000002,0.48448851967626438,0.87479761905363118,0.00024598632678302513,1,ok
CP-011-FIG11-001,n1_over_n5=1.1,1.1,a_over_A5=1.5,1.5,exact,eq20,1,1.1000000000000001,0.82644628099173545,1.5,91,1.8200000000000001,2.73,0.48448851967626438,0.87479761905363118,0.00022651886236443696,1,ok
CP-011-FIG11-001,n1_over_n5=1.1,1.1,a_over_A5=1.5,1.5,exact,eq20,1,1.1000000000000001,0.82644628099173545,1.5,92,1.8400000000000001,2.7600000000000002,0.48448851967626438,0.87479761905363118,0.00020859206150973558,1,ok
CP-011-FIG11-001,n1_over_n5=1.1,1.1,a_over_A5=1.5,1.5,exact,eq20,1,1.1000000000000001,0.82644628099173545,1.5,93,1.8600000000000001,2.79,0.48448851967626438,0.87479761905363118,0.00019208399543733747,1,ok
CP-011-FIG11-001,n1_over_n5=1.1,1.1,a_over_A5=1.5,1.5,exact,eq20,1,1.1000000000000001,0.82644628099173545,1.5,94,1.8800000000000001,2.8200000000000003,0.48448851967626438,0.87479761905363118,0.00017688238486223009,1,ok
CP-011-FIG11-001,n1_over_n5=1.1,1.1,a_over_A5=1.5,1.5,exact,eq20,1,1.1000000000000001,0.82644628099173545,1.5,95,1.9000000000000001,2.8500000000000001,0.48448851967626438,0.87479761905363118,0.00016288383633063702,1,ok
CP-011-FIG11-001,n1_over_n5=1.1,1.1,a_over_A5=1.5,1.5,exact,eq20,1,1.1000000000000001,0.82644628099173545,1.5,96,1.9199999999999999,2.8799999999999999,0.48448851967626438,0.87479761905363118,0.00014999313899148476,1,ok
CP-011-FIG11-001,n1_over_n5=1.1,1.1,a_over_A5=1.5,1.5,exact,eq20,1,1.1000000000000001,0.82644628099173545,1.5,97,1.9399999999999999,2.9100000000000001,0.48448851967626438,0.87479761905363118,0.00013812261702168173,1,ok
CP-011-FIG11-001,n1_over_n5=1.1,1.1,a_over_A5=1.5,1.5,exact,eq20,1,1.1000000000000001,0.82644628099173545,1.5,98,1.96,2.9399999999999999,0.48448851967626438,0.87479761905363118,0.00012719153330074137,1,ok
CP-011-FIG11-001,n1_over_n5=1.1,1.1,a_over_A5=1.5,1.5,exact,eq20,1,1.1000000000000001,0.82644628099173545,1.5,99,1.98,2.9699999999999998,0.48448851967626438,0.87479761905363118,0.00011712554027885302,1,ok
CP-011-FIG11-001,n1_over_n5=1.1,1.1,a_over_A5=1.5,1.5,exact,eq20,1,1.1000000000000001,0.82644628099173545,1.5,100,2,3,0.48448851967626438,0.87479761905363118,0.00010785617430349241,1,ok
CP-011-FIG11-001,n1_over_n5=1.1,1.1,a_over_A5=1.5,1.5,exact,eq20,1,1.1000000000000001,0.82644628099173545,1.5,101,2.02,3.0300000000000002,0.48448851967626438,0.87479761905363118,9.932038996524196e-05,1,ok
CP-011-FIG11-001,n1_over_n5=1.1,1.1,a_over_A5=1.5,1.5,exact,eq20,1,1.1000000000000001,0.82644628099173545,1.5,102,2.04,3.0600000000000001,0.48448851967626438,0.87479761905363118,9.146013129568546e-05,1,ok
CP-011-FIG11-001,n1_over_n5=1.1,1.1,a_over_A5=1.5,1.5,exact,eq20,1,1.1000000000000001,0.82644628099173545,1.5,103,2.0600000000000001,3.0899999999999999,0.48448851967626438,0.87479761905363118,8.4221936900886251e-05,1,ok
CP-011-FIG11-001,n1_over_n5=1.1,1.1,a_over_A5=1.5,1.5,exact,eq20,1,1.1000000000000001,0.82644628099173545,1.5,104,2.0800000000000001,3.1200000000000001,0.48448851967626438,0.87479761905363118,7.75565763447738e-05,1,ok
CP-011-FIG11-001,n1_over_n5=1.1,1.1,a_over_A5=1.5,1.5,exact,eq20,1,1.1000000000000001,0.82644628099173545,1.5,105,2.1000000000000001,3.1500000000000004,0.48448851967626438,0.87479761905363118,7.1418715309305846e-05,1,ok
CP-011-FIG11-001,n1_over_n5=1.1,1.1,a_over_A5=1.5,1.5,exact,eq20,1,1.1000000000000001,0.82644628099173545,1.5,106,2.1200000000000001,3.1800000000000002,0.48448851967626438,0.87479761905363118,6.5766607254001038e-05,1,ok
CP-011-FIG11-001,n1_over_n5=1.1,1.1,a_over_A5=1.5,1.5,exact,eq20,1,1.1000000000000001,0.82644628099173545,1.5,107,2.1400000000000001,3.21,0.48448851967626438,0.87479761905363118,6.0561809477668338e-05,1,ok
CP-011-FIG11-001,n1_over_n5=1.1,1.1,a_over_A5=1.5,1.5,exact,eq20,1,1.1000000000000001,0.82644628099173545,1.5,108,2.1600000000000001,3.2400000000000002,0.48448851967626438,0.87479761905363118,5.5768921651135719e-05,1,ok
CP-011-FIG11-001,n1_over_n5=1.1,1.1,a_over_A5=1.5,1.5,exact,eq20,1,1.1000000000000001,0.82644628099173545,1.5,109,2.1800000000000002,3.2700000000000005,0.48448851967626438,0.87479761905363118,5.1355345042610801e-05,1,ok
CP-011-FIG11-001,n1_over_n5=1.1,1.1,a_over_A5=1.5,1.5,exact,eq20,1,1.1000000000000001,0.82644628099173545,1.5,110,2.2000000000000002,3.3000000000000003,0.48448851967626438,0.87479761905363118,4.7291060798051298e-05,1,ok
CP-011-FIG11-001,n1_over_n5=1.1,1.1,a_over_A5=1.5,1.5,exact,eq20,1,1.1000000000000001,0.82644628099173545,1.5,111,2.2200000000000002,3.3300000000000001,0.48448851967626438,0.87479761905363118,4.3548425768522188e-05,1,ok
CP-011-FIG11-001,n1_over_n5=1.1,1.1,a_over_A5=1.5,1.5,exact,eq20,1,1.1000000000000001,0.82644628099173545,1.5,112,2.2400000000000002,3.3600000000000003,0.48448851967626438,0.87479761905363118,4.0101984495865467e-05,1,ok
CP-011-FIG11-001,n1_over_n5=1.1,1.1,a_over_A5=1.5,1.5,exact,eq20,1,1.1000000000000001,0.82644628099173545,1.5,113,2.2600000000000002,3.3900000000000006,0.48448851967626438,0.87479761905363118,3.692829607790452e-05,1,ok
CP-011-FIG11-001,n1_over_n5=1.1,1.1,a_over_A5=1.5,1.5,exact,eq20,1,1.1000000000000001,0.82644628099173545,1.5,114,2.2800000000000002,3.4200000000000004,0.48448851967626438,0.87479761905363118,3.4005774735611375e-05,1,ok
CP-011-FIG11-001,n1_over_n5=1.1,1.1,a_over_A5=1.5,1.5,exact,eq20,1,1.1000000000000001,0.82644628099173545,1.5,115,2.3000000000000003,3.4500000000000002,0.48448851967626438,0.87479761905363118,3.1314542997857201e-05,1,ok
CP-011-FIG11-001,n1_over_n5=1.1,1.1,a_over_A5=1.5,1.5,exact,eq20,1,1.1000000000000001,0.82644628099173545,1.5,116,2.3199999999999998,3.4799999999999995,0.48448851967626438,0.87479761905363118,2.8836296505185957e-05,1,ok
CP-011-FIG11-001,n1_over_n5=1.1,1.1,a_over_A5=1.5,1.5,exact,eq20,1,1.1000000000000001,0.82644628099173545,1.5,117,2.3399999999999999,3.5099999999999998,0.48448851967626438,0.87479761905363118,2.6554179513074707e-05,1,ok
CP-011-FIG11-001,n1_over_n5=1.1,1.1,a_over_A5=1.5,1.5,exact,eq20,1,1.1000000000000001,0.82644628099173545,1.5,118,2.3599999999999999,3.54,0.48448851967626438,0.87479761905363118,2.4452670247921307e-05,1,ok
CP-011-FIG11-001,n1_over_n5=1.1,1.1,a_over_A5=1.5,1.5,exact,eq20,1,1.1000000000000001,0.82644628099173545,1.5,119,2.3799999999999999,3.5699999999999998,0.48448851967626438,0.87479761905363118,2.2517475336007522e-05,1,ok
CP-011-FIG11-001,n1_over_n5=1.1,1.1,a_over_A5=1.5,1.5,exact,eq20,1,1.1000000000000001,0.82644628099173545,1.5,120,2.3999999999999999,3.5999999999999996,0.48448851967626438,0.87479761905363118,2.0735432587400533e-05,1,ok
CP-011-FIG11-001,n1_over_n5=1.1,1.1,a_over_A5=1.5,1.5,exact,eq20,1,1.1000000000000001,0.82644628099173545,1.5,121,2.4199999999999999,3.6299999999999999,0.48448851967626438,0.87479761905363118,1.9094421473578278e-05,1,ok
CP-011-FIG11-001,n1_over_n5=1.1,1.1,a_over_A5=1.5,1.5,exact,eq20,1,1.1000000000000001,0.82644628099173545,1.5,122,2.4399999999999999,3.6600000000000001,0.48448851967626438,0.87479761905363118,1.7583280689894383e-05,1,ok
CP-011-FIG11-001,n1_over_n5=1.1,1.1,a_over_A5=1.5,1.5,exact,eq20,1,1.1000000000000001,0.82644628099173545,1.5,123,2.46,3.6899999999999999,0.48448851967626438,0.87479761905363118,1.6191732242185358e-05,1,ok
CP-011-FIG11-001,n1_over_n5=1.1,1.1,a_over_A5=1.5,1.5,exact,eq20,1,1.1000000000000001,0.82644628099173545,1.5,124,2.48,3.7199999999999998,0.48448851967626438,0.87479761905363118,1.4910311541196223e-05,1,ok
CP-011-FIG11-001,n1_over_n5=1.1,1.1,a_over_A5=1.5,1.5,exact,eq20,1,1.1000000000000001,0.82644628099173545,1.5,125,2.5,3.75,0.48448851967626438,0.87479761905363118,1.3730303029364053e-05,1,ok
CP-011-FIG11-001,n1_over_n5=1.1,1.1,a_over_A5=1.5,1.5,exact,eq20,1,1.1000000000000001,0.82644628099173545,1.5,126,2.52,3.7800000000000002,0.48448851967626438,0.87479761905363118,1.2643680902125452e-05,1,ok
CP-011-FIG11-001,n1_over_n5=1.1,1.1,a_over_A5=1.5,1.5,exact,eq20,1,1.1000000000000001,0.82644628099173545,1.5,127,2.54,3.8100000000000001,0.48448851967626438,0.87479761905363118,1.1643054520565559e-05,1,ok
CP-011-FIG11-001,n1_over_n5=1.1,1.1,a_over_A5=1.5,1.5,exact,eq20,1,1.1000000000000001,0.82644628099173545,1.5,128,2.5600000000000001,3.8399999999999999,0.48448851967626438,0.87479761905363118,1.0721618144133474e-05,1,ok
CP-011-FIG11-001,n1_over_n5=1.1,1.1,a_over_A5=1.5,1.5,exact,eq20,1,1.1000000000000001,0.82644628099173545,1.5,129,2.5800000000000001,3.8700000000000001,0.48448851967626438,0.87479761905363118,9.8731046415324929e-06,1,ok
CP-011-FIG11-001,n1_over_n5=1.1,1.1,a_over_A5=1.5,1.5,exact,eq20,1,1.1000000000000001,0.82644628099173545,1.5,130,2.6000000000000001,3.9000000000000004,0.48448851967626438,0.87479761905363118,9.091742864950621e-06,1,ok
CP-011-FIG11-001,n1_over_n5=1.1,1.1,a_over_A5=1.5,1.5,exact,eq20,1,1.1000000000000001,0.82644628099173545,1.5,131,2.6200000000000001,3.9300000000000002,0.48448851967626438,0.87479761905363118,8.372218397712667e-06,1,ok
CP-011-FIG11-001,n1_over_n5=1.1,1.1,a_over_A5=1.5,1.5,exact,eq20,1,1.1000000000000001,0.82644628099173545,1.5,132,2.6400000000000001,3.96,0.48448851967626438,0.87479761905363118,7.7096374083803534e-06,1,ok
CP-011-FIG11-001,n1_over_n5=1.1,1.1,a_over_A5=1.5,1.5,exact,eq20,1,1.1000000000000001,0.82644628099173545,1.5,133,2.6600000000000001,3.9900000000000002,0.48448851967626438,0.87479761905363118,7.0994933654545635e-06,1,ok
CP-011-FIG11-001,n1_over_n5=1.1,1.1,a_over_A5=1.5,1.5,exact,eq20,1,1.1000000000000001,0.82644628099173545,1.5,134,2.6800000000000002,4.0200000000000005,0.48448851967626438,0.87479761905363118,6.5376363862904344e-06,1,ok
CP-011-FIG11-001,n1_over_n5=1.1,1.1,a_over_A5=1.5,1.5,exact,eq20,1,1.1000000000000001,0.82644628099173545,1.5,135,2.7000000000000002,4.0500000000000007,0.48448851967626438,0.87479761905363118,6.0202450117526187e-06,1,ok
CP-011-FIG11-001,n1_over_n5=1.1,1.1,a_over_A5=1.5,1.5,exact,eq20,1,1.1000000000000001,0.82644628099173545,1.5,136,2.7200000000000002,4.0800000000000001,0.48448851967626438,0.87479761905363118,5.5438002146365176e-06,1,ok
CP-011-FIG11-001,n1_over_n5=1.1,1.1,a_over_A5=1.5,1.5,exact,eq20,1,1.1000000000000001,0.82644628099173545,1.5,137,2.7400000000000002,4.1100000000000003,0.48448851967626438,0.87479761905363118,5.105061465074244e-06,1,ok
CP-011-FIG11-001,n1_over_n5=1.1,1.1,a_over_A5=1.5,1.5,exact,eq20,1,1.1000000000000001,0.82644628099173545,1.5,138,2.7600000000000002,4.1400000000000006,0.48448851967626438,0.87479761905363118,4.701044690134965e-06,1,ok
CP-011-FIG11-001,n1_over_n5=1.1,1.1,a_over_A5=1.5,1.5,exact,eq20,1,1.1000000000000001,0.82644628099173545,1.5,139,2.7800000000000002,4.1699999999999999,0.48448851967626438,0.87479761905363118,4.3290019777116926e-06,1,ok
CP-011-FIG11-001,n1_over_n5=1.1,1.1,a_over_A5=1.5,1.5,exact,eq20,1,1.1000000000000001,0.82644628099173545,1.5,140,2.8000000000000003,4.2000000000000002,0.48448851967626438,0.87479761905363118,3.9864028866515015e-06,1,ok
CP-011-FIG11-001,n1_over_n5=1.1,1.1,a_over_A5=1.5,1.5,exact,eq20,1,1.1000000000000001,0.82644628099173545,1.5,141,2.8199999999999998,4.2299999999999995,0.48448851967626438,0.87479761905363118,3.6709172360100523e-06,1,ok
CP-011-FIG11-001,n1_over_n5=1.1,1.1,a_over_A5=1.5,1.5,exact,eq20,1,1.1000000000000001,0.82644628099173545,1.5,142,2.8399999999999999,4.2599999999999998,0.48448851967626438,0.87479761905363118,3.3803992563719264e-06,1,ok
CP-011-FIG11-001,n1_over_n5=1.1,1.1,a_over_A5=1.5,1.5,exact,eq20,1,1.1000000000000001,0.82644628099173545,1.5,143,2.8599999999999999,4.29,0.48448851967626438,0.87479761905363118,3.1128729954424335e-06,1,ok
CP-011-FIG11-001,n1_over_n5=1.1,1.1,a_over_A5=1.5,1.5,exact,eq20,1,1.1000000000000001,0.82644628099173545,1.5,144,2.8799999999999999,4.3200000000000003,0.48448851967626438,0.87479761905363118,2.8665188786471011e-06,1,ok
CP-011-FIG11-001,n1_over_n5=1.1,1.1,a_over_A5=1.5,1.5,exact,eq20,1,1.1000000000000001,0.82644628099173545,1.5,145,2.8999999999999999,4.3499999999999996,0.48448851967626438,0.87479761905363118,2.6396613333311964e-06,1,ok
CP-011-FIG11-001,n1_over_n5=1.1,1.1,a_over_A5=1.5,1.5,exact,eq20,1,1.1000000000000001,0.82644628099173545,1.5,146,2.9199999999999999,4.3799999999999999,0.48448851967626438,0.87479761905363118,2.4307573923854234e-06,1,ok
CP-011-FIG11-001,n1_over_n5=1.1,1.1,a_over_A5=1.5,1.5,exact,eq20,1,1.1000000000000001,0.82644628099173545,1.5,147,2.9399999999999999,4.4100000000000001,0.48448851967626438,0.87479761905363118,2.2383861997856714e-06,1,ok
CP-011-FIG11-001,n1_over_n5=1.1,1.1,a_over_A5=1.5,1.5,exact,eq20,1,1.1000000000000001,0.82644628099173545,1.5,148,2.96,4.4399999999999995,0.48448851967626438,0.87479761905363118,2.0612393466688219e-06,1,ok
CP-011-FIG11-001,n1_over_n5=1.1,1.1,a_over_A5=1.5,1.5,exact,eq20,1,1.1000000000000001,0.82644628099173545,1.5,149,2.98,4.4699999999999998,0.48448851967626438,0.87479761905363118,1.8981119722157561e-06,1,ok
CP-011-FIG11-001,n1_over_n5=1.1,1.1,a_over_A5=1.5,1.5,exact,eq20,1,1.1000000000000001,0.82644628099173545,1.5,150,3,4.5,0.48448851967626438,0.87479761905363118,1.7478945688143051e-06,1,ok
CP-011-FIG11-001,n1_over_n5=1.1,1.1,a_over_A5=2,2,exact,eq20,1,1.1000000000000001,0.82644628099173545,2,0,0,0,0.39217179496357601,0.91989199541850941,0.28295641691543771,1,ok
CP-011-FIG11-001,n1_over_n5=1.1,1.1,a_over_A5=2,2,exact,eq20,1,1.1000000000000001,0.82644628099173545,2,1,0.02,0.040000000000000001,0.39217179496357601,0.91989199541850941,0.25206723174183798,1,ok
CP-011-FIG11-001,n1_over_n5=1.1,1.1,a_over_A5=2,2,exact,eq20,1,1.1000000000000001,0.82644628099173545,2,2,0.040000000000000001,0.080000000000000002,0.39217179496357601,0.91989199541850941,0.22455009153223027,1,ok
CP-011-FIG11-001,n1_over_n5=1.1,1.1,a_over_A5=2,2,exact,eq20,1,1.1000000000000001,0.82644628099173545,2,3,0.059999999999999998,0.12,0.39217179496357601,0.91989199541850941,0.20003688404359882,1,ok
CP-011-FIG11-001,n1_over_n5=1.1,1.1,a_over_A5=2,2,exact,eq20,1,1.1000000000000001,0.82644628099173545,2,4,0.080000000000000002,0.16,0.39217179496357601,0.91989199541850941,0.17819968232846956,1,ok
CP-011-FIG11-001,n1_over_n5=1.1,1.1,a_over_A5=2,2,exact,eq20,1,1.1000000000000001,0.82644628099173545,2,5,0.10000000000000001,0.20000000000000001,0.39217179496357601,0.91989199541850941,0.15874635787191282,1,ok
CP-011-FIG11-001,n1_over_n5=1.1,1.1,a_over_A5=2,2,exact,eq20,1,1.1000000000000001,0.82644628099173545,2,6,0.12,0.23999999999999999,0.39217179496357601,0.91989199541850941,0.1414166726242887,1,ok
CP-011-FIG11-001,n1_over_n5=1.1,1.1,a_over_A5=2,2,exact,eq20,1,1.1000000000000001,0.82644628099173545,2,7,0.14000000000000001,0.28000000000000003,0.39217179496357601,0.91989199541850941,0.12597879765066175,1,ok
CP-011-FIG11-001,n1_over_n5=1.1,1.1,a_over_A5=2,2,exact,eq20,1,1.1000000000000001,0.82644628099173545,2,8,0.16,0.32000000000000001,0.39217179496357601,0.91989199541850941,0.11222621182490296,1,ok
CP-011-FIG11-001,n1_over_n5=1.1,1.1,a_over_A5=2,2,exact,eq20,1,1.1000000000000001,0.82644628099173545,2,9,0.17999999999999999,0.35999999999999999,0.39217179496357601,0.91989199541850941,0.099974939080567038,1,ok
CP-011-FIG11-001,n1_over_n5=1.1,1.1,a_over_A5=2,2,exact,eq20,1,1.1000000000000001,0.82644628099173545,2,10,0.20000000000000001,0.40000000000000002,0.39217179496357601,0.91989199541850941,0.089061087259698482,1,ok
CP-011-FIG11-001,n1_over_n5=1.1,1.1,a_over_A5=2,2,exact,eq20,1,1.1000000000000001,0.82644628099173545,2,11,0.22,0.44,0.39217179496357601,0.91989199541850941,0.079338655635364269,1,ok
CP-011-FIG11-001,n1_over_n5=1.1,1.1,a_over_A5=2,2,exact,eq20,1,1.1000000000000001,0.82644628099173545,2,12,0.23999999999999999,0.47999999999999998,0.39217179496357601,0.91989199541850941,0.070677581777910004,1,ok
CP-011-FIG11-001,n1_over_n5=1.1,1.1,a_over_A5=2,2,exact,eq20,1,1.1000000000000001,0.82644628099173545,2,13,0.26000000000000001,0.52000000000000002,0.39217179496357601,0.91989199541850941,0.062962001636772749,1,ok
CP-011-FIG11-001,n1_over_n5=1.1,1.1,a_over_A5=2,2,exact,eq20,1,1.1000000000000001,0.82644628099173545,2,14,0.28000000000000003,0.56000000000000005,0.39217179496357601,0.91989199541850941,0.056088699561987192,1,ok
CP-011-FIG11-001,n1_over_n5=1.1,1.1,a_over_A5=2,2,exact,eq20,1,1.1000000000000001,0.82644628099173545,2,15,0.29999999999999999,0.59999999999999998,0.39217179496357601,0.91989199541850941,0.049965727530452059,1,ok
CP-011-FIG11-001,n1_over_n5=1.1,1.1,a_over_A5=2,2,exact,eq20,1,1.1000000000000001,0.82644628099173545,2,16,0.32000000000000001,0.64000000000000001,0.39217179496357601,0.91989199541850941,0.044511175105570955,1,ok
CP-011-FIG11-001,n1_over_n5=1.1,1.1,a_over_A5=2,2,exact,eq20,1,1.1000000000000001,0.82644628099173545,2,17,0.34000000000000002,0.68000000000000005,0.39217179496357601,0.91989199541850941,0.039652073675327006,1,ok
CP-011-FIG11-001,n1_over_n5=1.1,1.1,a_over_A5=2,2,exact,eq20,1,1.1000000000000001,0.82644628099173545,2,18,0.35999999999999999,0.71999999999999997,0.39217179496357601,0.91989199541850941,0.035323420310167837,1,ok
CP-011-FIG11-001,n1_over_n5=1.1,1.1,a_over_A5=2,2,exact,eq20,1,1.1000000000000001,0.82644628099173545,2,19,0.38,0.76000000000000001,0.39217179496357601,0.91989199541850941,0.031467308182299918,1,ok
CP-011-FIG11-001,n1_over_n5=1.1,1.1,a_over_A5=2,2,exact,eq20,1,1.1000000000000001,0.82644628099173545,2,20,0.40000000000000002,0.80000000000000004,0.39217179496357601,0.91989199541850941,0.028032151913522745,1,ok
CP-011-FIG11-001,n1_over_n5=1.1,1.1,a_over_A5=2,2,exact,eq20,1,1.1000000000000001,0.82644628099173545,2,21,0.41999999999999998,0.83999999999999997,0.39217179496357601,0.91989199541850941,0.024971997488645176,1,ok
CP-011-FIG11-001,n1_over_n5=1.1,1.1,a_over_A5=2,2,exact,eq20,1,1.1000000000000001,0.82644628099173545,2,22,0.44,0.88,0.39217179496357601,0.91989199541850941,0.022245907502808401,1,ok
CP-011-FIG11-001,n1_over_n5=1.1,1.1,a_over_A5=2,2,exact,eq20,1,1.1000000000000001,0.82644628099173545,2,23,0.46000000000000002,0.92000000000000004,0.39217179496357601,0.91989199541850941,0.01981741351882365,1,ok
CP-011-FIG11-001,n1_over_n5=1.1,1.1,a_over_A5=2,2,exact,eq20,1,1.1000000000000001,0.82644628099173545,2,24,0.47999999999999998,0.95999999999999996,0.39217179496357601,0.91989199541850941,0.017654028208400802,1,ok
CP-011-FIG11-001,n1_over_n5=1.1,1.1,a_over_A5=2,2,exact,eq20,1,1.1000000000000001,0.82644628099173545,2,25,0.5,1,0.39217179496357601,0.91989199541850941,0.015726810750907285,1,ok
CP-011-FIG11-001,n1_over_n5=1.1,1.1,a_over_A5=2,2,exact,eq20,1,1.1000000000000001,0.82644628099173545,2,26,0.52000000000000002,1.04,0.39217179496357601,0.91989199541850941,0.014009979675752293,1,ok
CP-011-FIG11-001,n1_over_n5=1.1,1.1,a_over_A5=2,2,exact,eq20,1,1.1000000000000001,0.82644628099173545,2,27,0.54000000000000004,1.0800000000000001,0.39217179496357601,0.91989199541850941,0.012480567969171302,1,ok
CP-011-FIG11-001,n1_over_n5=1.1,1.1,a_over_A5=2,2,exact,eq20,1,1.1000000000000001,0.82644628099173545,2,28,0.56000000000000005,1.1200000000000001,0.39217179496357601,0.91989199541850941,0.011118115831580648,1,ok
CP-011-FIG11-001,n1_over_n5=1.1,1.1,a_over_A5=2,2,exact,eq20,1,1.1000000000000001,0.82644628099173545,2,29,0.57999999999999996,1.1599999999999999,0.39217179496357601,0.91989199541850941,0.0099043969753447123,1,ok
CP-011-FIG11-001,n1_over_n5=1.1,1.1,a_over_A5=2,2,exact,eq20,1,1.1000000000000001,0.82644628099173545,2,30,0.59999999999999998,1.2,0.39217179496357601,0.91989199541850941,0.0088231748014871211,1,ok
CP-011-FIG11-001,n1_over_n5=1.1,1.1,a_over_A5=2,2,exact,eq20,1,1.1000000000000001,0.82644628099173545,2,31,0.62,1.24,0.39217179496357601,0.91989199541850941,0.0078599851935849778,1,ok
CP-011-FIG11-001,n1_over_n5=1.1,1.1,a_over_A5=2,2,exact,eq20,1,1.1000000000000001,0.82644628099173545,2,32,0.64000000000000001,1.28,0.39217179496357601,0.91989199541850941,0.0070019430231578724,1,ok
CP-011-FIG11-001,n1_over_n5=1.1,1.1,a_over_A5=2,2,exact,eq20,1,1.1000000000000001,0.82644628099173545,2,33,0.66000000000000003,1.3200000000000001,0.39217179496357601,0.91989199541850941,0.0062375697780656589,1,ok
CP-011-FIG11-001,n1_over_n5=1.1,1.1,a_over_A5=2,2,exact,eq20,1,1.1000000000000001,0.82644628099173545,2,34,0.68000000000000005,1.3600000000000001,0.39217179496357601,0.91989199541850941,0.0055566400080032229,1,ok
CP-011-FIG11-001,n1_over_n5=1.1,1.1,a_over_A5=2,2,exact,eq20,1,1.1000000000000001,0.82644628099173545,2,35,0.70000000000000007,1.4000000000000001,0.39217179496357601,0.91989199541850941,0.0049500445329073613,1,ok
CP-011-FIG11-001,n1_over_n5=1.1,1.1,a_over_A5=2,2,exact,eq20,1,1.1000000000000001,0.82644628099173545,2,36,0.71999999999999997,1.4399999999999999,0.39217179496357601,0.91989199541850941,0.0044096685843377408,1,ok
CP-011-FIG11-001,n1_over_n5=1.1,1.1,a_over_A5=2,2,exact,eq20,1,1.1000000000000001,0.82644628099173545,2,37,0.73999999999999999,1.48,0.39217179496357601,0.91989199541850941,0.0039282832496608418,1,ok
CP-011-FIG11-001,n1_over_n5=1.1,1.1,a_over_A5=2,2,exact,eq20,1,1.1000000000000001,0.82644628099173545,2,38,0.76000000000000001,1.52,0.39217179496357601,0.91989199541850941,0.0034994487668246134,1,ok
CP-011-FIG11-001,n1_over_n5=1.1,1.1,a_over_A5=2,2,exact,eq20,1,1.1000000000000001,0.82644628099173545,2,39,0.78000000000000003,1.5600000000000001,0.39217179496357601,0.91989199541850941,0.0031174283760438122,1,ok
CP-011-FIG11-001,n1_over_n5=1.1,1.1,a_over_A5=2,2,exact,eq20,1,1.1000000000000001,0.82644628099173545,2,40,0.80000000000000004,1.6000000000000001,0.39217179496357601,0.91989199541850941,0.0027771115759415905,1,ok
CP-011-FIG11-001,n1_over_n5=1.1,1.1,a_over_A5=2,2,exact,eq20,1,1.1000000000000001,0.82644628099173545,2,41,0.82000000000000006,1.6400000000000001,0.39217179496357601,0.91989199541850941,0.0024739457575016308,1,ok
CP-011-FIG11-001,n1_over_n5=1.1,1.1,a_over_A5=2,2,exact,eq20,1,1.1000000000000001,0.82644628099173545,2,42,0.83999999999999997,1.6799999999999999,0.39217179496357601,0.91989199541850941,0.0022038753012597894,1,ok
CP-011-FIG11-001,n1_over_n5=1.1,1.1,a_over_A5=2,2,exact,eq20,1,1.1000000000000001,0.82644628099173545,2,43,0.85999999999999999,1.72,0.39217179496357601,0.91989199541850941,0.0019632873230041796,1,ok
CP-011-FIG11-001,n1_over_n5=1.1,1.1,a_over_A5=2,2,exact,eq20,1,1.1000000000000001,0.82644628099173545,2,44,0.88,1.76,0.39217179496357601,0.91989199541850941,0.0017489633421934497,1,ok
CP-011-FIG11-001,n1_over_n5=1.1,1.1,a_over_A5=2,2,exact,eq20,1,1.1000000000000001,0.82644628099173545,2,45,0.90000000000000002,1.8,0.39217179496357601,0.91989199541850941,0.0015580362265345156,1,ok
CP-011-FIG11-001,n1_over_n5=1.1,1.1,a_over_A5=2,2,exact,eq20,1,1.1000000000000001,0.82644628099173545,2,46,0.92000000000000004,1.8400000000000001,0.39217179496357601,0.91989199541850941,0.0013879518367431929,1,ok
CP-011-FIG11-001,n1_over_n5=1.1,1.1,a_over_A5=2,2,exact,eq20,1,1.1000000000000001,0.82644628099173545,2,47,0.94000000000000006,1.8800000000000001,0.39217179496357601,0.91989199541850941,0.0012364348583881446,1,ok
CP-011-FIG11-001,n1_over_n5=1.1,1.1,a_over_A5=2,2,exact,eq20,1,1.1000000000000001,0.82644628099173545,2,48,0.95999999999999996,1.9199999999999999,0.39217179496357601,0.91989199541850941,0.001101458363731518,1,ok
CP-011-FIG11-001,n1_over_n5=1.1,1.1,a_over_A5=2,2,exact,eq20,1,1.1000000000000001,0.82644628099173545,2,49,0.97999999999999998,1.96,0.39217179496357601,0.91989199541850941,0.00098121669637791652,1,ok
CP-011-FIG11-001,n1_over_n5=1.1,1.1,a_over_A5=2,2,exact,eq20,1,1.1000000000000001,0.82644628099173545,2,50,1,2,0.39217179496357601,0.91989199541850941,0.00087410131599443077,1,ok
CP-011-FIG11-001,n1_over_n5=1.1,1.1,a_over_A5=2,2,exact,eq20,1,1.1000000000000001,0.82644628099173545,2,51,1.02,2.04,0.39217179496357601,0.91989199541850941,0.00077867927996296536,1,ok
CP-011-FIG11-001,n1_over_n5=1.1,1.1,a_over_A5=2,2,exact,eq20,1,1.1000000000000001,0.82644628099173545,2,52,1.04,2.0800000000000001,0.39217179496357601,0.91989199541850941,0.00069367407410184643,1,ok
CP-011-FIG11-001,n1_over_n5=1.1,1.1,a_over_A5=2,2,exact,eq20,1,1.1000000000000001,0.82644628099173545,2,53,1.0600000000000001,2.1200000000000001,0.39217179496357601,0.91989199541850941,0.00061794853601849977,1,ok
CP-011-FIG11-001,n1_over_n5=1.1,1.1,a_over_A5=2,2,exact,eq20,1,1.1000000000000001,0.82644628099173545,2,54,1.0800000000000001,2.1600000000000001,0.39217179496357601,0.91989199541850941,0.00055048964264929644,1,ok
CP-011-FIG11-001,n1_over_n5=1.1,1.1,a_over_A5=2,2,exact,eq20,1,1.1000000000000001,0.82644628099173545,2,55,1.1000000000000001,2.2000000000000002,0.39217179496357601,0.91989199541850941,0.00049039495848094057,1,ok
CP-011-FIG11-001,n1_over_n5=1.1,1.1,a_over_A5=2,2,exact,eq20,1,1.1000000000000001,0.82644628099173545,2,56,1.1200000000000001,2.2400000000000002,0.39217179496357601,0.91989199541850941,0.00043686056316364144,1,ok
CP-011-FIG11-001,n1_over_n5=1.1,1.1,a_over_A5=2,2,exact,eq20,1,1.1000000000000001,0.82644628099173545,2,57,1.1400000000000001,2.2800000000000002,0.39217179496357601,0.91989199541850941,0.00038917029701697367,1,ok
CP-011-FIG11-001,n1_over_n5=1.1,1.1,a_over_A5=2,2,exact,eq20,1,1.1000000000000001,0.82644628099173545,2,58,1.1599999999999999,2.3199999999999998,0.39217179496357601,0.91989199541850941,0.00034668618055951018,1,ok
CP-011-FIG11-001,n1_over_n5=1.1,1.1,a_over_A5=2,2,exact,eq20,1,1.1000000000000001,0.82644628099173545,2,59,1.1799999999999999,2.3599999999999999,0.39217179496357601,0.91989199541850941,0.00030883987989889955,1,ok
CP-011-FIG11-001,n1_over_n5=1.1,1.1,a_over_A5=2,2,exact,eq20,1,1.1000000000000001,0.82644628099173545,2,60,1.2,2.3999999999999999,0.39217179496357601,0.91989199541850941,0.00027512510381011261,1,ok
CP-011-FIG11-001,n1_over_n5=1.1,1.1,a_over_A5=2,2,exact,eq20,1,1.1000000000000001,0.82644628099173545,2,61,1.22,2.4399999999999999,0.39217179496357601,0.91989199541850941,0.00024509083079330313,1,ok
CP-011-FIG11-001,n1_over_n5=1.1,1.1,a_over_A5=2,2,exact,eq20,1,1.1000000000000001,0.82644628099173545,2,62,1.24,2.48,0.39217179496357601,0.91989199541850941,0.00021833527550583169,1,ok
CP-011-FIG11-001,n1_over_n5=1.1,1.1,a_over_A5=2,2,exact,eq20,1,1.1000000000000001,0.82644628099173545,2,63,1.26,2.52,0.39217179496357601,0.91989199541850941,0.00019450051385402569,1,ok
CP-011-FIG11-001,n1_over_n5=1.1,1.1,a_over_A5=2,2,exact,eq20,1,1.1000000000000001,0.82644628099173545,2,64,1.28,2.5600000000000001,0.39217179496357601,0.91989199541850941,0.00017326769484150319,1,ok
CP-011-FIG11-001,n1_over_n5=1.1,1.1,a_over_A5=2,2,exact,eq20,1,1.1000000000000001,0.82644628099173545,2,65,1.3,2.6000000000000001,0.39217179496357601,0.91989199541850941,0.00015435277512027478,1,ok
CP-011-FIG11-001,n1_over_n5=1.1,1.1,a_over_A5=2,2,exact,eq20,1,1.1000000000000001,0.82644628099173545,2,66,1.3200000000000001,2.6400000000000001,0.39217179496357601,0.91989199541850941,0.00013750271918330664,1,ok
CP-011-FIG11-001,n1_over_n5=1.1,1.1,a_over_A5=2,2,exact,eq20,1,1.1000000000000001,0.82644628099173545,2,67,1.3400000000000001,2.6800000000000002,0.39217179496357601,0.91989199541850941,0.00012249211436639611,1,ok
CP-011-FIG11-001,n1_over_n5=1.1,1.1,a_over_A5=2,2,exact,eq20,1,1.1000000000000001,0.82644628099173545,2,68,1.3600000000000001,2.7200000000000002,0.39217179496357601,0.91989199541850941,0.00010912015537632957,1,ok
CP-011-FIG11-001,n1_over_n5=1.1,1.1,a_over_A5=2,2,exact,eq20,1,1.1000000000000001,0.82644628099173545,2,69,1.3800000000000001,2.7600000000000002,0.39217179496357601,0.91989199541850941,9.7207958005669754e-05,1,ok
CP-011-FIG11-001,n1_over_n5=1.1,1.1,a_over_A5=2,2,exact,eq20,1,1.1000000000000001,0.82644628099173545,2,70,1.4000000000000001,2.8000000000000003,0.39217179496357601,0.91989199541850941,8.6596166098218671e-05,1,ok
CP-011-FIG11-001,n1_over_n5=1.1,1.1,a_over_A5=2,2,exact,eq20,1,1.1000000000000001,0.82644628099173545,2,71,1.4199999999999999,2.8399999999999999,0.39217179496357601,0.91989199541850941,7.7142819752194376e-05,1,ok
CP-011-FIG11-001,n1_over_n5=1.1,1.1,a_over_A5=2,2,exact,eq20,1,1.1000000000000001,0.82644628099173545,2,72,1.4399999999999999,2.8799999999999999,0.39217179496357601,0.91989199541850941,6.8721456242875939e-05,1,ok
CP-011-FIG11-001,n1_over_n5=1.1,1.1,a_over_A5=2,2,exact,eq20,1,1.1000000000000001,0.82644628099173545,2,73,1.46,2.9199999999999999,0.39217179496357601,0.91989199541850941,6.1219418259690633e-05,1,ok
CP-011-FIG11-001,n1_over_n5=1.1,1.1,a_over_A5=2,2,exact,eq20,1,1.1000000000000001,0.82644628099173545,2,74,1.48,2.96,0.39217179496357601,0.91989199541850941,5.4536346826082625e-05,1,ok
CP-011-FIG11-001,n1_over_n5=1.1,1.1,a_over_A5=2,2,exact,eq20,1,1.1000000000000001,0.82644628099173545,2,75,1.5,3,0.39217179496357601,0.91989199541850941,4.8582838741104405e-05,1,ok
CP-011-FIG11-001,n1_over_n5=1.1,1.1,a_over_A5=2,2,exact,eq20,1,1.1000000000000001,0.82644628099173545,2,76,1.52,3.04,0.39217179496357601,0.91989199541850941,4.3279250582573283e-05,1,ok
CP-011-FIG11-001,n1_over_n5=1.1,1.1,a_over_A5=2,2,exact,eq20,1,1.1000000000000001,0.82644628099173545,2,77,1.54,3.0800000000000001,0.39217179496357601,0.91989199541850941,3.8554633272271194e-05,1,ok
CP-011-FIG11-001,n1_over_n5=1.1,1.1,a_over_A5=2,2,exact,eq20,1,1.1000000000000001,0.82644628099173545,2,78,1.5600000000000001,3.1200000000000001,0.39217179496357601,0.91989199541850941,3.4345782950267978e-05,1,ok
CP-011-FIG11-001,n1_over_n5=1.1,1.1,a_over_A5=2,2,exact,eq20,1,1.1000000000000001,0.82644628099173545,2,79,1.5800000000000001,3.1600000000000001,0.39217179496357601,0.91989199541850941,3.0596395461380775e-05,1,ok
CP-011-FIG11-001,n1_over_n5=1.1,1.1,a_over_A5=2,2,exact,eq20,1,1.1000000000000001,0.82644628099173545,2,80,1.6000000000000001,3.2000000000000002,0.39217179496357601,0.91989199541850941,2.7256313142859887e-05,1,ok
CP-011-FIG11-001,n1_over_n5=1.1,1.1,a_over_A5=2,2,exact,eq20,1,1.1000000000000001,0.82644628099173545,2,81,1.6200000000000001,3.2400000000000002,0.39217179496357601,0.91989199541850941,2.4280853837156873e-05,1,ok
CP-011-FIG11-001,n1_over_n5=1.1,1.1,a_over_A5=2,2,exact,eq20,1,1.1000000000000001,0.82644628099173545,2,82,1.6400000000000001,3.2800000000000002,0.39217179496357601,0.91989199541850941,2.1630213153601735e-05,1,ok
CP-011-FIG11-001,n1_over_n5=1.1,1.1,a_over_A5=2,2,exact,eq20,1,1.1000000000000001,0.82644628099173545,2,83,1.6600000000000001,3.3200000000000003,0.39217179496357601,0.91989199541850941,1.9268931982707794e-05,1,ok
CP-011-FIG11-001,n1_over_n5=1.1,1.1,a_over_A5=2,2,exact,eq20,1,1.1000000000000001,0.82644628099173545,2,84,1.6799999999999999,3.3599999999999999,0.39217179496357601,0.91989199541850941,1.716542213974414e-05,1,ok
CP-011-FIG11-001,n1_over_n5=1.1,1.1,a_over_A5=2,2,exact,eq20,1,1.1000000000000001,0.82644628099173545,2,85,1.7,3.3999999999999999,0.39217179496357601,0.91989199541850941,1.5291543791842861e-05,1,ok
CP-011-FIG11-001,n1_over_n5=1.1,1.1,a_over_A5=2,2,exact,eq20,1,1.1000000000000001,0.82644628099173545,2,86,1.72,3.4399999999999999,0.39217179496357601,0.91989199541850941,1.3622229015646759e-05,1,ok
CP-011-FIG11-001,n1_over_n5=1.1,1.1,a_over_A5=2,2,exact,eq20,1,1.1000000000000001,0.82644628099173545,2,87,1.74,3.48,0.39217179496357601,0.91989199541850941,1.2135146449615936e-05,1,ok
CP-011-FIG11-001,n1_over_n5=1.1,1.1,a_over_A5=2,2,exact,eq20,1,1.1000000000000001,0.82644628099173545,2,88,1.76,3.52,0.39217179496357601,0.91989199541850941,1.0810402554859304e-05,1,ok
CP-011-FIG11-001,n1_over_n5=1.1,1.1,a_over_A5=2,2,exact,eq20,1,1.1000000000000001,0.82644628099173545,2,89,1.78,3.5600000000000001,0.39217179496357601,0.91989199541850941,9.6302754880891595e-06,1,ok
CP-011-FIG11-001,n1_over_n5=1.1,1.1,a_over_A5=2,2,exact,eq20,1,1.1000000000000001,0.82644628099173545,2,90,1.8,3.6000000000000001,0.39217179496357601,0.91989199541850941,8.5789780265678509e-06,1,ok
CP-011-FIG11-001,n1_over_n5=1.1,1.1,a_over_A5=2,2,exact,eq20,1,1.1000000000000001,0.82644628099173545,2,91,1.8200000000000001,3.6400000000000001,0.39217179496357601,0.91989199541850941,7.642446373560338e-06,1,ok
CP-011-FIG11-001,n1_over_n5=1.1,1.1,a_over_A5=2,2,exact,eq20,1,1.1000000000000001,0.82644628099173545,2,92,1.8400000000000001,3.6800000000000002,0.39217179496357601,0.91989199541850941,6.8081520190245953e-06,1,ok
CP-011-FIG11-001,n1_over_n5=1.1,1.1,a_over_A5=2,2,exact,eq20,1,1.1000000000000001,0.82644628099173545,2,93,1.8600000000000001,3.7200000000000002,0.39217179496357601,0.91989199541850941,6.0649341386945798e-06,1,ok
CP-011-FIG11-001,n1_over_n5=1.1,1.1,a_over_A5=2,2,exact,eq20,1,1.1000000000000001,0.82644628099173545,2,94,1.8800000000000001,3.7600000000000002,0.39217179496357601,0.91989199541850941,5.4028502894641486e-06,1,ok
CP-011-FIG11-001,n1_over_n5=1.1,1.1,a_over_A5=2,2,exact,eq20,1,1.1000000000000001,0.82644628099173545,2,95,1.9000000000000001,3.8000000000000003,0.39217179496357601,0.91989199541850941,4.8130434037402309e-06,1,ok
CP-011-FIG11-001,n1_over_n5=1.1,1.1,a_over_A5=2,2,exact,eq20,1,1.1000000000000001,0.82644628099173545,2,96,1.9199999999999999,3.8399999999999999,0.39217179496357601,0.91989199541850941,4.2876233034739215e-06,1,ok
CP-011-FIG11-001,n1_over_n5=1.1,1.1,a_over_A5=2,2,exact,eq20,1,1.1000000000000001,0.82644628099173545,2,97,1.9399999999999999,3.8799999999999999,0.39217179496357601,0.91989199541850941,3.8195611488162729e-06,1,ok
CP-011-FIG11-001,n1_over_n5=1.1,1.1,a_over_A5=2,2,exact,eq20,1,1.1000000000000001,0.82644628099173545,2,98,1.96,3.9199999999999999,0.39217179496357601,0.91989199541850941,3.4025954093789774e-06,1,ok
CP-011-FIG11-001,n1_over_n5=1.1,1.1,a_over_A5=2,2,exact,eq20,1,1.1000000000000001,0.82644628099173545,2,99,1.98,3.96,0.39217179496357601,0.91989199541850941,3.0311481002247967e-06,1,ok
CP-011-FIG11-001,n1_over_n5=1.1,1.1,a_over_A5=2,2,exact,eq20,1,1.1000000000000001,0.82644628099173545,2,100,2,4,0.39217179496357601,0.91989199541850941,2.7002501620294937e-06,1,ok
CP-011-FIG11-001,n1_over_n5=1.1,1.1,a_over_A5=2,2,exact,eq20,1,1.1000000000000001,0.82644628099173545,2,101,2.02,4.04,0.39217179496357601,0.91989199541850941,2.405474987183755e-06,1,ok
CP-011-FIG11-001,n1_over_n5=1.1,1.1,a_over_A5=2,2,exact,eq20,1,1.1000000000000001,0.82644628099173545,2,102,2.04,4.0800000000000001,0.39217179496357601,0.91989199541850941,2.1428792025764483e-06,1,ok
CP-011-FIG11-001,n1_over_n5=1.1,1.1,a_over_A5=2,2,exact,eq20,1,1.1000000000000001,0.82644628099173545,2,103,2.0600000000000001,4.1200000000000001,0.39217179496357601,0.91989199541850941,1.9089499168772257e-06,1,ok
CP-011-FIG11-001,n1_over_n5=1.1,1.1,a_over_A5=2,2,exact,eq20,1,1.1000000000000001,0.82644628099173545,2,104,2.0800000000000001,4.1600000000000001,0.39217179496357601,0.91989199541850941,1.700557726615746e-06,1,ok
CP-011-FIG11-001,n1_over_n5=1.1,1.1,a_over_A5=2,2,exact,eq20,1,1.1000000000000001,0.82644628099173545,2,105,2.1000000000000001,4.2000000000000002,0.39217179496357601,0.91989199541850941,1.5149148523934307e-06,1,ok
CP-011-FIG11-001,n1_over_n5=1.1,1.1,a_over_A5=2,2,exact,eq20,1,1.1000000000000001,0.82644628099173545,2,106,2.1200000000000001,4.2400000000000002,0.39217179496357601,0.91989199541850941,1.3495378451923467e-06,1,ok
CP-011-FIG11-001,n1_over_n5=1.1,1.1,a_over_A5=2,2,exact,eq20,1,1.1000000000000001,0.82644628099173545,2,107,2.1400000000000001,4.2800000000000002,0.39217179496357601,0.91989199541850941,1.2022143638825543e-06,1,ok
CP-011-FIG11-001,n1_over_n5=1.1,1.1,a_over_A5=2,2,exact,eq20,1,1.1000000000000001,0.82644628099173545,2,108,2.1600000000000001,4.3200000000000003,0.39217179496357601,0.91989199541850941,1.0709735794919758e-06,1,ok
CP-011-FIG11-001,n1_over_n5=1.1,1.1,a_over_A5=2,2,exact,eq20,1,1.1000000000000001,0.82644628099173545,2,109,2.1800000000000002,4.3600000000000003,0.39217179496357601,0.91989199541850941,9.5405981032007131e-07,1,ok
CP-011-FIG11-001,n1_over_n5=1.1,1.1,a_over_A5=2,2,exact,eq20,1,1.1000000000000001,0.82644628099173545,2,110,2.2000000000000002,4.4000000000000004,0.39217179496357601,0.91989199541850941,8.4990903519743688e-07,1,ok
CP-011-FIG11-001,n1_over_n5=1.1,1.1,a_over_A5=2,2,exact,eq20,1,1.1000000000000001,0.82644628099173545,2,111,2.2200000000000002,4.4400000000000004,0.39217179496357601,0.91989199541850941,7.5712797069599135e-07,1,ok
CP-011-FIG11-001,n1_over_n5=1.1,1.1,a_over_A5=2,2,exact,eq20,1,1.1000000000000001,0.82644628099173545,2,112,2.2400000000000002,4.4800000000000004,0.39217179496357601,0.91989199541850941,6.744754323938485e-07,1,ok
CP-011-FIG11-001,n1_over_n5=1.1,1.1,a_over_A5=2,2,exact,eq20,1,1.1000000000000001,0.82644628099173545,2,113,2.2600000000000002,4.5200000000000005,0.39217179496357601,0.91989199541850941,6.0084573085403972e-07,1,ok
CP-011-FIG11-001,n1_over_n5=1.1,1.1,a_over_A5=2,2,exact,eq20,1,1.1000000000000001,0.82644628099173545,2,114,2.2800000000000002,4.5600000000000005,0.39217179496357601,0.91989199541850941,5.3525388019576803e-07,1,ok
CP-011-FIG11-001,n1_over_n5=1.1,1.1,a_over_A5=2,2,exact,eq20,1,1.1000000000000001,0.82644628099173545,2,115,2.3000000000000003,4.6000000000000005,0.39217179496357601,0.91989199541850941,4.7682242138493571e-07,1,ok
CP-011-FIG11-001,n1_over_n5=1.1,1.1,a_over_A5=2,2,exact,eq20,1,1.1000000000000001,0.82644628099173545,2,116,2.3199999999999998,4.6399999999999997,0.39217179496357601,0.91989199541850941,4.247696839717221e-07,1,ok
CP-011-FIG11-001,n1_over_n5=1.1,1.1,a_over_A5=2,2,exact,eq20,1,1.1000000000000001,0.82644628099173545,2,117,2.3399999999999999,4.6799999999999997,0.39217179496357601,0.91989199541850941,3.7839932924583803e-07,1,ok
CP-011-FIG11-001,n1_over_n5=1.1,1.1,a_over_A5=2,2,exact,eq20,1,1.1000000000000001,0.82644628099173545,2,118,2.3599999999999999,4.7199999999999998,0.39217179496357601,0.91989199541850941,3.3709103492242725e-07,1,ok
CP-011-FIG11-001,n1_over_n5=1.1,1.1,a_over_A5=2,2,exact,eq20,1,1.1000000000000001,0.82644628099173545,2,119,2.3799999999999999,4.7599999999999998,0.39217179496357601,0.91989199541850941,3.0029219674237268e-07,1,ok
CP-011-FIG11-001,n1_over_n5=1.1,1.1,a_over_A5=2,2,exact,eq20,1,1.1000000000000001,0.82644628099173545,2,120,2.3999999999999999,4.7999999999999998,0.39217179496357601,0.91989199541850941,2.6751053597468529e-07,1,ok
CP-011-FIG11-001,n1_over_n5=1.1,1.1,a_over_A5=2,2,exact,eq20,1,1.1000000000000001,0.82644628099173545,2,121,2.4199999999999999,4.8399999999999999,0.39217179496357601,0.91989199541850941,2.383075139273696e-07,1,ok
CP-011-FIG11-001,n1_over_n5=1.1,1.1,a_over_A5=2,2,exact,eq20,1,1.1000000000000001,0.82644628099173545,2,122,2.4399999999999999,4.8799999999999999,0.39217179496357601,0.91989199541850941,2.122924653689811e-07,1,ok
CP-011-FIG11-001,n1_over_n5=1.1,1.1,a_over_A5=2,2,exact,eq20,1,1.1000000000000001,0.82644628099173545,2,123,2.46,4.9199999999999999,0.39217179496357601,0.91989199541850941,1.8911737238035942e-07,1,ok
CP-011-FIG11-001,n1_over_n5=1.1,1.1,a_over_A5=2,2,exact,eq20,1,1.1000000000000001,0.82644628099173545,2,124,2.48,4.96,0.39217179496357601,0.91989199541850941,1.6847220872341562e-07,1,ok
CP-011-FIG11-001,n1_over_n5=1.1,1.1,a_over_A5=2,2,exact,eq20,1,1.1000000000000001,0.82644628099173545,2,125,2.5,5,0.39217179496357601,0.91989199541850941,1.5008079244598206e-07,1,ok
CP-011-FIG11-001,n1_over_n5=1.1,1.1,a_over_A5=2,2,exact,eq20,1,1.1000000000000001,0.82644628099173545,2,126,2.52,5.04,0.39217179496357601,0.91989199541850941,1.3369709124068308e-07,1,ok
CP-011-FIG11-001,n1_over_n5=1.1,1.1,a_over_A5=2,2,exact,eq20,1,1.1000000000000001,0.82644628099173545,2,127,2.54,5.0800000000000001,0.39217179496357601,0.91989199541850941,1.1910193113254769e-07,1,ok
CP-011-FIG11-001,n1_over_n5=1.1,1.1,a_over_A5=2,2,exact,eq20,1,1.1000000000000001,0.82644628099173545,2,128,2.5600000000000001,5.1200000000000001,0.39217179496357601,0.91989199541850941,1.0610006446561815e-07,1,ok
CP-011-FIG11-001,n1_over_n5=1.1,1.1,a_over_A5=2,2,exact,eq20,1,1.1000000000000001,0.82644628099173545,2,129,2.5800000000000001,5.1600000000000001,0.39217179496357601,0.91989199541850941,9.4517557965372404e-08,1,ok
CP-011-FIG11-001,n1_over_n5=1.1,1.1,a_over_A5=2,2,exact,eq20,1,1.1000000000000001,0.82644628099173545,2,130,2.6000000000000001,5.2000000000000002,0.39217179496357601,0.91989199541850941,8.4199465935597512e-08,1,ok
CP-011-FIG11-001,n1_over_n5=1.1,1.1,a_over_A5=2,2,exact,eq20,1,1.1000000000000001,0.82644628099173545,2,131,2.6200000000000001,5.2400000000000002,0.39217179496357601,0.91989199541850941,7.5007757462768944e-08,1,ok
CP-011-FIG11-001,n1_over_n5=1.1,1.1,a_over_A5=2,2,exact,eq20,1,1.1000000000000001,0.82644628099173545,2,132,2.6400000000000001,5.2800000000000002,0.39217179496357601,0.91989199541850941,6.6819469898976321e-08,1,ok
CP-011-FIG11-001,n1_over_n5=1.1,1.1,a_over_A5=2,2,exact,eq20,1,1.1000000000000001,0.82644628099173545,2,133,2.6600000000000001,5.3200000000000003,0.39217179496357601,0.91989199541850941,5.9525063921507157e-08,1,ok
CP-011-FIG11-001,n1_over_n5=1.1,1.1,a_over_A5=2,2,exact,eq20,1,1.1000000000000001,0.82644628099173545,2,134,2.6800000000000002,5.3600000000000003,0.39217179496357601,0.91989199541850941,5.3026958163787971e-08,1,ok
CP-011-FIG11-001,n1_over_n5=1.1,1.1,a_over_A5=2,2,exact,eq20,1,1.1000000000000001,0.82644628099173545,2,135,2.7000000000000002,5.4000000000000004,0.39217179496357601,0.91989199541850941,4.7238223814626841e-08,1,ok
CP-011-FIG11-001,n1_over_n5=1.1,1.1,a_over_A5=2,2,exact,eq20,1,1.1000000000000001,0.82644628099173545,2,136,2.7200000000000002,5.4400000000000004,0.39217179496357601,0.91989199541850941,4.2081421722670495e-08,1,ok
CP-011-FIG11-001,n1_over_n5=1.1,1.1,a_over_A5=2,2,exact,eq20,1,1.1000000000000001,0.82644628099173545,2,137,2.7400000000000002,5.4800000000000004,0.39217179496357601,0.91989199541850941,3.7487566449374608e-08,1,ok
CP-011-FIG11-001,n1_over_n5=1.1,1.1,a_over_A5=2,2,exact,eq20,1,1.1000000000000001,0.82644628099173545,2,138,2.7600000000000002,5.5200000000000005,0.39217179496357601,0.91989199541850941,3.3395203412036528e-08,1,ok
CP-011-FIG11-001,n1_over_n5=1.1,1.1,a_over_A5=2,2,exact,eq20,1,1.1000000000000001,0.82644628099173545,2,139,2.7800000000000002,5.5600000000000005,0.39217179496357601,0.91989199541850941,2.9749586771320059e-08,1,ok
CP-011-FIG11-001,n1_over_n5=1.1,1.1,a_over_A5=2,2,exact,eq20,1,1.1000000000000001,0.82644628099173545,2,140,2.8000000000000003,5.6000000000000005,0.39217179496357601,0.91989199541850941,2.6501947065407395e-08,1,ok
CP-011-FIG11-001,n1_over_n5=1.1,1.1,a_over_A5=2,2,exact,eq20,1,1.1000000000000001,0.82644628099173545,2,141,2.8199999999999998,5.6399999999999997,0.39217179496357601,0.91989199541850941,2.3608838793510683e-08,1,ok
CP-011-FIG11-001,n1_over_n5=1.1,1.1,a_over_A5=2,2,exact,eq20,1,1.1000000000000001,0.82644628099173545,2,142,2.8399999999999999,5.6799999999999997,0.39217179496357601,0.91989199541850941,2.1031559221001965e-08,1,ok
CP-011-FIG11-001,n1_over_n5=1.1,1.1,a_over_A5=2,2,exact,eq20,1,1.1000000000000001,0.82644628099173545,2,143,2.8599999999999999,5.7199999999999998,0.39217179496357601,0.91989199541850941,1.8735630631189462e-08,1,ok
CP-011-FIG11-001,n1_over_n5=1.1,1.1,a_over_A5=2,2,exact,eq20,1,1.1000000000000001,0.82644628099173545,2,144,2.8799999999999999,5.7599999999999998,0.39217179496357601,0.91989199541850941,1.6690339097532765e-08,1,ok
CP-011-FIG11-001,n1_over_n5=1.1,1.1,a_over_A5=2,2,exact,eq20,1,1.1000000000000001,0.82644628099173545,2,145,2.8999999999999999,5.7999999999999998,0.39217179496357601,0.91989199541850941,1.4868323606193209e-08,1,ok
CP-011-FIG11-001,n1_over_n5=1.1,1.1,a_over_A5=2,2,exact,eq20,1,1.1000000000000001,0.82644628099173545,2,146,2.9199999999999999,5.8399999999999999,0.39217179496357601,0.91989199541850941,1.3245210032381022e-08,1,ok
CP-011-FIG11-001,n1_over_n5=1.1,1.1,a_over_A5=2,2,exact,eq20,1,1.1000000000000001,0.82644628099173545,2,147,2.9399999999999999,5.8799999999999999,0.39217179496357601,0.91989199541850941,1.179928507399526e-08,1,ok
CP-011-FIG11-001,n1_over_n5=1.1,1.1,a_over_A5=2,2,exact,eq20,1,1.1000000000000001,0.82644628099173545,2,148,2.96,5.9199999999999999,0.39217179496357601,0.91989199541850941,1.0511205780583603e-08,1,ok
CP-011-FIG11-001,n1_over_n5=1.1,1.1,a_over_A5=2,2,exact,eq20,1,1.1000000000000001,0.82644628099173545,2,149,2.98,5.96,0.39217179496357601,0.91989199541850941,9.3637407918277835e-09,1,ok
CP-011-FIG11-001,n1_over_n5=1.1,1.1,a_over_A5=2,2,exact,eq20,1,1.1000000000000001,0.82644628099173545,2,150,3,6,0.39217179496357601,0.91989199541850941,8.3415398239564741e-09,1,ok
CP-011-FIG11-001,n1_over_n5=1.1,1.1,a_over_A5=3,3,exact,eq20,1,1.1000000000000001,0.82644628099173545,3,0,0,0,0.28264357251735239,0.95922500536351119,0.15325996244778542,1,ok
CP-011-FIG11-001,n1_over_n5=1.1,1.1,a_over_A5=3,3,exact,eq20,1,1.1000000000000001,0.82644628099173545,3,1,0.02,0.059999999999999998,0.28264357251735239,0.95922500536351119,0.12790987658080263,1,ok
CP-011-FIG11-001,n1_over_n5=1.1,1.1,a_over_A5=3,3,exact,eq20,1,1.1000000000000001,0.82644628099173545,3,2,0.040000000000000001,0.12,0.28264357251735239,0.95922500536351119,0.10675284180948573,1,ok
CP-011-FIG11-001,n1_over_n5=1.1,1.1,a_over_A5=3,3,exact,eq20,1,1.1000000000000001,0.82644628099173545,3,3,0.059999999999999998,0.17999999999999999,0.28264357251735239,0.95922500536351119,0.089095303185614066,1,ok
CP-011-FIG11-001,n1_over_n5=1.1,1.1,a_over_A5=3,3,exact,eq20,1,1.1000000000000001,0.82644628099173545,3,4,0.080000000000000002,0.23999999999999999,0.28264357251735239,0.95922500536351119,0.074358423768266818,1,ok
CP-011-FIG11-001,n1_over_n5=1.1,1.1,a_over_A5=3,3,exact,eq20,1,1.1000000000000001,0.82644628099173545,3,5,0.10000000000000001,0.30000000000000004,0.28264357251735239,0.95922500536351119,0.062059109600672235,1,ok
CP-011-FIG11-001,n1_over_n5=1.1,1.1,a_over_A5=3,3,exact,eq20,1,1.1000000000000001,0.82644628099173545,3,6,0.12,0.35999999999999999,0.28264357251735239,0.95922500536351119,0.051794173265838447,1,ok
CP-011-FIG11-001,n1_over_n5=1.1,1.1,a_over_A5=3,3,exact,eq20,1,1.1000000000000001,0.82644628099173545,3,7,0.14000000000000001,0.42000000000000004,0.28264357251735239,0.95922500536351119,0.043227116881848292,1,ok
CP-011-FIG11-001,n1_over_n5=1.1,1.1,a_over_A5=3,3,exact,eq20,1,1.1000000000000001,0.82644628099173545,3,8,0.16,0.47999999999999998,0.28264357251735239,0.95922500536351119,0.036077101266319946,1,ok
CP-011-FIG11-001,n1_over_n5=1.1,1.1,a_over_A5=3,3,exact,eq20,1,1.1000000000000001,0.82644628099173545,3,9,0.17999999999999999,0.54000000000000004,0.28264357251735239,0.95922500536351119,0.03010973966498438,1,ok
CP-011-FIG11-001,n1_over_n5=1.1,1.1,a_over_A5=3,3,exact,eq20,1,1.1000000000000001,0.82644628099173545,3,10,0.20000000000000001,0.60000000000000009,0.28264357251735239,0.95922500536351119,0.025129414250903079,1,ok
CP-011-FIG11-001,n1_over_n5=1.1,1.1,a_over_A5=3,3,exact,eq20,1,1.1000000000000001,0.82644628099173545,3,11,0.22,0.66000000000000003,0.28264357251735239,0.95922500536351119,0.020972863519237547,1,ok
CP-011-FIG11-001,n1_over_n5=1.1,1.1,a_over_A5=3,3,exact,eq20,1,1.1000000000000001,0.82644628099173545,3,12,0.23999999999999999,0.71999999999999997,0.28264357251735239,0.95922500536351119,0.017503830364082523,1,ok
CP-011-FIG11-001,n1_over_n5=1.1,1.1,a_over_A5=3,3,exact,eq20,1,1.1000000000000001,0.82644628099173545,3,13,0.26000000000000001,0.78000000000000003,0.28264357251735239,0.95922500536351119,0.01460859539440304,1,ok
CP-011-FIG11-001,n1_over_n5=1.1,1.1,a_over_A5=3,3,exact,eq20,1,1.1000000000000001,0.82644628099173545,3,14,0.28000000000000003,0.84000000000000008,0.28264357251735239,0.95922500536351119,0.012192249065398191,1,ok
CP-011-FIG11-001,n1_over_n5=1.1,1.1,a_over_A5=3,3,exact,eq20,1,1.1000000000000001,0.82644628099173545,3,15,0.29999999999999999,0.89999999999999991,0.28264357251735239,0.95922500536351119,0.01017558042093873,1,ok
CP-011-FIG11-001,n1_over_n5=1.1,1.1,a_over_A5=3,3,exact,eq20,1,1.1000000000000001,0.82644628099173545,3,16,0.32000000000000001,0.95999999999999996,0.28264357251735239,0.95922500536351119,0.008492480456033881,1,ok
CP-011-FIG11-001,n1_over_n5=1.1,1.1,a_over_A5=3,3,exact,eq20,1,1.1000000000000001,0.82644628099173545,3,17,0.34000000000000002,1.02,0.28264357251735239,0.95922500536351119,0.007087774978192735,1,ok
CP-011-FIG11-001,n1_over_n5=1.1,1.1,a_over_A5=3,3,exact,eq20,1,1.1000000000000001,0.82644628099173545,3,18,0.35999999999999999,1.0800000000000001,0.28264357251735239,0.95922500536351119,0.0059154159260740051,1,ok
CP-011-FIG11-001,n1_over_n5=1.1,1.1,a_over_A5=3,3,exact,eq20,1,1.1000000000000001,0.82644628099173545,3,19,0.38,1.1400000000000001,0.28264357251735239,0.95922500536351119,0.0049369718545117236,1,ok
CP-011-FIG11-001,n1_over_n5=1.1,1.1,a_over_A5=3,3,exact,eq20,1,1.1000000000000001,0.82644628099173545,3,20,0.40000000000000002,1.2000000000000002,0.28264357251735239,0.95922500536351119,0.0041203681020647127,1,ok
CP-011-FIG11-001,n1_over_n5=1.1,1.1,a_over_A5=3,3,exact,eq20,1,1.1000000000000001,0.82644628099173545,3,21,0.41999999999999998,1.26,0.28264357251735239,0.95922500536351119,0.003438835342153571,1,ok
CP-011-FIG11-001,n1_over_n5=1.1,1.1,a_over_A5=3,3,exact,eq20,1,1.1000000000000001,0.82644628099173545,3,22,0.44,1.3200000000000001,0.28264357251735239,0.95922500536351119,0.0028700320499323007,1,ok
CP-011-FIG11-001,n1_over_n5=1.1,1.1,a_over_A5=3,3,exact,eq20,1,1.1000000000000001,0.82644628099173545,3,23,0.46000000000000002,1.3800000000000001,0.28264357251735239,0.95922500536351119,0.0023953121182243458,1,ok
CP-011-FIG11-001,n1_over_n5=1.1,1.1,a_over_A5=3,3,exact,eq20,1,1.1000000000000001,0.82644628099173545,3,24,0.47999999999999998,1.4399999999999999,0.28264357251735239,0.95922500536351119,0.0019991136140266258,1,ok
CP-011-FIG11-001,n1_over_n5=1.1,1.1,a_over_A5=3,3,exact,eq20,1,1.1000000000000001,0.82644628099173545,3,25,0.5,1.5,0.28264357251735239,0.95922500536351119,0.0016684486382297359,1,ok
CP-011-FIG11-001,n1_over_n5=1.1,1.1,a_over_A5=3,3,exact,eq20,1,1.1000000000000001,0.82644628099173545,3,26,0.52000000000000002,1.5600000000000001,0.28264357251735239,0.95922500536351119,0.0013924775654964772,1,ok
CP-011-FIG11-001,n1_over_n5=1.1,1.1,a_over_A5=3,3,exact,eq20,1,1.1000000000000001,0.82644628099173545,3,27,0.54000000000000004,1.6200000000000001,0.28264357251735239,0.95922500536351119,0.0011621537073315681,1,ok
CP-011-FIG11-001,n1_over_n5=1.1,1.1,a_over_A5=3,3,exact,eq20,1,1.1000000000000001,0.82644628099173545,3,28,0.56000000000000005,1.6800000000000002,0.28264357251735239,0.95922500536351119,0.00096992674993866973,1,ok
CP-011-FIG11-001,n1_over_n5=1.1,1.1,a_over_A5=3,3,exact,eq20,1,1.1000000000000001,0.82644628099173545,3,29,0.57999999999999996,1.7399999999999998,0.28264357251735239,0.95922500536351119,0.000809495245174302,1,ok
CP-011-FIG11-001,n1_over_n5=1.1,1.1,a_over_A5=3,3,exact,eq20,1,1.1000000000000001,0.82644628099173545,3,30,0.59999999999999998,1.7999999999999998,0.28264357251735239,0.95922500536351119,0.00067560004093220234,1,ok
CP-011-FIG11-001,n1_over_n5=1.1,1.1,a_over_A5=3,3,exact,eq20,1,1.1000000000000001,0.82644628099173545,3,31,0.62,1.8599999999999999,0.28264357251735239,0.95922500536351119,0.00056385187933909631,1,ok
CP-011-FIG11-001,n1_over_n5=1.1,1.1,a_over_A5=3,3,exact,eq20,1,1.1000000000000001,0.82644628099173545,3,32,0.64000000000000001,1.9199999999999999,0.28264357251735239,0.95922500536351119,0.00047058751120788609,1,ok
CP-011-FIG11-001,n1_over_n5=1.1,1.1,a_over_A5=3,3,exact,eq20,1,1.1000000000000001,0.82644628099173545,3,33,0.66000000000000003,1.98,0.28264357251735239,0.95922500536351119,0.00039274960999403214,1,ok
CP-011-FIG11-001,n1_over_n5=1.1,1.1,a_over_A5=3,3,exact,eq20,1,1.1000000000000001,0.82644628099173545,3,34,0.68000000000000005,2.04,0.28264357251735239,0.95922500536351119,0.00032778654867940643,1,ok
CP-011-FIG11-001,n1_over_n5=1.1,1.1,a_over_A5=3,3,exact,eq20,1,1.1000000000000001,0.82644628099173545,3,35,0.70000000000000007,2.1000000000000001,0.28264357251735239,0.95922500536351119,0.00027356875414030226,1,ok
CP-011-FIG11-001,n1_over_n5=1.1,1.1,a_over_A5=3,3,exact,eq20,1,1.1000000000000001,0.82644628099173545,3,36,0.71999999999999997,2.1600000000000001,0.28264357251735239,0.95922500536351119,0.0002283188969876692,1,ok
CP-011-FIG11-001,n1_over_n5=1.1,1.1,a_over_A5=3,3,exact,eq20,1,1.1000000000000001,0.82644628099173545,3,37,0.73999999999999999,2.2199999999999998,0.28264357251735239,0.95922500536351119,0.00019055362841229628,1,ok
CP-011-FIG11-001,n1_over_n5=1.1,1.1,a_over_A5=3,3,exact,eq20,1,1.1000000000000001,0.82644628099173545,3,38,0.76000000000000001,2.2800000000000002,0.28264357251735239,0.95922500536351119,0.00015903495409340756,1,ok
CP-011-FIG11-001,n1_over_n5=1.1,1.1,a_over_A5=3,3,exact,eq20,1,1.1000000000000001,0.82644628099173545,3,39,0.78000000000000003,2.3399999999999999,0.28264357251735239,0.95922500536351119,0.00013272965114454998,1,ok
CP-011-FIG11-001,n1_over_n5=1.1,1.1,a_over_A5=3,3,exact,eq20,1,1.1000000000000001,0.82644628099173545,3,40,0.80000000000000004,2.4000000000000004,0.28264357251735239,0.95922500536351119,0.00011077539773178827,1,ok
CP-011-FIG11-001,n1_over_n5=1.1,1.1,a_over_A5=3,3,exact,eq20,1,1.1000000000000001,0.82644628099173545,3,41,0.82000000000000006,2.46,0.28264357251735239,0.95922500536351119,9.2452505049319344e-05,1,ok
CP-011-FIG11-001,n1_over_n5=1.1,1.1,a_over_A5=3,3,exact,eq20,1,1.1000000000000001,0.82644628099173545,3,42,0.83999999999999997,2.52,0.28264357251735239,0.95922500536351119,7.7160324990118421e-05,1,ok
CP-011-FIG11-001,n1_over_n5=1.1,1.1,a_over_A5=3,3,exact,eq20,1,1.1000000000000001,0.82644628099173545,3,43,0.85999999999999999,2.5800000000000001,0.28264357251735239,0.95922500536351119,6.439756012457037e-05,1,ok
CP-011-FIG11-001,n1_over_n5=1.1,1.1,a_over_A5=3,3,exact,eq20,1,1.1000000000000001,0.82644628099173545,3,44,0.88,2.6400000000000001,0.28264357251735239,0.95922500536351119,5.374583052272978e-05,1,ok
CP-011-FIG11-001,n1_over_n5=1.1,1.1,a_over_A5=3,3,exact,eq20,1,1.1000000000000001,0.82644628099173545,3,45,0.90000000000000002,2.7000000000000002,0.28264357251735239,0.95922500536351119,4.4855958719402942e-05,1,ok
CP-011-FIG11-001,n1_over_n5=1.1,1.1,a_over_A5=3,3,exact,eq20,1,1.1000000000000001,0.82644628099173545,3,46,0.92000000000000004,2.7600000000000002,0.28264357251735239,0.95922500536351119,3.7436523225477985e-05,1,ok
CP-011-FIG11-001,n1_over_n5=1.1,1.1,a_over_A5=3,3,exact,eq20,1,1.1000000000000001,0.82644628099173545,3,47,0.94000000000000006,2.8200000000000003,0.28264357251735239,0.95922500536351119,3.1244305354809439e-05,1,ok
CP-011-FIG11-001,n1_over_n5=1.1,1.1,a_over_A5=3,3,exact,eq20,1,1.1000000000000001,0.82644628099173545,3,48,0.95999999999999996,2.8799999999999999,0.28264357251735239,0.95922500536351119,2.6076316201292044e-05,1,ok
CP-011-FIG11-001,n1_over_n5=1.1,1.1,a_over_A5=3,3,exact,eq20,1,1.1000000000000001,0.82644628099173545,3,49,0.97999999999999998,2.9399999999999999,0.28264357251735239,0.95922500536351119,2.1763142400126882e-05,1,ok
CP-011-FIG11-001,n1_over_n5=1.1,1.1,a_over_A5=3,3,exact,eq20,1,1.1000000000000001,0.82644628099173545,3,50,1,3,0.28264357251735239,0.95922500536351119,1.8163392538733355e-05,1,ok
CP-011-FIG11-001,n1_over_n5=1.1,1.1,a_over_A5=3,3,exact,eq20,1,1.1000000000000001,0.82644628099173545,3,51,1.02,3.0600000000000001,0.28264357251735239,0.95922500536351119,1.5159062163476494e-05,1,ok
CP-011-FIG11-001,n1_over_n5=1.1,1.1,a_over_A5=3,3,exact,eq20,1,1.1000000000000001,0.82644628099173545,3,52,1.04,3.1200000000000001,0.28264357251735239,0.95922500536351119,1.2651665441139572e-05,1,ok
CP-011-FIG11-001,n1_over_n5=1.1,1.1,a_over_A5=3,3,exact,eq20,1,1.1000000000000001,0.82644628099173545,3,53,1.0600000000000001,3.1800000000000002,0.28264357251735239,0.95922500536351119,1.0559006666004508e-05,1,ok
CP-011-FIG11-001,n1_over_n5=1.1,1.1,a_over_A5=3,3,exact,eq20,1,1.1000000000000001,0.82644628099173545,3,54,1.0800000000000001,3.2400000000000002,0.28264357251735239,0.95922500536351119,8.812485778369207e-06,1,ok
CP-011-FIG11-001,n1_over_n5=1.1,1.1,a_over_A5=3,3,exact,eq20,1,1.1000000000000001,0.82644628099173545,3,55,1.1000000000000001,3.3000000000000003,0.28264357251735239,0.95922500536351119,7.3548495659152669e-06,1,ok
CP-011-FIG11-001,n1_over_n5=1.1,1.1,a_over_A5=3,3,exact,eq20,1,1.1000000000000001,0.82644628099173545,3,56,1.1200000000000001,3.3600000000000003,0.28264357251735239,0.95922500536351119,6.1383148294004074e-06,1,ok
CP-011-FIG11-001,n1_over_n5=1.1,1.1,a_over_A5=3,3,exact,eq20,1,1.1000000000000001,0.82644628099173545,3,57,1.1400000000000001,3.4200000000000004,0.28264357251735239,0.95922500536351119,5.1230019876209442e-06,1,ok
CP-011-FIG11-001,n1_over_n5=1.1,1.1,a_over_A5=3,3,exact,eq20,1,1.1000000000000001,0.82644628099173545,3,58,1.1599999999999999,3.4799999999999995,0.28264357251735239,0.95922500536351119,4.2756277731899709e-06,1,ok
CP-011-FIG11-001,n1_over_n5=1.1,1.1,a_over_A5=3,3,exact,eq20,1,1.1000000000000001,0.82644628099173545,3,59,1.1799999999999999,3.54,0.28264357251735239,0.95922500536351119,3.5684141640091087e-06,1,ok
CP-011-FIG11-001,n1_over_n5=1.1,1.1,a_over_A5=3,3,exact,eq20,1,1.1000000000000001,0.82644628099173545,3,60,1.2,3.5999999999999996,0.28264357251735239,0.95922500536351119,2.9781777837972381e-06,1,ok
CP-011-FIG11-001,n1_over_n5=1.1,1.1,a_over_A5=3,3,exact,eq20,1,1.1000000000000001,0.82644628099173545,3,61,1.22,3.6600000000000001,0.28264357251735239,0.95922500536351119,2.4855699210481996e-06,1,ok
CP-011-FIG11-001,n1_over_n5=1.1,1.1,a_over_A5=3,3,exact,eq20,1,1.1000000000000001,0.82644628099173545,3,62,1.24,3.7199999999999998,0.28264357251735239,0.95922500536351119,2.0744422532567626e-06,1,ok
CP-011-FIG11-001,n1_over_n5=1.1,1.1,a_over_A5=3,3,exact,eq20,1,1.1000000000000001,0.82644628099173545,3,63,1.26,3.7800000000000002,0.28264357251735239,0.95922500536351119,1.7313174840328856e-06,1,ok
CP-011-FIG11-001,n1_over_n5=1.1,1.1,a_over_A5=3,3,exact,eq20,1,1.1000000000000001,0.82644628099173545,3,64,1.28,3.8399999999999999,0.28264357251735239,0.95922500536351119,1.4449475399048181e-06,1,ok
CP-011-FIG11-001,n1_over_n5=1.1,1.1,a_over_A5=3,3,exact,eq20,1,1.1000000000000001,0.82644628099173545,3,65,1.3,3.9000000000000004,0.28264357251735239,0.95922500536351119,1.2059448439309588e-06,1,ok
CP-011-FIG11-001,n1_over_n5=1.1,1.1,a_over_A5=3,3,exact,eq20,1,1.1000000000000001,0.82644628099173545,3,66,1.3200000000000001,3.96,0.28264357251735239,0.95922500536351119,1.0064745787929903e-06,1,ok
CP-011-FIG11-001,n1_over_n5=1.1,1.1,a_over_A5=3,3,exact,eq20,1,1.1000000000000001,0.82644628099173545,3,67,1.3400000000000001,4.0200000000000005,0.28264357251735239,0.95922500536351119,8.3999785135655846e-07,1,ok
CP-011-FIG11-001,n1_over_n5=1.1,1.1,a_over_A5=3,3,exact,eq20,1,1.1000000000000001,0.82644628099173545,3,68,1.3600000000000001,4.0800000000000001,0.28264357251735239,0.95922500536351119,7.010573393019216e-07,1,ok
CP-011-FIG11-001,n1_over_n5=1.1,1.1,a_over_A5=3,3,exact,eq20,1,1.1000000000000001,0.82644628099173545,3,69,1.3800000000000001,4.1400000000000006,0.28264357251735239,0.95922500536351119,5.8509839304394599e-07,1,ok
CP-011-FIG11-001,n1_over_n5=1.1,1.1,a_over_A5=3,3,exact,eq20,1,1.1000000000000001,0.82644628099173545,3,70,1.4000000000000001,4.2000000000000002,0.28264357251735239,0.95922500536351119,4.8831972843119127e-07,1,ok
CP-011-FIG11-001,n1_over_n5=1.1,1.1,a_over_A5=3,3,exact,eq20,1,1.1000000000000001,0.82644628099173545,3,71,1.4199999999999999,4.2599999999999998,0.28264357251735239,0.95922500536351119,4.0754881573773569e-07,1,ok
CP-011-FIG11-001,n1_over_n5=1.1,1.1,a_over_A5=3,3,exact,eq20,1,1.1000000000000001,0.82644628099173545,3,72,1.4399999999999999,4.3200000000000003,0.28264357251735239,0.95922500536351119,3.4013788003782178e-07,1,ok
CP-011-FIG11-001,n1_over_n5=1.1,1.1,a_over_A5=3,3,exact,eq20,1,1.1000000000000001,0.82644628099173545,3,73,1.46,4.3799999999999999,0.28264357251735239,0.95922500536351119,2.8387710372117698e-07,1,ok
CP-011-FIG11-001,n1_over_n5=1.1,1.1,a_over_A5=3,3,exact,eq20,1,1.1000000000000001,0.82644628099173545,3,74,1.48,4.4399999999999995,0.28264357251735239,0.95922500536351119,2.3692218581524366e-07,1,ok
CP-011-FIG11-001,n1_over_n5=1.1,1.1,a_over_A5=3,3,exact,eq20,1,1.1000000000000001,0.82644628099173545,3,75,1.5,4.5,0.28264357251735239,0.95922500536351119,1.9773388341528775e-07,1,ok
CP-011-FIG11-001,n1_over_n5=1.1,1.1,a_over_A5=3,3,exact,eq20,1,1.1000000000000001,0.82644628099173545,3,76,1.52,4.5600000000000005,0.28264357251735239,0.95922500536351119,1.6502755331229507e-07,1,ok
CP-011-FIG11-001,n1_over_n5=1.1,1.1,a_over_A5=3,3,exact,eq20,1,1.1000000000000001,0.82644628099173545,3,77,1.54,4.6200000000000001,0.28264357251735239,0.95922500536351119,1.377310397279986e-07,1,ok
CP-011-FIG11-001,n1_over_n5=1.1,1.1,a_over_A5=3,3,exact,eq20,1,1.1000000000000001,0.82644628099173545,3,78,1.5600000000000001,4.6799999999999997,0.28264357251735239,0.95922500536351119,1.1494952766255559e-07,1,ok
CP-011-FIG11-001,n1_over_n5=1.1,1.1,a_over_A5=3,3,exact,eq20,1,1.1000000000000001,0.82644628099173545,3,79,1.5800000000000001,4.7400000000000002,0.28264357251735239,0.95922500536351119,9.5936209702180371e-08,1,ok
CP-011-FIG11-001,n1_over_n5=1.1,1.1,a_over_A5=3,3,exact,eq20,1,1.1000000000000001,0.82644628099173545,3,80,1.6000000000000001,4.8000000000000007,0.28264357251735239,0.95922500536351119,8.0067804706767987e-08,1,ok
CP-011-FIG11-001,n1_over_n5=1.1,1.1,a_over_A5=3,3,exact,eq20,1,1.1000000000000001,0.82644628099173545,3,81,1.6200000000000001,4.8600000000000003,0.28264357251735239,0.95922500536351119,6.682412584844333e-08,1,ok
CP-011-FIG11-001,n1_over_n5=1.1,1.1,a_over_A5=3,3,exact,eq20,1,1.1000000000000001,0.82644628099173545,3,82,1.6400000000000001,4.9199999999999999,0.28264357251735239,0.95922500536351119,5.5771028214929111e-08,1,ok
CP-011-FIG11-001,n1_over_n5=1.1,1.1,a_over_A5=3,3,exact,eq20,1,1.1000000000000001,0.82644628099173545,3,83,1.6600000000000001,4.9800000000000004,0.28264357251735239,0.95922500536351119,4.6546176978128999e-08,1,ok
CP-011-FIG11-001,n1_over_n5=1.1,1.1,a_over_A5=3,3,exact,eq20,1,1.1000000000000001,0.82644628099173545,3,84,1.6799999999999999,5.04,0.28264357251735239,0.95922500536351119,3.8847169590094881e-08,1,ok
CP-011-FIG11-001,n1_over_n5=1.1,1.1,a_over_A5=3,3,exact,eq20,1,1.1000000000000001,0.82644628099173545,3,85,1.7,5.0999999999999996,0.28264357251735239,0.95922500536351119,3.2421622636606295e-08,1,ok
CP-011-FIG11-001,n1_over_n5=1.1,1.1,a_over_A5=3,3,exact,eq20,1,1.1000000000000001,0.82644628099173545,3,86,1.72,5.1600000000000001,0.28264357251735239,0.95922500536351119,2.7058898382612649e-08,1,ok
CP-011-FIG11-001,n1_over_n5=1.1,1.1,a_over_A5=3,3,exact,eq20,1,1.1000000000000001,0.82644628099173545,3,87,1.74,5.2199999999999998,0.28264357251735239,0.95922500536351119,2.2583199794999553e-08,1,ok
CP-011-FIG11-001,n1_over_n5=1.1,1.1,a_over_A5=3,3,exact,eq20,1,1.1000000000000001,0.82644628099173545,3,88,1.76,5.2800000000000002,0.28264357251735239,0.95922500536351119,1.8847807688600493e-08,1,ok
CP-011-FIG11-001,n1_over_n5=1.1,1.1,a_over_A5=3,3,exact,eq20,1,1.1000000000000001,0.82644628099173545,3,89,1.78,5.3399999999999999,0.28264357251735239,0.95922500536351119,1.5730271081652834e-08,1,ok
CP-011-FIG11-001,n1_over_n5=1.1,1.1,a_over_A5=3,3,exact,eq20,1,1.1000000000000001,0.82644628099173545,3,90,1.8,5.4000000000000004,0.28264357251735239,0.95922500536351119,1.3128393094329998e-08,1,ok
CP-011-FIG11-001,n1_over_n5=1.1,1.1,a_over_A5=3,3,exact,eq20,1,1.1000000000000001,0.82644628099173545,3,91,1.8200000000000001,5.46,0.28264357251735239,0.95922500536351119,1.0956880802917623e-08,1,ok
CP-011-FIG11-001,n1_over_n5=1.1,1.1,a_over_A5=3,3,exact,eq20,1,1.1000000000000001,0.82644628099173545,3,92,1.8400000000000001,5.5200000000000005,0.28264357251735239,0.95922500536351119,9.1445492275207312e-09,1,ok
CP-011-FIG11-001,n1_over_n5=1.1,1.1,a_over_A5=3,3,exact,eq20,1,1.1000000000000001,0.82644628099173545,3,93,1.8600000000000001,5.5800000000000001,0.28264357251735239,0.95922500536351119,7.6319877964067435e-09,1,ok
CP-011-FIG11-001,n1_over_n5=1.1,1.1,a_over_A5=3,3,exact,eq20,1,1.1000000000000001,0.82644628099173545,3,94,1.8800000000000001,5.6400000000000006,0.28264357251735239,0.95922500536351119,6.3696127906671039e-09,1,ok
CP-011-FIG11-001,n1_over_n5=1.1,1.1,a_over_A5=3,3,exact,eq20,1,1.1000000000000001,0.82644628099173545,3,95,1.9000000000000001,5.7000000000000002,0.28264357251735239,0.95922500536351119,5.316041925818089e-09,1,ok
CP-011-FIG11-001,n1_over_n5=1.1,1.1,a_over_A5=3,3,exact,eq20,1,1.1000000000000001,0.82644628099173545,3,96,1.9199999999999999,5.7599999999999998,0.28264357251735239,0.95922500536351119,4.4367377870226763e-09,1,ok
CP-011-FIG11-001,n1_over_n5=1.1,1.1,a_over_A5=3,3,exact,eq20,1,1.1000000000000001,0.82644628099173545,3,97,1.9399999999999999,5.8200000000000003,0.28264357251735239,0.95922500536351119,3.702875647987957e-09,1,ok
CP-011-FIG11-001,n1_over_n5=1.1,1.1,a_over_A5=3,3,exact,eq20,1,1.1000000000000001,0.82644628099173545,3,98,1.96,5.8799999999999999,0.28264357251735239,0.95922500536351119,3.0903985591772822e-09,1,ok
CP-011-FIG11-001,n1_over_n5=1.1,1.1,a_over_A5=3,3,exact,eq20,1,1.1000000000000001,0.82644628099173545,3,99,1.98,5.9399999999999995,0.28264357251735239,0.95922500536351119,2.5792287299073917e-09,1,ok
CP-011-FIG11-001,n1_over_n5=1.1,1.1,a_over_A5=3,3,exact,eq20,1,1.1000000000000001,0.82644628099173545,3,100,2,6,0.28264357251735239,0.95922500536351119,2.1526093524165654e-09,1,ok
CP-011-FIG11-001,n1_over_n5=1.1,1.1,a_over_A5=3,3,exact,eq20,1,1.1000000000000001,0.82644628099173545,3,101,2.02,6.0600000000000005,0.28264357251735239,0.95922500536351119,1.7965552920456279e-09,1,ok
CP-011-FIG11-001,n1_over_n5=1.1,1.1,a_over_A5=3,3,exact,eq20,1,1.1000000000000001,0.82644628099173545,3,102,2.04,6.1200000000000001,0.28264357251735239,0.95922500536351119,1.4993946364461297e-09,1,ok
CP-011-FIG11-001,n1_over_n5=1.1,1.1,a_over_A5=3,3,exact,eq20,1,1.1000000000000001,0.82644628099173545,3,103,2.0600000000000001,6.1799999999999997,0.28264357251735239,0.95922500536351119,1.2513860752059255e-09,1,ok
CP-011-FIG11-001,n1_over_n5=1.1,1.1,a_over_A5=3,3,exact,eq20,1,1.1000000000000001,0.82644628099173545,3,104,2.0800000000000001,6.2400000000000002,0.28264357251735239,0.95922500536351119,1.0443995671019313e-09,1,ok
CP-011-FIG11-001,n1_over_n5=1.1,1.1,a_over_A5=3,3,exact,eq20,1,1.1000000000000001,0.82644628099173545,3,105,2.1000000000000001,6.3000000000000007,0.28264357251735239,0.95922500536351119,8.7164982683957289e-10,1,ok
CP-011-FIG11-001,n1_over_n5=1.1,1.1,a_over_A5=3,3,exact,eq20,1,1.1000000000000001,0.82644628099173545,3,106,2.1200000000000001,6.3600000000000003,0.28264357251735239,0.95922500536351119,7.2747389462993248e-10,1,ok
CP-011-FIG11-001,n1_over_n5=1.1,1.1,a_over_A5=3,3,exact,eq20,1,1.1000000000000001,0.82644628099173545,3,107,2.1400000000000001,6.4199999999999999,0.28264357251735239,0.95922500536351119,6.0714549704768841e-10,1,ok
CP-011-FIG11-001,n1_over_n5=1.1,1.1,a_over_A5=3,3,exact,eq20,1,1.1000000000000001,0.82644628099173545,3,108,2.1600000000000001,6.4800000000000004,0.28264357251735239,0.95922500536351119,5.0672011367885936e-10,1,ok
CP-011-FIG11-001,n1_over_n5=1.1,1.1,a_over_A5=3,3,exact,eq20,1,1.1000000000000001,0.82644628099173545,3,109,2.1800000000000002,6.5400000000000009,0.28264357251735239,0.95922500536351119,4.2290567064281357e-10,1,ok
CP-011-FIG11-001,n1_over_n5=1.1,1.1,a_over_A5=3,3,exact,eq20,1,1.1000000000000001,0.82644628099173545,3,110,2.2000000000000002,6.6000000000000005,0.28264357251735239,0.95922500536351119,3.5295462215497653e-10,1,ok
CP-011-FIG11-001,n1_over_n5=1.1,1.1,a_over_A5=3,3,exact,eq20,1,1.1000000000000001,0.82644628099173545,3,111,2.2200000000000002,6.6600000000000001,0.28264357251735239,0.95922500536351119,2.9457388242443325e-10,1,ok
CP-011-FIG11-001,n1_over_n5=1.1,1.1,a_over_A5=3,3,exact,eq20,1,1.1000000000000001,0.82644628099173545,3,112,2.2400000000000002,6.7200000000000006,0.28264357251735239,0.95922500536351119,2.4584965533756992e-10,1,ok
CP-011-FIG11-001,n1_over_n5=1.1,1.1,a_over_A5=3,3,exact,eq20,1,1.1000000000000001,0.82644628099173545,3,113,2.2600000000000002,6.7800000000000011,0.28264357251735239,0.95922500536351119,2.0518469774762628e-10,1,ok
CP-011-FIG11-001,n1_over_n5=1.1,1.1,a_over_A5=3,3,exact,eq20,1,1.1000000000000001,0.82644628099173545,3,114,2.2800000000000002,6.8400000000000007,0.28264357251735239,0.95922500536351119,1.712459597796762e-10,1,ok
CP-011-FIG11-001,n1_over_n5=1.1,1.1,a_over_A5=3,3,exact,eq20,1,1.1000000000000001,0.82644628099173545,3,115,2.3000000000000003,6.9000000000000004,0.28264357251735239,0.95922500536351119,1.4292088573258059e-10,1,ok
CP-011-FIG11-001,n1_over_n5=1.1,1.1,a_over_A5=3,3,exact,eq20,1,1.1000000000000001,0.82644628099173545,3,116,2.3199999999999998,6.9599999999999991,0.28264357251735239,0.95922500536351119,1.1928094306496801e-10,1,ok
CP-011-FIG11-001,n1_over_n5=1.1,1.1,a_over_A5=3,3,exact,eq20,1,1.1000000000000001,0.82644628099173545,3,117,2.3399999999999999,7.0199999999999996,0.28264357251735239,0.95922500536351119,9.9551183898272275e-11,1,ok
CP-011-FIG11-001,n1_over_n5=1.1,1.1,a_over_A5=3,3,exact,eq20,1,1.1000000000000001,0.82644628099173545,3,118,2.3599999999999999,7.0800000000000001,0.28264357251735239,0.95922500536351119,8.3084841223545698e-11,1,ok
CP-011-FIG11-001,n1_over_n5=1.1,1.1,a_over_A5=3,3,exact,eq20,1,1.1000000000000001,0.82644628099173545,3,119,2.3799999999999999,7.1399999999999997,0.28264357251735239,0.95922500536351119,6.9342127042866616e-11,1,ok
CP-011-FIG11-001,n1_over_n5=1.1,1.1,a_over_A5=3,3,exact,eq20,1,1.1000000000000001,0.82644628099173545,3,120,2.3999999999999999,7.1999999999999993,0.28264357251735239,0.95922500536351119,5.7872537421018996e-11,1,ok
CP-011-FIG11-001,n1_over_n5=1.1,1.1,a_over_A5=3,3,exact,eq20,1,1.1000000000000001,0.82644628099173545,3,121,2.4199999999999999,7.2599999999999998,0.28264357251735239,0.95922500536351119,4.8300084384154523e-11,1,ok
CP-011-FIG11-001,n1_over_n5=1.1,1.1,a_over_A5=3,3,exact,eq20,1,1.1000000000000001,0.82644628099173545,3,122,2.4399999999999999,7.3200000000000003,0.28264357251735239,0.95922500536351119,4.0310970547995354e-11,1,ok
CP-011-FIG11-001,n1_over_n5=1.1,1.1,a_over_A5=3,3,exact,eq20,1,1.1000000000000001,0.82644628099173545,3,123,2.46,7.3799999999999999,0.28264357251735239,0.95922500536351119,3.364330243394861e-11,1,ok
CP-011-FIG11-001,n1_over_n5=1.1,1.1,a_over_A5=3,3,exact,eq20,1,1.1000000000000001,0.82644628099173545,3,124,2.48,7.4399999999999995,0.28264357251735239,0.95922500536351119,2.8078505262345357e-11,1,ok
CP-011-FIG11-001,n1_over_n5=1.1,1.1,a_over_A5=3,3,exact,eq20,1,1.1000000000000001,0.82644628099173545,3,125,2.5,7.5,0.28264357251735239,0.95922500536351119,2.3434157788624104e-11,1,ok
CP-011-FIG11-001,n1_over_n5=1.1,1.1,a_over_A5=3,3,exact,eq20,1,1.1000000000000001,0.82644628099173545,3,126,2.52,7.5600000000000005,0.28264357251735239,0.95922500536351119,1.9558012299129817e-11,1,ok
CP-011-FIG11-001,n1_over_n5=1.1,1.1,a_over_A5=3,3,exact,eq20,1,1.1000000000000001,0.82644628099173545,3,127,2.54,7.6200000000000001,0.28264357251735239,0.95922500536351119,1.6323003734258516e-11,1,ok
CP-011-FIG11-001,n1_over_n5=1.1,1.1,a_over_A5=3,3,exact,eq20,1,1.1000000000000001,0.82644628099173545,3,128,2.5600000000000001,7.6799999999999997,0.28264357251735239,0.95922500536351119,1.3623084331554035e-11,1,ok
CP-011-FIG11-001,n1_over_n5=1.1,1.1,a_over_A5=3,3,exact,eq20,1,1.1000000000000001,0.82644628099173545,3,129,2.5800000000000001,7.7400000000000002,0.28264357251735239,0.95922500536351119,1.1369747242973571e-11,1,ok
CP-011-FIG11-001,n1_over_n5=1.1,1.1,a_over_A5=3,3,exact,eq20,1,1.1000000000000001,0.82644628099173545,3,130,2.6000000000000001,7.8000000000000007,0.28264357251735239,0.95922500536351119,9.4891251660010981e-12,1,ok
CP-011-FIG11-001,n1_over_n5=1.1,1.1,a_over_A5=3,3,exact,eq20,1,1.1000000000000001,0.82644628099173545,3,131,2.6200000000000001,7.8600000000000003,0.28264357251735239,0.95922500536351119,7.919568877987354e-12,1,ok
CP-011-FIG11-001,n1_over_n5=1.1,1.1,a_over_A5=3,3,exact,eq20,1,1.1000000000000001,0.82644628099173545,3,132,2.6400000000000001,7.9199999999999999,0.28264357251735239,0.95922500536351119,6.6096262949408336e-12,1,ok
CP-011-FIG11-001,n1_over_n5=1.1,1.1,a_over_A5=3,3,exact,eq20,1,1.1000000000000001,0.82644628099173545,3,133,2.6600000000000001,7.9800000000000004,0.28264357251735239,0.95922500536351119,5.5163558057059174e-12,1,ok
CP-011-FIG11-001,n1_over_n5=1.1,1.1,a_over_A5=3,3,exact,eq20,1,1.1000000000000001,0.82644628099173545,3,134,2.6800000000000002,8.0400000000000009,0.28264357251735239,0.95922500536351119,4.6039185904409086e-12,1,ok
CP-011-FIG11-001,n1_over_n5=1.1,1.1,a_over_A5=3,3,exact,eq20,1,1.1000000000000001,0.82644628099173545,3,135,2.7000000000000002,8.1000000000000014,0.28264357251735239,0.95922500536351119,3.8424037777771769e-12,1,ok
CP-011-FIG11-001,n1_over_n5=1.1,1.1,a_over_A5=3,3,exact,eq20,1,1.1000000000000001,0.82644628099173545,3,136,2.7200000000000002,8.1600000000000001,0.28264357251735239,0.95922500536351119,3.2068479277915389e-12,1,ok
CP-011-FIG11-001,n1_over_n5=1.1,1.1,a_over_A5=3,3,exact,eq20,1,1.1000000000000001,0.82644628099173545,3,137,2.7400000000000002,8.2200000000000006,0.28264357251735239,0.95922500536351119,2.6764166981769034e-12,1,ok
CP-011-FIG11-001,n1_over_n5=1.1,1.1,a_over_A5=3,3,exact,eq20,1,1.1000000000000001,0.82644628099173545,3,138,2.7600000000000002,8.2800000000000011,0.28264357251735239,0.95922500536351119,2.2337218675702126e-12,1,ok
CP-011-FIG11-001,n1_over_n5=1.1,1.1,a_over_A5=3,3,exact,eq20,1,1.1000000000000001,0.82644628099173545,3,139,2.7800000000000002,8.3399999999999999,0.28264357251735239,0.95922500536351119,1.864251327179378e-12,1,ok
CP-011-FIG11-001,n1_over_n5=1.1,1.1,a_over_A5=3,3,exact,eq20,1,1.1000000000000001,0.82644628099173545,3,140,2.8000000000000003,8.4000000000000004,0.28264357251735239,0.95922500536351119,1.5558933550982221e-12,1,ok
CP-011-FIG11-001,n1_over_n5=1.1,1.1,a_over_A5=3,3,exact,eq20,1,1.1000000000000001,0.82644628099173545,3,141,2.8199999999999998,8.4599999999999991,0.28264357251735239,0.95922500536351119,1.2985395784062504e-12,1,ok
CP-011-FIG11-001,n1_over_n5=1.1,1.1,a_over_A5=3,3,exact,eq20,1,1.1000000000000001,0.82644628099173545,3,142,2.8399999999999999,8.5199999999999996,0.28264357251735239,0.95922500536351119,1.0837536076378628e-12,1,ok
CP-011-FIG11-001,n1_over_n5=1.1,1.1,a_over_A5=3,3,exact,eq20,1,1.1000000000000001,0.82644628099173545,3,143,2.8599999999999999,8.5800000000000001,0.28264357251735239,0.95922500536351119,9.044944810304636e-13,1,ok
CP-011-FIG11-001,n1_over_n5=1.1,1.1,a_over_A5=3,3,exact,eq20,1,1.1000000000000001,0.82644628099173545,3,144,2.8799999999999999,8.6400000000000006,0.28264357251735239,0.95922500536351119,7.54885852696458e-13,1,ok
CP-011-FIG11-001,n1_over_n5=1.1,1.1,a_over_A5=3,3,exact,eq20,1,1.1000000000000001,0.82644628099173545,3,145,2.8999999999999999,8.6999999999999993,0.28264357251735239,0.95922500536351119,6.3002335840904671e-13,1,ok
CP-011-FIG11-001,n1_over_n5=1.1,1.1,a_over_A5=3,3,exact,eq20,1,1.1000000000000001,0.82644628099173545,3,146,2.9199999999999999,8.7599999999999998,0.28264357251735239,0.95922500536351119,5.2581384420330271e-13,1,ok
CP-011-FIG11-001,n1_over_n5=1.1,1.1,a_over_A5=3,3,exact,eq20,1,1.1000000000000001,0.82644628099173545,3,147,2.9399999999999999,8.8200000000000003,0.28264357251735239,0.95922500536351119,4.3884118749823972e-13,1,ok
CP-011-FIG11-001,n1_over_n5=1.1,1.1,a_over_A5=3,3,exact,eq20,1,1.1000000000000001,0.82644628099173545,3,148,2.96,8.879999999999999,0.28264357251735239,0.95922500536351119,3.6625431218278335e-13,1,ok
CP-011-FIG11-001,n1_over_n5=1.1,1.1,a_over_A5=3,3,exact,eq20,1,1.1000000000000001,0.82644628099173545,3,149,2.98,8.9399999999999995,0.28264357251735239,0.95922500536351119,3.0567372665543572e-13,1,ok
CP-011-FIG11-001,n1_over_n5=1.1,1.1,a_over_A5=3,3,exact,eq20,1,1.1000000000000001,0.82644628099173545,3,150,3,9,0.28264357251735239,0.95922500536351119,2.5511352101375627e-13,1,ok
CP-011-FIG11-001,n1_over_n5=1.1,1.1,a_over_A5=4,4,exact,eq20,1,1.1000000000000001,0.82644628099173545,4,0,0,0,0.22059147593164602,0.97536629055257906,0.094923816380297774,1,ok
CP-011-FIG11-001,n1_over_n5=1.1,1.1,a_over_A5=4,4,exact,eq20,1,1.1000000000000001,0.82644628099173545,4,1,0.02,0.080000000000000002,0.22059147593164602,0.97536629055257906,0.074287176888106418,1,ok
CP-011-FIG11-001,n1_over_n5=1.1,1.1,a_over_A5=4,4,exact,eq20,1,1.1000000000000001,0.82644628099173545,4,2,0.040000000000000001,0.16,0.22059147593164602,0.97536629055257906,0.058136986695682846,1,ok
CP-011-FIG11-001,n1_over_n5=1.1,1.1,a_over_A5=4,4,exact,eq20,1,1.1000000000000001,0.82644628099173545,4,3,0.059999999999999998,0.23999999999999999,0.22059147593164602,0.97536629055257906,0.045497882186920698,1,ok
CP-011-FIG11-001,n1_over_n5=1.1,1.1,a_over_A5=4,4,exact,eq20,1,1.1000000000000001,0.82644628099173545,4,4,0.080000000000000002,0.32000000000000001,0.22059147593164602,0.97536629055257906,0.035606545869509856,1,ok
CP-011-FIG11-001,n1_over_n5=1.1,1.1,a_over_A5=4,4,exact,eq20,1,1.1000000000000001,0.82644628099173545,4,5,0.10000000000000001,0.40000000000000002,0.22059147593164602,0.97536629055257906,0.027865607096806199,1,ok
CP-011-FIG11-001,n1_over_n5=1.1,1.1,a_over_A5=4,4,exact,eq20,1,1.1000000000000001,0.82644628099173545,4,6,0.12,0.47999999999999998,0.22059147593164602,0.97536629055257906,0.021807564870775394,1,ok
CP-011-FIG11-001,n1_over_n5=1.1,1.1,a_over_A5=4,4,exact,eq20,1,1.1000000000000001,0.82644628099173545,4,7,0.14000000000000001,0.56000000000000005,0.22059147593164602,0.97536629055257906,0.017066553904278081,1,ok
CP-011-FIG11-001,n1_over_n5=1.1,1.1,a_over_A5=4,4,exact,eq20,1,1.1000000000000001,0.82644628099173545,4,8,0.16,0.64000000000000001,0.22059147593164602,0.97536629055257906,0.013356248801440488,1,ok
CP-011-FIG11-001,n1_over_n5=1.1,1.1,a_over_A5=4,4,exact,eq20,1,1.1000000000000001,0.82644628099173545,4,9,0.17999999999999999,0.71999999999999997,0.22059147593164602,0.97536629055257906,0.010452571916188865,1,ok
CP-011-FIG11-001,n1_over_n5=1.1,1.1,a_over_A5=4,4,exact,eq20,1,1.1000000000000001,0.82644628099173545,4,10,0.20000000000000001,0.80000000000000004,0.22059147593164602,0.97536629055257906,0.0081801605591022494,1,ok
CP-011-FIG11-001,n1_over_n5=1.1,1.1,a_over_A5=4,4,exact,eq20,1,1.1000000000000001,0.82644628099173545,4,11,0.22,0.88,0.22059147593164602,0.97536629055257906,0.006401776262266564,1,ok
CP-011-FIG11-001,n1_over_n5=1.1,1.1,a_over_A5=4,4,exact,eq20,1,1.1000000000000001,0.82644628099173545,4,12,0.23999999999999999,0.95999999999999996,0.22059147593164602,0.97536629055257906,0.005010016492465694,1,ok
CP-011-FIG11-001,n1_over_n5=1.1,1.1,a_over_A5=4,4,exact,eq20,1,1.1000000000000001,0.82644628099173545,4,13,0.26000000000000001,1.04,0.22059147593164602,0.97536629055257906,0.0039208282555459762,1,ok
CP-011-FIG11-001,n1_over_n5=1.1,1.1,a_over_A5=4,4,exact,eq20,1,1.1000000000000001,0.82644628099173545,4,14,0.28000000000000003,1.1200000000000001,0.22059147593164602,0.97536629055257906,0.0030684318569821475,1,ok
CP-011-FIG11-001,n1_over_n5=1.1,1.1,a_over_A5=4,4,exact,eq20,1,1.1000000000000001,0.82644628099173545,4,15,0.29999999999999999,1.2,0.22059147593164602,0.97536629055257906,0.0024013482476885088,1,ok
CP-011-FIG11-001,n1_over_n5=1.1,1.1,a_over_A5=4,4,exact,eq20,1,1.1000000000000001,0.82644628099173545,4,16,0.32000000000000001,1.28,0.22059147593164602,0.97536629055257906,0.0018792900332967094,1,ok
CP-011-FIG11-001,n1_over_n5=1.1,1.1,a_over_A5=4,4,exact,eq20,1,1.1000000000000001,0.82644628099173545,4,17,0.34000000000000002,1.3600000000000001,0.22059147593164602,0.97536629055257906,0.0014707283846263971,1,ok
CP-011-FIG11-001,n1_over_n5=1.1,1.1,a_over_A5=4,4,exact,eq20,1,1.1000000000000001,0.82644628099173545,4,18,0.35999999999999999,1.4399999999999999,0.22059147593164602,0.97536629055257906,0.0011509889069923364,1,ok
CP-011-FIG11-001,n1_over_n5=1.1,1.1,a_over_A5=4,4,exact,eq20,1,1.1000000000000001,0.82644628099173545,4,19,0.38,1.52,0.22059147593164602,0.97536629055257906,0.00090076147157242849,1,ok
CP-011-FIG11-001,n1_over_n5=1.1,1.1,a_over_A5=4,4,exact,eq20,1,1.1000000000000001,0.82644628099173545,4,20,0.40000000000000002,1.6000000000000001,0.22059147593164602,0.97536629055257906,0.00070493401260445735,1,ok
CP-011-FIG11-001,n1_over_n5=1.1,1.1,a_over_A5=4,4,exact,eq20,1,1.1000000000000001,0.82644628099173545,4,21,0.41999999999999998,1.6799999999999999,0.22059147593164602,0.97536629055257906,0.00055167985955165751,1,ok
CP-011-FIG11-001,n1_over_n5=1.1,1.1,a_over_A5=4,4,exact,eq20,1,1.1000000000000001,0.82644628099173545,4,22,0.44,1.76,0.22059147593164602,0.97536629055257906,0.00043174348519583918,1,ok
CP-011-FIG11-001,n1_over_n5=1.1,1.1,a_over_A5=4,4,exact,eq20,1,1.1000000000000001,0.82644628099173545,4,23,0.46000000000000002,1.8400000000000001,0.22059147593164602,0.97536629055257906,0.00033788153361360084,1,ok
CP-011-FIG11-001,n1_over_n5=1.1,1.1,a_over_A5=4,4,exact,eq20,1,1.1000000000000001,0.82644628099173545,4,24,0.47999999999999998,1.9199999999999999,0.22059147593164602,0.97536629055257906,0.00026442536985889692,1,ok
CP-011-FIG11-001,n1_over_n5=1.1,1.1,a_over_A5=4,4,exact,eq20,1,1.1000000000000001,0.82644628099173545,4,25,0.5,2,0.22059147593164602,0.97536629055257906,0.00020693873227465377,1,ok
CP-011-FIG11-001,n1_over_n5=1.1,1.1,a_over_A5=4,4,exact,eq20,1,1.1000000000000001,0.82644628099173545,4,26,0.52000000000000002,2.0800000000000001,0.22059147593164602,0.97536629055257906,0.00016194981191968249,1,ok
CP-011-FIG11-001,n1_over_n5=1.1,1.1,a_over_A5=4,4,exact,eq20,1,1.1000000000000001,0.82644628099173545,4,27,0.54000000000000004,2.1600000000000001,0.22059147593164602,0.97536629055257906,0.00012674157849778677,1,ok
CP-011-FIG11-001,n1_over_n5=1.1,1.1,a_over_A5=4,4,exact,eq20,1,1.1000000000000001,0.82644628099173545,4,28,0.56000000000000005,2.2400000000000002,0.22059147593164602,0.97536629055257906,9.9187689875658293e-05,1,ok
CP-011-FIG11-001,n1_over_n5=1.1,1.1,a_over_A5=4,4,exact,eq20,1,1.1000000000000001,0.82644628099173545,4,29,0.57999999999999996,2.3199999999999998,0.22059147593164602,0.97536629055257906,7.7624075220442248e-05,1,ok
CP-011-FIG11-001,n1_over_n5=1.1,1.1,a_over_A5=4,4,exact,eq20,1,1.1000000000000001,0.82644628099173545,4,30,0.59999999999999998,2.3999999999999999,0.22059147593164602,0.97536629055257906,6.0748436236214688e-05,1,ok
CP-011-FIG11-001,n1_over_n5=1.1,1.1,a_over_A5=4,4,exact,eq20,1,1.1000000000000001,0.82644628099173545,4,31,0.62,2.48,0.22059147593164602,0.97536629055257906,4.7541597045314424e-05,1,ok
CP-011-FIG11-001,n1_over_n5=1.1,1.1,a_over_A5=4,4,exact,eq20,1,1.1000000000000001,0.82644628099173545,4,32,0.64000000000000001,2.5600000000000001,0.22059147593164602,0.97536629055257906,3.7205952772684628e-05,1,ok
CP-011-FIG11-001,n1_over_n5=1.1,1.1,a_over_A5=4,4,exact,eq20,1,1.1000000000000001,0.82644628099173545,4,33,0.66000000000000003,2.6400000000000001,0.22059147593164602,0.97536629055257906,2.9117299538839803e-05,1,ok
CP-011-FIG11-001,n1_over_n5=1.1,1.1,a_over_A5=4,4,exact,eq20,1,1.1000000000000001,0.82644628099173545,4,34,0.68000000000000005,2.7200000000000002,0.22059147593164602,0.97536629055257906,2.278713671477213e-05,1,ok
CP-011-FIG11-001,n1_over_n5=1.1,1.1,a_over_A5=4,4,exact,eq20,1,1.1000000000000001,0.82644628099173545,4,35,0.70000000000000007,2.8000000000000003,0.22059147593164602,0.97536629055257906,1.7833164746788399e-05,1,ok
CP-011-FIG11-001,n1_over_n5=1.1,1.1,a_over_A5=4,4,exact,eq20,1,1.1000000000000001,0.82644628099173545,4,36,0.71999999999999997,2.8799999999999999,0.22059147593164602,0.97536629055257906,1.3956196816949525e-05,1,ok
CP-011-FIG11-001,n1_over_n5=1.1,1.1,a_over_A5=4,4,exact,eq20,1,1.1000000000000001,0.82644628099173545,4,37,0.73999999999999999,2.96,0.22059147593164602,0.97536629055257906,1.0922089957617281e-05,1,ok
CP-011-FIG11-001,n1_over_n5=1.1,1.1,a_over_A5=4,4,exact,eq20,1,1.1000000000000001,0.82644628099173545,4,38,0.76000000000000001,3.04,0.22059147593164602,0.97536629055257906,8.5476043801135434e-06,1,ok
CP-011-FIG11-001,n1_over_n5=1.1,1.1,a_over_A5=4,4,exact,eq20,1,1.1000000000000001,0.82644628099173545,4,39,0.78000000000000003,3.1200000000000001,0.22059147593164602,0.97536629055257906,6.6893370153925123e-06,1,ok
CP-011-FIG11-001,n1_over_n5=1.1,1.1,a_over_A5=4,4,exact,eq20,1,1.1000000000000001,0.82644628099173545,4,40,0.80000000000000004,3.2000000000000002,0.22059147593164602,0.97536629055257906,5.2350609264985644e-06,1,ok
CP-011-FIG11-001,n1_over_n5=1.1,1.1,a_over_A5=4,4,exact,eq20,1,1.1000000000000001,0.82644628099173545,4,41,0.82000000000000006,3.2800000000000002,0.22059147593164602,0.97536629055257906,4.0969475511683291e-06,1,ok
CP-011-FIG11-001,n1_over_n5=1.1,1.1,a_over_A5=4,4,exact,eq20,1,1.1000000000000001,0.82644628099173545,4,42,0.83999999999999997,3.3599999999999999,0.22059147593164602,0.97536629055257906,3.206262443300869e-06,1,ok
CP-011-FIG11-001,n1_over_n5=1.1,1.1,a_over_A5=4,4,exact,eq20,1,1.1000000000000001,0.82644628099173545,4,43,0.85999999999999999,3.4399999999999999,0.22059147593164602,0.97536629055257906,2.5092141715092378e-06,1,ok
CP-011-FIG11-001,n1_over_n5=1.1,1.1,a_over_A5=4,4,exact,eq20,1,1.1000000000000001,0.82644628099173545,4,44,0.88,3.52,0.22059147593164602,0.97536629055257906,1.9637056759523542e-06,1,ok
CP-011-FIG11-001,n1_over_n5=1.1,1.1,a_over_A5=4,4,exact,eq20,1,1.1000000000000001,0.82644628099173545,4,45,0.90000000000000002,3.6000000000000001,0.22059147593164602,0.97536629055257906,1.5367918870983081e-06,1,ok
CP-011-FIG11-001,n1_over_n5=1.1,1.1,a_over_A5=4,4,exact,eq20,1,1.1000000000000001,0.82644628099173545,4,46,0.92000000000000004,3.6800000000000002,0.22059147593164602,0.97536629055257906,1.2026900635737032e-06,1,ok
CP-011-FIG11-001,n1_over_n5=1.1,1.1,a_over_A5=4,4,exact,eq20,1,1.1000000000000001,0.82644628099173545,4,47,0.94000000000000006,3.7600000000000002,0.22059147593164602,0.97536629055257906,9.4122268679466853e-07,1,ok
CP-011-FIG11-001,n1_over_n5=1.1,1.1,a_over_A5=4,4,exact,eq20,1,1.1000000000000001,0.82644628099173545,4,48,0.95999999999999996,3.8399999999999999,0.22059147593164602,0.97536629055257906,7.3659887361552688e-07,1,ok
CP-011-FIG11-001,n1_over_n5=1.1,1.1,a_over_A5=4,4,exact,eq20,1,1.1000000000000001,0.82644628099173545,4,49,0.97999999999999998,3.9199999999999999,0.22059147593164602,0.97536629055257906,5.7646071245839782e-07,1,ok
CP-011-FIG11-001,n1_over_n5=1.1,1.1,a_over_A5=4,4,exact,eq20,1,1.1000000000000001,0.82644628099173545,4,50,1,4,0.22059147593164602,0.97536629055257906,4.5113692799575687e-07,1,ok
CP-011-FIG11-001,n1_over_n5=1.1,1.1,a_over_A5=4,4,exact,eq20,1,1.1000000000000001,0.82644628099173545,4,51,1.02,4.0800000000000001,0.22059147593164602,0.97536629055257906,3.5305880071772755e-07,1,ok
CP-011-FIG11-001,n1_over_n5=1.1,1.1,a_over_A5=4,4,exact,eq20,1,1.1000000000000001,0.82644628099173545,4,52,1.04,4.1600000000000001,0.22059147593164602,0.97536629055257906,2.7630306682722377e-07,1,ok
CP-011-FIG11-001,n1_over_n5=1.1,1.1,a_over_A5=4,4,exact,eq20,1,1.1000000000000001,0.82644628099173545,4,53,1.0600000000000001,4.2400000000000002,0.22059147593164602,0.97536629055257906,2.1623419266969711e-07,1,ok
CP-011-FIG11-001,n1_over_n5=1.1,1.1,a_over_A5=4,4,exact,eq20,1,1.1000000000000001,0.82644628099173545,4,54,1.0800000000000001,4.3200000000000003,0.22059147593164602,0.97536629055257906,1.6922441946239258e-07,1,ok
CP-011-FIG11-001,n1_over_n5=1.1,1.1,a_over_A5=4,4,exact,eq20,1,1.1000000000000001,0.82644628099173545,4,55,1.1000000000000001,4.4000000000000004,0.22059147593164602,0.97536629055257906,1.3243467089466002e-07,1,ok
CP-011-FIG11-001,n1_over_n5=1.1,1.1,a_over_A5=4,4,exact,eq20,1,1.1000000000000001,0.82644628099173545,4,56,1.1200000000000001,4.4800000000000004,0.22059147593164602,0.97536629055257906,1.036430918817521e-07,1,ok
CP-011-FIG11-001,n1_over_n5=1.1,1.1,a_over_A5=4,4,exact,eq20,1,1.1000000000000001,0.82644628099173545,4,57,1.1400000000000001,4.5600000000000005,0.22059147593164602,0.97536629055257906,8.1110863358081984e-08,1,ok
CP-011-FIG11-001,n1_over_n5=1.1,1.1,a_over_A5=4,4,exact,eq20,1,1.1000000000000001,0.82644628099173545,4,58,1.1599999999999999,4.6399999999999997,0.22059147593164602,0.97536629055257906,6.3477189219706904e-08,1,ok
CP-011-FIG11-001,n1_over_n5=1.1,1.1,a_over_A5=4,4,exact,eq20,1,1.1000000000000001,0.82644628099173545,4,59,1.1799999999999999,4.7199999999999998,0.22059147593164602,0.97536629055257906,4.9677113328778024e-08,1,ok
CP-011-FIG11-001,n1_over_n5=1.1,1.1,a_over_A5=4,4,exact,eq20,1,1.1000000000000001,0.82644628099173545,4,60,1.2,4.7999999999999998,0.22059147593164602,0.97536629055257906,3.887720327594634e-08,1,ok
CP-011-FIG11-001,n1_over_n5=1.1,1.1,a_over_A5=4,4,exact,eq20,1,1.1000000000000001,0.82644628099173545,4,61,1.22,4.8799999999999999,0.22059147593164602,0.97536629055257906,3.0425216629559579e-08,1,ok
CP-011-FIG11-001,n1_over_n5=1.1,1.1,a_over_A5=4,4,exact,eq20,1,1.1000000000000001,0.82644628099173545,4,62,1.24,4.96,0.22059147593164602,0.97536629055257906,2.3810709849295244e-08,1,ok
CP-011-FIG11-001,n1_over_n5=1.1,1.1,a_over_A5=4,4,exact,eq20,1,1.1000000000000001,0.82644628099173545,4,63,1.26,5.04,0.22059147593164602,0.97536629055257906,1.8634210905716476e-08,1,ok
CP-011-FIG11-001,n1_over_n5=1.1,1.1,a_over_A5=4,4,exact,eq20,1,1.1000000000000001,0.82644628099173545,4,64,1.28,5.1200000000000001,0.22059147593164602,0.97536629055257906,1.458309383787648e-08,1,ok
CP-011-FIG11-001,n1_over_n5=1.1,1.1,a_over_A5=4,4,exact,eq20,1,1.1000000000000001,0.82644628099173545,4,65,1.3,5.2000000000000002,0.22059147593164602,0.97536629055257906,1.1412698233391322e-08,1,ok
CP-011-FIG11-001,n1_over_n5=1.1,1.1,a_over_A5=4,4,exact,eq20,1,1.1000000000000001,0.82644628099173545,4,66,1.3200000000000001,5.2800000000000002,0.22059147593164602,0.97536629055257906,8.9315533736851746e-09,1,ok
CP-011-FIG11-001,n1_over_n5=1.1,1.1,a_over_A5=4,4,exact,eq20,1,1.1000000000000001,0.82644628099173545,4,67,1.3400000000000001,5.3600000000000003,0.22059147593164602,0.97536629055257906,6.9898146814736471e-09,1,ok
CP-011-FIG11-001,n1_over_n5=1.1,1.1,a_over_A5=4,4,exact,eq20,1,1.1000000000000001,0.82644628099173545,4,68,1.3600000000000001,5.4400000000000004,0.22059147593164602,0.97536629055257906,5.4702141091483909e-09,1,ok
CP-011-FIG11-001,n1_over_n5=1.1,1.1,a_over_A5=4,4,exact,eq20,1,1.1000000000000001,0.82644628099173545,4,69,1.3800000000000001,5.5200000000000005,0.22059147593164602,0.97536629055257906,4.2809779319667844e-09,1,ok
CP-011-FIG11-001,n1_over_n5=1.1,1.1,a_over_A5=4,4,exact,eq20,1,1.1000000000000001,0.82644628099173545,4,70,1.4000000000000001,5.6000000000000005,0.22059147593164602,0.97536629055257906,3.3502842280591714e-09,1,ok
CP-011-FIG11-001,n1_over_n5=1.1,1.1,a_over_A5=4,4,exact,eq20,1,1.1000000000000001,0.82644628099173545,4,71,1.4199999999999999,5.6799999999999997,0.22059147593164602,0.97536629055257906,2.6219253140661058e-09,1,ok
CP-011-FIG11-001,n1_over_n5=1.1,1.1,a_over_A5=4,4,exact,eq20,1,1.1000000000000001,0.82644628099173545,4,72,1.4399999999999999,5.7599999999999998,0.22059147593164602,0.97536629055257906,2.0519131764898077e-09,1,ok
CP-011-FIG11-001,n1_over_n5=1.1,1.1,a_over_A5=4,4,exact,eq20,1,1.1000000000000001,0.82644628099173545,4,73,1.46,5.8399999999999999,0.22059147593164602,0.97536629055257906,1.605822889486916e-09,1,ok
CP-011-FIG11-001,n1_over_n5=1.1,1.1,a_over_A5=4,4,exact,eq20,1,1.1000000000000001,0.82644628099173545,4,74,1.48,5.9199999999999999,0.22059147593164602,0.97536629055257906,1.2567135792808716e-09,1,ok
CP-011-FIG11-001,n1_over_n5=1.1,1.1,a_over_A5=4,4,exact,eq20,1,1.1000000000000001,0.82644628099173545,4,75,1.5,6,0.22059147593164602,0.97536629055257906,9.8350137533135407e-10,1,ok
CP-011-FIG11-001,n1_over_n5=1.1,1.1,a_over_A5=4,4,exact,eq20,1,1.1000000000000001,0.82644628099173545,4,76,1.52,6.0800000000000001,0.22059147593164602,0.97536629055257906,7.6968608537847162e-10,1,ok
CP-011-FIG11-001,n1_over_n5=1.1,1.1,a_over_A5=4,4,exact,eq20,1,1.1000000000000001,0.82644628099173545,4,77,1.54,6.1600000000000001,0.22059147593164602,0.97536629055257906,6.0235469403959215e-10,1,ok
CP-011-FIG11-001,n1_over_n5=1.1,1.1,a_over_A5=4,4,exact,eq20,1,1.1000000000000001,0.82644628099173545,4,78,1.5600000000000001,6.2400000000000002,0.22059147593164602,0.97536629055257906,4.7140150292975431e-10,1,ok
CP-011-FIG11-001,n1_over_n5=1.1,1.1,a_over_A5=4,4,exact,eq20,1,1.1000000000000001,0.82644628099173545,4,79,1.5800000000000001,6.3200000000000003,0.22059147593164602,0.97536629055257906,3.6891781397792854e-10,1,ok
CP-011-FIG11-001,n1_over_n5=1.1,1.1,a_over_A5=4,4,exact,eq20,1,1.1000000000000001,0.82644628099173545,4,80,1.6000000000000001,6.4000000000000004,0.22059147593164602,0.97536629055257906,2.8871429688788117e-10,1,ok
CP-011-FIG11-001,n1_over_n5=1.1,1.1,a_over_A5=4,4,exact,eq20,1,1.1000000000000001,0.82644628099173545,4,81,1.6200000000000001,6.4800000000000004,0.22059147593164602,0.97536629055257906,2.2594719492848886e-10,1,ok
CP-011-FIG11-001,n1_over_n5=1.1,1.1,a_over_A5=4,4,exact,eq20,1,1.1000000000000001,0.82644628099173545,4,82,1.6400000000000001,6.5600000000000005,0.22059147593164602,0.97536629055257906,1.7682579437996587e-10,1,ok
CP-011-FIG11-001,n1_over_n5=1.1,1.1,a_over_A5=4,4,exact,eq20,1,1.1000000000000001,0.82644628099173545,4,83,1.6600000000000001,6.6400000000000006,0.22059147593164602,0.97536629055257906,1.383834907443826e-10,1,ok
CP-011-FIG11-001,n1_over_n5=1.1,1.1,a_over_A5=4,4,exact,eq20,1,1.1000000000000001,0.82644628099173545,4,84,1.6799999999999999,6.7199999999999998,0.22059147593164602,0.97536629055257906,1.0829862564876166e-10,1,ok
CP-011-FIG11-001,n1_over_n5=1.1,1.1,a_over_A5=4,4,exact,eq20,1,1.1000000000000001,0.82644628099173545,4,85,1.7,6.7999999999999998,0.22059147593164602,0.97536629055257906,8.4754274186327322e-11,1,ok
CP-011-FIG11-001,n1_over_n5=1.1,1.1,a_over_A5=4,4,exact,eq20,1,1.1000000000000001,0.82644628099173545,4,86,1.72,6.8799999999999999,0.22059147593164602,0.97536629055257906,6.6328514787882154e-11,1,ok
CP-011-FIG11-001,n1_over_n5=1.1,1.1,a_over_A5=4,4,exact,eq20,1,1.1000000000000001,0.82644628099173545,4,87,1.74,6.96,0.22059147593164602,0.97536629055257906,5.1908554656421082e-11,1,ok
CP-011-FIG11-001,n1_over_n5=1.1,1.1,a_over_A5=4,4,exact,eq20,1,1.1000000000000001,0.82644628099173545,4,88,1.76,7.04,0.22059147593164602,0.97536629055257906,4.062352451484311e-11,1,ok
CP-011-FIG11-001,n1_over_n5=1.1,1.1,a_over_A5=4,4,exact,eq20,1,1.1000000000000001,0.82644628099173545,4,89,1.78,7.1200000000000001,0.22059147593164602,0.97536629055257906,3.1791883918384554e-11,1,ok
CP-011-FIG11-001,n1_over_n5=1.1,1.1,a_over_A5=4,4,exact,eq20,1,1.1000000000000001,0.82644628099173545,4,90,1.8,7.2000000000000002,0.22059147593164602,0.97536629055257906,2.4880260763950649e-11,1,ok
CP-011-FIG11-001,n1_over_n5=1.1,1.1,a_over_A5=4,4,exact,eq20,1,1.1000000000000001,0.82644628099173545,4,91,1.8200000000000001,7.2800000000000002,0.22059147593164602,0.97536629055257906,1.947123917762584e-11,1,ok
CP-011-FIG11-001,n1_over_n5=1.1,1.1,a_over_A5=4,4,exact,eq20,1,1.1000000000000001,0.82644628099173545,4,92,1.8400000000000001,7.3600000000000003,0.22059147593164602,0.97536629055257906,1.5238150383923502e-11,1,ok
CP-011-FIG11-001,n1_over_n5=1.1,1.1,a_over_A5=4,4,exact,eq20,1,1.1000000000000001,0.82644628099173545,4,93,1.8600000000000001,7.4400000000000004,0.22059147593164602,0.97536629055257906,1.1925344093656221e-11,1,ok
CP-011-FIG11-001,n1_over_n5=1.1,1.1,a_over_A5=4,4,exact,eq20,1,1.1000000000000001,0.82644628099173545,4,94,1.8800000000000001,7.5200000000000005,0.22059147593164602,0.97536629055257906,9.3327489340267469e-12,1,ok
CP-011-FIG11-001,n1_over_n5=1.1,1.1,a_over_A5=4,4,exact,eq20,1,1.1000000000000001,0.82644628099173545,4,95,1.9000000000000001,7.6000000000000005,0.22059147593164602,0.97536629055257906,7.3037894740422048e-12,1,ok
CP-011-FIG11-001,n1_over_n5=1.1,1.1,a_over_A5=4,4,exact,eq20,1,1.1000000000000001,0.82644628099173545,4,96,1.9199999999999999,7.6799999999999997,0.22059147593164602,0.97536629055257906,5.7159301142919445e-12,1,ok
CP-011-FIG11-001,n1_over_n5=1.1,1.1,a_over_A5=4,4,exact,eq20,1,1.1000000000000001,0.82644628099173545,4,97,1.9399999999999999,7.7599999999999998,0.22059147593164602,0.97536629055257906,4.4732747551919109e-12,1,ok
CP-011-FIG11-001,n1_over_n5=1.1,1.1,a_over_A5=4,4,exact,eq20,1,1.1000000000000001,0.82644628099173545,4,98,1.96,7.8399999999999999,0.22059147593164602,0.97536629055257906,3.5007753130858802e-12,1,ok
CP-011-FIG11-001,n1_over_n5=1.1,1.1,a_over_A5=4,4,exact,eq20,1,1.1000000000000001,0.82644628099173545,4,99,1.98,7.9199999999999999,0.22059147593164602,0.97536629055257906,2.7396993172590574e-12,1,ok
CP-011-FIG11-001,n1_over_n5=1.1,1.1,a_over_A5=4,4,exact,eq20,1,1.1000000000000001,0.82644628099173545,4,100,2,8,0.22059147593164602,0.97536629055257906,2.1440828609972733e-12,1,ok
CP-011-FIG11-001,n1_over_n5=1.1,1.1,a_over_A5=4,4,exact,eq20,1,1.1000000000000001,0.82644628099173545,4,101,2.02,8.0800000000000001,0.22059147593164602,0.97536629055257906,1.6779546886267117e-12,1,ok
CP-011-FIG11-001,n1_over_n5=1.1,1.1,a_over_A5=4,4,exact,eq20,1,1.1000000000000001,0.82644628099173545,4,102,2.04,8.1600000000000001,0.22059147593164602,0.97536629055257906,1.3131637719331342e-12,1,ok
CP-011-FIG11-001,n1_over_n5=1.1,1.1,a_over_A5=4,4,exact,eq20,1,1.1000000000000001,0.82644628099173545,4,103,2.0600000000000001,8.2400000000000002,0.22059147593164602,0.97536629055257906,1.0276791760860694e-12,1,ok
CP-011-FIG11-001,n1_over_n5=1.1,1.1,a_over_A5=4,4,exact,eq20,1,1.1000000000000001,0.82644628099173545,4,104,2.0800000000000001,8.3200000000000003,0.22059147593164602,0.97536629055257906,8.0425953832567356e-13,1,ok
CP-011-FIG11-001,n1_over_n5=1.1,1.1,a_over_A5=4,4,exact,eq20,1,1.1000000000000001,0.82644628099173545,4,105,2.1000000000000001,8.4000000000000004,0.22059147593164602,0.97536629055257906,6.2941180481178926e-13,1,ok
CP-011-FIG11-001,n1_over_n5=1.1,1.1,a_over_A5=4,4,exact,eq20,1,1.1000000000000001,0.82644628099173545,4,106,2.1200000000000001,8.4800000000000004,0.22059147593164602,0.97536629055257906,4.9257634029577991e-13,1,ok
CP-011-FIG11-001,n1_over_n5=1.1,1.1,a_over_A5=4,4,exact,eq20,1,1.1000000000000001,0.82644628099173545,4,107,2.1400000000000001,8.5600000000000005,0.22059147593164602,0.97536629055257906,3.8548919668219007e-13,1,ok
CP-011-FIG11-001,n1_over_n5=1.1,1.1,a_over_A5=4,4,exact,eq20,1,1.1000000000000001,0.82644628099173545,4,108,2.1600000000000001,8.6400000000000006,0.22059147593164602,0.97536629055257906,3.0168302576093666e-13,1,ok
CP-011-FIG11-001,n1_over_n5=1.1,1.1,a_over_A5=4,4,exact,eq20,1,1.1000000000000001,0.82644628099173545,4,109,2.1800000000000002,8.7200000000000006,0.22059147593164602,0.97536629055257906,2.3609649457260519e-13,1,ok
CP-011-FIG11-001,n1_over_n5=1.1,1.1,a_over_A5=4,4,exact,eq20,1,1.1000000000000001,0.82644628099173545,4,110,2.2000000000000002,8.8000000000000007,0.22059147593164602,0.97536629055257906,1.8476861470370953e-13,1,ok
CP-011-FIG11-001,n1_over_n5=1.1,1.1,a_over_A5=4,4,exact,eq20,1,1.1000000000000001,0.82644628099173545,4,111,2.2200000000000002,8.8800000000000008,0.22059147593164602,0.97536629055257906,1.445995250430516e-13,1,ok
CP-011-FIG11-001,n1_over_n5=1.1,1.1,a_over_A5=4,4,exact,eq20,1,1.1000000000000001,0.82644628099173545,4,112,2.2400000000000002,8.9600000000000009,0.22059147593164602,0.97536629055257906,1.1316328087540817e-13,1,ok
CP-011-FIG11-001,n1_over_n5=1.1,1.1,a_over_A5=4,4,exact,eq20,1,1.1000000000000001,0.82644628099173545,4,113,2.2600000000000002,9.0400000000000009,0.22059147593164602,0.97536629055257906,8.8561343024286599e-14,1,ok
CP-011-FIG11-001,n1_over_n5=1.1,1.1,a_over_A5=4,4,exact,eq20,1,1.1000000000000001,0.82644628099173545,4,114,2.2800000000000002,9.120000000000001,0.22059147593164602,0.97536629055257906,6.9307918766516924e-14,1,ok
CP-011-FIG11-001,n1_over_n5=1.1,1.1,a_over_A5=4,4,exact,eq20,1,1.1000000000000001,0.82644628099173545,4,115,2.3000000000000003,9.2000000000000011,0.22059147593164602,0.97536629055257906,5.4240229875791276e-14,1,ok
CP-011-FIG11-001,n1_over_n5=1.1,1.1,a_over_A5=4,4,exact,eq20,1,1.1000000000000001,0.82644628099173545,4,116,2.3199999999999998,9.2799999999999994,0.22059147593164602,0.97536629055257906,4.244828858430518e-14,1,ok
CP-011-FIG11-001,n1_over_n5=1.1,1.1,a_over_A5=4,4,exact,eq20,1,1.1000000000000001,0.82644628099173545,4,117,2.3399999999999999,9.3599999999999994,0.22059147593164602,0.97536629055257906,3.3219940399637932e-14,1,ok
CP-011-FIG11-001,n1_over_n5=1.1,1.1,a_over_A5=4,4,exact,eq20,1,1.1000000000000001,0.82644628099173545,4,118,2.3599999999999999,9.4399999999999995,0.22059147593164602,0.97536629055257906,2.5997854730085114e-14,1,ok
CP-011-FIG11-001,n1_over_n5=1.1,1.1,a_over_A5=4,4,exact,eq20,1,1.1000000000000001,0.82644628099173545,4,119,2.3799999999999999,9.5199999999999996,0.22059147593164602,0.97536629055257906,2.0345865839481623e-14,1,ok
CP-011-FIG11-001,n1_over_n5=1.1,1.1,a_over_A5=4,4,exact,eq20,1,1.1000000000000001,0.82644628099173545,4,120,2.3999999999999999,9.5999999999999996,0.22059147593164602,0.97536629055257906,1.5922631350007164e-14,1,ok
CP-011-FIG11-001,n1_over_n5=1.1,1.1,a_over_A5=4,4,exact,eq20,1,1.1000000000000001,0.82644628099173545,4,121,2.4199999999999999,9.6799999999999997,0.22059147593164602,0.97536629055257906,1.2461017442484547e-14,1,ok
CP-011-FIG11-001,n1_over_n5=1.1,1.1,a_over_A5=4,4,exact,eq20,1,1.1000000000000001,0.82644628099173545,4,122,2.4399999999999999,9.7599999999999998,0.22059147593164602,0.97536629055257906,9.7519657579608677e-15,1,ok
CP-011-FIG11-001,n1_over_n5=1.1,1.1,a_over_A5=4,4,exact,eq20,1,1.1000000000000001,0.82644628099173545,4,123,2.46,9.8399999999999999,0.22059147593164602,0.97536629055257906,7.6318676691844467e-15,1,ok
CP-011-FIG11-001,n1_over_n5=1.1,1.1,a_over_A5=4,4,exact,eq20,1,1.1000000000000001,0.82644628099173545,4,124,2.48,9.9199999999999999,0.22059147593164602,0.97536629055257906,5.9726834123053719e-15,1,ok
CP-011-FIG11-001,n1_over_n5=1.1,1.1,a_over_A5=4,4,exact,eq20,1,1.1000000000000001,0.82644628099173545,4,125,2.5,10,0.22059147593164602,0.97536629055257906,4.6742093403513894e-15,1,ok
CP-011-FIG11-001,n1_over_n5=1.1,1.1,a_over_A5=4,4,exact,eq20,1,1.1000000000000001,0.82644628099173545,4,126,2.52,10.08,0.22059147593164602,0.97536629055257906,3.6580262922382262e-15,1,ok
CP-011-FIG11-001,n1_over_n5=1.1,1.1,a_over_A5=4,4,exact,eq20,1,1.1000000000000001,0.82644628099173545,4,127,2.54,10.16,0.22059147593164602,0.97536629055257906,2.8627635992230076e-15,1,ok
CP-011-FIG11-001,n1_over_n5=1.1,1.1,a_over_A5=4,4,exact,eq20,1,1.1000000000000001,0.82644628099173545,4,128,2.5600000000000001,10.24,0.22059147593164602,0.97536629055257906,2.2403927064235871e-15,1,ok
CP-011-FIG11-001,n1_over_n5=1.1,1.1,a_over_A5=4,4,exact,eq20,1,1.1000000000000001,0.82644628099173545,4,129,2.5800000000000001,10.32,0.22059147593164602,0.97536629055257906,1.7533265688994937e-15,1,ok
CP-011-FIG11-001,n1_over_n5=1.1,1.1,a_over_A5=4,4,exact,eq20,1,1.1000000000000001,0.82644628099173545,4,130,2.6000000000000001,10.4,0.22059147593164602,0.97536629055257906,1.3721496451915493e-15,1,ok
CP-011-FIG11-001,n1_over_n5=1.1,1.1,a_over_A5=4,4,exact,eq20,1,1.1000000000000001,0.82644628099173545,4,131,2.6200000000000001,10.48,0.22059147593164602,0.97536629055257906,1.0738413950922242e-15,1,ok
CP-011-FIG11-001,n1_over_n5=1.1,1.1,a_over_A5=4,4,exact,eq20,1,1.1000000000000001,0.82644628099173545,4,132,2.6400000000000001,10.56,0.22059147593164602,0.97536629055257906,8.4038599277751433e-16,1,ok
CP-011-FIG11-001,n1_over_n5=1.1,1.1,a_over_A5=4,4,exact,eq20,1,1.1000000000000001,0.82644628099173545,4,133,2.6600000000000001,10.640000000000001,0.22059147593164602,0.97536629055257906,6.5768429125978512e-16,1,ok
CP-011-FIG11-001,n1_over_n5=1.1,1.1,a_over_A5=4,4,exact,eq20,1,1.1000000000000001,0.82644628099173545,4,134,2.6800000000000002,10.720000000000001,0.22059147593164602,0.97536629055257906,5.1470232808175774e-16,1,ok
CP-011-FIG11-001,n1_over_n5=1.1,1.1,a_over_A5=4,4,exact,eq20,1,1.1000000000000001,0.82644628099173545,4,135,2.7000000000000002,10.800000000000001,0.22059147593164602,0.97536629055257906,4.0280494768292812e-16,1,ok
CP-011-FIG11-001,n1_over_n5=1.1,1.1,a_over_A5=4,4,exact,eq20,1,1.1000000000000001,0.82644628099173545,4,136,2.7200000000000002,10.880000000000001,0.22059147593164602,0.97536629055257906,3.1523429568026662e-16,1,ok
CP-011-FIG11-001,n1_over_n5=1.1,1.1,a_over_A5=4,4,exact,eq20,1,1.1000000000000001,0.82644628099173545,4,137,2.7400000000000002,10.960000000000001,0.22059147593164602,0.97536629055257906,2.467016896010323e-16,1,ok
CP-011-FIG11-001,n1_over_n5=1.1,1.1,a_over_A5=4,4,exact,eq20,1,1.1000000000000001,0.82644628099173545,4,138,2.7600000000000002,11.040000000000001,0.22059147593164602,0.97536629055257906,1.9306821778596844e-16,1,ok
CP-011-FIG11-001,n1_over_n5=1.1,1.1,a_over_A5=4,4,exact,eq20,1,1.1000000000000001,0.82644628099173545,4,139,2.7800000000000002,11.120000000000001,0.22059147593164602,0.97536629055257906,1.5109477677000132e-16,1,ok
CP-011-FIG11-001,n1_over_n5=1.1,1.1,a_over_A5=4,4,exact,eq20,1,1.1000000000000001,0.82644628099173545,4,140,2.8000000000000003,11.200000000000001,0.22059147593164602,0.97536629055257906,1.1824645106780342e-16,1,ok
CP-011-FIG11-001,n1_over_n5=1.1,1.1,a_over_A5=4,4,exact,eq20,1,1.1000000000000001,0.82644628099173545,4,141,2.8199999999999998,11.279999999999999,0.22059147593164602,0.97536629055257906,9.253942120987066e-17,1,ok
CP-011-FIG11-001,n1_over_n5=1.1,1.1,a_over_A5=4,4,exact,eq20,1,1.1000000000000001,0.82644628099173545,4,142,2.8399999999999999,11.359999999999999,0.22059147593164602,0.97536629055257906,7.2421154297031666e-17,1,ok
CP-011-FIG11-001,n1_over_n5=1.1,1.1,a_over_A5=4,4,exact,eq20,1,1.1000000000000001,0.82644628099173545,4,143,2.8599999999999999,11.44,0.22059147593164602,0.97536629055257906,5.6676641383132324e-17,1,ok
CP-011-FIG11-001,n1_over_n5=1.1,1.1,a_over_A5=4,4,exact,eq20,1,1.1000000000000001,0.82644628099173545,4,144,2.8799999999999999,11.52,0.22059147593164602,0.97536629055257906,4.4355019050059877e-17,1,ok
CP-011-FIG11-001,n1_over_n5=1.1,1.1,a_over_A5=4,4,exact,eq20,1,1.1000000000000001,0.82644628099173545,4,145,2.8999999999999999,11.6,0.22059147593164602,0.97536629055257906,3.4712143608366943e-17,1,ok
CP-011-FIG11-001,n1_over_n5=1.1,1.1,a_over_A5=4,4,exact,eq20,1,1.1000000000000001,0.82644628099173545,4,146,2.9199999999999999,11.68,0.22059147593164602,0.97536629055257906,2.7165649788763982e-17,1,ok
CP-011-FIG11-001,n1_over_n5=1.1,1.1,a_over_A5=4,4,exact,eq20,1,1.1000000000000001,0.82644628099173545,4,147,2.9399999999999999,11.76,0.22059147593164602,0.97536629055257906,2.1259779769633512e-17,1,ok
CP-011-FIG11-001,n1_over_n5=1.1,1.1,a_over_A5=4,4,exact,eq20,1,1.1000000000000001,0.82644628099173545,4,148,2.96,11.84,0.22059147593164602,0.97536629055257906,1.6637858448733233e-17,1,ok
CP-011-FIG11-001,n1_over_n5=1.1,1.1,a_over_A5=4,4,exact,eq20,1,1.1000000000000001,0.82644628099173545,4,149,2.98,11.92,0.22059147593164602,0.97536629055257906,1.3020752649351541e-17,1,ok
CP-011-FIG11-001,n1_over_n5=1.1,1.1,a_over_A5=4,4,exact,eq20,1,1.1000000000000001,0.82644628099173545,4,150,3,12,0.22059147593164602,0.97536629055257906,1.0190013340839833e-17,1,ok
