case_id,curve_id,solver_model,mode_family,p,q,sample_index,a_over_A,a,b,guided,domain_valid,kx,ky,kz,kz_normalized_against_n4
SG-008-METAL-001,E_y_1_1,exact,E_y,1,1,0,0.050000000000000003,5.4660816661012134e-08,2.7330408330506067e-08,0,1,2864910.9041504455,2866458.1897377502,8508944.8563008979,-0.98883735667843331
SG-008-METAL-001,E_y_1_1,exact,E_y,1,1,1,0.082916666666666666,9.064585429617844e-08,4.532292714808922e-08,0,1,2849778.5299309166,2853921.4014316848,8518235.4143683575,-0.96968170135268816
SG-008-METAL-001,E_y_1_1,exact,E_y,1,1,2,0.11583333333333334,1.2663089193134477e-07,6.3315445965672386e-08,0,1,2827778.3582462845,2835553.0199278919,8531690.8193872124,-0.94190173232467234
SG-008-METAL-001,E_y_1_1,exact,E_y,1,1,3,0.14874999999999999,1.6261592956651108e-07,8.130796478325554e-08,0,1,2799585.8677564403,2811773.7850314775,8548841.2525132578,-0.90642946362625409
SG-008-METAL-001,E_y_1_1,exact,E_y,1,1,4,0.1816666666666667,1.9860096720167744e-07,9.9300483600838719e-08,0,1,2765997.496214116,2783099.5112072052,8569133.8285418153,-0.86436628875644017
SG-008-METAL-001,E_y_1_1,exact,E_y,1,1,5,0.21458333333333335,2.3458600483684374e-07,1.1729300241842187e-07,0,1,2727868.7118879328,2750110.7108016638,8591976.6630759127,-0.81689753178454072
SG-008-METAL-001,E_y_1_1,exact,E_y,1,1,6,0.2475,2.7057104247201005e-07,1.3528552123600503e-07,0,1,2686059.0894960491,2713422.0573224332,8616778.2213757839,-0.7652153433314145
SG-008-METAL-001,E_y_1_1,exact,E_y,1,1,7,0.2804166666666667,3.0655608010717638e-07,1.5327804005358819e-07,0,1,2641389.3411181737,2673654.4165515224,8642978.3072321825,-0.71045705584366636
SG-008-METAL-001,E_y_1_1,exact,E_y,1,1,8,0.31333333333333335,3.4254111774234272e-07,1.7127055887117136e-07,0,1,2594611.8791042389,2631411.3426603489,8670069.3856700994,-0.65366176903307993
SG-008-METAL-001,E_y_1_1,exact,E_y,1,1,9,0.34625,3.78526155377509e-07,1.892630776887545e-07,0,1,2546393.969936748,2587261.0176154058,8697608.7395560462,-0.5957445118569088
SG-008-METAL-001,E_y_1_1,exact,E_y,1,1,10,0.37916666666666671,4.1451119301267533e-07,2.0725559650633766e-07,0,1,2497311.1365321772,2541723.7912719427,8725223.0267219432,-0.53748523926019043
SG-008-METAL-001,E_y_1_1,exact,E_y,1,1,11,0.41208333333333336,4.5049623064784166e-07,2.2524811532392083e-07,0,1,2447848.0203295089,2495264.8677540501,8752607.2069370002,-0.47952906110296034
SG-008-METAL-001,E_y_1_1,exact,E_y,1,1,12,0.44500000000000001,4.8648126828300794e-07,2.4324063414150397e-07,0,1,2398404.0930875177,2448291.3145117583,8779519.7508378327,-0.42239411314949771
SG-008-METAL-001,E_y_1_1,exact,E_y,1,1,13,0.47791666666666671,5.2246630591817433e-07,2.6123315295908716e-07,0,1,2349302.0925963838,2401152.4191624159,8805775.7379731741,-0.36648398353379608
SG-008-METAL-001,E_y_1_1,exact,E_y,1,1,14,0.51083333333333336,5.5845134355334061e-07,2.792256717766703e-07,0,1,2300797.6188144097,2354142.4306124728,8831239.0604859181,-0.3121023025357752
SG-008-METAL-001,E_y_1_1,exact,E_y,1,1,15,0.54375000000000007,5.9443638118850699e-07,2.972181905942535e-07,0,1,2253088.8391923709,2307504.8333549285,8855814.5721641369,-0.25946779795109975
SG-008-METAL-001,E_y_1_1,exact,E_y,1,1,16,0.57666666666666677,6.3042141882367338e-07,3.1521070941183669e-07,0,1,2206325.6610057261,2261437.4635565514,8879440.707939595,-0.20872871455199005
SG-008-METAL-001,E_y_1_1,exact,E_y,1,1,17,0.60958333333333348,6.6640645645883966e-07,3.3320322822941983e-07,0,1,2160618.026846996,2216097.9443881214,8902082.8603617717,-0.15997596014057661
SG-008-METAL-001,E_y_1_1,exact,E_y,1,1,18,0.64250000000000007,7.0239149409400594e-07,3.5119574704700297e-07,0,1,2116043.1913503781,2171609.0722275833,8923727.6325290669,-0.11325467481560404
SG-008-METAL-001,E_y_1_1,exact,E_y,1,1,19,0.67541666666666678,7.3837653172917232e-07,3.6918826586458616e-07,0,1,2072651.9643790249,2128063.913893865,8944377.9785261061,-0.068574144274289678
SG-008-METAL-001,E_y_1_1,exact,E_y,1,1,20,0.70833333333333348,7.743615693643386e-07,3.871807846821693e-07,0,1,2030473.9793862072,2085530.4747868381,8964049.1781100351,-0.025916117014982556
SG-008-METAL-001,E_y_1_1,exact,E_y,1,1,21,0.74125000000000008,8.1034660699950488e-07,4.0517330349975244e-07,1,1,1989522.0828764387,2044055.8707422703,8982765.5590489134,0.014758337141013173
SG-008-METAL-001,E_y_1_1,exact,E_y,1,1,22,0.77416666666666678,8.4633164463467127e-07,4.2316582231733563e-07,1,1,1949795.9551081532,2003669.986722948,9000557.8675743099,0.053503254042509704
SG-008-METAL-001,E_y_1_1,exact,E_y,1,1,23,0.80708333333333349,8.8231668226983765e-07,4.4115834113491883e-07,1,1,1911285.0725349761,1964388.6379689304,9017461.1870707721,0.090383305649902893
SG-008-METAL-001,E_y_1_1,exact,E_y,1,1,24,0.84000000000000008,9.1830171990500383e-07,4.5915085995250191e-07,1,1,1873971.1152651042,1926216.2685576938,9033513.3118682019,0.12547025889085867
SG-008-METAL-001,E_y_1_1,exact,E_y,1,1,25,0.87291666666666679,9.5428675754017011e-07,4.7714337877008505e-07,1,1,1837829.9119789242,1889148.2322802301,9048753.4932117742,0.15884020349031991
SG-008-METAL-001,E_y_1_1,exact,E_y,1,1,26,0.90583333333333349,9.902717951753366e-07,4.951358975876683e-07,1,1,1802833.0027144742,1853172.7043891074,9063221.4858644456,0.19057140864821964
SG-008-METAL-001,E_y_1_1,exact,E_y,1,1,27,0.9387500000000002,1.0262568328105029e-06,5.1312841640525144e-07,1,1,1768948.8880670895,1818272.2723353778,9076956.8350227829,0.22074268853876342
SG-008-METAL-001,E_y_1_1,exact,E_y,1,1,28,0.97166666666666679,1.0622418704456692e-06,5.3112093522283458e-07,1,1,1736144.0224115336,1784425.2508800318,9089998.3535350934,0.24943217569747334
SG-008-METAL-001,E_y_1_1,exact,E_y,1,1,29,1.0045833333333334,1.0982269080808354e-06,5.4911345404041772e-07,1,1,1704383.5990877615,1751606.7628308809,9102383.7485226933,0.2767164186736164
SG-008-METAL-001,E_y_1_1,exact,E_y,1,1,30,1.0375000000000001,1.1342119457160017e-06,5.6710597285800086e-07,1,1,1673632.1670598798,1719789.6221132933,9114149.3643048294,0.30266973544079462
SG-008-METAL-001,E_y_1_1,exact,E_y,1,1,31,1.0704166666666668,1.1701969833511682e-06,5.8509849167558411e-07,1,1,1643854.1115389934,1688945.0511486218,9125330.015072396,0.32736376695595487
SG-008-METAL-001,E_y_1_1,exact,E_y,1,1,32,1.1033333333333335,1.2061820209863345e-06,6.0309101049316725e-07,1,1,1615014.0250283494,1659043.260183356,9135958.8861600179,0.35086718606444656
SG-008-METAL-001,E_y_1_1,exact,E_y,1,1,33,1.1362500000000002,1.2421670586215008e-06,6.2108352931075039e-07,1,1,1587076.990387843,1630053.9120276384,9146067.4871919211,0.37324552591965082
SG-008-METAL-001,E_y_1_1,exact,E_y,1,1,34,1.1691666666666669,1.2781520962566673e-06,6.3907604812833363e-07,1,1,1560008.7934252964,1601946.4921229079,9155685.6439381503,0.39456109938958289
SG-008-METAL-001,E_y_1_1,exact,E_y,1,1,35,1.2020833333333336,1.3141371338918335e-06,6.5706856694591677e-07,1,1,1533776.0792051908,1574690.6006711323,9164841.518587226,0.41487298687773838
SG-008-METAL-001,E_y_1_1,exact,E_y,1,1,36,1.2350000000000001,1.3501221715269996e-06,6.750610857634998e-07,1,1,1508346.4635552233,1548256.1807771721,9173561.6504370868,0.43423707480329665
SG-008-METAL-001,E_y_1_1,exact,E_y,1,1,37,1.2679166666666668,1.3861072091621661e-06,6.9305360458108305e-07,1,1,1483688.6090366645,1522613.6942728262,9181871.0108142979,0.45270613081958777
SG-008-METAL-001,E_y_1_1,exact,E_y,1,1,38,1.3008333333333335,1.4220922467973324e-06,7.1104612339866619e-07,1,1,1459772.2728671997,1497734.2548707782,9189793.0674721431,0.47032990493777382
SG-008-METAL-001,E_y_1_1,exact,E_y,1,1,39,1.3337500000000002,1.4580772844324987e-06,7.2903864221624933e-07,1,1,1436568.3328200395,1473589.7266644272,9197349.854844708,0.487155248162569
SG-008-METAL-001,E_y_1_1,exact,E_y,1,1,40,1.3666666666666669,1.4940623220676652e-06,7.4703116103383258e-07,1,1,1414048.7959468979,1450152.7945664958,9204562.0474249814,0.50322624219749168
SG-008-METAL-001,E_y_1_1,exact,E_y,1,1,41,1.3995833333333336,1.5300473597028314e-06,7.6502367985141572e-07,1,1,1392186.7940283252,1427397.012127988,9211449.0342239588,0.51858433530221615
SG-008-METAL-001,E_y_1_1,exact,E_y,1,1,42,1.4325000000000001,1.5660323973379975e-06,7.8301619866899875e-07,1,1,1370956.5688779207,1405296.8312250895,9218028.9928055368,0.53326848058876253
SG-008-METAL-001,E_y_1_1,exact,E_y,1,1,43,1.4654166666666668,1.602017434973164e-06,8.01008717486582e-07,1,1,1350333.4500075695,1383827.6172691868,9224318.9618138205,0.54731527399918534
SG-008-METAL-001,E_y_1_1,exact,E_y,1,1,44,1.4983333333333335,1.6380024726083303e-06,8.1900123630416514e-07,1,1,1330293.8266537692,1362965.6529744086,9230334.9112252258,0.56075908993283841
SG-008-METAL-001,E_y_1_1,exact,E_y,1,1,45,1.5312500000000002,1.6739875102434968e-06,8.3699375512174838e-07,1,1,1310815.1157645984,1342688.1331146879,9236091.8098122161,0.57363221308328416
SG-008-METAL-001,E_y_1_1,exact,E_y,1,1,46,1.5641666666666669,1.709972547878663e-06,8.5498627393933152e-07,1,1,1291875.7272116574,1322973.1523076617,9241603.6894858647,0.58596496547274723
SG-008-METAL-001,E_y_1_1,exact,E_y,1,1,47,1.5970833333333336,1.7459575855138293e-06,8.7297879275691466e-07,1,1,1273455.0272365119,1303799.6874419344,9246883.7063324545,0.59778582802769364
SG-008-METAL-001,E_y_1_1,exact,E_y,1,1,48,1.6300000000000001,1.7819426231489956e-06,8.909713115744978e-07,1,1,1255533.3009098293,1285147.5760950381,9251944.1982627511,0.60912155629442599
SG-008-METAL-001,E_y_1_1,exact,E_y,1,1,49,1.6629166666666668,1.8179276607841619e-06,9.0896383039208094e-07,1,1,1238091.7142298426,1266997.4920019098,9256796.7392732855,0.61999729009666227
SG-008-METAL-001,E_y_1_1,exact,E_y,1,1,50,1.6958333333333335,1.8539126984193282e-06,9.2695634920966408e-07,1,1,1221112.2763331914,1249330.9184533781,9261452.1903743092,0.63043665708198371
SG-008-METAL-001,E_y_1_1,exact,E_y,1,1,51,1.7287500000000002,1.8898977360544947e-06,9.4494886802724733e-07,1,1,1204577.8021834102,1232130.1203316366,9265920.7472793981,0.64046187021345036
SG-008-METAL-001,E_y_1_1,exact,E_y,1,1,52,1.7616666666666669,1.9258827736896611e-06,9.6294138684483057e-07,1,1,1188471.8760154075,1215378.1153185091,9270211.9849833809,0.65009381935126942
SG-008-METAL-001,E_y_1_1,exact,E_y,1,1,53,1.7945833333333336,1.9618678113248274e-06,9.8093390566241371e-07,1,1,1172778.8157397993,1199058.6447495695,9274334.8993665073,0.65935215711029749
SG-008-METAL-001,E_y_1_1,exact,E_y,1,1,54,1.8275000000000003,1.9978528489599937e-06,9.9892642447999685e-07,1,1,1157483.6384554203,1183156.1444512624,9278297.9459790736,0.66825537922992273
SG-008-METAL-001,E_y_1_1,exact,E_y,1,1,55,1.8604166666666668,2.03383788659516e-06,1.01691894329758e-06,1,1,1142572.0271667214,1167655.7158315601,9282109.0761650875,0.67682089971527259
SG-008-METAL-001,E_y_1_1,exact,E_y,1,1,56,1.8933333333333335,2.0698229242303263e-06,1.0349114621151631e-06,1,1,1128030.2987759593,1152543.0974462894,9285775.7706815526,0.68506512101551076
SG-008-METAL-001,E_y_1_1,exact,E_y,1,1,57,1.9262500000000002,2.1058079618654925e-06,1.0529039809327463e-06,1,1,1113845.3733880888,1137804.6372018824,9289305.0709699541,0.69300349951496554
SG-008-METAL-001,E_y_1_1,exact,E_y,1,1,58,1.9591666666666669,2.1417929995006588e-06,1.0708964997503294e-06,1,1,1100004.7449361817,1123427.2653108477,9292703.6082336307,0.70065060661521572
SG-008-METAL-001,E_y_1_1,exact,E_y,1,1,59,1.9920833333333337,2.1777780371358251e-06,1.0888890185679126e-06,1,1,1086496.4531260859,1109398.4680862252,9295977.6304677408,0.70802018567848202
SG-008-METAL-001,E_y_1_1,exact,E_y,1,1,60,2.0250000000000004,2.2137630747709918e-06,1.1068815373854959e-06,1,1,1073309.0566918096,1095706.2626364245,9299133.0275809541,0.71512520509252142
SG-008-METAL-001,E_y_1_1,exact,E_y,1,1,61,2.0579166666666668,2.2497481124061577e-06,1.1248740562030788e-06,1,1,1060431.6079198271,1082339.1725009801,9302175.3547435738,0.72197790771349202
SG-008-METAL-001,E_y_1_1,exact,E_y,1,1,62,2.0908333333333333,2.2857331500413239e-06,1.142866575020662e-06,1,1,1047853.6284246591,1069286.2042507289,9305109.8540855832,0.72858985692338818
SG-008-METAL-001,E_y_1_1,exact,E_y,1,1,63,2.1237500000000002,2.3217181876764906e-06,1.1608590938382453e-06,1,1,1035565.0861208414,1056536.8250432713,9307941.4748664629,0.73497197953980242
SG-008-METAL-001,E_y_1_1,exact,E_y,1,1,64,2.1566666666666667,2.3577032253116565e-06,1.1788516126558283e-06,1,1,1023556.3733605728,1044080.9411533186,9310674.8922233135,0.74113460578547474
SG-008-METAL-001,E_y_1_1,exact,E_y,1,1,65,2.1895833333333332,2.3936882629468228e-06,1.1968441314734114e-06,1,1,1011818.2861821519,1031908.8774478615,9313314.5246037934,0.74708750652880485
SG-008-METAL-001,E_y_1_1,exact,E_y,1,1,66,2.2225000000000001,2.4296733005819891e-06,1.2148366502909945e-06,1,1,1000342.0046300081,1020011.3577944104,9315864.5499785729,0.752839927983179
SG-008-METAL-001,E_y_1_1,exact,E_y,1,1,67,2.2554166666666666,2.4656583382171553e-06,1.2328291691085777e-06,1,1,989119.07408685284,1008379.4863787724,9318328.9209241979,0.75840062404731734
SG-008-METAL-001,E_y_1_1,exact,E_y,1,1,68,2.2883333333333336,2.501643375852322e-06,1.250821687926161e-06,1,1,978141.38758790889,997004.72990232043,9320711.3786579762,0.7637778864504855
SG-008-METAL-001,E_y_1_1,exact,E_y,1,1,69,2.32125,2.5376284134874879e-06,1.268814206743744e-06,1,1,967401.16905382613,985878.90064044879,9323015.4661026672,0.76897957286005025
SG-008-METAL-001,E_y_1_1,exact,E_y,1,1,70,2.354166666666667,2.5736134511226546e-06,1.2868067255613273e-06,1,1,956890.95740243001,974994.14030341455,9325244.5400546845,0.77401313310169717
SG-008-METAL-001,E_y_1_1,exact,E_y,1,1,71,2.3870833333333334,2.6095984887578209e-06,1.3047992443789104e-06,1,1,946603.59149944747,964342.90470609721,9327401.7825173382,0.77888563361693164
SG-008-METAL-001,E_y_1_1,exact,E_y,1,1,72,2.4199999999999999,2.6455835263929867e-06,1.3227917631964934e-06,1,1,936532.19589919993,953917.94917872106,9329490.2112646624,0.78360378029309274
SG-008-METAL-001,E_y_1_1,exact,E_y,1,1,73,2.4529166666666669,2.6815685640281534e-06,1.3407842820140767e-06,1,1,926670.16733214178,943712.31470286148,9331512.6896907259,0.78817393977853345
SG-008-METAL-001,E_y_1_1,exact,E_y,1,1,74,2.4858333333333333,2.7175536016633197e-06,1.3587768008316599e-06,1,1,917011.16190526611,933719.31474267459,9333471.9359958377,0.79260215938891321
SG-008-METAL-001,E_y_1_1,exact,E_y,1,1,75,2.5187500000000003,2.7535386392984864e-06,1.3767693196492432e-06,1,1,907549.08297486533,923932.52272561437,9335370.5317596067,0.79689418570843806
SG-008-METAL-001,E_y_1_1,exact,E_y,1,1,76,2.5516666666666667,2.7895236769336523e-06,1.3947618384668261e-06,1,1,898278.06964917888,914345.76015564881,9337210.9299446046,0.80105548197678245
SG-008-METAL-001,E_y_1_1,exact,E_y,1,1,77,2.5845833333333332,2.8255087145688186e-06,1.4127543572844093e-06,1,1,889192.48590001382,904953.08531780797,9338995.4623715822,0.80509124434698986
SG-008-METAL-001,E_y_1_1,exact,E_y,1,1,78,2.6175000000000002,2.8614937522039853e-06,1.4307468761019926e-06,1,1,880286.91023335699,895748.7825511985,9340726.3467052784,0.80900641709609644
SG-008-METAL-001,E_y_1_1,exact,E_y,1,1,79,2.6504166666666666,2.8974787898391511e-06,1.4487393949195756e-06,1,1,871556.12590035459,886727.35205715708,9342405.6929852664,0.81280570686052167
SG-008-METAL-001,E_y_1_1,exact,E_y,1,1,80,2.6833333333333336,2.9334638274743178e-06,1.4667319137371589e-06,1,1,862995.11161631427,877883.50022228807,9344035.5097339004,0.81649359596350668
SG-008-METAL-001,E_y_1_1,exact,E_y,1,1,81,2.7162500000000001,2.9694488651094841e-06,1.4847244325547421e-06,1,1,854599.03275147069,869212.13041914441,9345617.7096731663,0.8200743549018048
SG-008-METAL-001,E_y_1_1,exact,E_y,1,1,82,2.749166666666667,3.0054339027446504e-06,1.5027169513723252e-06,1,1,846363.23298338079,860708.33427082561,9347154.1150756106,0.82355205404437937
SG-008-METAL-001,E_y_1_1,exact,E_y,1,1,83,2.7820833333333335,3.0414189403798167e-06,1.5207094701899083e-06,1,1,838283.22636684531,852367.38335009234,9348646.462777229,0.82693057460234742
SG-008-METAL-001,E_y_1_1,exact,E_y,1,1,84,2.8149999999999999,3.0774039780149829e-06,1.5387019890074915e-06,1,1,830354.68981188687,844184.72128751362,9350096.4088749588,0.83021361891801171
SG-008-METAL-001,E_y_1_1,exact,E_y,1,1,85,2.8479166666666669,3.1133890156501492e-06,1.5566945078250746e-06,1,1,822573.45594200701,836155.95627296553,9351505.5331306495,0.83340472011939382
SG-008-METAL-001,E_y_1_1,exact,E_y,1,1,86,2.8808333333333334,3.1493740532853155e-06,1.5746870266426578e-06,1,1,814935.50631051394,828276.85392957088,9352875.3431018852,0.83650725118358571
SG-008-METAL-001,E_y_1_1,exact,E_y,1,1,87,2.9137500000000003,3.1853590909204822e-06,1.5926795454602411e-06,1,1,807436.96495857823,820543.33053002693,9354207.2780190967,0.83952443345043093
SG-008-METAL-001,E_y_1_1,exact,E_y,1,1,88,2.9466666666666668,3.2213441285556481e-06,1.610672064277824e-06,1,1,800074.09229313559,812951.44655596849,9355502.7124248184,0.84245934462014094
SG-008-METAL-001,E_y_1_1,exact,E_y,1,1,89,2.9795833333333337,3.2573291661908148e-06,1.6286645830954074e-06,1,1,792843.27926731552,805497.40056443587,9356762.9595928565,0.84531492627304483
SG-008-METAL-001,E_y_1_1,exact,E_y,1,1,90,3.0125000000000002,3.293314203825981e-06,1.6466571019129905e-06,1,1,785741.04184934613,798177.52335163951,9357989.2747413442,0.84809399094125804
SG-008-METAL-001,E_y_1_1,exact,E_y,1,1,91,3.0454166666666667,3.3292992414611469e-06,1.6646496207305735e-06,1,1,778764.0157639368,790988.27240422729,9359182.8580530714,0.85079922876090164
SG-008-METAL-001,E_y_1_1,exact,E_y,1,1,92,3.0783333333333336,3.3652842790963136e-06,1.6826421395481568e-06,1,1,771908.95148423524,783926.22661321971,9360344.8575173095,0.85343321373557934
SG-008-METAL-001,E_y_1_1,exact,E_y,1,1,93,3.1112500000000001,3.4012693167314799e-06,1.7006346583657399e-06,1,1,765172.70947306347,776988.08124146541,9361476.3716035001,0.85599840963320506
SG-008-METAL-001,E_y_1_1,exact,E_y,1,1,94,3.144166666666667,3.4372543543666466e-06,1.7186271771833233e-06,1,1,758552.25564925221,770170.64313612971,9362578.4517783877,0.85849717554116656
SG-008-METAL-001,E_y_1_1,exact,E_y,1,1,95,3.1770833333333335,3.4732393920018124e-06,1.7366196960009062e-06,1,1,752044.6570718853,763470.82615876081,9363652.10487758,0.8609317711036033
SG-008-METAL-001,E_y_1_1,exact,E_y,1,1,96,3.21,3.5092244296369787e-06,1.7546122148184894e-06,1,1,745647.07783069578,756885.64684144116,9364698.2953393757,0.86330436145747291
SG-008-METAL-001,E_y_1_1,exact,E_y,1,1,97,3.2429166666666669,3.5452094672721454e-06,1.7726047336360727e-06,1,1,739356.77513019508,750412.22023765079,9365717.9473114256,0.86561702189047196
SG-008-METAL-001,E_y_1_1,exact,E_y,1,1,98,3.2758333333333334,3.5811945049073113e-06,1.7905972524536556e-06,1,1,733171.09555773833,744047.7559743789,9366711.9466370065,0.86787174223528196
SG-008-METAL-001,E_y_1_1,exact,E_y,1,1,99,3.3087500000000003,3.617179542542478e-06,1.808589771271239e-06,1,1,727087.47152637574,737789.55448262033,9367681.1427295059,0.87007043101887094
SG-008-METAL-001,E_y_1_1,exact,E_y,1,1,100,3.3416666666666668,3.6531645801776443e-06,1.8265822900888221e-06,1,1,721103.41788334073,731635.00340232661,9368626.3503417466,0.8722149193811578
SG-008-METAL-001,E_y_1_1,exact,E_y,1,1,101,3.3745833333333337,3.6891496178128106e-06,1.8445748089064053e-06,1,1,715216.52867339947,725581.57415398094,9369548.3512368333,0.87430696477754488
SG-008-METAL-001,E_y_1_1,exact,E_y,1,1,102,3.4075000000000002,3.7251346554479768e-06,1.8625673277239884e-06,1,1,709424.47405280534,719626.81867025059,9370447.8957662266,0.8763482544776674
SG-008-METAL-001,E_y_1_1,exact,E_y,1,1,103,3.4404166666666667,3.7611196930831427e-06,1.8805598465415713e-06,1,1,703724.99734243669,713768.36626486527,9371325.7043621764,0.87834040887598097
SG-008-METAL-001,E_y_1_1,exact,E_y,1,1,104,3.4733333333333336,3.7971047307183094e-06,1.8985523653591547e-06,1,1,698115.91221454693,708003.92065503402,9372182.4689478911,0.88028498462137006
SG-008-METAL-001,E_y_1_1,exact,E_y,1,1,105,3.5062500000000001,3.8330897683534752e-06,1.9165448841767376e-06,1,1,692595.10000661248,702331.25711128919,9373018.8542718496,0.8821834775798294
SG-008-METAL-001,E_y_1_1,exact,E_y,1,1,106,3.539166666666667,3.8690748059886424e-06,1.9345374029943212e-06,1,1,687160.50715572364,696748.21973603964,9373835.4991702512,0.88403732563889725
SG-008-METAL-001,E_y_1_1,exact,E_y,1,1,107,3.5720833333333335,3.9050598436238087e-06,1.9525299218119043e-06,1,1,681810.14274635236,691252.71886105416,9374633.0177623313,0.88584791136416507
SG-008-METAL-001,E_y_1_1,exact,E_y,1,1,108,3.6050000000000004,3.9410448812589749e-06,1.9705224406294875e-06,1,1,676542.07616592362,685842.72856255015,9375412.0005821213,0.88761656451563908
SG-008-METAL-001,E_y_1_1,exact,E_y,1,1,109,3.6379166666666669,3.9770299188941412e-06,1.9885149594470706e-06,1,1,671354.43486493849,680516.28428213974,9376173.0156508032,0.8893445644330602
SG-008-METAL-001,E_y_1_1,exact,E_y,1,1,110,3.6708333333333334,4.0130149565293075e-06,2.0065074782646537e-06,1,1,666245.40221281396,675271.48055558722,9376916.6094928458,0.89103314229710784
SG-008-METAL-001,E_y_1_1,exact,E_y,1,1,111,3.7037500000000003,4.0489999941644738e-06,2.0244999970822369e-06,1,1,661213.21544945543,670106.4688356542,9377643.3080995288,0.89268348327441982
SG-008-METAL-001,E_y_1_1,exact,E_y,1,1,112,3.7366666666666668,4.0849850317996401e-06,2.04249251589982e-06,1,1,656256.16372143896,665019.45541165059,9378353.61784284,0.89429672855294262
SG-008-METAL-001,E_y_1_1,exact,E_y,1,1,113,3.7695833333333337,4.1209700694348063e-06,2.0604850347174032e-06,1,1,651372.58620575326,660008.6994165451,9379048.026342459,0.89587397727354123
SG-008-METAL-001,E_y_1_1,exact,E_y,1,1,114,3.8025000000000002,4.1569551070699726e-06,2.0784775535349863e-06,1,1,646560.87031096872,655072.51091901259,9379727.0032888092,0.8974162883644492
SG-008-METAL-001,E_y_1_1,exact,E_y,1,1,115,3.8354166666666671,4.1929401447051389e-06,2.0964700723525694e-06,1,1,641819.4499558371,650209.2490965121,9380391.0012244154,0.89892468228341493
SG-008-METAL-001,E_y_1_1,exact,E_y,1,1,116,3.8683333333333336,4.2289251823403052e-06,2.1144625911701526e-06,1,1,637146.8039200909,645417.32048872346,9381040.4562858492,0.90040014267257895
SG-008-METAL-001,E_y_1_1,exact,E_y,1,1,117,3.9012500000000001,4.2649102199754715e-06,2.1324551099877357e-06,1,1,632541.45426254487,640695.1773137222,9381675.7889094967,0.90184361793323253
SG-008-METAL-001,E_y_1_1,exact,E_y,1,1,118,3.934166666666667,4.3008952576106377e-06,2.1504476288053189e-06,1,1,628001.96480780398,636041.31586778222,9382297.4045012556,0.90325602272058014
SG-008-METAL-001,E_y_1_1,exact,E_y,1,1,119,3.9670833333333335,4.336880295245804e-06,2.168440147622902e-06,1,1,623526.93969276035,631454.2749807213,9382905.6940742098,0.90463823936753174
SG-008-METAL-001,E_y_1_1,exact,E_y,1,1,120,4.0000000000000009,4.3728653328809711e-06,2.1864326664404856e-06,1,1,619115.02197320107,626932.63453985588,9383501.0348547585,0.90599111923849951
SG-008-METAL-001,E_x_1_1,exact,E_x,1,1,0,0.050000000000000003,5.4660816661012134e-08,2.7330408330506067e-08,0,1,nan,nan,nan,nan
SG-008-METAL-001,E_x_1_1,exact,E_x,1,1,1,0.082916666666666666,9.064585429617844e-08,4.532292714808922e-08,0,1,nan,nan,nan,nan
SG-008-METAL-001,E_x_1_1,exact,E_x,1,1,2,0.11583333333333334,1.2663089193134477e-07,6.3315445965672386e-08,0,1,nan,nan,nan,nan
SG-008-METAL-001,E_x_1_1,exact,E_x,1,1,3,0.14874999999999999,1.6261592956651108e-07,8.130796478325554e-08,0,1,nan,nan,nan,nan
SG-008-METAL-001,E_x_1_1,exact,E_x,1,1,4,0.1816666666666667,1.9860096720167744e-07,9.9300483600838719e-08,0,1,nan,nan,nan,nan
SG-008-METAL-001,E_x_1_1,exact,E_x,1,1,5,0.21458333333333335,2.3458600483684374e-07,1.1729300241842187e-07,0,1,nan,nan,nan,nan
SG-008-METAL-001,E_x_1_1,exact,E_x,1,1,6,0.2475,2.7057104247201005e-07,1.3528552123600503e-07,0,1,nan,nan,nan,nan
SG-008-METAL-001,E_x_1_1,exact,E_x,1,1,7,0.2804166666666667,3.0655608010717638e-07,1.5327804005358819e-07,0,1,nan,nan,nan,nan
SG-008-METAL-001,E_x_1_1,exact,E_x,1,1,8,0.31333333333333335,3.4254111774234272e-07,1.7127055887117136e-07,0,1,nan,nan,nan,nan
SG-008-METAL-001,E_x_1_1,exact,E_x,1,1,9,0.34625,3.78526155377509e-07,1.892630776887545e-07,0,1,nan,nan,nan,nan
SG-008-METAL-001,E_x_1_1,exact,E_x,1,1,10,0.37916666666666671,4.1451119301267533e-07,2.0725559650633766e-07,0,1,nan,nan,nan,nan
SG-008-METAL-001,E_x_1_1,exact,E_x,1,1,11,0.41208333333333336,4.5049623064784166e-07,2.2524811532392083e-07,0,1,nan,nan,nan,nan
SG-008-METAL-001,E_x_1_1,exact,E_x,1,1,12,0.44500000000000001,4.8648126828300794e-07,2.4324063414150397e-07,0,1,nan,nan,nan,nan
SG-008-METAL-001,E_x_1_1,exact,E_x,1,1,13,0.47791666666666671,5.2246630591817433e-07,2.6123315295908716e-07,0,1,nan,nan,nan,nan
SG-008-METAL-001,E_x_1_1,exact,E_x,1,1,14,0.51083333333333336,5.5845134355334061e-07,2.792256717766703e-07,0,1,nan,nan,nan,nan
SG-008-METAL-001,E_x_1_1,exact,E_x,1,1,15,0.54375000000000007,5.9443638118850699e-07,2.972181905942535e-07,0,1,nan,nan,nan,nan
SG-008-METAL-001,E_x_1_1,exact,E_x,1,1,16,0.57666666666666677,6.3042141882367338e-07,3.1521070941183669e-07,0,1,nan,nan,nan,nan
SG-008-METAL-001,E_x_1_1,exact,E_x,1,1,17,0.60958333333333348,6.6640645645883966e-07,3.3320322822941983e-07,0,1,nan,nan,nan,nan
SG-008-METAL-001,E_x_1_1,exact,E_x,1,1,18,0.64250000000000007,7.0239149409400594e-07,3.5119574704700297e-07,0,1,nan,nan,nan,nan
SG-008-METAL-001,E_x_1_1,exact,E_x,1,1,19,0.67541666666666678,7.3837653172917232e-07,3.6918826586458616e-07,0,1,nan,nan,nan,nan
SG-008-METAL-001,E_x_1_1,exact,E_x,1,1,20,0.70833333333333348,7.743615693643386e-07,3.871807846821693e-07,0,1,nan,nan,nan,nan
SG-008-METAL-001,E_x_1_1,exact,E_x,1,1,21,0.74125000000000008,8.1034660699950488e-07,4.0517330349975244e-07,0,1,nan,nan,nan,nan
SG-008-METAL-001,E_x_1_1,exact,E_x,1,1,22,0.77416666666666678,8.4633164463467127e-07,4.2316582231733563e-07,0,1,nan,nan,nan,nan
SG-008-METAL-001,E_x_1_1,exact,E_x,1,1,23,0.80708333333333349,8.8231668226983765e-07,4.4115834113491883e-07,0,1,nan,nan,nan,nan
SG-008-METAL-001,E_x_1_1,exact,E_x,1,1,24,0.84000000000000008,9.1830171990500383e-07,4.5915085995250191e-07,0,1,nan,nan,nan,nan
SG-008-METAL-001,E_x_1_1,exact,E_x,1,1,25,0.87291666666666679,9.5428675754017011e-07,4.7714337877008505e-07,0,1,nan,nan,nan,nan
SG-008-METAL-001,E_x_1_1,exact,E_x,1,1,26,0.90583333333333349,9.902717951753366e-07,4.951358975876683e-07,0,1,nan,nan,nan,nan
SG-008-METAL-001,E_x_1_1,exact,E_x,1,1,27,0.9387500000000002,1.0262568328105029e-06,5.1312841640525144e-07,0,1,nan,nan,nan,nan
SG-008-METAL-001,E_x_1_1,exact,E_x,1,1,28,0.97166666666666679,1.0622418704456692e-06,5.3112093522283458e-07,0,1,nan,nan,nan,nan
SG-008-METAL-001,E_x_1_1,exact,E_x,1,1,29,1.0045833333333334,1.0982269080808354e-06,5.4911345404041772e-07,0,1,1751606.7628321878,2873641.7963393815,8803436.6121723279,-0.37147174858539628
SG-008-METAL-001,E_x_1_1,exact,E_x,1,1,30,1.0375000000000001,1.1342119457160017e-06,5.6710597285800086e-07,0,1,1719789.6221119864,2869158.8811127227,8811168.5139039401,-0.35497980974674304
SG-008-METAL-001,E_x_1_1,exact,E_x,1,1,31,1.0704166666666668,1.1701969833511682e-06,5.8509849167558411e-07,0,1,1688945.0511486218,2858811.5043810848,8820493.2405406442,-0.33507115878668753
SG-008-METAL-001,E_x_1_1,exact,E_x,1,1,32,1.1033333333333335,1.2061820209863345e-06,6.0309101049316725e-07,0,1,1659043.2601846629,2843847.3511142656,8830999.2251273859,-0.31261524827696197
SG-008-METAL-001,E_x_1_1,exact,E_x,1,1,33,1.1362500000000002,1.2421670586215008e-06,6.2108352931075039e-07,0,1,1630053.9120276384,2825248.7742113038,8842360.1610376164,-0.28830184818684262
SG-008-METAL-001,E_x_1_1,exact,E_x,1,1,34,1.1691666666666669,1.2781520962566673e-06,6.3907604812833363e-07,0,1,1601946.4921229079,2803796.1664873958,8854317.2578674834,-0.26267884924592116
SG-008-METAL-001,E_x_1_1,exact,E_x,1,1,35,1.2020833333333336,1.3141371338918335e-06,6.5706856694591677e-07,0,1,1574690.6006711323,2780114.1316772383,8866665.3560857233,-0.23618162674025861
SG-008-METAL-001,E_x_1_1,exact,E_x,1,1,36,1.2350000000000001,1.3501221715269996e-06,6.750610857634998e-07,0,1,1548256.1807771721,2754705.7166994717,8879242.018487433,-0.20915598026039275
SG-008-METAL-001,E_x_1_1,exact,E_x,1,1,37,1.2679166666666668,1.3861072091621661e-06,6.9305360458108305e-07,0,1,1522613.6942728262,2727978.1767397849,8891918.9276021067,-0.18187615056379527
SG-008-METAL-001,E_x_1_1,exact,E_x,1,1,38,1.3008333333333335,1.4220922467973324e-06,7.1104612339866619e-07,0,1,1497734.2548707782,2700262.6225408465,8904595.0767510906,-0.1545590400834225
SG-008-METAL-001,E_x_1_1,exact,E_x,1,1,39,1.3337500000000002,1.4580772844324987e-06,7.2903864221624933e-07,0,1,1473589.7266644272,2671829.1753011607,8917191.3619302157,-0.12737548849845023
SG-008-METAL-001,E_x_1_1,exact,E_x,1,1,40,1.3666666666666669,1.4940623220676652e-06,7.4703116103383258e-07,0,1,1450152.7945664958,2642898.7755081123,8929646.2720889989,-0.10045925112588477
SG-008-METAL-001,E_x_1_1,exact,E_x,1,1,41,1.3995833333333336,1.5300473597028314e-06,7.6502367985141572e-07,0,1,1427397.012127988,2613652.4680214897,8941912.4439896829,-0.073914176113657221
SG-008-METAL-001,E_x_1_1,exact,E_x,1,1,42,1.4325000000000001,1.5660323973379975e-06,7.8301619866899875e-07,0,1,1405296.8312244359,2584238.7621094901,8953953.9001697823,-0.047819962394921728
SG-008-METAL-001,E_x_1_1,exact,E_x,1,1,43,1.4654166666666668,1.602017434973164e-06,8.01008717486582e-07,0,1,1383827.6172691868,2554779.5083084465,8965743.8285629489,-0.022236794265310379
SG-008-METAL-001,E_x_1_1,exact,E_x,1,1,44,1.4983333333333335,1.6380024726083303e-06,8.1900123630416514e-07,1,1,1362965.6529744086,2525374.6220788928,8977262.7931222003,0.0027909170774309254
SG-008-METAL-001,E_x_1_1,exact,E_x,1,1,45,1.5312500000000002,1.6739875102434968e-06,8.3699375512174838e-07,1,1,1342688.1331146879,2496105.9034197768,8988497.2885299474,0.027231504773655806
SG-008-METAL-001,E_x_1_1,exact,E_x,1,1,46,1.5641666666666669,1.709972547878663e-06,8.5498627393933152e-07,1,1,1322973.1523070084,2467040.1423987262,8999438.5704816263,0.051063588609739981
SG-008-METAL-001,E_x_1_1,exact,E_x,1,1,47,1.5970833333333336,1.7459575855138293e-06,8.7297879275691466e-07,1,1,1303799.6874419344,2438231.6567806113,9010081.7073267121,0.074274076455426649
SG-008-METAL-001,E_x_1_1,exact,E_x,1,1,48,1.6300000000000001,1.7819426231489956e-06,8.909713115744978e-07,1,1,1285147.5760950381,2409724.3750989763,9020424.8100361191,0.096856536082351646
SG-008-METAL-001,E_x_1_1,exact,E_x,1,1,49,1.6629166666666668,1.8179276607841619e-06,9.0896383039208094e-07,1,1,1266997.4920012564,2381553.5538063403,9030468.4062023703,0.11880986666420087
SG-008-METAL-001,E_x_1_1,exact,E_x,1,1,50,1.6958333333333335,1.8539126984193282e-06,9.2695634920966408e-07,1,1,1249330.9184533781,2353747.1982520064,9040214.9306707047,0.14013721346010152
SG-008-METAL-001,E_x_1_1,exact,E_x,1,1,51,1.7287500000000002,1.8898977360544947e-06,9.4494886802724733e-07,1,1,1232130.1203316366,2326327.242717233,9049668.3108370025,0.16084508036707099
SG-008-METAL-001,E_x_1_1,exact,E_x,1,1,52,1.7616666666666669,1.9258827736896611e-06,9.6294138684483057e-07,1,1,1215378.1153178555,2299310.5335657476,9058833.628941657,0.18094260384560404
SG-008-METAL-001,E_x_1_1,exact,E_x,1,1,53,1.7945833333333336,1.9618678113248274e-06,9.8093390566241371e-07,1,1,1199058.6447495695,2272709.6507870574,9067716.8471162003,0.20044095876084594
SG-008-METAL-001,E_x_1_1,exact,E_x,1,1,54,1.8275000000000003,1.9978528489599937e-06,9.9892642447999685e-07,1,1,1183156.1444512624,2246533.5963609582,9076324.5836667269,0.21935287228082664
SG-008-METAL-001,E_x_1_1,exact,E_x,1,1,55,1.8604166666666668,2.03383788659516e-06,1.01691894329758e-06,1,1,1167655.7158309068,2220788.372464153,9084663.9312535767,0.23769222644040866
SG-008-METAL-001,E_x_1_1,exact,E_x,1,1,56,1.8933333333333335,2.0698229242303263e-06,1.0349114621151631e-06,1,1,1152543.0974456361,2195477.4682233566,9092742.3093838003,0.25547373359198583
SG-008-METAL-001,E_x_1_1,exact,E_x,1,1,57,1.9262500000000002,2.1058079618654925e-06,1.0529039809327463e-06,1,1,1137804.6372018824,2170602.2703203242,9100567.3450310994,0.27271267183977221
SG-008-METAL-001,E_x_1_1,exact,E_x,1,1,58,1.9591666666666669,2.1417929995006588e-06,1.0708964997503294e-06,1,1,1123427.265311501,2146162.4099733164,9108146.776341306,0.28942466991166876
SG-008-METAL-001,E_x_1_1,exact,E_x,1,1,59,1.9920833333333337,2.1777780371358251e-06,1.0888890185679126e-06,1,1,1109398.4680868788,2122156.0566214342,9115488.3752959557,0.30562553280976273
SG-008-METAL-001,E_x_1_1,exact,E_x,1,1,60,2.0250000000000004,2.2137630747709918e-06,1.1068815373854959e-06,1,1,1095706.2626357712,2098580.1668257397,9122599.8859552462,0.3213311011296478
SG-008-METAL-001,E_x_1_1,exact,E_x,1,1,61,2.0579166666666668,2.2497481124061577e-06,1.1248740562030788e-06,1,1,1082339.1725009801,2075430.6954766,9129488.9754984472,0.33655713817436111
SG-008-METAL-001,E_x_1_1,exact,E_x,1,1,62,2.0908333333333333,2.2857331500413239e-06,1.142866575020662e-06,1,1,1069286.2042500754,2052702.7751677115,9136163.1957853902,0.35131924004068099
SG-008-METAL-001,E_x_1_1,exact,E_x,1,1,63,2.1237500000000002,2.3217181876764906e-06,1.1608590938382453e-06,1,1,1056536.825042618,2030390.8686444946,9142629.9535559341,0.36563276467335387
SG-008-METAL-001,E_x_1_1,exact,E_x,1,1,64,2.1566666666666667,2.3577032253116565e-06,1.1788516126558283e-06,1,1,1044080.9411533186,2008488.8984309419,9148896.487719398,0.37951277658326288
SG-008-METAL-001,E_x_1_1,exact,E_x,1,1,65,2.1895833333333332,2.3936882629468228e-06,1.1968441314734114e-06,1,1,1031908.8774485149,1986990.3570803339,9154969.8524526544,0.39297400448364944
SG-008-METAL-001,E_x_1_1,exact,E_x,1,1,66,2.2225000000000001,2.4296733005819891e-06,1.2148366502909945e-06,1,1,1020011.3577944104,1965888.400921532,9160856.9050551634,0.40603080958160137
SG-008-METAL-001,E_x_1_1,exact,E_x,1,1,67,2.2554166666666666,2.4656583382171553e-06,1.2328291691085777e-06,1,1,1008379.486378119,1945175.9297713989,9166564.2976795863,0.41869716261957157
SG-008-METAL-001,E_x_1_1,exact,E_x,1,1,68,2.2883333333333336,2.501643375852322e-06,1.250821687926161e-06,1,1,997004.72990297386,1924845.654649999,9172098.4722216316,0.43098662811206284
SG-008-METAL-001,E_x_1_1,exact,E_x,1,1,69,2.32125,2.5376284134874879e-06,1.268814206743744e-06,1,1,985878.90064012213,1904890.1552543051,9177465.6577669699,0.4429123544636665
SG-008-METAL-001,E_x_1_1,exact,E_x,1,1,70,2.354166666666667,2.5736134511226546e-06,1.2868067255613273e-06,1,1,974994.14030341455,1885301.9286670904,9182671.8701009043,0.45448706888476603
SG-008-METAL-001,E_x_1_1,exact,E_x,1,1,71,2.3870833333333334,2.6095984887578209e-06,1.3047992443789104e-06,1,1,964342.90470675053,1866073.4305660184,9187722.9128702823,0.46572307620001124
SG-008-METAL-001,E_x_1_1,exact,E_x,1,1,72,2.4199999999999999,2.6455835263929867e-06,1.3227917631964934e-06,1,1,953917.94917872106,1847197.1099966704,9192624.380059205,0.47663226079934301
SG-008-METAL-001,E_x_1_1,exact,E_x,1,1,73,2.4529166666666669,2.6815685640281534e-06,1.3407842820140767e-06,1,1,943712.31470286148,1828665.4386360401,9197381.6594952997,0.48722609109992471
SG-008-METAL-001,E_x_1_1,exact,E_x,1,1,74,2.4858333333333333,2.7175536016633197e-06,1.3587768008316599e-06,1,1,933719.31474267459,1810470.9353122939,9201999.9371587783,0.49751562600765992
SG-008-METAL-001,E_x_1_1,exact,E_x,1,1,75,2.5187500000000003,2.7535386392984864e-06,1.3767693196492432e-06,1,1,923932.52272561437,1792606.1864694864,9206484.2020982951,0.50751152293541446
SG-008-METAL-001,E_x_1_1,exact,E_x,1,1,76,2.5516666666666667,2.7895236769336523e-06,1.3947618384668261e-06,1,1,914345.76015564881,1775063.8631365476,9210839.2517987415,0.51722404702510993
SG-008-METAL-001,E_x_1_1,exact,E_x,1,1,77,2.5845833333333332,2.8255087145688186e-06,1.4127543572844093e-06,1,1,904953.08531780797,1757836.7348951665,9215069.6978715863,0.52666308127652361
SG-008-METAL-001,E_x_1_1,exact,E_x,1,1,78,2.6175000000000002,2.8614937522039853e-06,1.4307468761019926e-06,1,1,895748.78255087184,1740917.6812771775,9219179.9719595127,0.53583813733206309
SG-008-METAL-001,E_x_1_1,exact,E_x,1,1,79,2.6504166666666666,2.8974787898391511e-06,1.4487393949195756e-06,1,1,886727.35205715708,1724299.700947542,9223174.3317704983,0.54475836671857969
SG-008-METAL-001,E_x_1_1,exact,E_x,1,1,80,2.6833333333333336,2.9334638274743178e-06,1.4667319137371589e-06,1,1,877883.50022228807,1707975.9189924544,9227056.8671697043,0.55343257237671184
SG-008-METAL-001,E_x_1_1,exact,E_x,1,1,81,2.7162500000000001,2.9694488651094841e-06,1.4847244325547421e-06,1,1,869212.13041914441,1691939.5925732763,9230831.5062739309,0.56186922034477382
SG-008-METAL-001,E_x_1_1,exact,E_x,1,1,82,2.749166666666667,3.0054339027446504e-06,1.5027169513723252e-06,1,1,860708.33427147905,1676184.1151932837,9234502.0215003248,0.57007645147994979
SG-008-METAL-001,E_x_1_1,exact,E_x,1,1,83,2.7820833333333335,3.0414189403798167e-06,1.5207094701899083e-06,1,1,852367.38335074577,1660703.0197693342,9238072.035534963,0.57806209313090717
SG-008-METAL-001,E_x_1_1,exact,E_x,1,1,84,2.8149999999999999,3.0774039780149829e-06,1.5387019890074915e-06,1,1,844184.72128751362,1645489.9806822627,9241545.0271923281,0.58583367068829939
SG-008-METAL-001,E_x_1_1,exact,E_x,1,1,85,2.8479166666666669,3.1133890156501492e-06,1.5566945078250746e-06,1,1,836155.95627329219,1630538.8149595424,9244924.3371432349,0.59339841895472545
SG-008-METAL-001,E_x_1_1,exact,E_x,1,1,86,2.8808333333333334,3.1493740532853155e-06,1.5746870266426578e-06,1,1,828276.85392891744,1615843.4827222214,9248213.173494326,0.60076329328845723
SG-008-METAL-001,E_x_1_1,exact,E_x,1,1,87,2.9137500000000003,3.1853590909204822e-06,1.5926795454602411e-06,1,1,820543.33052937349,1601398.087001964,9251414.6172071695,0.60793498048672212
SG-008-METAL-001,E_x_1_1,exact,E_x,1,1,88,2.9466666666666668,3.2213441285556481e-06,1.610672064277824e-06,1,1,812951.44655596849,1587196.8730294928,9254531.627348423,0.61491990938239327
SG-008-METAL-001,E_x_1_1,exact,E_x,1,1,89,2.9795833333333337,3.2573291661908148e-06,1.6286645830954074e-06,1,1,805497.40056443587,1573234.2270852462,9257567.0461636782,0.62172426113099866
SG-008-METAL-001,E_x_1_1,exact,E_x,1,1,90,3.0125000000000002,3.293314203825981e-06,1.6466571019129905e-06,1,1,798177.52335163951,1559504.6749684422,9260523.6039746739,0.62835397918111824
SG-008-METAL-001,E_x_1_1,exact,E_x,1,1,91,3.0454166666666667,3.3292992414611469e-06,1.6646496207305735e-06,1,1,790988.27240422729,1546002.8801642731,9263403.9238957409,0.63481477891317328
SG-008-METAL-001,E_x_1_1,exact,E_x,1,1,92,3.0783333333333336,3.3652842790963136e-06,1.6826421395481568e-06,1,1,783926.22661321971,1532723.6417549611,9266210.5263714809,0.64111215694567403
SG-008-METAL-001,E_x_1_1,exact,E_x,1,1,93,3.1112500000000001,3.4012693167314799e-06,1.7006346583657399e-06,1,1,776988.08124179207,1519661.8921276084,9268945.8335361741,0.64725140010504489
SG-008-METAL-001,E_x_1_1,exact,E_x,1,1,94,3.144166666666667,3.4372543543666466e-06,1.7186271771833233e-06,1,1,770170.64313612971,1506812.6945082354,9271612.1733992081,0.65323759406394089
SG-008-METAL-001,E_x_1_1,exact,E_x,1,1,95,3.1770833333333335,3.4732393920018124e-06,1.7366196960009062e-06,1,1,763470.82615876081,1494171.2403749435,9274211.7838577051,0.65907563164638794
SG-008-METAL-001,E_x_1_1,exact,E_x,1,1,96,3.21,3.5092244296369787e-06,1.7546122148184894e-06,1,1,756885.64684144116,1481732.8467606488,9276746.8165429775,0.66477022081056292
SG-008-METAL-001,E_x_1_1,exact,E_x,1,1,97,3.2429166666666669,3.5452094672721454e-06,1.7726047336360727e-06,1,1,750412.22023765079,1469492.9534898221,9279219.3405030593,0.67032589231051065
SG-008-METAL-001,E_x_1_1,exact,E_x,1,1,98,3.2758333333333334,3.5811945049073113e-06,1.7905972524536556e-06,1,1,744047.75597470556,1457447.1203583861,9281631.3457275555,0.67574700704735358
SG-008-METAL-001,E_x_1_1,exact,E_x,1,1,99,3.3087500000000003,3.617179542542478e-06,1.808589771271239e-06,1,1,737789.55448262033,1445591.024278977,9283984.7465204652,0.68103776311945308
SG-008-METAL-001,E_x_1_1,exact,E_x,1,1,100,3.3416666666666668,3.6531645801776443e-06,1.8265822900888221e-06,1,1,731635.00340199983,1433920.4564150998,9286281.3847242184,0.6862022025758111
SG-008-METAL-001,E_x_1_1,exact,E_x,1,1,101,3.3745833333333337,3.6891496178128106e-06,1.8445748089064053e-06,1,1,725581.5741543076,1422431.3193100579,9288523.0328022465,0.69124421788640711
SG-008-METAL-001,E_x_1_1,exact,E_x,1,1,102,3.4075000000000002,3.7251346554479768e-06,1.8625673277239884e-06,1,1,719626.81867025059,1411119.6240237246,9290711.3967849594,0.69616755813782738
SG-008-METAL-001,E_x_1_1,exact,E_x,1,1,103,3.4404166666666667,3.7611196930831427e-06,1.8805598465415713e-06,1,1,713768.36626486527,1399981.4872915226,9292848.1190840974,0.70097583496299953
SG-008-METAL-001,E_x_1_1,exact,E_x,1,1,104,3.4733333333333336,3.7971047307183094e-06,1.8985523653591547e-06,1,1,708003.92065503402,1389013.1287089004,9294934.7811813969,0.70567252821618343
SG-008-METAL-001,E_x_1_1,exact,E_x,1,1,105,3.5062500000000001,3.8330897683534752e-06,1.9165448841767376e-06,1,1,702331.25711161597,1378210.867953036,9296972.9061961044,0.71026099140135357
SG-008-METAL-001,E_x_1_1,exact,E_x,1,1,106,3.539166666666667,3.8690748059886424e-06,1.9345374029943212e-06,1,1,696748.2197363663,1367571.122044415,9298963.961337233,0.71474445686536658
SG-008-METAL-001,E_x_1_1,exact,E_x,1,1,107,3.5720833333333335,3.9050598436238087e-06,1.9525299218119043e-06,1,1,691252.71886138082,1357090.4026515181,9300909.3602454886,0.71912604076524556
SG-008-METAL-001,E_x_1_1,exact,E_x,1,1,108,3.6050000000000004,3.9410448812589749e-06,1.9705224406294875e-06,1,1,685842.72856255015,1346765.3134523714,9302810.4652284347,0.72340874781597775
SG-008-METAL-001,E_x_1_1,exact,E_x,1,1,109,3.6379166666666669,3.9770299188941412e-06,1.9885149594470706e-06,1,1,680516.28428213974,1336592.5475392039,9304668.5893960651,0.72759547583347495
SG-008-METAL-001,E_x_1_1,exact,E_x,1,1,110,3.6708333333333334,4.0130149565293075e-06,2.0065074782646537e-06,1,1,675271.48055558722,1326568.8848858471,9306484.998698771,0.73168902007577319
SG-008-METAL-001,E_x_1_1,exact,E_x,1,1,111,3.7037500000000003,4.0489999941644738e-06,2.0244999970822369e-06,1,1,670106.4688356542,1316691.1898687067,9308260.9138738159,0.73569207739494857
SG-008-METAL-001,E_x_1_1,exact,E_x,1,1,112,3.7366666666666668,4.0849850317996401e-06,2.04249251589982e-06,1,1,665019.45541165059,1306956.4088465408,9309997.5123038143,0.73960725020642459
SG-008-METAL-001,E_x_1_1,exact,E_x,1,1,113,3.7695833333333337,4.1209700694348063e-06,2.0604850347174032e-06,1,1,660008.6994165451,1297361.5677997,9311695.929791471,0.74343705028415363
SG-008-METAL-001,E_x_1_1,exact,E_x,1,1,114,3.8025000000000002,4.1569551070699726e-06,2.0784775535349863e-06,1,1,655072.51091868593,1287903.7700294806,9313357.262254402,0.74718390238925558
SG-008-METAL-001,E_x_1_1,exact,E_x,1,1,115,3.8354166666666671,4.1929401447051389e-06,2.0964700723525694e-06,1,1,650209.24909683876,1278580.193917593,9314982.5673435833,0.75085014773915448
SG-008-METAL-001,E_x_1_1,exact,E_x,1,1,116,3.8683333333333336,4.2289251823403052e-06,2.1144625911701526e-06,1,1,645417.32048872346,1269388.0907424712,9316572.8659898657,0.75443804732632536
SG-008-METAL-001,E_x_1_1,exact,E_x,1,1,117,3.9012500000000001,4.2649102199754715e-06,2.1324551099877357e-06,1,1,640695.1773137222,1260324.7825609283,9318129.1438804362,0.75794978509007371
SG-008-METAL-001,E_x_1_1,exact,E_x,1,1,118,3.934166666666667,4.3008952576106377e-06,2.1504476288053189e-06,1,1,636041.31586778222,1251387.6601460062,9319652.3528695926,0.76138747095043235
SG-008-METAL-001,E_x_1_1,exact,E_x,1,1,119,3.9670833333333335,4.336880295245804e-06,2.168440147622902e-06,1,1,631454.2749807213,1242574.1809783939,9321143.4123276267,0.7647531437120253
SG-008-METAL-001,E_x_1_1,exact,E_x,1,1,120,4.0000000000000009,4.3728653328809711e-06,2.1864326664404856e-06,1,1,626932.63453985588,1233881.8673045114,9322603.2104284223,0.76804877383860759
SG-008-METAL-001,E_y_2_1,exact,E_y,2,1,0,0.050000000000000003,5.4660816661012134e-08,2.7330408330506067e-08,0,1,nan,nan,nan,nan
SG-008-METAL-001,E_y_2_1,exact,E_y,2,1,1,0.082916666666666666,9.064585429617844e-08,4.532292714808922e-08,0,1,nan,nan,nan,nan
SG-008-METAL-001,E_y_2_1,exact,E_y,2,1,2,0.11583333333333334,1.2663089193134477e-07,6.3315445965672386e-08,0,1,nan,nan,nan,nan
SG-008-METAL-001,E_y_2_1,exact,E_y,2,1,3,0.14874999999999999,1.6261592956651108e-07,8.130796478325554e-08,0,1,nan,nan,nan,nan
SG-008-METAL-001,E_y_2_1,exact,E_y,2,1,4,0.1816666666666667,1.9860096720167744e-07,9.9300483600838719e-08,0,1,nan,nan,nan,nan
SG-008-METAL-001,E_y_2_1,exact,E_y,2,1,5,0.21458333333333335,2.3458600483684374e-07,1.1729300241842187e-07,0,1,nan,nan,nan,nan
SG-008-METAL-001,E_y_2_1,exact,E_y,2,1,6,0.2475,2.7057104247201005e-07,1.3528552123600503e-07,0,1,nan,nan,nan,nan
SG-008-METAL-001,E_y_2_1,exact,E_y,2,1,7,0.2804166666666667,3.0655608010717638e-07,1.5327804005358819e-07,0,1,nan,nan,nan,nan
SG-008-METAL-001,E_y_2_1,exact,E_y,2,1,8,0.31333333333333335,3.4254111774234272e-07,1.7127055887117136e-07,0,1,nan,nan,nan,nan
SG-008-METAL-001,E_y_2_1,exact,E_y,2,1,9,0.34625,3.78526155377509e-07,1.892630776887545e-07,0,1,nan,nan,nan,nan
SG-008-METAL-001,E_y_2_1,exact,E_y,2,1,10,0.37916666666666671,4.1451119301267533e-07,2.0725559650633766e-07,0,1,nan,nan,nan,nan
SG-008-METAL-001,E_y_2_1,exact,E_y,2,1,11,0.41208333333333336,4.5049623064784166e-07,2.2524811532392083e-07,0,1,nan,nan,nan,nan
SG-008-METAL-001,E_y_2_1,exact,E_y,2,1,12,0.44500000000000001,4.8648126828300794e-07,2.4324063414150397e-07,0,1,nan,nan,nan,nan
SG-008-METAL-001,E_y_2_1,exact,E_y,2,1,13,0.47791666666666671,5.2246630591817433e-07,2.6123315295908716e-07,0,1,nan,nan,nan,nan
SG-008-METAL-001,E_y_2_1,exact,E_y,2,1,14,0.51083333333333336,5.5845134355334061e-07,2.792256717766703e-07,0,1,nan,nan,nan,nan
SG-008-METAL-001,E_y_2_1,exact,E_y,2,1,15,0.54375000000000007,5.9443638118850699e-07,2.972181905942535e-07,0,1,nan,nan,nan,nan
SG-008-METAL-001,E_y_2_1,exact,E_y,2,1,16,0.57666666666666677,6.3042141882367338e-07,3.1521070941183669e-07,0,1,nan,nan,nan,nan
SG-008-METAL-001,E_y_2_1,exact,E_y,2,1,17,0.60958333333333348,6.6640645645883966e-07,3.3320322822941983e-07,0,1,nan,nan,nan,nan
SG-008-METAL-001,E_y_2_1,exact,E_y,2,1,18,0.64250000000000007,7.0239149409400594e-07,3.5119574704700297e-07,0,1,nan,nan,nan,nan
SG-008-METAL-001,E_y_2_1,exact,E_y,2,1,19,0.67541666666666678,7.3837653172917232e-07,3.6918826586458616e-07,0,1,nan,nan,nan,nan
SG-008-METAL-001,E_y_2_1,exact,E_y,2,1,20,0.70833333333333348,7.743615693643386e-07,3.871807846821693e-07,0,1,nan,nan,nan,nan
SG-008-METAL-001,E_y_2_1,exact,E_y,2,1,21,0.74125000000000008,8.1034660699950488e-07,4.0517330349975244e-07,0,1,nan,nan,nan,nan
SG-008-METAL-001,E_y_2_1,exact,E_y,2,1,22,0.77416666666666678,8.4633164463467127e-07,4.2316582231733563e-07,0,1,nan,nan,nan,nan
SG-008-METAL-001,E_y_2_1,exact,E_y,2,1,23,0.80708333333333349,8.8231668226983765e-07,4.4115834113491883e-07,0,1,nan,nan,nan,nan
SG-008-METAL-001,E_y_2_1,exact,E_y,2,1,24,0.84000000000000008,9.1830171990500383e-07,4.5915085995250191e-07,0,1,nan,nan,nan,nan
SG-008-METAL-001,E_y_2_1,exact,E_y,2,1,25,0.87291666666666679,9.5428675754017011e-07,4.7714337877008505e-07,0,1,nan,nan,nan,nan
SG-008-METAL-001,E_y_2_1,exact,E_y,2,1,26,0.90583333333333349,9.902717951753366e-07,4.951358975876683e-07,0,1,nan,nan,nan,nan
SG-008-METAL-001,E_y_2_1,exact,E_y,2,1,27,0.9387500000000002,1.0262568328105029e-06,5.1312841640525144e-07,0,1,nan,nan,nan,nan
SG-008-METAL-001,E_y_2_1,exact,E_y,2,1,28,0.97166666666666679,1.0622418704456692e-06,5.3112093522283458e-07,0,1,nan,nan,nan,nan
SG-008-METAL-001,E_y_2_1,exact,E_y,2,1,29,1.0045833333333334,1.0982269080808354e-06,5.4911345404041772e-07,0,1,2873641.796339402,1751606.7628308809,8803436.6121725813,-0.37147174858485515
SG-008-METAL-001,E_y_2_1,exact,E_y,2,1,30,1.0375000000000001,1.1342119457160017e-06,5.6710597285800086e-07,0,1,2869158.8811127227,1719789.6221132933,8811168.5139036849,-0.35497980974728793
SG-008-METAL-001,E_y_2_1,exact,E_y,2,1,31,1.0704166666666668,1.1701969833511682e-06,5.8509849167558411e-07,0,1,2858811.5043810848,1688945.0511486218,8820493.2405406442,-0.33507115878668753
SG-008-METAL-001,E_y_2_1,exact,E_y,2,1,32,1.1033333333333335,1.2061820209863345e-06,6.0309101049316725e-07,0,1,2843847.3511142656,1659043.260183356,8830999.2251276318,-0.31261524827643594
SG-008-METAL-001,E_y_2_1,exact,E_y,2,1,33,1.1362500000000002,1.2421670586215008e-06,6.2108352931075039e-07,0,1,2825248.7742113038,1630053.9120276384,8842360.1610376164,-0.28830184818684262
SG-008-METAL-001,E_y_2_1,exact,E_y,2,1,34,1.1691666666666669,1.2781520962566673e-06,6.3907604812833363e-07,0,1,2803796.1664873958,1601946.4921229079,8854317.2578674834,-0.26267884924592116
SG-008-METAL-001,E_y_2_1,exact,E_y,2,1,35,1.2020833333333336,1.3141371338918335e-06,6.5706856694591677e-07,0,1,2780114.1316775652,1574690.6006711323,8866665.3560856208,-0.23618162674047807
SG-008-METAL-001,E_y_2_1,exact,E_y,2,1,36,1.2350000000000001,1.3501221715269996e-06,6.750610857634998e-07,0,1,2754705.7167001255,1548256.1807771721,8879242.0184872299,-0.20915598026082982
SG-008-METAL-001,E_y_2_1,exact,E_y,2,1,37,1.2679166666666668,1.3861072091621661e-06,6.9305360458108305e-07,0,1,2727978.1767397849,1522613.6942728262,8891918.9276021067,-0.18187615056379527
SG-008-METAL-001,E_y_2_1,exact,E_y,2,1,38,1.3008333333333335,1.4220922467973324e-06,7.1104612339866619e-07,0,1,2700262.6225414998,1497734.2548707782,8904595.0767508931,-0.15455904008384821
SG-008-METAL-001,E_y_2_1,exact,E_y,2,1,39,1.3337500000000002,1.4580772844324987e-06,7.2903864221624933e-07,0,1,2671829.1753011607,1473589.7266644272,8917191.3619302157,-0.12737548849845023
SG-008-METAL-001,E_y_2_1,exact,E_y,2,1,40,1.3666666666666669,1.4940623220676652e-06,7.4703116103383258e-07,0,1,2642898.7755087661,1450152.7945664958,8929646.2720888071,-0.10045925112629914
SG-008-METAL-001,E_y_2_1,exact,E_y,2,1,41,1.3995833333333336,1.5300473597028314e-06,7.6502367985141572e-07,0,1,2613652.4680214897,1427397.012127988,8941912.4439896829,-0.073914176113657221
SG-008-METAL-001,E_y_2_1,exact,E_y,2,1,42,1.4325000000000001,1.5660323973379975e-06,7.8301619866899875e-07,0,1,2584238.7621094901,1405296.8312250895,8953953.900169678,-0.047819962395148775
SG-008-METAL-001,E_y_2_1,exact,E_y,2,1,43,1.4654166666666668,1.602017434973164e-06,8.01008717486582e-07,0,1,2554779.5083084465,1383827.6172691868,8965743.8285629489,-0.022236794265310379
SG-008-METAL-001,E_y_2_1,exact,E_y,2,1,44,1.4983333333333335,1.6380024726083303e-06,8.1900123630416514e-07,1,1,2525374.6220795461,1362965.6529744086,8977262.7931220159,0.0027909170770298109
SG-008-METAL-001,E_y_2_1,exact,E_y,2,1,45,1.5312500000000002,1.6739875102434968e-06,8.3699375512174838e-07,1,1,2496105.9034197768,1342688.1331146879,8988497.2885299474,0.027231504773655806
SG-008-METAL-001,E_y_2_1,exact,E_y,2,1,46,1.5641666666666669,1.709972547878663e-06,8.5498627393933152e-07,1,1,2467040.1423993795,1322973.1523076617,8999438.5704813525,0.051063588609143985
SG-008-METAL-001,E_y_2_1,exact,E_y,2,1,47,1.5970833333333336,1.7459575855138293e-06,8.7297879275691466e-07,1,1,2438231.6567812646,1303799.6874419344,9010081.7073265351,0.07427407645504068
SG-008-METAL-001,E_y_2_1,exact,E_y,2,1,48,1.6300000000000001,1.7819426231489956e-06,8.909713115744978e-07,1,1,2409724.3750989763,1285147.5760950381,9020424.8100361191,0.096856536082351646
SG-008-METAL-001,E_y_2_1,exact,E_y,2,1,49,1.6629166666666668,1.8179276607841619e-06,9.0896383039208094e-07,1,1,2381553.5538069936,1266997.4920019098,9030468.4062021077,0.11880986666362758
SG-008-METAL-001,E_y_2_1,exact,E_y,2,1,50,1.6958333333333335,1.8539126984193282e-06,9.2695634920966408e-07,1,1,2353747.1982526598,1249330.9184533781,9040214.9306705352,0.14013721345973068
SG-008-METAL-001,E_y_2_1,exact,E_y,2,1,51,1.7287500000000002,1.8898977360544947e-06,9.4494886802724733e-07,1,1,2326327.242717233,1232130.1203316366,9049668.3108370025,0.16084508036707099
SG-008-METAL-001,E_y_2_1,exact,E_y,2,1,52,1.7616666666666669,1.9258827736896611e-06,9.6294138684483057e-07,1,1,2299310.5335650942,1215378.1153185091,9058833.6289417353,0.18094260384577621
SG-008-METAL-001,E_y_2_1,exact,E_y,2,1,53,1.7945833333333336,1.9618678113248274e-06,9.8093390566241371e-07,1,1,2272709.6507864036,1199058.6447495695,9067716.8471163642,0.20044095876120543
SG-008-METAL-001,E_y_2_1,exact,E_y,2,1,54,1.8275000000000003,1.9978528489599937e-06,9.9892642447999685e-07,1,1,2246533.596361612,1183156.1444512624,9076324.5836665649,0.21935287228047093
SG-008-METAL-001,E_y_2_1,exact,E_y,2,1,55,1.8604166666666668,2.03383788659516e-06,1.01691894329758e-06,1,1,2220788.372464153,1167655.7158315601,9084663.9312534928,0.23769222644022511
SG-008-METAL-001,E_y_2_1,exact,E_y,2,1,56,1.8933333333333335,2.0698229242303263e-06,1.0349114621151631e-06,1,1,2195477.4682227033,1152543.0974462894,9092742.3093838748,0.25547373359214859
SG-008-METAL-001,E_y_2_1,exact,E_y,2,1,57,1.9262500000000002,2.1058079618654925e-06,1.0529039809327463e-06,1,1,2170602.2703196704,1137804.6372018824,9100567.3450312559,0.27271267184011661
SG-008-METAL-001,E_y_2_1,exact,E_y,2,1,58,1.9591666666666669,2.1417929995006588e-06,1.0708964997503294e-06,1,1,2146162.4099739697,1123427.2653108477,9108146.7763412315,0.28942466991150417
SG-008-METAL-001,E_y_2_1,exact,E_y,2,1,59,1.9920833333333337,2.1777780371358251e-06,1.0888890185679126e-06,1,1,2122156.0566214342,1109398.4680862252,9115488.3752960358,0.30562553280993865
SG-008-METAL-001,E_y_2_1,exact,E_y,2,1,60,2.0250000000000004,2.2137630747709918e-06,1.1068815373854959e-06,1,1,2098580.1668257397,1095706.2626364245,9122599.8859551679,0.3213311011294756
SG-008-METAL-001,E_y_2_1,exact,E_y,2,1,61,2.0579166666666668,2.2497481124061577e-06,1.1248740562030788e-06,1,1,2075430.6954772533,1082339.1725009801,9129488.9754982982,0.33655713817403193
SG-008-METAL-001,E_y_2_1,exact,E_y,2,1,62,2.0908333333333333,2.2857331500413239e-06,1.142866575020662e-06,1,1,2052702.7751677115,1069286.2042507289,9136163.1957853138,0.35131924004051263
SG-008-METAL-001,E_y_2_1,exact,E_y,2,1,63,2.1237500000000002,2.3217181876764906e-06,1.1608590938382453e-06,1,1,2030390.8686438412,1056536.8250432713,9142629.953556003,0.36563276467350525
SG-008-METAL-001,E_y_2_1,exact,E_y,2,1,64,2.1566666666666667,2.3577032253116565e-06,1.1788516126558283e-06,1,1,2008488.8984315954,1044080.9411533186,9148896.4877192546,0.37951277658294502
SG-008-METAL-001,E_y_2_1,exact,E_y,2,1,65,2.1895833333333332,2.3936882629468228e-06,1.1968441314734114e-06,1,1,1986990.3570803339,1031908.8774478615,9154969.8524527289,0.39297400448381598
SG-008-METAL-001,E_y_2_1,exact,E_y,2,1,66,2.2225000000000001,2.4296733005819891e-06,1.2148366502909945e-06,1,1,1965888.4009208786,1020011.3577944104,9160856.9050553031,0.40603080958190974
SG-008-METAL-001,E_y_2_1,exact,E_y,2,1,67,2.2554166666666666,2.4656583382171553e-06,1.2328291691085777e-06,1,1,1945175.9297707453,1008379.4863787724,9166564.2976796534,0.41869716261972106
SG-008-METAL-001,E_y_2_1,exact,E_y,2,1,68,2.2883333333333336,2.501643375852322e-06,1.250821687926161e-06,1,1,1924845.654649999,997004.72990232043,9172098.4722217023,0.43098662811221988
SG-008-METAL-001,E_y_2_1,exact,E_y,2,1,69,2.32125,2.5376284134874879e-06,1.268814206743744e-06,1,1,1904890.1552543051,985878.90064044879,9177465.6577669345,0.44291235446358701
SG-008-METAL-001,E_y_2_1,exact,E_y,2,1,70,2.354166666666667,2.5736134511226546e-06,1.2868067255613273e-06,1,1,1885301.9286670904,974994.14030341455,9182671.8701009043,0.45448706888476603
SG-008-METAL-001,E_y_2_1,exact,E_y,2,1,71,2.3870833333333334,2.6095984887578209e-06,1.3047992443789104e-06,1,1,1866073.4305660184,964342.90470609721,9187722.9128703512,0.46572307620016451
SG-008-METAL-001,E_y_2_1,exact,E_y,2,1,72,2.4199999999999999,2.6455835263929867e-06,1.3227917631964934e-06,1,1,1847197.1099973237,953917.94917872106,9192624.3800590727,0.47663226079904786
SG-008-METAL-001,E_y_2_1,exact,E_y,2,1,73,2.4529166666666669,2.6815685640281534e-06,1.3407842820140767e-06,1,1,1828665.4386360401,943712.31470286148,9197381.6594952997,0.48722609109992471
SG-008-METAL-001,E_y_2_1,exact,E_y,2,1,74,2.4858333333333333,2.7175536016633197e-06,1.3587768008316599e-06,1,1,1810470.9353122939,933719.31474267459,9201999.9371587783,0.49751562600765992
SG-008-METAL-001,E_y_2_1,exact,E_y,2,1,75,2.5187500000000003,2.7535386392984864e-06,1.3767693196492432e-06,1,1,1792606.1864701398,923932.52272561437,9206484.2020981666,0.5075115229351268
SG-008-METAL-001,E_y_2_1,exact,E_y,2,1,76,2.5516666666666667,2.7895236769336523e-06,1.3947618384668261e-06,1,1,1775063.8631365476,914345.76015564881,9210839.2517987415,0.51722404702510993
SG-008-METAL-001,E_y_2_1,exact,E_y,2,1,77,2.5845833333333332,2.8255087145688186e-06,1.4127543572844093e-06,1,1,1757836.7348951665,904953.08531780797,9215069.6978715863,0.52666308127652361
SG-008-METAL-001,E_y_2_1,exact,E_y,2,1,78,2.6175000000000002,2.8614937522039853e-06,1.4307468761019926e-06,1,1,1740917.6812771775,895748.7825511985,9219179.971959481,0.53583813733199126
SG-008-METAL-001,E_y_2_1,exact,E_y,2,1,79,2.6504166666666666,2.8974787898391511e-06,1.4487393949195756e-06,1,1,1724299.7009478686,886727.35205715708,9223174.3317704387,0.54475836671844724
SG-008-METAL-001,E_y_2_1,exact,E_y,2,1,80,2.6833333333333336,2.9334638274743178e-06,1.4667319137371589e-06,1,1,1707975.9189924544,877883.50022228807,9227056.8671697043,0.55343257237671184
SG-008-METAL-001,E_y_2_1,exact,E_y,2,1,81,2.7162500000000001,2.9694488651094841e-06,1.4847244325547421e-06,1,1,1691939.5925732763,869212.13041914441,9230831.5062739309,0.56186922034477382
SG-008-METAL-001,E_y_2_1,exact,E_y,2,1,82,2.749166666666667,3.0054339027446504e-06,1.5027169513723252e-06,1,1,1676184.1151932837,860708.33427082561,9234502.0215003844,0.57007645148008412
SG-008-METAL-001,E_y_2_1,exact,E_y,2,1,83,2.7820833333333335,3.0414189403798167e-06,1.5207094701899083e-06,1,1,1660703.0197696609,852367.38335009234,9238072.035534963,0.57806209313090717
SG-008-METAL-001,E_y_2_1,exact,E_y,2,1,84,2.8149999999999999,3.0774039780149829e-06,1.5387019890074915e-06,1,1,1645489.9806822627,844184.72128751362,9241545.0271923281,0.58583367068829939
SG-008-METAL-001,E_y_2_1,exact,E_y,2,1,85,2.8479166666666669,3.1133890156501492e-06,1.5566945078250746e-06,1,1,1630538.8149595424,836155.95627296553,9244924.3371432647,0.59339841895479162
SG-008-METAL-001,E_y_2_1,exact,E_y,2,1,86,2.8808333333333334,3.1493740532853155e-06,1.5746870266426578e-06,1,1,1615843.4827222214,828276.85392957088,9248213.1734942682,0.60076329328832856
SG-008-METAL-001,E_y_2_1,exact,E_y,2,1,87,2.9137500000000003,3.1853590909204822e-06,1.5926795454602411e-06,1,1,1601398.0870013107,820543.33053002693,9251414.6172072254,0.60793498048684702
SG-008-METAL-001,E_y_2_1,exact,E_y,2,1,88,2.9466666666666668,3.2213441285556481e-06,1.610672064277824e-06,1,1,1587196.8730294928,812951.44655596849,9254531.627348423,0.61491990938239327
SG-008-METAL-001,E_y_2_1,exact,E_y,2,1,89,2.9795833333333337,3.2573291661908148e-06,1.6286645830954074e-06,1,1,1573234.2270855729,805497.40056443587,9257567.0461636223,0.62172426113087376
SG-008-METAL-001,E_y_2_1,exact,E_y,2,1,90,3.0125000000000002,3.293314203825981e-06,1.6466571019129905e-06,1,1,1559504.6749684422,798177.52335163951,9260523.6039746739,0.62835397918111824
SG-008-METAL-001,E_y_2_1,exact,E_y,2,1,91,3.0454166666666667,3.3292992414611469e-06,1.6646496207305735e-06,1,1,1546002.8801642731,790988.27240422729,9263403.9238957409,0.63481477891317328
SG-008-METAL-001,E_y_2_1,exact,E_y,2,1,92,3.0783333333333336,3.3652842790963136e-06,1.6826421395481568e-06,1,1,1532723.6417549611,783926.22661321971,9266210.5263714809,0.64111215694567403
SG-008-METAL-001,E_y_2_1,exact,E_y,2,1,93,3.1112500000000001,3.4012693167314799e-06,1.7006346583657399e-06,1,1,1519661.8921276084,776988.08124146541,9268945.8335362021,0.6472514001051074
SG-008-METAL-001,E_y_2_1,exact,E_y,2,1,94,3.144166666666667,3.4372543543666466e-06,1.7186271771833233e-06,1,1,1506812.6945082354,770170.64313612971,9271612.1733992081,0.65323759406394089
SG-008-METAL-001,E_y_2_1,exact,E_y,2,1,95,3.1770833333333335,3.4732393920018124e-06,1.7366196960009062e-06,1,1,1494171.2403746168,763470.82615876081,9274211.7838577572,0.65907563164650529
SG-008-METAL-001,E_y_2_1,exact,E_y,2,1,96,3.21,3.5092244296369787e-06,1.7546122148184894e-06,1,1,1481732.8467606488,756885.64684144116,9276746.8165429775,0.66477022081056292
SG-008-METAL-001,E_y_2_1,exact,E_y,2,1,97,3.2429166666666669,3.5452094672721454e-06,1.7726047336360727e-06,1,1,1469492.9534904757,750412.22023765079,9279219.340502955,0.67032589231027606
SG-008-METAL-001,E_y_2_1,exact,E_y,2,1,98,3.2758333333333334,3.5811945049073113e-06,1.7905972524536556e-06,1,1,1457447.1203583861,744047.7559743789,9281631.3457275815,0.67574700704741231
SG-008-METAL-001,E_y_2_1,exact,E_y,2,1,99,3.3087500000000003,3.617179542542478e-06,1.808589771271239e-06,1,1,1445591.024278977,737789.55448262033,9283984.7465204652,0.68103776311945308
SG-008-METAL-001,E_y_2_1,exact,E_y,2,1,100,3.3416666666666668,3.6531645801776443e-06,1.8265822900888221e-06,1,1,1433920.4564150998,731635.00340232661,9286281.3847241923,0.68620220257575248
SG-008-METAL-001,E_y_2_1,exact,E_y,2,1,101,3.3745833333333337,3.6891496178128106e-06,1.8445748089064053e-06,1,1,1422431.3193100579,725581.57415398094,9288523.0328022726,0.69124421788646573
SG-008-METAL-001,E_y_2_1,exact,E_y,2,1,102,3.4075000000000002,3.7251346554479768e-06,1.8625673277239884e-06,1,1,1411119.6240237246,719626.81867025059,9290711.3967849594,0.69616755813782738
SG-008-METAL-001,E_y_2_1,exact,E_y,2,1,103,3.4404166666666667,3.7611196930831427e-06,1.8805598465415713e-06,1,1,1399981.4872915226,713768.36626486527,9292848.1190840974,0.70097583496299953
SG-008-METAL-001,E_y_2_1,exact,E_y,2,1,104,3.4733333333333336,3.7971047307183094e-06,1.8985523653591547e-06,1,1,1389013.1287089004,708003.92065503402,9294934.7811813969,0.70567252821618343
SG-008-METAL-001,E_y_2_1,exact,E_y,2,1,105,3.5062500000000001,3.8330897683534752e-06,1.9165448841767376e-06,1,1,1378210.867953036,702331.25711128919,9296972.9061961286,0.71026099140140853
SG-008-METAL-001,E_y_2_1,exact,E_y,2,1,106,3.539166666666667,3.8690748059886424e-06,1.9345374029943212e-06,1,1,1367571.1220440883,696748.21973603964,9298963.9613373056,0.71474445686553123
SG-008-METAL-001,E_y_2_1,exact,E_y,2,1,107,3.5720833333333335,3.9050598436238087e-06,1.9525299218119043e-06,1,1,1357090.4026515181,691252.71886105416,9300909.3602455128,0.7191260407653004
SG-008-METAL-001,E_y_2_1,exact,E_y,2,1,108,3.6050000000000004,3.9410448812589749e-06,1.9705224406294875e-06,1,1,1346765.3134523714,685842.72856255015,9302810.4652284347,0.72340874781597775
SG-008-METAL-001,E_y_2_1,exact,E_y,2,1,109,3.6379166666666669,3.9770299188941412e-06,1.9885149594470706e-06,1,1,1336592.5475392039,680516.28428213974,9304668.5893960651,0.72759547583347495
SG-008-METAL-001,E_y_2_1,exact,E_y,2,1,110,3.6708333333333334,4.0130149565293075e-06,2.0065074782646537e-06,1,1,1326568.8848858471,675271.48055558722,9306484.998698771,0.73168902007577319
SG-008-METAL-001,E_y_2_1,exact,E_y,2,1,111,3.7037500000000003,4.0489999941644738e-06,2.0244999970822369e-06,1,1,1316691.1898687067,670106.4688356542,9308260.9138738159,0.73569207739494857
SG-008-METAL-001,E_y_2_1,exact,E_y,2,1,112,3.7366666666666668,4.0849850317996401e-06,2.04249251589982e-06,1,1,1306956.4088465408,665019.45541165059,9309997.5123038143,0.73960725020642459
SG-008-METAL-001,E_y_2_1,exact,E_y,2,1,113,3.7695833333333337,4.1209700694348063e-06,2.0604850347174032e-06,1,1,1297361.5677997,660008.6994165451,9311695.929791471,0.74343705028415363
SG-008-METAL-001,E_y_2_1,exact,E_y,2,1,114,3.8025000000000002,4.1569551070699726e-06,2.0784775535349863e-06,1,1,1287903.7700298072,655072.51091901259,9313357.262254335,0.74718390238910415
SG-008-METAL-001,E_y_2_1,exact,E_y,2,1,115,3.8354166666666671,4.1929401447051389e-06,2.0964700723525694e-06,1,1,1278580.1939172663,650209.2490965121,9314982.5673436504,0.75085014773930592
SG-008-METAL-001,E_y_2_1,exact,E_y,2,1,116,3.8683333333333336,4.2289251823403052e-06,2.1144625911701526e-06,1,1,1269388.0907421443,645417.32048872346,9316572.8659899104,0.75443804732642561
SG-008-METAL-001,E_y_2_1,exact,E_y,2,1,117,3.9012500000000001,4.2649102199754715e-06,2.1324551099877357e-06,1,1,1260324.7825612549,640695.1773137222,9318129.1438803915,0.75794978508997346
SG-008-METAL-001,E_y_2_1,exact,E_y,2,1,118,3.934166666666667,4.3008952576106377e-06,2.1504476288053189e-06,1,1,1251387.6601456795,636041.31586778222,9319652.3528696373,0.76138747095053261
SG-008-METAL-001,E_y_2_1,exact,E_y,2,1,119,3.9670833333333335,4.336880295245804e-06,2.168440147622902e-06,1,1,1242574.1809780672,631454.2749807213,9321143.4123276714,0.76475314371212555
SG-008-METAL-001,E_y_2_1,exact,E_y,2,1,120,4.0000000000000009,4.3728653328809711e-06,2.1864326664404856e-06,1,1,1233881.8673045114,626932.63453985588,9322603.2104284223,0.76804877383860759
SG-008-METAL-001,E_x_2_1,exact,E_x,2,1,0,0.050000000000000003,5.4660816661012134e-08,2.7330408330506067e-08,0,1,nan,nan,nan,nan
SG-008-METAL-001,E_x_2_1,exact,E_x,2,1,1,0.082916666666666666,9.064585429617844e-08,4.532292714808922e-08,0,1,nan,nan,nan,nan
SG-008-METAL-001,E_x_2_1,exact,E_x,2,1,2,0.11583333333333334,1.2663089193134477e-07,6.3315445965672386e-08,0,1,nan,nan,nan,nan
SG-008-METAL-001,E_x_2_1,exact,E_x,2,1,3,0.14874999999999999,1.6261592956651108e-07,8.130796478325554e-08,0,1,nan,nan,nan,nan
SG-008-METAL-001,E_x_2_1,exact,E_x,2,1,4,0.1816666666666667,1.9860096720167744e-07,9.9300483600838719e-08,0,1,nan,nan,nan,nan
SG-008-METAL-001,E_x_2_1,exact,E_x,2,1,5,0.21458333333333335,2.3458600483684374e-07,1.1729300241842187e-07,0,1,nan,nan,nan,nan
SG-008-METAL-001,E_x_2_1,exact,E_x,2,1,6,0.2475,2.7057104247201005e-07,1.3528552123600503e-07,0,1,nan,nan,nan,nan
SG-008-METAL-001,E_x_2_1,exact,E_x,2,1,7,0.2804166666666667,3.0655608010717638e-07,1.5327804005358819e-07,0,1,nan,nan,nan,nan
SG-008-METAL-001,E_x_2_1,exact,E_x,2,1,8,0.31333333333333335,3.4254111774234272e-07,1.7127055887117136e-07,0,1,nan,nan,nan,nan
SG-008-METAL-001,E_x_2_1,exact,E_x,2,1,9,0.34625,3.78526155377509e-07,1.892630776887545e-07,0,1,nan,nan,nan,nan
SG-008-METAL-001,E_x_2_1,exact,E_x,2,1,10,0.37916666666666671,4.1451119301267533e-07,2.0725559650633766e-07,0,1,nan,nan,nan,nan
SG-008-METAL-001,E_x_2_1,exact,E_x,2,1,11,0.41208333333333336,4.5049623064784166e-07,2.2524811532392083e-07,0,1,nan,nan,nan,nan
SG-008-METAL-001,E_x_2_1,exact,E_x,2,1,12,0.44500000000000001,4.8648126828300794e-07,2.4324063414150397e-07,0,1,nan,nan,nan,nan
SG-008-METAL-001,E_x_2_1,exact,E_x,2,1,13,0.47791666666666671,5.2246630591817433e-07,2.6123315295908716e-07,0,1,nan,nan,nan,nan
SG-008-METAL-001,E_x_2_1,exact,E_x,2,1,14,0.51083333333333336,5.5845134355334061e-07,2.792256717766703e-07,0,1,nan,nan,nan,nan
SG-008-METAL-001,E_x_2_1,exact,E_x,2,1,15,0.54375000000000007,5.9443638118850699e-07,2.972181905942535e-07,0,1,nan,nan,nan,nan
SG-008-METAL-001,E_x_2_1,exact,E_x,2,1,16,0.57666666666666677,6.3042141882367338e-07,3.1521070941183669e-07,0,1,nan,nan,nan,nan
SG-008-METAL-001,E_x_2_1,exact,E_x,2,1,17,0.60958333333333348,6.6640645645883966e-07,3.3320322822941983e-07,0,1,nan,nan,nan,nan
SG-008-METAL-001,E_x_2_1,exact,E_x,2,1,18,0.64250000000000007,7.0239149409400594e-07,3.5119574704700297e-07,0,1,nan,nan,nan,nan
SG-008-METAL-001,E_x_2_1,exact,E_x,2,1,19,0.67541666666666678,7.3837653172917232e-07,3.6918826586458616e-07,0,1,nan,nan,nan,nan
SG-008-METAL-001,E_x_2_1,exact,E_x,2,1,20,0.70833333333333348,7.743615693643386e-07,3.871807846821693e-07,0,1,nan,nan,nan,nan
SG-008-METAL-001,E_x_2_1,exact,E_x,2,1,21,0.74125000000000008,8.1034660699950488e-07,4.0517330349975244e-07,0,1,nan,nan,nan,nan
SG-008-METAL-001,E_x_2_1,exact,E_x,2,1,22,0.77416666666666678,8.4633164463467127e-07,4.2316582231733563e-07,0,1,nan,nan,nan,nan
SG-008-METAL-001,E_x_2_1,exact,E_x,2,1,23,0.80708333333333349,8.8231668226983765e-07,4.4115834113491883e-07,0,1,nan,nan,nan,nan
SG-008-METAL-001,E_x_2_1,exact,E_x,2,1,24,0.84000000000000008,9.1830171990500383e-07,4.5915085995250191e-07,0,1,nan,nan,nan,nan
SG-008-METAL-001,E_x_2_1,exact,E_x,2,1,25,0.87291666666666679,9.5428675754017011e-07,4.7714337877008505e-07,0,1,nan,nan,nan,nan
SG-008-METAL-001,E_x_2_1,exact,E_x,2,1,26,0.90583333333333349,9.902717951753366e-07,4.951358975876683e-07,0,1,nan,nan,nan,nan
SG-008-METAL-001,E_x_2_1,exact,E_x,2,1,27,0.9387500000000002,1.0262568328105029e-06,5.1312841640525144e-07,0,1,nan,nan,nan,nan
SG-008-METAL-001,E_x_2_1,exact,E_x,2,1,28,0.97166666666666679,1.0622418704456692e-06,5.3112093522283458e-07,0,1,nan,nan,nan,nan
SG-008-METAL-001,E_x_2_1,exact,E_x,2,1,29,1.0045833333333334,1.0982269080808354e-06,5.4911345404041772e-07,0,1,2873654.732083316,2873641.7963393815,8503571.6564812232,-0.9999065004718124
SG-008-METAL-001,E_x_2_1,exact,E_x,2,1,30,1.0375000000000001,1.1342119457160017e-06,5.6710597285800086e-07,0,1,2869908.341404839,2869158.8811127227,8506350.1595379412,-0.99418347506052862
SG-008-METAL-001,E_x_2_1,exact,E_x,2,1,31,1.0704166666666668,1.1701969833511682e-06,5.8509849167558411e-07,0,1,2861110.516770632,2858811.5043810848,8512795.252033677,-0.98090098861862407
SG-008-METAL-001,E_x_2_1,exact,E_x,2,1,32,1.1033333333333335,1.2061820209863345e-06,6.0309101049316725e-07,0,1,2848174.716883684,2843847.3511142656,8522140.1440875866,-0.96162452966620737
SG-008-METAL-001,E_x_2_1,exact,E_x,2,1,33,1.1362500000000002,1.2421670586215008e-06,6.2108352931075039e-07,0,1,2831853.45324717,2825248.7742113038,8533757.3783740699,-0.93763123963421824
SG-008-METAL-001,E_x_2_1,exact,E_x,2,1,34,1.1691666666666669,1.2781520962566673e-06,6.3907604812833363e-07,0,1,2812770.2307639346,2803796.1664873958,8547133.4548796564,-0.90996489777133693
SG-008-METAL-001,E_x_2_1,exact,E_x,2,1,35,1.2020833333333336,1.3141371338918335e-06,6.5706856694591677e-07,0,1,2791444.0672507724,2780114.1316772383,8561848.2259418294,-0.87947962054270401
SG-008-METAL-001,E_x_2_1,exact,E_x,2,1,36,1.2350000000000001,1.3501221715269996e-06,6.750610857634998e-07,0,1,2768308.6147095612,2754705.7166994717,8577558.1279238407,-0.84687480641219626
SG-008-METAL-001,E_x_2_1,exact,E_x,2,1,37,1.2679166666666668,1.3861072091621661e-06,6.9305360458108305e-07,0,1,2743727.2722219923,2727978.1767397849,8593982.5071209576,-0.81272323409904779
SG-008-METAL-001,E_x_2_1,exact,E_x,2,1,38,1.3008333333333335,1.4220922467973324e-06,7.1104612339866619e-07,0,1,2718005.2680107346,2700262.6225408465,8610892.4474864379,-0.77749376695121986
SG-008-METAL-001,E_x_2_1,exact,E_x,2,1,39,1.3337500000000002,1.4580772844324987e-06,7.2903864221624933e-07,0,1,2691399.4130198681,2671829.1753011607,8628101.6259319801,-0.74156977948630542
SG-008-METAL-001,E_x_2_1,exact,E_x,2,1,40,1.3666666666666669,1.4940623220676652e-06,7.4703116103383258e-07,0,1,2664126.0404917542,2642898.7755081123,8645458.8144641407,-0.70526417078063164
SG-008-METAL-001,E_x_2_1,exact,E_x,2,1,41,1.3995833333333336,1.5300473597028314e-06,7.6502367985141572e-07,0,1,2636367.5151067362,2613652.4680214897,8662841.7226392496,-0.66883163991417371
SG-008-METAL-001,E_x_2_1,exact,E_x,2,1,42,1.4325000000000001,1.5660323973379975e-06,7.8301619866899875e-07,0,1,2608277.6021878999,2584238.7621094901,8680151.9330101591,-0.63247875437526557
SG-008-METAL-001,E_x_2_1,exact,E_x,2,1,43,1.4654166666666668,1.602017434973164e-06,8.01008717486582e-07,0,1,2579985.9201493654,2554779.5083084465,8697310.7295049857,-0.59637223163464148
SG-008-METAL-001,E_x_2_1,exact,E_x,2,1,44,1.4983333333333335,1.6380024726083303e-06,8.1900123630416514e-07,0,1,2551601.6497826828,2525374.6220788928,8714255.6566117834,-0.56064576832993229
SG-008-METAL-001,E_x_2_1,exact,E_x,2,1,45,1.5312500000000002,1.6739875102434968e-06,8.3699375512174838e-07,0,1,2523216.6369702602,2496105.9034197768,8730937.6776858103,-0.5254056847116656
SG-008-METAL-001,E_x_2_1,exact,E_x,2,1,46,1.5641666666666669,1.709972547878663e-06,8.5498627393933152e-07,0,1,2494907.9973038496,2467040.1423987262,8747318.8252507877,-0.49073559950132473
SG-008-METAL-001,E_x_2_1,exact,E_x,2,1,47,1.5970833333333336,1.7459575855138293e-06,8.7297879275691466e-07,0,1,2466740.3095341055,2438231.6567806113,8763370.2559572775,-0.45670030890561819
SG-008-METAL-001,E_x_2_1,exact,E_x,2,1,48,1.6300000000000001,1.7819426231489956e-06,8.909713115744978e-07,0,1,2438767.4680376053,2409724.3750989763,8779070.6388945039,-0.42334901059176477
SG-008-METAL-001,E_x_2_1,exact,E_x,2,1,49,1.6629166666666668,1.8179276607841619e-06,9.0896383039208094e-07,0,1,2411034.2513202885,2381553.5538063403,8794404.8189241942,-0.39071798717725487
SG-008-METAL-001,E_x_2_1,exact,E_x,2,1,50,1.6958333333333335,1.8539126984193282e-06,9.2695634920966408e-07,0,1,2383577.6531909485,2353747.1982520064,8809362.7072413042,-0.35883284272600935
SG-008-METAL-001,E_x_2_1,exact,E_x,2,1,51,1.7287500000000002,1.8898977360544947e-06,9.4494886802724733e-07,0,1,2356428.0149036394,2326327.242717233,8823938.3599486463,-0.3277103687540881
SG-008-METAL-001,E_x_2_1,exact,E_x,2,1,52,1.7616666666666669,1.9258827736896611e-06,9.6294138684483057e-07,0,1,2329609.9898958146,2299310.5335657476,8838129.2123964503,-0.29736010257400486
SG-008-METAL-001,E_x_2_1,exact,E_x,2,1,53,1.7945833333333336,1.9618678113248274e-06,9.8093390566241371e-07,0,1,2303143.3673317088,2272709.6507870574,8851935.4427458178,-0.26778562966155645
SG-008-METAL-001,E_x_2_1,exact,E_x,2,1,54,1.8275000000000003,1.9978528489599937e-06,9.9892642447999685e-07,0,1,2277043.7762564532,2246533.5963609582,8865359.4428673629,-0.23898567268749377
SG-008-METAL-001,E_x_2_1,exact,E_x,2,1,55,1.8604166666666668,2.03383788659516e-06,1.01691894329758e-06,0,1,2251323.2885583155,2220788.372464153,8878405.3784971572,-0.21095500247274196
SG-008-METAL-001,E_x_2_1,exact,E_x,2,1,56,1.8933333333333335,2.0698229242303263e-06,1.0349114621151631e-06,0,1,2225990.935990253,2195477.4682233566,8891078.82369834,-0.18368520008000297
SG-008-METAL-001,E_x_2_1,exact,E_x,2,1,57,1.9262500000000002,2.1058079618654925e-06,1.0529039809327463e-06,0,1,2201053.1540398994,2170602.2703203242,8903386.4572406113,-0.15716529430185233
SG-008-METAL-001,E_x_2_1,exact,E_x,2,1,58,1.9591666666666669,2.1417929995006588e-06,1.0708964997503294e-06,0,1,2176514.1634226935,2146162.4099733164,8915335.8106266651,-0.13138229471488966
SG-008-METAL-001,E_x_2_1,exact,E_x,2,1,59,1.9920833333333337,2.1777780371358251e-06,1.0888890185679126e-06,0,1,2152376.2982922527,2122156.0566214342,8926935.0592293981,-0.10632163711708364
SG-008-METAL-001,E_x_2_1,exact,E_x,2,1,60,2.0250000000000004,2.2137630747709918e-06,1.1068815373854959e-06,0,1,2128640.2888582861,2098580.1668257397,8938192.8494444136,-0.081967555375839052
SG-008-METAL-001,E_x_2_1,exact,E_x,2,1,61,2.0579166666666668,2.2497481124061577e-06,1.1248740562030788e-06,0,1,2105305.5049284594,2075430.6954766,8949118.1559411604,-0.058303391430146172
SG-008-METAL-001,E_x_2_1,exact,E_x,2,1,62,2.0908333333333333,2.2857331500413239e-06,1.142866575020662e-06,0,1,2082370.1659151143,2052702.7751677115,8959720.1640860252,-0.03531185326450318
SG-008-METAL-001,E_x_2_1,exact,E_x,2,1,63,2.1237500000000002,2.3217181876764906e-06,1.1608590938382453e-06,0,1,2059831.522013335,2030390.8686444946,8970008.173421558,-0.012975229092746296
SG-008-METAL-001,E_x_2_1,exact,E_x,2,1,64,2.1566666666666667,2.3577032253116565e-06,1.1788516126558283e-06,1,1,2037686.0105746994,2008488.8984309419,8979991.5187594742,0.0087244353258956065
SG-008-METAL-001,E_x_2_1,exact,E_x,2,1,65,2.1895833333333332,2.3936882629468228e-06,1.1968441314734114e-06,1,1,2015929.3910953314,1986990.3570803339,8989679.5060108807,0.029805190426769896
SG-008-METAL-001,E_x_2_1,exact,E_x,2,1,66,2.2225000000000001,2.4296733005819891e-06,1.2148366502909945e-06,1,1,1994556.8617723174,1965888.400921532,8999081.3603435885,0.050285062741741701
SG-008-METAL-001,E_x_2_1,exact,E_x,2,1,67,2.2554166666666666,2.4656583382171553e-06,1.2328291691085777e-06,1,1,1973563.1601179698,1945175.9297713989,9008206.1846444998,0.070181956835673825
SG-008-METAL-001,E_x_2_1,exact,E_x,2,1,68,2.2883333333333336,2.501643375852322e-06,1.250821687926161e-06,1,1,1952942.649813985,1924845.654649999,9017062.9265918303,0.08951357579849388
SG-008-METAL-001,E_x_2_1,exact,E_x,2,1,69,2.32125,2.5376284134874879e-06,1.268814206743744e-06,1,1,1932689.3956415649,1904890.1552543051,9025660.3529156875,0.10829735735969678
SG-008-METAL-001,E_x_2_1,exact,E_x,2,1,70,2.354166666666667,2.5736134511226546e-06,1.2868067255613273e-06,1,1,1912797.2280949107,1885301.9286670904,9034007.0296497364,0.12655042314016096
SG-008-METAL-001,E_x_2_1,exact,E_x,2,1,71,2.3870833333333334,2.6095984887578209e-06,1.3047992443789104e-06,1,1,1893259.7990443206,1866073.4305660184,9042111.3073696736,0.14428953894452387
SG-008-METAL-001,E_x_2_1,exact,E_x,2,1,72,2.4199999999999999,2.6455835263929867e-06,1.3227917631964934e-06,1,1,1874070.6296400963,1847197.1099966704,9049981.3105743267,0.16153108432081043
SG-008-METAL-001,E_x_2_1,exact,E_x,2,1,73,2.4529166666666669,2.6815685640281534e-06,1.3407842820140767e-06,1,1,1855223.1514837304,1828665.4386360401,9057624.9304959141,0.17829102987865483
SG-008-METAL-001,E_x_2_1,exact,E_x,2,1,74,2.4858333333333333,2.7175536016633197e-06,1.3587768008316599e-06,1,1,1836710.7419439126,1810470.9353122939,9065049.8207467962,0.19458492110511164
SG-008-METAL-001,E_x_2_1,exact,E_x,2,1,75,2.5187500000000003,2.7535386392984864e-06,1.3767693196492432e-06,1,1,1818526.7543978549,1792606.1864694864,9072263.3952930849,0.21042786758559859
SG-008-METAL-001,E_x_2_1,exact,E_x,2,1,76,2.5516666666666667,2.7895236769336523e-06,1.3947618384668261e-06,1,1,1800664.5440470804,1775063.8631365476,9079272.8283383325,0.22583453673056031
SG-008-METAL-001,E_x_2_1,exact,E_x,2,1,77,2.5845833333333332,2.8255087145688186e-06,1.4127543572844093e-06,1,1,1783117.4898993515,1757836.7348951665,9086085.055758195,0.24081915122680947
SG-008-METAL-001,E_x_2_1,exact,E_x,2,1,78,2.6175000000000002,2.8614937522039853e-06,1.4307468761019926e-06,1,1,1765879.0134107077,1740917.6812771775,9092706.7777871508,0.25539548955824343
SG-008-METAL-001,E_x_2_1,exact,E_x,2,1,79,2.6504166666666666,2.8974787898391511e-06,1.4487393949195756e-06,1,1,1748942.5942201591,1724299.700947542,9099144.4627085105,0.26957688904597238
SG-008-METAL-001,E_x_2_1,exact,E_x,2,1,80,2.6833333333333336,2.9334638274743178e-06,1.4667319137371589e-06,1,1,1732301.7833642021,1707975.9189924544,9105404.3513343949,0.2833762509321317
SG-008-METAL-001,E_x_2_1,exact,E_x,2,1,81,2.7162500000000001,2.9694488651094841e-06,1.4847244325547421e-06,1,1,1715950.214292279,1691939.5925732763,9111492.4621028751,0.2968060471180945
SG-008-METAL-001,E_x_2_1,exact,E_x,2,1,82,2.749166666666667,3.0054339027446504e-06,1.5027169513723252e-06,1,1,1699881.6119775665,1676184.1151932837,9117414.596640788,0.30987832821270195
SG-008-METAL-001,E_x_2_1,exact,E_x,2,1,83,2.7820833333333335,3.0414189403798167e-06,1.5207094701899083e-06,1,1,1684089.8003713689,1660703.0197693342,9123176.3456714135,0.32260473261242462
SG-008-METAL-001,E_x_2_1,exact,E_x,2,1,84,2.8149999999999999,3.0774039780149829e-06,1.5387019890074915e-06,1,1,1668568.7084138121,1645489.9806822627,9128783.0951655768,0.33499649637711187
SG-008-METAL-001,E_x_2_1,exact,E_x,2,1,85,2.8479166666666669,3.1133890156501492e-06,1.5566945078250746e-06,1,1,1653312.3748040458,1630538.8149595424,9134240.0326482784,0.3470644636944088
SG-008-METAL-001,E_x_2_1,exact,E_x,2,1,86,2.8808333333333334,3.1493740532853155e-06,1.5746870266426578e-06,1,1,1638314.951683823,1615843.4827222214,9139552.1535925176,0.35881909776882687
SG-008-METAL-001,E_x_2_1,exact,E_x,2,1,87,2.9137500000000003,3.1853590909204822e-06,1.5926795454602411e-06,1,1,1623570.7073876928,1601398.087001964,9144724.2678422704,0.37027049199420192
SG-008-METAL-001,E_x_2_1,exact,E_x,2,1,88,2.9466666666666668,3.2213441285556481e-06,1.610672064277824e-06,1,1,1609074.0283852541,1587196.8730294928,9149761.0060168076,0.38142838129105733
SG-008-METAL-001,E_x_2_1,exact,E_x,2,1,89,2.9795833333333337,3.2573291661908148e-06,1.6286645830954074e-06,1,1,1594819.4205239345,1573234.2270852462,9154666.8258572612,0.39230215350993375
SG-008-METAL-001,E_x_2_1,exact,E_x,2,1,90,3.0125000000000002,3.293314203825981e-06,1.6466571019129905e-06,1,1,1580801.5096761927,1559504.6749684422,9159446.0184861235,0.40290086082379772
SG-008-METAL-001,E_x_2_1,exact,E_x,2,1,91,3.0454166666666667,3.3292992414611469e-06,1.6646496207305735e-06,1,1,1567015.0418662764,1546002.8801642731,9164102.7145538293,0.41323323104075732
SG-008-METAL-001,E_x_2_1,exact,E_x,2,1,92,3.0783333333333336,3.3652842790963136e-06,1.6826421395481568e-06,1,1,1553454.8829611635,1532723.6417549611,9168640.8902526982,0.42330767878234565
SG-008-METAL-001,E_x_2_1,exact,E_x,2,1,93,3.1112500000000001,3.4012693167314799e-06,1.7006346583657399e-06,1,1,1540116.0179838287,1519661.8921276084,9173064.3731835354,0.4331323164843302
SG-008-METAL-001,E_x_2_1,exact,E_x,2,1,94,3.144166666666667,3.4372543543666466e-06,1.7186271771833233e-06,1,1,1526993.5501069976,1506812.6945082354,9177376.848065285,0.44271496518882542
SG-008-METAL-001,E_x_2_1,exact,E_x,2,1,95,3.1770833333333335,3.4732393920018124e-06,1.7366196960009062e-06,1,1,1514082.6993816171,1494171.2403749435,9181581.8622759096,0.45206316509205241
SG-008-METAL-001,E_x_2_1,exact,E_x,2,1,96,3.21,3.5092244296369787e-06,1.7546122148184894e-06,1,1,1501378.8012346704,1481732.8467606488,9185682.8312237076,0.46118418583719839
SG-008-METAL-001,E_x_2_1,exact,E_x,2,1,97,3.2429166666666669,3.5452094672721454e-06,1.7726047336360727e-06,1,1,1488877.3047837131,1469492.9534898221,9189683.0435411651,0.47008503652648054
SG-008-METAL-001,E_x_2_1,exact,E_x,2,1,98,3.2758333333333334,3.5811945049073113e-06,1.7905972524536556e-06,1,1,1476573.7709965534,1457447.1203583861,9193585.6661026627,0.47877247544755791
SG-008-METAL-001,E_x_2_1,exact,E_x,2,1,99,3.3087500000000003,3.617179542542478e-06,1.808589771271239e-06,1,1,1464463.8707215542,1445591.024278977,9197393.7488660105,0.48725301950692324
SG-008-METAL-001,E_x_2_1,exact,E_x,2,1,100,3.3416666666666668,3.6531645801776443e-06,1.8265822900888221e-06,1,1,1452543.3826225419,1433920.4564150998,9201110.2295363266,0.49553295336011288
SG-008-METAL-001,E_x_2_1,exact,E_x,2,1,101,3.3745833333333337,3.6891496178128106e-06,1.8445748089064053e-06,1,1,1440808.1910313782,1422431.3193100579,9204737.9380570631,0.50361833824302238
SG-008-METAL-001,E_x_2_1,exact,E_x,2,1,102,3.4075000000000002,3.7251346554479768e-06,1.8625673277239884e-06,1,1,1429254.2837443519,1411119.6240237246,9208279.6009296887,0.51151502050171571
SG-008-METAL-001,E_x_2_1,exact,E_x,2,1,103,3.4404166666666667,3.7611196930831427e-06,1.8805598465415713e-06,1,1,1417877.7497715116,1399981.4872915226,9211737.8453659955,0.51922863982398204
SG-008-METAL-001,E_x_2_1,exact,E_x,2,1,104,3.4733333333333336,3.7971047307183094e-06,1.8985523653591547e-06,1,1,1406674.7770624831,1389013.1287089004,9215115.2032763436,0.52676463717479183
SG-008-METAL-001,E_x_2_1,exact,E_x,2,1,105,3.5062500000000001,3.8330897683534752e-06,1.9165448841767376e-06,1,1,1395641.6502107254,1378210.867953036,9218414.1150990538,0.53412826244243616
SG-008-METAL-001,E_x_2_1,exact,E_x,2,1,106,3.539166666666667,3.8690748059886424e-06,1.9345374029943212e-06,1,1,1384774.7481551687,1367571.122044415,9221636.9334747866,0.5413245817993716
SG-008-METAL-001,E_x_2_1,exact,E_x,2,1,107,3.5720833333333335,3.9050598436238087e-06,1.9525299218119043e-06,1,1,1374070.5418857725,1357090.4026515181,9224785.9267712627,0.54835848478548765
SG-008-METAL-001,E_x_2_1,exact,E_x,2,1,108,3.6050000000000004,3.9410448812589749e-06,1.9705224406294875e-06,1,1,1363525.5921579148,1346765.3134523714,9227863.2824623175,0.55523469111880608
SG-008-METAL-001,E_x_2_1,exact,E_x,2,1,109,3.6379166666666669,3.9770299188941412e-06,1.9885149594470706e-06,1,1,1353136.5472266921,1336592.5475392039,9230871.1103679892,0.56195775724488395
SG-008-METAL-001,E_x_2_1,exact,E_x,2,1,110,3.6708333333333334,4.0130149565293075e-06,2.0065074782646537e-06,1,1,1342900.1406044369,1326568.8848858471,9233811.4457585476,0.5685320826280339
SG-008-METAL-001,E_x_2_1,exact,E_x,2,1,111,3.7037500000000003,4.0489999941644738e-06,2.0244999970822369e-06,1,1,1332813.1888463085,1316691.1898687067,9236686.2523290087,0.57496191579579958
SG-008-METAL-001,E_x_2_1,exact,E_x,2,1,112,3.7366666666666668,4.0849850317996401e-06,2.04249251589982e-06,1,1,1322872.5893682512,1306956.4088465408,9239497.4250484724,0.58125136014343848
SG-008-METAL-001,E_x_2_1,exact,E_x,2,1,113,3.7695833333333337,4.1209700694348063e-06,2.0604850347174032e-06,1,1,1313075.31829989,1297361.5677997,9242246.7928892802,0.58740437950683433
SG-008-METAL-001,E_x_2_1,exact,E_x,2,1,114,3.8025000000000002,4.1569551070699726e-06,2.0784775535349863e-06,1,1,1303418.4283786023,1287903.7700294806,9244936.1214402746,0.59342480351086158
SG-008-METAL-001,E_x_2_1,exact,E_x,2,1,115,3.8354166666666671,4.1929401447051389e-06,2.0964700723525694e-06,1,1,1293899.0468798499,1278580.193917593,9247567.1154098324,0.59931633270352269
SG-008-METAL-001,E_x_2_1,exact,E_x,2,1,116,3.8683333333333336,4.2289251823403052e-06,2.1144625911701526e-06,1,1,1284514.3735935763,1269388.0907424712,9250141.4210225437,0.60508254348230339
SG-008-METAL-001,E_x_2_1,exact,E_x,2,1,117,3.9012500000000001,4.2649102199754715e-06,2.1324551099877357e-06,1,1,1275261.6788417711,1260324.7825609283,9252660.6283136029,0.6107268928197731
SG-008-METAL-001,E_x_2_1,exact,E_x,2,1,118,3.934166666666667,4.3008952576106377e-06,2.1504476288053189e-06,1,1,1266138.3015414411,1251387.6601460062,9255126.2733259518,0.61625272279783794
SG-008-METAL-001,E_x_2_1,exact,E_x,2,1,119,3.9670833333333335,4.336880295245804e-06,2.168440147622902e-06,1,1,1257141.6473116931,1242574.1809783939,9257539.8402148169,0.62166326495921631
SG-008-METAL-001,E_x_2_1,exact,E_x,2,1,120,4.0000000000000009,4.3728653328809711e-06,2.1864326664404856e-06,1,1,1248269.1866294881,1233881.8673045114,9259902.7632612176,0.62696164447803282
SG-008-METAL-001,E_y_1_1,closed_form,E_y,1,1,0,0.050000000000000003,5.4660816661012134e-08,2.7330408330506067e-08,0,0,4185308.3080524374,4580115.9570603371,nan,nan
SG-008-METAL-001,E_y_1_1,closed_form,E_y,1,1,1,0.082916666666666666,9.064585429617844e-08,4.532292714808922e-08,0,0,3993842.8158276086,4351809.3784857364,nan,nan
SG-008-METAL-001,E_y_1_1,closed_form,E_y,1,1,2,0.11583333333333334,1.2663089193134477e-07,6.3315445965672386e-08,0,0,3819128.9476919998,4145183.0467838477,nan,nan
SG-008-METAL-001,E_y_1_1,closed_form,E_y,1,1,3,0.14874999999999999,1.6261592956651108e-07,8.130796478325554e-08,0,0,3659060.4055208145,3957288.773036473,nan,nan
SG-008-METAL-001,E_y_1_1,closed_form,E_y,1,1,4,0.1816666666666667,1.9860096720167744e-07,9.9300483600838719e-08,0,0,3511869.80582827,3785689.7349821106,nan,nan
SG-008-METAL-001,E_y_1_1,closed_form,E_y,1,1,5,0.21458333333333335,2.3458600483684374e-07,1.1729300241842187e-07,0,0,3376063.1493429281,3628354.2135009458,nan,nan
SG-008-METAL-001,E_y_1_1,closed_form,E_y,1,1,6,0.2475,2.7057104247201005e-07,1.3528552123600503e-07,0,0,3250368.9291639738,3483574.7700104928,nan,nan
SG-008-METAL-001,E_y_1_1,closed_form,E_y,1,1,7,0.2804166666666667,3.0655608010717638e-07,1.5327804005358819e-07,0,0,3133698.1993752471,3349906.0313945236,nan,nan
SG-008-METAL-001,E_y_1_1,closed_form,E_y,1,1,8,0.31333333333333335,3.4254111774234272e-07,1.7127055887117136e-07,0,0,3025112.9455940514,3226116.269209404,nan,nan
SG-008-METAL-001,E_y_1_1,closed_form,E_y,1,1,9,0.34625,3.78526155377509e-07,1.892630776887545e-07,0,0,2923800.8112110067,3111149.3321261099,nan,nan
SG-008-METAL-001,E_y_1_1,closed_form,E_y,1,1,10,0.37916666666666671,4.1451119301267533e-07,2.0725559650633766e-07,0,0,2829054.7376230746,3004094.4378182958,nan,nan
SG-008-METAL-001,E_y_1_1,closed_form,E_y,1,1,11,0.41208333333333336,4.5049623064784166e-07,2.2524811532392083e-07,0,0,2740256.4387777089,2904161.994162383,nan,nan
SG-008-METAL-001,E_y_1_1,closed_form,E_y,1,1,12,0.44500000000000001,4.8648126828300794e-07,2.4324063414150397e-07,0,1,2656862.8932076315,2810664.0909768799,8594631.2628404107,-0.81137292084473056
SG-008-METAL-001,E_y_1_1,closed_form,E_y,1,1,13,0.47791666666666671,5.2246630591817433e-07,2.6123315295908716e-07,0,1,2578395.2297272594,2722998.6425724006,8646594.4765365776,-0.70288619095866323
SG-008-METAL-001,E_y_1_1,closed_form,E_y,1,1,14,0.51083333333333336,5.5845134355334061e-07,2.792256717766703e-07,0,1,2504429.5261266646,2640636.4081327482,8693751.3030056842,-0.60386804235484071
SG-008-METAL-001,E_y_1_1,closed_form,E_y,1,1,15,0.54375000000000007,5.9443638118850699e-07,2.972181905942535e-07,0,1,2434589.1474321843,2563110.2984979139,8736685.9214889724,-0.51324714317776554
SG-008-METAL-001,E_y_1_1,closed_form,E_y,1,1,16,0.57666666666666677,6.3042141882367338e-07,3.1521070941183669e-07,0,1,2368538.331352761,2490006.512867494,8775895.0169537924,-0.4300995931963561
SG-008-METAL-001,E_y_1_1,closed_form,E_y,1,1,17,0.60958333333333348,6.6640645645883966e-07,3.3320322822941983e-07,0,1,2305976.7903136611,2420957.150211046,8811803.284752842,-0.35362521746029829
SG-008-METAL-001,E_y_1_1,closed_form,E_y,1,1,18,0.64250000000000007,7.0239149409400594e-07,3.5119574704700297e-07,0,1,2246635.1469526733,2355634.0168478801,8844775.7747130208,-0.28312819311185333
SG-008-METAL-001,E_y_1_1,closed_form,E_y,1,1,19,0.67541666666666678,7.3837653172917232e-07,3.6918826586458616e-07,0,1,2190271.0567081277,2293743.4102039044,8875127.8005500901,-0.21800112681524844
SG-008-METAL-001,E_y_1_1,closed_form,E_y,1,1,20,0.70833333333333348,7.743615693643386e-07,3.871807846821693e-07,0,1,2136665.8997865138,2235021.7038090001,8903132.9556508623,-0.15771189754310161
SG-008-METAL-001,E_y_1_1,closed_form,E_y,1,1,21,0.74125000000000008,8.1034660699950488e-07,4.0517330349975244e-07,0,1,2085621.9472942147,2179231.5935322256,8929029.6429410484,-0.10179272890766665
SG-008-METAL-001,E_y_1_1,closed_form,E_y,1,1,22,0.77416666666666678,8.4633164463467127e-07,4.2316582231733563e-07,0,1,2036959.9240905019,2126158.8923290004,8953026.4292039145,-0.049831069301810971
SG-008-METAL-001,E_y_1_1,closed_form,E_y,1,1,23,0.80708333333333349,8.8231668226983765e-07,4.4115834113491883e-07,0,1,1990516.9050446341,2075609.7822147221,8975306.4623170588,-0.0014619458196739631
SG-008-METAL-001,E_y_1_1,closed_form,E_y,1,1,24,0.84000000000000008,9.1830171990500383e-07,4.5915085995250191e-07,1,1,1946144.492671567,2027408.4491385017,8996031.1362183597,0.043638474182919357
SG-008-METAL-001,E_y_1_1,closed_form,E_y,1,1,25,0.87291666666666679,9.5428675754017011e-07,4.7714337877008505e-07,1,1,1903707.2331964511,1981395.0399257513,9015343.1479804143,0.08575832713623785
SG-008-METAL-001,E_y_1_1,closed_form,E_y,1,1,26,0.90583333333333349,9.902717951753366e-07,4.951358975876683e-07,1,1,1863081.2354306553,1937423.8912581499,9033369.0606313981,0.12515467469910013
SG-008-METAL-001,E_y_1_1,closed_form,E_y,1,1,27,0.9387500000000002,1.0262568328105029e-06,5.1312841640525144e-07,1,1,1824152.9627957002,1895361.989349023,9050221.461790802,0.16205744169170522
SG-008-METAL-001,E_y_1_1,closed_form,E_y,1,1,28,0.97166666666666679,1.0622418704456692e-06,5.3112093522283458e-07,1,1,1786818.1736884718,1855087.6259999813,9066000.7899758425,0.19667278369446994
SG-008-METAL-001,E_y_1_1,closed_form,E_y,1,1,29,1.0045833333333334,1.0982269080808354e-06,5.4911345404041772e-07,1,1,1750980.9893613523,1816489.2224363713,9080796.8862579409,0.22918597682806577
SG-008-METAL-001,E_y_1_1,closed_form,E_y,1,1,30,1.0375000000000001,1.1342119457160017e-06,5.6710597285800086e-07,1,1,1716553.0717668023,1779464.2969830707,9094690.3178379182,0.25976390567786523
SG-008-METAL-001,E_y_1_1,closed_form,E_y,1,1,31,1.0704166666666668,1.1701969833511682e-06,5.8509849167558411e-07,1,1,1683452.8965233508,1743918.5564676179,9107753.5113440193,0.28855721200111129
SG-008-METAL-001,E_y_1_1,closed_form,E_y,1,1,32,1.1033333333333335,1.2061820209863345e-06,6.0309101049316725e-07,1,1,1651605.1084063421,1709765.0943888538,9120051.7267008852,0.31570215607812774
SG-008-METAL-001,E_y_1_1,closed_form,E_y,1,1,33,1.1362500000000002,1.2421670586215008e-06,6.2108352931075039e-07,1,1,1620939.9486378541,1676923.6814957238,9131643.8968650661,0.34132223381424914
SG-008-METAL-001,E_y_1_1,closed_form,E_y,1,1,34,1.1691666666666669,1.2781520962566673e-06,6.3907604812833363e-07,1,1,1591392.7448142769,1645320.1365851925,9142583.3542661257,0.36552958555636406
SG-008-METAL-001,E_y_1_1,closed_form,E_y,1,1,35,1.2020833333333336,1.3141371338918335e-06,6.5706856694591677e-07,1,1,1562903.4556221352,1614885.7671323018,9152918.4611970726,0.38842622673714716
SG-008-METAL-001,E_y_1_1,closed_form,E_y,1,1,36,1.2350000000000001,1.3501221715269996e-06,6.750610857634998e-07,1,1,1535416.2635971133,1585556.8708745092,9162693.1584828477,0.4101051256479249
SG-008-METAL-001,E_y_1_1,closed_form,E_y,1,1,37,1.2679166666666668,1.3861072091621661e-06,6.9305360458108305e-07,1,1,1508879.2101138872,1557274.2907393654,9171947.4443812948,0.43065114966897405
SG-008-METAL-001,E_y_1_1,closed_form,E_y,1,1,38,1.3008333333333335,1.4220922467973324e-06,7.1104612339866619e-07,1,1,1483243.8675843377,1529983.0165716156,9180717.7937283386,0.45014189799492249
SG-008-METAL-001,E_y_1_1,closed_form,E_y,1,1,39,1.3337500000000002,1.4580772844324987e-06,7.2903864221624933e-07,1,1,1458465.0445129783,1503631.8280174802,9189037.5257428791,0.46864843615669244
SG-008-METAL-001,E_y_1_1,closed_form,E_y,1,1,40,1.3666666666666669,1.4940623220676652e-06,7.4703116103383258e-07,1,1,1434500.5196303744,1478172.9736881261,9196937.1275899485,0.48623594535883025
SG-008-METAL-001,E_y_1_1,closed_form,E_y,1,1,41,1.3995833333333336,1.5300473597028314e-06,7.6502367985141572e-07,1,1,1411310.8018140965,1453561.8823740678,9204444.539709948,0.50296429774070861
SG-008-METAL-001,E_y_1_1,closed_form,E_y,1,1,42,1.4325000000000001,1.5660323973379975e-06,7.8301619866899875e-07,1,1,1388858.9129255069,1429756.9026362165,9211585.4080150463,0.51888856706628228
SG-008-METAL-001,E_y_1_1,closed_form,E_y,1,1,43,1.4654166666666668,1.602017434973164e-06,8.01008717486582e-07,1,1,1367110.1910504466,1406719.0675729238,9218383.3072972745,0.53405948299648398
SG-008-METAL-001,E_y_1_1,closed_form,E_y,1,1,44,1.4983333333333335,1.6380024726083303e-06,8.1900123630416514e-07,1,1,1346032.1119417083,1384411.8819684035,9224859.9395595547,0.54852383595771947
SG-008-METAL-001,E_y_1_1,closed_form,E_y,1,1,45,1.5312500000000002,1.6739875102434968e-06,8.3699375512174838e-07,1,1,1325594.1267286823,1362801.129376906,9231035.3104489706,0.56232483865402183
SG-008-METAL-001,E_y_1_1,closed_form,E_y,1,1,46,1.5641666666666669,1.709972547878663e-06,8.5498627393933152e-07,1,1,1305767.514191045,1341854.6969977452,9236927.8865233492,0.57550244944987949
SG-008-METAL-001,E_y_1_1,closed_form,E_y,1,1,47,1.5970833333333336,1.7459575855138293e-06,8.7297879275691466e-07,1,1,1286525.2460941386,1321542.4164560167,9242554.7357034497,0.58809366215234748
SG-008-METAL-001,E_y_1_1,closed_form,E_y,1,1,48,1.6300000000000001,1.7819426231489956e-06,8.909713115744978e-07,1,1,1267841.8642582442,1301835.9188287312,9247931.6529419608,0.6001327661246697
SG-008-METAL-001,E_y_1_1,closed_form,E_y,1,1,49,1.6629166666666668,1.8179276607841619e-06,9.0896383039208094e-07,1,1,1249693.3681859833,1282708.502451252,9253073.2728675343,0.61165158015327437
SG-008-METAL-001,E_y_1_1,closed_form,E_y,1,1,50,1.6958333333333335,1.8539126984193282e-06,9.2695634920966408e-07,1,1,1232057.1122048537,1264135.0122086264,9257993.1709295399,0.62267966305243494
SG-008-METAL-001,E_y_1_1,closed_form,E_y,1,1,51,1.7287500000000002,1.8898977360544947e-06,9.4494886802724733e-07,1,1,1214911.7111979956,1246091.7291643328,9262703.9543702602,0.63324450361415263
SG-008-METAL-001,E_y_1_1,closed_form,E_y,1,1,52,1.7616666666666669,1.9258827736896611e-06,9.6294138684483057e-07,1,1,1198236.9540980731,1228556.2695081311,9267217.3441810627,0.6433716921868281
SG-008-METAL-001,E_y_1_1,closed_form,E_y,1,1,53,1.7945833333333336,1.9618678113248274e-06,9.8093390566241371e-07,1,1,1182013.7244085253,1211507.4919177706,9271544.2490526494,0.65308507588579345
SG-008-METAL-001,E_y_1_1,closed_form,E_y,1,1,54,1.8275000000000003,1.9978528489599937e-06,9.9892642447999685e-07,1,1,1166223.9270950621,1194925.4125284213,9275694.8322036248,0.66240689919661533
SG-008-METAL-001,E_y_1_1,closed_form,E_y,1,1,55,1.8604166666666668,2.03383788659516e-06,1.01691894329758e-06,1,1,1150850.4212595902,1178791.1267907715,9279678.5718628336,0.67135793152148016
SG-008-METAL-001,E_y_1_1,closed_form,E_y,1,1,56,1.8933333333333335,2.0698229242303263e-06,1.0349114621151631e-06,1,1,1135876.9580699238,1163086.7375753766,9283504.3160870206,0.67995758303657394
SG-008-METAL-001,E_y_1_1,closed_form,E_y,1,1,57,1.9262500000000002,2.1058079618654925e-06,1.0529039809327463e-06,1,1,1121288.1234727625,1147795.2889484123,9287180.3325137943,0.6882240100689222
SG-008-METAL-001,E_y_1_1,closed_form,E_y,1,1,58,1.9591666666666669,2.1417929995006588e-06,1.0708964997503294e-06,1,1,1107069.2852653416,1132900.7051036533,9290714.3535791691,0.69617421106257726
SG-008-METAL-001,E_y_1_1,closed_form,E_y,1,1,59,1.9920833333333337,2.1777780371358251e-06,1.0888890185679126e-06,1,1,1093206.5441437012,1118387.7339883065,9294113.6176673751,0.70382411408262868
SG-008-METAL-001,E_y_1_1,closed_form,E_y,1,1,60,2.0250000000000004,2.2137630747709918e-06,1.1068815373854959e-06,1,1,1079686.6883833166,1104241.8952071134,9297384.9066068865,0.71118865669929265
SG-008-METAL-001,E_y_1_1,closed_form,E_y,1,1,61,2.0579166666666668,2.2497481124061577e-06,1.1248740562030788e-06,1,1,1066497.151841481,1090449.4318306495,9300534.5798797235,0.71828185900116315
SG-008-METAL-001,E_y_1_1,closed_form,E_y,1,1,62,2.0908333333333333,2.2857331500413239e-06,1.142866575020662e-06,1,1,1053625.9750008092,1076997.265770687,9303568.6058700252,0.72511689040494809
SG-008-METAL-001,E_y_1_1,closed_form,E_y,1,1,63,2.1237500000000002,2.3217181876764906e-06,1.1608590938382453e-06,1,1,1041061.7688000231,1063872.956418334,9306492.5904418454,0.73170613085683112
SG-008-METAL-001,E_y_1_1,closed_form,E_y,1,1,64,2.1566666666666667,2.3577032253116565e-06,1.1788516126558283e-06,1,1,1028793.6810220836,1051064.6622699865,9309311.80310449,0.73806122695721343
SG-008-METAL-001,E_y_1_1,closed_form,E_y,1,1,65,2.1895833333333332,2.3936882629468228e-06,1.1968441314734114e-06,1,1,1016811.3650311815,1038561.1052922806,9312031.2009959333,0.7441931434845509
SG-008-METAL-001,E_y_1_1,closed_form,E_y,1,1,66,2.2225000000000001,2.4296733005819891e-06,1.2148366502909945e-06,1,1,1005104.9506692907,1026351.5378006564,9314655.4508902039,0.75011221074430212
SG-008-METAL-001,E_y_1_1,closed_form,E_y,1,1,67,2.2554166666666666,2.4656583382171553e-06,1.2328291691085777e-06,1,1,993665.01714022178,1014425.7116470687,9317188.9494130854,0.75582816812526987
SG-008-METAL-001,E_y_1_1,closed_form,E_y,1,1,68,2.2883333333333336,2.501643375852322e-06,1.250821687926161e-06,1,1,982482.56772461138,1002773.8495311901,9319635.8416312542,0.76135020420663524
SG-008-METAL-001,E_y_1_1,closed_form,E_y,1,1,69,2.32125,2.5376284134874879e-06,1.268814206743744e-06,1,1,971549.00618322031,991386.61826630996,9322000.0381630082,0.7666869937243197
SG-008-METAL-001,E_y_1_1,closed_form,E_y,1,1,70,2.354166666666667,2.5736134511226546e-06,1.2868067255613273e-06,1,1,960856.11471846199,980255.1038462884,9324285.2309437487,0.77184673167474915
SG-008-METAL-001,E_y_1_1,closed_form,E_y,1,1,71,2.3870833333333334,2.6095984887578209e-06,1.3047992443789104e-06,1,1,950396.03337542783,969370.78817358741,9326494.9077659529,0.7768371648065463
SG-008-METAL-001,E_y_1_1,closed_form,E_y,1,1,72,2.4199999999999999,2.6455835263929867e-06,1.3227917631964934e-06,1,1,940161.24077389052,958725.527320683,9328632.3657015469,0.7816656207264
SG-008-METAL-001,E_y_1_1,closed_form,E_y,1,1,73,2.4529166666666669,2.6815685640281534e-06,1.3407842820140767e-06,1,1,930144.53607202007,948311.53120826662,9330700.7235039454,0.78633903482343315
SG-008-METAL-001,E_y_1_1,closed_form,E_y,1,1,74,2.4858333333333333,2.7175536016633197e-06,1.3587768008316599e-06,1,1,920339.02207092789,938121.34459367243,9332702.9330776166,0.79086397519699003
SG-008-METAL-001,E_y_1_1,closed_form,E_y,1,1,75,2.5187500000000003,2.7535386392984864e-06,1.3767693196492432e-06,1,1,910738.08937672141,928147.82927201246,9334641.7900945917,0.79524666575529146
SG-008-METAL-001,E_y_1_1,closed_form,E_y,1,1,76,2.5516666666666667,2.7895236769336523e-06,1.3947618384668261e-06,1,1,901335.40154365124,918384.1474007318,9336519.9438297898,0.79949300763677311
SG-008-METAL-001,E_y_1_1,closed_form,E_y,1,1,77,2.5845833333333332,2.8255087145688186e-06,1.4127543572844093e-06,1,1,892124.88112816727,908823.74586571101,9338339.9062802885,0.80360859909189553
SG-008-METAL-001,E_y_1_1,closed_form,E_y,1,1,78,2.6175000000000002,2.8614937522039853e-06,1.4307468761019926e-06,1,1,883100.69658938784,899460.34161380481,9340104.0606275685,0.80759875395053315
SG-008-METAL-001,E_y_1_1,closed_form,E_y,1,1,79,2.6504166666666666,2.8974787898391511e-06,1.4487393949195756e-06,1,1,874257.24997664685,890287.90788282896,9341814.6690964252,0.81146851878891879
SG-008-METAL-001,E_y_1_1,closed_form,E_y,1,1,80,2.6833333333333336,2.9334638274743178e-06,1.4667319137371589e-06,1,1,865589.16534949292,881300.6612655737,9343473.8802592419,0.81522268889963834
SG-008-METAL-001,E_y_1_1,closed_form,E_y,1,1,81,2.7162500000000001,2.9694488651094841e-06,1.4847244325547421e-06,1,1,857091.27787980798,872493.04954950581,9345083.7358300015,0.81886582315919965
SG-008-METAL-001,E_y_1_1,closed_form,E_y,1,1,82,2.749166666666667,3.0054339027446504e-06,1.5027169513723252e-06,1,1,848758.62358962069,863859.74027842295,9346646.1769884396,0.82240225787926746
SG-008-METAL-001,E_y_1_1,closed_form,E_y,1,1,83,2.7820833333333335,3.0414189403798167e-06,1.5207094701899083e-06,1,1,840586.42968177015,855395.60998655006,9348163.0502711535,0.82583611972023208
SG-008-METAL-001,E_y_1_1,closed_form,E_y,1,1,84,2.8149999999999999,3.0774039780149829e-06,1.5387019890074915e-06,1,1,832570.10542384698,847095.73405940295,9349636.113063287,0.82917133773892815
SG-008-METAL-001,E_y_1_1,closed_form,E_y,1,1,85,2.8479166666666669,3.1133890156501492e-06,1.5566945078250746e-06,1,1,824705.23354881955,838955.37717925687,9351067.0387214888,0.83241165463627109
SG-008-METAL-001,E_y_1_1,closed_form,E_y,1,1,86,2.8808333333333334,3.1493740532853155e-06,1.5746870266426578e-06,1,1,816987.56213850726,830969.9843162708,9352457.4213562012,0.83556063726493579
SG-008-METAL-001,E_y_1_1,closed_form,E_y,1,1,87,2.9137500000000003,3.1853590909204822e-06,1.5926795454602411e-06,1,1,809412.99695855624,823135.17222925322,9353808.7802989613,0.83862168645217949
SG-008-METAL-001,E_y_1_1,closed_form,E_y,1,1,88,2.9466666666666668,3.2213441285556481e-06,1.610672064277824e-06,1,1,801977.59421589051,815446.72144274868,9355122.564278258,0.84159804618844469
SG-008-METAL-001,E_y_1_1,closed_form,E_y,1,1,89,2.9795833333333337,3.2573291661908148e-06,1.6286645830954074e-06,1,1,794677.55371171562,807900.56866958609,9356400.1553254649,0.844492812227986
SG-008-METAL-001,E_y_1_1,closed_form,E_y,1,1,90,3.0125000000000002,3.293314203825981e-06,1.6466571019129905e-06,1,1,787509.21236510132,800492.79965030518,9357642.8724306617,0.84730894014422153
SG-008-METAL-001,E_y_1_1,closed_form,E_y,1,1,91,3.0454166666666667,3.3292992414611469e-06,1.6646496207305735e-06,1,1,780469.03808394994,793219.64238293795,9358851.9749665055,0.85004925287898658
SG-008-METAL-001,E_y_1_1,closed_form,E_y,1,1,92,3.0783333333333336,3.3652842790963136e-06,1.6826421395481568e-06,1,1,773553.62396180676,786077.46071854769,9360028.6658968143,0.85271644782158573
SG-008-METAL-001,E_y_1_1,closed_form,E_y,1,1,93,3.1112500000000001,3.4012693167314799e-06,1.7006346583657399e-06,1,1,766759.68278047873,779062.74829967762,9361174.094785247,0.85531310345097811
SG-008-METAL-001,E_y_1_1,closed_form,E_y,1,1,94,3.144166666666667,3.4372543543666466e-06,1.7186271771833233e-06,1,1,760084.04179982294,772172.12282047479,9362289.3606181834,0.85784168557150575
SG-008-METAL-001,E_y_1_1,closed_form,E_y,1,1,95,3.1770833333333335,3.4732393920018124e-06,1.7366196960009062e-06,1,1,753523.6378173586,765402.32058875414,9363375.514454823,0.86030455317042331
SG-008-METAL-001,E_y_1_1,closed_form,E_y,1,1,96,3.21,3.5092244296369787e-06,1.7546122148184894e-06,1,1,747075.51248153381,758750.19137162552,9364433.5619165041,0.86270396392319493
SG-008-METAL-001,E_y_1_1,closed_form,E_y,1,1,97,3.2429166666666669,3.5452094672721454e-06,1.7726047336360727e-06,1,1,740736.80784358853,752212.6935075901,9365464.4655263107,0.86504207937058586
SG-008-METAL-001,E_y_1_1,closed_form,E_y,1,1,98,3.2758333333333334,3.5811945049073113e-06,1.7905972524536556e-06,1,1,734504.762133957,745786.8892691636,9366469.1469091512,0.86732096978963102
SG-008-METAL-001,E_y_1_1,closed_form,E_y,1,1,99,3.3087500000000003,3.617179542542478e-06,1.808589771271239e-06,1,1,728376.70575009764,739469.94046117773,9367448.4888618011,0.86954261877915318
SG-008-METAL-001,E_y_1_1,closed_form,E_y,1,1,100,3.3416666666666668,3.6531645801776443e-06,1.8265822900888221e-06,1,1,722350.05744350632,733259.10424090258,9368403.337301584,0.87170892757864948
SG-008-METAL-001,E_y_1_1,closed_form,E_y,1,1,101,3.3745833333333337,3.6891496178128106e-06,1.8445748089064053e-06,1,1,716422.32069446926,727151.72914705414,9369334.5031017791,0.87382171913816797
SG-008-METAL-001,E_y_1_1,closed_form,E_y,1,1,102,3.4075000000000002,3.7251346554479768e-06,1.8625673277239884e-06,1,1,710591.08026385913,721145.25132561242,9370242.7638212349,0.87588274195547688
SG-008-METAL-001,E_y_1_1,closed_form,E_y,1,1,103,3.4404166666666667,3.7611196930831427e-06,1.8805598465415713e-06,1,1,704853.99891197088,715237.19094116206,9371128.8653350975,0.87789367369558324
SG-008-METAL-001,E_y_1_1,closed_form,E_y,1,1,104,3.4733333333333336,3.7971047307183094e-06,1.8985523653591547e-06,1,1,699208.81427502946,709425.14876320108,9371993.5233730655,0.87985612460657714
SG-008-METAL-001,E_y_1_1,closed_form,E_y,1,1,105,3.5062500000000001,3.8330897683534752e-06,1.9165448841767376e-06,1,1,693653.33589060209,703706.80291754811,9372837.4249711428,0.88177164074485526
SG-008-METAL-001,E_y_1_1,closed_form,E_y,1,1,106,3.539166666666667,3.8690748059886424e-06,1.9345374029943212e-06,1,1,688185.44236369699,698079.90579360491,9373661.2298423797,0.88364170702171396
SG-008-METAL-001,E_y_1_1,closed_form,E_y,1,1,107,3.5720833333333335,3.9050598436238087e-06,1.9525299218119043e-06,1,1,682803.07866585057,692542.28109882039,9374465.5716717597,0.88546775008259304
SG-008-METAL-001,E_y_1_1,closed_form,E_y,1,1,108,3.6050000000000004,3.9410448812589749e-06,1.9705224406294875e-06,1,1,677504.25355997076,687091.82105224766,9375251.0593399853,0.88725114102936764
SG-008-METAL-001,E_y_1_1,closed_form,E_y,1,1,109,3.6379166666666669,3.9770299188941412e-06,1.9885149594470706e-06,1,1,672287.03714416665,681726.48370958876,9376018.2780805808,0.88899319799535226
SG-008-METAL-001,E_y_1_1,closed_form,E_y,1,1,110,3.6708333333333334,4.0130149565293075e-06,2.0065074782646537e-06,1,1,667149.55850819335,676444.29041259841,9376767.7905744687,0.89069518858215058
SG-008-METAL-001,E_y_1_1,closed_form,E_y,1,1,111,3.7037500000000003,4.0489999941644738e-06,2.0244999970822369e-06,1,1,662090.00349653605,671243.32335615088,9377500.1379858162,0.89235833216665239
SG-008-METAL-001,E_y_1_1,closed_form,E_y,1,1,112,3.7366666666666668,4.0849850317996401e-06,2.04249251589982e-06,1,1,657106.61257251503,666121.72326668748,9378215.8409427721,0.89398380208612016
SG-008-METAL-001,E_y_1_1,closed_form,E_y,1,1,113,3.7695833333333337,4.1209700694348063e-06,2.0604850347174032e-06,1,1,652197.67877812719,661077.68718614045,9378915.4004663732,0.8955727277085771
SG-008-METAL-001,E_y_1_1,closed_form,E_y,1,1,114,3.8025000000000002,4.1569551070699726e-06,2.0784775535349863e-06,1,1,647361.54578465689,656109.46635578305,9379599.298850771,0.89712619639541547
SG-008-METAL-001,E_y_1_1,closed_form,E_y,1,1,115,3.8354166666666671,4.1929401447051389e-06,2.0964700723525694e-06,1,1,642596.60602937755,651215.36419479107,9380268.0004976634,0.89864525536255047
SG-008-METAL-001,E_y_1_1,closed_form,E_y,1,1,116,3.8683333333333336,4.2289251823403052e-06,2.1144625911701526e-06,1,1,637901.29893394245,646393.73436860344,9380921.9527076166,0.90013091344603768
SG-008-METAL-001,E_y_1_1,closed_form,E_y,1,1,117,3.9012500000000001,4.2649102199754715e-06,2.1324551099877357e-06,1,1,633274.10920031392,641642.97894246562,9381561.5864308365,0.90158414277778898
SG-008-METAL-001,E_y_1_1,closed_form,E_y,1,1,118,3.934166666666667,4.3008952576106377e-06,2.1504476288053189e-06,1,1,628713.5651803267,636961.54661580152,9382187.3169797305,0.90300588037653129
SG-008-METAL-001,E_y_1_1,closed_form,E_y,1,1,119,3.9670833333333335,4.336880295245804e-06,2.168440147622902e-06,1,1,624218.23731519445,632347.93103332038,9382799.5447054747,0.90439702965888591
SG-008-METAL-001,E_y_1_1,closed_form,E_y,1,1,120,4.0000000000000009,4.3728653328809711e-06,2.1864326664404856e-06,1,1,619786.73664149002,627800.66916899127,9383398.6556406375,0.90575846187509768
SG-008-METAL-001,E_x_1_1,closed_form,E_x,1,1,0,0.050000000000000003,5.4660816661012134e-08,2.7330408330506067e-08,0,0,4580115.9570603371,8370616.6161048748,nan,nan
SG-008-METAL-001,E_x_1_1,closed_form,E_x,1,1,1,0.082916666666666666,9.064585429617844e-08,4.532292714808922e-08,0,0,4351809.3784857364,7987685.6316552171,nan,nan
SG-008-METAL-001,E_x_1_1,closed_form,E_x,1,1,2,0.11583333333333334,1.2663089193134477e-07,6.3315445965672386e-08,0,0,4145183.0467838477,7638257.8953839997,nan,nan
SG-008-METAL-001,E_x_1_1,closed_form,E_x,1,1,3,0.14874999999999999,1.6261592956651108e-07,8.130796478325554e-08,0,0,3957288.773036473,7318120.8110416289,nan,nan
SG-008-METAL-001,E_x_1_1,closed_form,E_x,1,1,4,0.1816666666666667,1.9860096720167744e-07,9.9300483600838719e-08,0,0,3785689.7349821106,7023739.6116565401,nan,nan
SG-008-METAL-001,E_x_1_1,closed_form,E_x,1,1,5,0.21458333333333335,2.3458600483684374e-07,1.1729300241842187e-07,0,0,3628354.2135009458,6752126.2986858562,nan,nan
SG-008-METAL-001,E_x_1_1,closed_form,E_x,1,1,6,0.2475,2.7057104247201005e-07,1.3528552123600503e-07,0,0,3483574.7700104928,6500737.8583279476,nan,nan
SG-008-METAL-001,E_x_1_1,closed_form,E_x,1,1,7,0.2804166666666667,3.0655608010717638e-07,1.5327804005358819e-07,0,0,3349906.0313945236,6267396.3987504942,nan,nan
SG-008-METAL-001,E_x_1_1,closed_form,E_x,1,1,8,0.31333333333333335,3.4254111774234272e-07,1.7127055887117136e-07,0,0,3226116.269209404,6050225.8911881028,nan,nan
SG-008-METAL-001,E_x_1_1,closed_form,E_x,1,1,9,0.34625,3.78526155377509e-07,1.892630776887545e-07,0,0,3111149.3321261099,5847601.6224220134,nan,nan
SG-008-METAL-001,E_x_1_1,closed_form,E_x,1,1,10,0.37916666666666671,4.1451119301267533e-07,2.0725559650633766e-07,0,0,3004094.4378182958,5658109.4752461491,nan,nan
SG-008-METAL-001,E_x_1_1,closed_form,E_x,1,1,11,0.41208333333333336,4.5049623064784166e-07,2.2524811532392083e-07,0,0,2904161.994162383,5480512.8775554178,nan,nan
SG-008-METAL-001,E_x_1_1,closed_form,E_x,1,1,12,0.44500000000000001,4.8648126828300794e-07,2.4324063414150397e-07,0,0,2810664.0909768799,5313725.7864152631,nan,nan
SG-008-METAL-001,E_x_1_1,closed_form,E_x,1,1,13,0.47791666666666671,5.2246630591817433e-07,2.6123315295908716e-07,0,0,2722998.6425724006,5156790.4594545187,nan,nan
SG-008-METAL-001,E_x_1_1,closed_form,E_x,1,1,14,0.51083333333333336,5.5845134355334061e-07,2.792256717766703e-07,0,0,2640636.4081327482,5008859.0522533292,nan,nan
SG-008-METAL-001,E_x_1_1,closed_form,E_x,1,1,15,0.54375000000000007,5.9443638118850699e-07,2.972181905942535e-07,0,0,2563110.2984979139,4869178.2948643686,nan,nan
SG-008-METAL-001,E_x_1_1,closed_form,E_x,1,1,16,0.57666666666666677,6.3042141882367338e-07,3.1521070941183669e-07,0,0,2490006.512867494,4737076.662705522,nan,nan
SG-008-METAL-001,E_x_1_1,closed_form,E_x,1,1,17,0.60958333333333348,6.6640645645883966e-07,3.3320322822941983e-07,0,0,2420957.150211046,4611953.5806273222,nan,nan
SG-008-METAL-001,E_x_1_1,closed_form,E_x,1,1,18,0.64250000000000007,7.0239149409400594e-07,3.5119574704700297e-07,0,0,2355634.0168478801,4493270.2939053467,nan,nan
SG-008-METAL-001,E_x_1_1,closed_form,E_x,1,1,19,0.67541666666666678,7.3837653172917232e-07,3.6918826586458616e-07,0,0,2293743.4102039044,4380542.1134162555,nan,nan
SG-008-METAL-001,E_x_1_1,closed_form,E_x,1,1,20,0.70833333333333348,7.743615693643386e-07,3.871807846821693e-07,0,0,2235021.7038090001,4273331.7995730275,nan,nan
SG-008-METAL-001,E_x_1_1,closed_form,E_x,1,1,21,0.74125000000000008,8.1034660699950488e-07,4.0517330349975244e-07,0,0,2179231.5935322256,4171243.8945884295,nan,nan
SG-008-METAL-001,E_x_1_1,closed_form,E_x,1,1,22,0.77416666666666678,8.4633164463467127e-07,4.2316582231733563e-07,0,0,2126158.8923290004,4073919.8481810037,nan,nan
SG-008-METAL-001,E_x_1_1,closed_form,E_x,1,1,23,0.80708333333333349,8.8231668226983765e-07,4.4115834113491883e-07,0,0,2075609.7822147221,3981033.8100892683,nan,nan
SG-008-METAL-001,E_x_1_1,closed_form,E_x,1,1,24,0.84000000000000008,9.1830171990500383e-07,4.5915085995250191e-07,0,0,2027408.4491385017,3892288.985343134,nan,nan
SG-008-METAL-001,E_x_1_1,closed_form,E_x,1,1,25,0.87291666666666679,9.5428675754017011e-07,4.7714337877008505e-07,0,0,1981395.0399257513,3807414.4663929022,nan,nan
SG-008-METAL-001,E_x_1_1,closed_form,E_x,1,1,26,0.90583333333333349,9.902717951753366e-07,4.951358975876683e-07,0,0,1937423.8912581499,3726162.4708613106,nan,nan
SG-008-METAL-001,E_x_1_1,closed_form,E_x,1,1,27,0.9387500000000002,1.0262568328105029e-06,5.1312841640525144e-07,0,0,1895361.989349023,3648305.9255914004,nan,nan
SG-008-METAL-001,E_x_1_1,closed_form,E_x,1,1,28,0.97166666666666679,1.0622418704456692e-06,5.3112093522283458e-07,0,0,1855087.6259999813,3573636.3473769436,nan,nan
SG-008-METAL-001,E_x_1_1,closed_form,E_x,1,1,29,1.0045833333333334,1.0982269080808354e-06,5.4911345404041772e-07,0,0,1816489.2224363713,3501961.9787227046,nan,nan
SG-008-METAL-001,E_x_1_1,closed_form,E_x,1,1,30,1.0375000000000001,1.1342119457160017e-06,5.6710597285800086e-07,0,0,1779464.2969830707,3433106.1435336047,nan,nan
SG-008-METAL-001,E_x_1_1,closed_form,E_x,1,1,31,1.0704166666666668,1.1701969833511682e-06,5.8509849167558411e-07,0,0,1743918.5564676179,3366905.7930467017,nan,nan
SG-008-METAL-001,E_x_1_1,closed_form,E_x,1,1,32,1.1033333333333335,1.2061820209863345e-06,6.0309101049316725e-07,0,0,1709765.0943888538,3303210.2168126842,nan,nan
SG-008-METAL-001,E_x_1_1,closed_form,E_x,1,1,33,1.1362500000000002,1.2421670586215008e-06,6.2108352931075039e-07,0,0,1676923.6814957238,3241879.8972757082,nan,nan
SG-008-METAL-001,E_x_1_1,closed_form,E_x,1,1,34,1.1691666666666669,1.2781520962566673e-06,6.3907604812833363e-07,0,0,1645320.1365851925,3182785.4896285539,nan,nan
SG-008-METAL-001,E_x_1_1,closed_form,E_x,1,1,35,1.2020833333333336,1.3141371338918335e-06,6.5706856694591677e-07,0,0,1614885.7671323018,3125806.9112442704,nan,nan
SG-008-METAL-001,E_x_1_1,closed_form,E_x,1,1,36,1.2350000000000001,1.3501221715269996e-06,6.750610857634998e-07,0,0,1585556.8708745092,3070832.5271942266,nan,nan
SG-008-METAL-001,E_x_1_1,closed_form,E_x,1,1,37,1.2679166666666668,1.3861072091621661e-06,6.9305360458108305e-07,0,0,1557274.2907393654,3017758.4202277744,nan,nan
SG-008-METAL-001,E_x_1_1,closed_form,E_x,1,1,38,1.3008333333333335,1.4220922467973324e-06,7.1104612339866619e-07,0,0,1529983.0165716156,2966487.7351686754,nan,nan
SG-008-METAL-001,E_x_1_1,closed_form,E_x,1,1,39,1.3337500000000002,1.4580772844324987e-06,7.2903864221624933e-07,0,0,1503631.8280174802,2916930.0890259566,nan,nan
SG-008-METAL-001,E_x_1_1,closed_form,E_x,1,1,40,1.3666666666666669,1.4940623220676652e-06,7.4703116103383258e-07,0,1,1478172.9736881261,2869001.0392607488,8854957.7811745107,-0.26130528746520754
SG-008-METAL-001,E_x_1_1,closed_form,E_x,1,1,41,1.3995833333333336,1.5300473597028314e-06,7.6502367985141572e-07,0,1,1453561.8823740678,2822621.603628193,8873917.1027593464,-0.22060322222135878
SG-008-METAL-001,E_x_1_1,closed_form,E_x,1,1,42,1.4325000000000001,1.5660323973379975e-06,7.8301619866899875e-07,0,1,1429756.9026362165,2777717.8258510139,8891935.5873239357,-0.18184027438990147
SG-008-METAL-001,E_x_1_1,closed_form,E_x,1,1,43,1.4654166666666668,1.602017434973164e-06,8.01008717486582e-07,0,1,1406719.0675729238,2734220.3821008932,8909075.1471089907,-0.14489517806158958
SG-008-METAL-001,E_x_1_1,closed_form,E_x,1,1,44,1.4983333333333335,1.6380024726083303e-06,8.1900123630416514e-07,0,1,1384411.8819684035,2692064.2238834165,8925392.6280783843,-0.1096560019395872
SG-008-METAL-001,E_x_1_1,closed_form,E_x,1,1,45,1.5312500000000002,1.6739875102434968e-06,8.3699375512174838e-07,0,1,1362801.129376906,2651188.2534573646,8940940.3049289491,-0.076019300062130535
SG-008-METAL-001,E_x_1_1,closed_form,E_x,1,1,46,1.5641666666666669,1.709972547878663e-06,8.5498627393933152e-07,0,1,1341854.6969977452,2611535.0283820899,8955766.3199462015,-0.043889351335291885
SG-008-METAL-001,E_x_1_1,closed_form,E_x,1,1,47,1.5970833333333336,1.7459575855138293e-06,8.7297879275691466e-07,0,1,1321542.4164560167,2573050.4921882772,8969915.0729514454,-0.013177477417285853
SG-008-METAL-001,E_x_1_1,closed_form,E_x,1,1,48,1.6300000000000001,1.7819426231489956e-06,8.909713115744978e-07,1,1,1301835.9188287312,2535683.7285164883,8983427.5685391016,0.016198570138854795
SG-008-METAL-001,E_x_1_1,closed_form,E_x,1,1,49,1.6629166666666668,1.8179276607841619e-06,9.0896383039208094e-07,1,1,1282708.502451252,2499386.7363719665,8996341.7259234563,0.044315161406699527
SG-008-METAL-001,E_x_1_1,closed_form,E_x,1,1,50,1.6958333333333335,1.8539126984193282e-06,9.2695634920966408e-07,1,1,1264135.0122086264,2464114.2244097074,9008692.6559725814,0.071243285189424715
SG-008-METAL-001,E_x_1_1,closed_form,E_x,1,1,51,1.7287500000000002,1.8898977360544947e-06,9.4494886802724733e-07,1,1,1246091.7291643328,2429823.4223959912,9020512.9093798399,0.097048997756132641
SG-008-METAL-001,E_x_1_1,closed_form,E_x,1,1,52,1.7616666666666669,1.9258827736896611e-06,9.6294138684483057e-07,1,1,1228556.2695081311,2396473.9081961461,9031832.6993911713,0.12179382851653442
SG-008-METAL-001,E_x_1_1,closed_form,E_x,1,1,53,1.7945833333333336,1.9618678113248274e-06,9.8093390566241371e-07,1,1,1211507.4919177706,2364027.4488170506,9042680.1020533126,0.14553514729311576
SG-008-METAL-001,E_x_1_1,closed_form,E_x,1,1,54,1.8275000000000003,1.9978528489599937e-06,9.9892642447999685e-07,1,1,1194925.4125284213,2332447.8541901242,9053081.2365615014,0.16832649729040294
SG-008-METAL-001,E_x_1_1,closed_form,E_x,1,1,55,1.8604166666666668,2.03383788659516e-06,1.01691894329758e-06,1,1,1178791.1267907715,2301700.8425191804,9063060.4279542416,0.1902178973749582
SG-008-METAL-001,E_x_1_1,closed_form,E_x,1,1,56,1.8933333333333335,2.0698229242303263e-06,1.0349114621151631e-06,1,1,1163086.7375753766,2271753.9161398476,9072640.3541187383,0.21125611685704038
SG-008-METAL-001,E_x_1_1,closed_form,E_x,1,1,57,1.9262500000000002,2.1058079618654925e-06,1.0529039809327463e-06,1,1,1147795.2889484123,2242576.2469455251,9081842.178826265,0.23148492559640696
SG-008-METAL-001,E_x_1_1,closed_form,E_x,1,1,58,1.9591666666666669,2.1417929995006588e-06,1.0708964997503294e-06,1,1,1132900.7051036533,2214138.5705306833,9090685.6723059267,0.25094532193277536
SG-008-METAL-001,E_x_1_1,closed_form,E_x,1,1,59,1.9920833333333337,2.1777780371358251e-06,1.0888890185679126e-06,1,1,1118387.7339883065,2186413.0882874024,9099189.3206831515,0.26967574066013167
SG-008-METAL-001,E_x_1_1,closed_form,E_x,1,1,60,2.0250000000000004,2.2137630747709918e-06,1.1068815373854959e-06,1,1,1104241.8952071134,2159373.3767666332,9107370.4254513085,0.28771224301720932
SG-008-METAL-001,E_x_1_1,closed_form,E_x,1,1,61,2.0579166666666668,2.2497481124061577e-06,1.1248740562030788e-06,1,1,1090449.4318306495,2132994.303682962,9115245.1940077022,0.30508869044974457
SG-008-METAL-001,E_x_1_1,closed_form,E_x,1,1,62,2.0908333333333333,2.2857331500413239e-06,1.142866575020662e-06,1,1,1076997.265770687,2107251.9500016184,9122828.8221659139,0.32183690370978563
SG-008-METAL-001,E_x_1_1,closed_form,E_x,1,1,63,2.1237500000000002,2.3217181876764906e-06,1.1608590938382453e-06,1,1,1063872.956418334,2082123.5376000463,9130135.5694522876,0.33798680868934294
SG-008-METAL-001,E_x_1_1,closed_form,E_x,1,1,64,2.1566666666666667,2.3577032253116565e-06,1.1788516126558283e-06,1,1,1051064.6622699865,2057587.3620441672,9137178.8279034831,0.3535665702377308
SG-008-METAL-001,E_x_1_1,closed_form,E_x,1,1,65,2.1895833333333332,2.3936882629468228e-06,1.1968441314734114e-06,1,1,1038561.1052922806,2033622.730062363,9143971.1850022823,0.36860271508102949
SG-008-METAL-001,E_x_1_1,closed_form,E_x,1,1,66,2.2225000000000001,2.4296733005819891e-06,1.2148366502909945e-06,1,1,1026351.5378006564,2010209.9013385815,9150524.4813190252,0.38312024484639107
SG-008-METAL-001,E_x_1_1,closed_form,E_x,1,1,67,2.2554166666666666,2.4656583382171553e-06,1.2328291691085777e-06,1,1,1014425.7116470687,1987330.0342804436,9156849.8633646108,0.397142740091256
SG-008-METAL-001,E_x_1_1,closed_form,E_x,1,1,68,2.2883333333333336,2.501643375852322e-06,1.250821687926161e-06,1,1,1002773.8495311901,1964965.1354492228,9162957.8321069274,0.41069245614646216
SG-008-METAL-001,E_x_1_1,closed_form,E_x,1,1,69,2.32125,2.5376284134874879e-06,1.268814206743744e-06,1,1,991386.61826630996,1943098.0123664406,9168858.2875549085,0.42379041150131685
SG-008-METAL-001,E_x_1_1,closed_form,E_x,1,1,70,2.354166666666667,2.5736134511226546e-06,1.2868067255613273e-06,1,1,980255.1038462884,1921712.229436924,9174560.5697722733,0.43645646938665938
SG-008-METAL-001,E_x_1_1,closed_form,E_x,1,1,71,2.3870833333333334,2.6095984887578209e-06,1.3047992443789104e-06,1,1,969370.78817358741,1900792.0667508557,9180073.4966457095,0.44870941314761198
SG-008-METAL-001,E_x_1_1,closed_form,E_x,1,1,72,2.4199999999999999,2.6455835263929867e-06,1.3227917631964934e-06,1,1,958725.527320683,1880322.481547781,9185405.3986992836,0.4605670159406417
SG-008-METAL-001,E_x_1_1,closed_form,E_x,1,1,73,2.4529166666666669,2.6815685640281534e-06,1.3407842820140767e-06,1,1,948311.53120826662,1860289.0721440401,9190564.151217442,0.47204610523808732
SG-008-METAL-001,E_x_1_1,closed_form,E_x,1,1,74,2.4858333333333333,2.7175536016633197e-06,1.3587768008316599e-06,1,1,938121.34459367243,1840678.0441418558,9195557.203912992,0.48316262257770243
SG-008-METAL-001,E_x_1_1,closed_form,E_x,1,1,75,2.5187500000000003,2.7535386392984864e-06,1.3767693196492432e-06,1,1,928147.82927201246,1821476.1787534428,9200391.6083531827,0.49393167895367007
SG-008-METAL-001,E_x_1_1,closed_form,E_x,1,1,76,2.5516666666666667,2.7895236769336523e-06,1.3947618384668261e-06,1,1,918384.1474007318,1802670.8030873025,9205074.0433363095,0.5043676062086242
SG-008-METAL-001,E_x_1_1,closed_form,E_x,1,1,77,2.5845833333333332,2.8255087145688186e-06,1.4127543572844093e-06,1,1,908823.74586571101,1784249.7622563345,9209610.8383928537,0.51448400475338718
SG-008-METAL-001,E_x_1_1,closed_form,E_x,1,1,78,2.6175000000000002,2.8614937522039853e-06,1.4307468761019926e-06,1,1,899460.34161380481,1766201.3931787757,9214007.9955685735,0.52429378791123371
SG-008-METAL-001,E_x_1_1,closed_form,E_x,1,1,79,2.6504166666666666,2.8974787898391511e-06,1.4487393949195756e-06,1,1,890287.90788282896,1748514.4999532937,9218271.209632257,0.53380922315689827
SG-008-METAL-001,E_x_1_1,closed_form,E_x,1,1,80,2.6833333333333336,2.9334638274743178e-06,1.4667319137371589e-06,1,1,881300.6612655737,1731178.3306989858,9222405.8868375234,0.54304197049630709
SG-008-METAL-001,E_x_1_1,closed_form,E_x,1,1,81,2.7162500000000001,2.9694488651094841e-06,1.4847244325547421e-06,1,1,872493.04954950581,1714182.555759616,9226417.1623562258,0.5520031182114592
SG-008-METAL-001,E_x_1_1,closed_form,E_x,1,1,82,2.749166666666667,3.0054339027446504e-06,1.5027169513723252e-06,1,1,863859.74027842295,1697517.2471792414,9230309.9164903108,0.56070321617517149
SG-008-METAL-001,E_x_1_1,closed_form,E_x,1,1,83,2.7820833333333335,3.0414189403798167e-06,1.5207094701899083e-06,1,1,855395.60998655006,1681172.8593635403,9234088.7897593565,0.56915230692268726
SG-008-METAL-001,E_x_1_1,closed_form,E_x,1,1,84,2.8149999999999999,3.0774039780149829e-06,1.5387019890074915e-06,1,1,847095.73405940295,1665140.210847694,9237758.1969523709,0.57735995465110812
SG-008-METAL-001,E_x_1_1,closed_form,E_x,1,1,85,2.8479166666666669,3.1133890156501492e-06,1.5566945078250746e-06,1,1,838955.37717925687,1649410.4670976391,9241322.3402246404,0.58533527230313886
SG-008-METAL-001,E_x_1_1,closed_form,E_x,1,1,86,2.8808333333333334,3.1493740532853155e-06,1.5746870266426578e-06,1,1,830969.9843162708,1633975.1242770145,9244785.2213133443,0.59308694687838737
SG-008-METAL-001,E_x_1_1,closed_form,E_x,1,1,87,2.9137500000000003,3.1853590909204822e-06,1.5926795454602411e-06,1,1,823135.17222925322,1618825.9939171125,9248150.6529393028,0.60062326310358705
SG-008-METAL-001,E_x_1_1,closed_form,E_x,1,1,88,2.9466666666666668,3.2213441285556481e-06,1.610672064277824e-06,1,1,815446.72144274868,1603955.188431781,9251422.2694564797,0.6079521255822441
SG-008-METAL-001,E_x_1_1,closed_form,E_x,1,1,89,2.9795833333333337,3.2573291661908148e-06,1.6286645830954074e-06,1,1,807900.56866958609,1589355.1074234312,9254603.5368055981,0.61508107953428892
SG-008-METAL-001,E_x_1_1,closed_form,E_x,1,1,90,3.0125000000000002,3.293314203825981e-06,1.6466571019129905e-06,1,1,800492.79965030518,1575018.4247302026,9257697.7618235443,0.62201733022740291
SG-008-METAL-001,E_x_1_1,closed_form,E_x,1,1,91,3.0454166666666667,3.3292992414611469e-06,1.6646496207305735e-06,1,1,793219.64238293795,1560938.0761678999,9260708.1009559631,0.62876776119359101
SG-008-METAL-001,E_x_1_1,closed_form,E_x,1,1,92,3.0783333333333336,3.3652842790963136e-06,1.6826421395481568e-06,1,1,786077.46071854769,1547107.2479236135,9263637.5684164576,0.63533895131686469
SG-008-METAL-001,E_x_1_1,closed_form,E_x,1,1,93,3.1112500000000001,3.4012693167314799e-06,1.7006346583657399e-06,1,1,779062.74829967762,1533519.3655609575,9266489.0438323803,0.6417371908714401
SG-008-METAL-001,E_x_1_1,closed_form,E_x,1,1,94,3.144166666666667,3.4372543543666466e-06,1.7186271771833233e-06,1,1,772172.12282047479,1520168.0835996459,9269265.2794139069,0.64796849658339417
SG-008-METAL-001,E_x_1_1,closed_form,E_x,1,1,95,3.1770833333333335,3.4732393920018124e-06,1.7366196960009062e-06,1,1,765402.32058875414,1507047.2756347172,9271968.9066801555,0.65403862578316707
SG-008-METAL-001,E_x_1_1,closed_form,E_x,1,1,96,3.21,3.5092244296369787e-06,1.7546122148184894e-06,1,1,758750.19137162552,1494151.0249630676,9274602.4427734688,0.65995308971110578
SG-008-METAL-001,E_x_1_1,closed_form,E_x,1,1,97,3.2429166666666669,3.5452094672721454e-06,1.7726047336360727e-06,1,1,752212.6935075901,1481473.6156871771,9277168.2963905036,0.66571716603348108
SG-008-METAL-001,E_x_1_1,closed_form,E_x,1,1,98,3.2758333333333334,3.5811945049073113e-06,1.7905972524536556e-06,1,1,745786.8892691636,1469009.524267914,9279668.7733565494,0.67133591062206266
SG-008-METAL-001,E_x_1_1,closed_form,E_x,1,1,99,3.3087500000000003,3.617179542542478e-06,1.808589771271239e-06,1,1,739469.94046117773,1456753.4115001953,9282106.0818674751,0.67681416864638666
SG-008-METAL-001,E_x_1_1,closed_form,E_x,1,1,100,3.3416666666666668,3.6531645801776443e-06,1.8265822900888221e-06,1,1,733259.10424090258,1444700.1148870126,9284482.3374218103,0.68215658502412957
SG-008-METAL-001,E_x_1_1,closed_form,E_x,1,1,101,3.3745833333333337,3.6891496178128106e-06,1.8445748089064053e-06,1,1,727151.72914705414,1432844.6413889385,9286799.5674637947,0.68736761427175574
SG-008-METAL-001,E_x_1_1,closed_form,E_x,1,1,102,3.4075000000000002,3.7251346554479768e-06,1.8625673277239884e-06,1,1,721145.25132561242,1421182.1605277183,9289059.7157566249,0.69245152979438829
SG-008-METAL-001,E_x_1_1,closed_form,E_x,1,1,103,3.4404166666666667,3.7611196930831427e-06,1.8805598465415713e-06,1,1,715237.19094116206,1409707.9978239418,9291264.6465037297,0.6974124326511294
SG-008-METAL-001,E_x_1_1,closed_form,E_x,1,1,104,3.4733333333333336,3.7971047307183094e-06,1.8985523653591547e-06,1,1,709425.14876320108,1398417.6285500589,9293416.1482345667,0.70225425982940748
SG-008-METAL-001,E_x_1_1,closed_form,E_x,1,1,105,3.5062500000000001,3.8330897683534752e-06,1.9165448841767376e-06,1,1,703706.80291754811,1387306.6717812042,9295515.9374702368,0.70698079205952757
SG-008-METAL-001,E_x_1_1,closed_form,E_x,1,1,106,3.539166666666667,3.8690748059886424e-06,1.9345374029943212e-06,1,1,698079.90579360491,1376370.884727394,9297565.6621830966,0.71159566119841577
SG-008-METAL-001,E_x_1_1,closed_form,E_x,1,1,107,3.5720833333333335,3.9050598436238087e-06,1.9525299218119043e-06,1,1,692542.28109882039,1365606.1573317011,9299566.9050635062,0.7161023572094144
SG-008-METAL-001,E_x_1_1,closed_form,E_x,1,1,108,3.6050000000000004,3.9410448812589749e-06,1.9705224406294875e-06,1,1,687091.82105224766,1355008.5071199415,9301521.1866059825,0.72050423476333636
SG-008-METAL-001,E_x_1_1,closed_form,E_x,1,1,109,3.6379166666666669,3.9770299188941412e-06,1.9885149594470706e-06,1,1,681726.48370958876,1344574.0742883333,9303429.9680260345,0.72480451948389368
SG-008-METAL-001,E_x_1_1,closed_form,E_x,1,1,110,3.6708333333333334,4.0130149565293075e-06,2.0065074782646537e-06,1,1,676444.29041259841,1334299.1170163867,9305294.6540183108,0.72900631385941372
SG-008-METAL-001,E_x_1_1,closed_form,E_x,1,1,111,3.7037500000000003,4.0489999941644738e-06,2.0244999970822369e-06,1,1,671243.32335615088,1324180.0069930721,9307116.5953658223,0.73311260284094504
SG-008-METAL-001,E_x_1_1,closed_form,E_x,1,1,112,3.7366666666666668,4.0849850317996401e-06,2.04249251589982e-06,1,1,666121.72326668748,1314213.2251450301,9308897.0914094001,0.73712625914565999
SG-008-METAL-001,E_x_1_1,closed_form,E_x,1,1,113,3.7695833333333337,4.1209700694348063e-06,2.0604850347174032e-06,1,1,661077.68718614045,1304395.3575562544,9310637.3923859037,0.74105004828318
SG-008-METAL-001,E_x_1_1,closed_form,E_x,1,1,114,3.8025000000000002,4.1569551070699726e-06,2.0784775535349863e-06,1,1,656109.46635578305,1294723.0915693138,9312338.7016430944,0.74488663332120864
SG-008-METAL-001,E_x_1_1,closed_form,E_x,1,1,115,3.8354166666666671,4.1929401447051389e-06,2.0964700723525694e-06,1,1,651215.36419479107,1285193.2120587551,9314002.177738579,0.74863857940581413
SG-008-METAL-001,E_x_1_1,closed_form,E_x,1,1,116,3.8683333333333336,4.2289251823403052e-06,2.1144625911701526e-06,1,1,646393.73436860344,1275802.5978678849,9315628.936429726,0.75230835805074003
SG-008-METAL-001,E_x_1_1,closed_form,E_x,1,1,117,3.9012500000000001,4.2649102199754715e-06,2.1324551099877357e-06,1,1,641642.97894246562,1266548.2184006278,9317220.0525609739,0.75589835120904036
SG-008-METAL-001,E_x_1_1,closed_form,E_x,1,1,118,3.934166666666667,4.3008952576106377e-06,2.1504476288053189e-06,1,1,636961.54661580152,1257427.1303606534,9318776.5618545674,0.75941085513968043
SG-008-METAL-001,E_x_1_1,closed_form,E_x,1,1,119,3.9670833333333335,4.336880295245804e-06,2.168440147622902e-06,1,1,632347.93103332038,1248436.4746303889,9320299.4626103397,0.76284808408076465
SG-008-METAL-001,E_x_1_1,closed_form,E_x,1,1,120,4.0000000000000009,4.3728653328809711e-06,2.1864326664404856e-06,1,1,627800.66916899127,1239573.47328298,9321789.7173197605,0.76621217374032913
SG-008-METAL-001,E_y_2_1,closed_form,E_y,2,1,0,0.050000000000000003,5.4660816661012134e-08,2.7330408330506067e-08,0,0,8370616.6161048748,4580115.9570603371,nan,nan
SG-008-METAL-001,E_y_2_1,closed_form,E_y,2,1,1,0.082916666666666666,9.064585429617844e-08,4.532292714808922e-08,0,0,7987685.6316552171,4351809.3784857364,nan,nan
SG-008-METAL-001,E_y_2_1,closed_form,E_y,2,1,2,0.11583333333333334,1.2663089193134477e-07,6.3315445965672386e-08,0,0,7638257.8953839997,4145183.0467838477,nan,nan
SG-008-METAL-001,E_y_2_1,closed_form,E_y,2,1,3,0.14874999999999999,1.6261592956651108e-07,8.130796478325554e-08,0,0,7318120.8110416289,3957288.773036473,nan,nan
SG-008-METAL-001,E_y_2_1,closed_form,E_y,2,1,4,0.1816666666666667,1.9860096720167744e-07,9.9300483600838719e-08,0,0,7023739.6116565401,3785689.7349821106,nan,nan
SG-008-METAL-001,E_y_2_1,closed_form,E_y,2,1,5,0.21458333333333335,2.3458600483684374e-07,1.1729300241842187e-07,0,0,6752126.2986858562,3628354.2135009458,nan,nan
SG-008-METAL-001,E_y_2_1,closed_form,E_y,2,1,6,0.2475,2.7057104247201005e-07,1.3528552123600503e-07,0,0,6500737.8583279476,3483574.7700104928,nan,nan
SG-008-METAL-001,E_y_2_1,closed_form,E_y,2,1,7,0.2804166666666667,3.0655608010717638e-07,1.5327804005358819e-07,0,0,6267396.3987504942,3349906.0313945236,nan,nan
SG-008-METAL-001,E_y_2_1,closed_form,E_y,2,1,8,0.31333333333333335,3.4254111774234272e-07,1.7127055887117136e-07,0,0,6050225.8911881028,3226116.269209404,nan,nan
SG-008-METAL-001,E_y_2_1,closed_form,E_y,2,1,9,0.34625,3.78526155377509e-07,1.892630776887545e-07,0,0,5847601.6224220134,3111149.3321261099,nan,nan
SG-008-METAL-001,E_y_2_1,closed_form,E_y,2,1,10,0.37916666666666671,4.1451119301267533e-07,2.0725559650633766e-07,0,0,5658109.4752461491,3004094.4378182958,nan,nan
SG-008-METAL-001,E_y_2_1,closed_form,E_y,2,1,11,0.41208333333333336,4.5049623064784166e-07,2.2524811532392083e-07,0,0,5480512.8775554178,2904161.994162383,nan,nan
SG-008-METAL-001,E_y_2_1,closed_form,E_y,2,1,12,0.44500000000000001,4.8648126828300794e-07,2.4324063414150397e-07,0,0,5313725.7864152631,2810664.0909768799,nan,nan
SG-008-METAL-001,E_y_2_1,closed_form,E_y,2,1,13,0.47791666666666671,5.2246630591817433e-07,2.6123315295908716e-07,0,0,5156790.4594545187,2722998.6425724006,nan,nan
SG-008-METAL-001,E_y_2_1,closed_form,E_y,2,1,14,0.51083333333333336,5.5845134355334061e-07,2.792256717766703e-07,0,0,5008859.0522533292,2640636.4081327482,nan,nan
SG-008-METAL-001,E_y_2_1,closed_form,E_y,2,1,15,0.54375000000000007,5.9443638118850699e-07,2.972181905942535e-07,0,0,4869178.2948643686,2563110.2984979139,nan,nan
SG-008-METAL-001,E_y_2_1,closed_form,E_y,2,1,16,0.57666666666666677,6.3042141882367338e-07,3.1521070941183669e-07,0,0,4737076.662705522,2490006.512867494,nan,nan
SG-008-METAL-001,E_y_2_1,closed_form,E_y,2,1,17,0.60958333333333348,6.6640645645883966e-07,3.3320322822941983e-07,0,0,4611953.5806273222,2420957.150211046,nan,nan
SG-008-METAL-001,E_y_2_1,closed_form,E_y,2,1,18,0.64250000000000007,7.0239149409400594e-07,3.5119574704700297e-07,0,0,4493270.2939053467,2355634.0168478801,nan,nan
SG-008-METAL-001,E_y_2_1,closed_form,E_y,2,1,19,0.67541666666666678,7.3837653172917232e-07,3.6918826586458616e-07,0,0,4380542.1134162555,2293743.4102039044,nan,nan
SG-008-METAL-001,E_y_2_1,closed_form,E_y,2,1,20,0.70833333333333348,7.743615693643386e-07,3.871807846821693e-07,0,0,4273331.7995730275,2235021.7038090001,nan,nan
SG-008-METAL-001,E_y_2_1,closed_form,E_y,2,1,21,0.74125000000000008,8.1034660699950488e-07,4.0517330349975244e-07,0,0,4171243.8945884295,2179231.5935322256,nan,nan
SG-008-METAL-001,E_y_2_1,closed_form,E_y,2,1,22,0.77416666666666678,8.4633164463467127e-07,4.2316582231733563e-07,0,0,4073919.8481810037,2126158.8923290004,nan,nan
SG-008-METAL-001,E_y_2_1,closed_form,E_y,2,1,23,0.80708333333333349,8.8231668226983765e-07,4.4115834113491883e-07,0,0,3981033.8100892683,2075609.7822147221,nan,nan
SG-008-METAL-001,E_y_2_1,closed_form,E_y,2,1,24,0.84000000000000008,9.1830171990500383e-07,4.5915085995250191e-07,0,0,3892288.985343134,2027408.4491385017,nan,nan
SG-008-METAL-001,E_y_2_1,closed_form,E_y,2,1,25,0.87291666666666679,9.5428675754017011e-07,4.7714337877008505e-07,0,0,3807414.4663929022,1981395.0399257513,nan,nan
SG-008-METAL-001,E_y_2_1,closed_form,E_y,2,1,26,0.90583333333333349,9.902717951753366e-07,4.951358975876683e-07,0,0,3726162.4708613106,1937423.8912581499,nan,nan
SG-008-METAL-001,E_y_2_1,closed_form,E_y,2,1,27,0.9387500000000002,1.0262568328105029e-06,5.1312841640525144e-07,0,0,3648305.9255914004,1895361.989349023,nan,nan
SG-008-METAL-001,E_y_2_1,closed_form,E_y,2,1,28,0.97166666666666679,1.0622418704456692e-06,5.3112093522283458e-07,0,0,3573636.3473769436,1855087.6259999813,nan,nan
SG-008-METAL-001,E_y_2_1,closed_form,E_y,2,1,29,1.0045833333333334,1.0982269080808354e-06,5.4911345404041772e-07,0,0,3501961.9787227046,1816489.2224363713,nan,nan
SG-008-METAL-001,E_y_2_1,closed_form,E_y,2,1,30,1.0375000000000001,1.1342119457160017e-06,5.6710597285800086e-07,0,0,3433106.1435336047,1779464.2969830707,nan,nan
SG-008-METAL-001,E_y_2_1,closed_form,E_y,2,1,31,1.0704166666666668,1.1701969833511682e-06,5.8509849167558411e-07,0,0,3366905.7930467017,1743918.5564676179,nan,nan
SG-008-METAL-001,E_y_2_1,closed_form,E_y,2,1,32,1.1033333333333335,1.2061820209863345e-06,6.0309101049316725e-07,0,0,3303210.2168126842,1709765.0943888538,nan,nan
SG-008-METAL-001,E_y_2_1,closed_form,E_y,2,1,33,1.1362500000000002,1.2421670586215008e-06,6.2108352931075039e-07,0,0,3241879.8972757082,1676923.6814957238,nan,nan
SG-008-METAL-001,E_y_2_1,closed_form,E_y,2,1,34,1.1691666666666669,1.2781520962566673e-06,6.3907604812833363e-07,0,0,3182785.4896285539,1645320.1365851925,nan,nan
SG-008-METAL-001,E_y_2_1,closed_form,E_y,2,1,35,1.2020833333333336,1.3141371338918335e-06,6.5706856694591677e-07,0,0,3125806.9112442704,1614885.7671323018,nan,nan
SG-008-METAL-001,E_y_2_1,closed_form,E_y,2,1,36,1.2350000000000001,1.3501221715269996e-06,6.750610857634998e-07,0,0,3070832.5271942266,1585556.8708745092,nan,nan
SG-008-METAL-001,E_y_2_1,closed_form,E_y,2,1,37,1.2679166666666668,1.3861072091621661e-06,6.9305360458108305e-07,0,0,3017758.4202277744,1557274.2907393654,nan,nan
SG-008-METAL-001,E_y_2_1,closed_form,E_y,2,1,38,1.3008333333333335,1.4220922467973324e-06,7.1104612339866619e-07,0,0,2966487.7351686754,1529983.0165716156,nan,nan
SG-008-METAL-001,E_y_2_1,closed_form,E_y,2,1,39,1.3337500000000002,1.4580772844324987e-06,7.2903864221624933e-07,0,0,2916930.0890259566,1503631.8280174802,nan,nan
SG-008-METAL-001,E_y_2_1,closed_form,E_y,2,1,40,1.3666666666666669,1.4940623220676652e-06,7.4703116103383258e-07,0,1,2869001.0392607488,1478172.9736881261,8854957.7811745107,-0.26130528746520754
SG-008-METAL-001,E_y_2_1,closed_form,E_y,2,1,41,1.3995833333333336,1.5300473597028314e-06,7.6502367985141572e-07,0,1,2822621.603628193,1453561.8823740678,8873917.1027593464,-0.22060322222135878
SG-008-METAL-001,E_y_2_1,closed_form,E_y,2,1,42,1.4325000000000001,1.5660323973379975e-06,7.8301619866899875e-07,0,1,2777717.8258510139,1429756.9026362165,8891935.5873239357,-0.18184027438990147
SG-008-METAL-001,E_y_2_1,closed_form,E_y,2,1,43,1.4654166666666668,1.602017434973164e-06,8.01008717486582e-07,0,1,2734220.3821008932,1406719.0675729238,8909075.1471089907,-0.14489517806158958
SG-008-METAL-001,E_y_2_1,closed_form,E_y,2,1,44,1.4983333333333335,1.6380024726083303e-06,8.1900123630416514e-07,0,1,2692064.2238834165,1384411.8819684035,8925392.6280783843,-0.1096560019395872
SG-008-METAL-001,E_y_2_1,closed_form,E_y,2,1,45,1.5312500000000002,1.6739875102434968e-06,8.3699375512174838e-07,0,1,2651188.2534573646,1362801.129376906,8940940.3049289491,-0.076019300062130535
SG-008-METAL-001,E_y_2_1,closed_form,E_y,2,1,46,1.5641666666666669,1.709972547878663e-06,8.5498627393933152e-07,0,1,2611535.0283820899,1341854.6969977452,8955766.3199462015,-0.043889351335291885
SG-008-METAL-001,E_y_2_1,closed_form,E_y,2,1,47,1.5970833333333336,1.7459575855138293e-06,8.7297879275691466e-07,0,1,2573050.4921882772,1321542.4164560167,8969915.0729514454,-0.013177477417285853
SG-008-METAL-001,E_y_2_1,closed_form,E_y,2,1,48,1.6300000000000001,1.7819426231489956e-06,8.909713115744978e-07,1,1,2535683.7285164883,1301835.9188287312,8983427.5685391016,0.016198570138854795
SG-008-METAL-001,E_y_2_1,closed_form,E_y,2,1,49,1.6629166666666668,1.8179276607841619e-06,9.0896383039208094e-07,1,1,2499386.7363719665,1282708.502451252,8996341.7259234563,0.044315161406699527
SG-008-METAL-001,E_y_2_1,closed_form,E_y,2,1,50,1.6958333333333335,1.8539126984193282e-06,9.2695634920966408e-07,1,1,2464114.2244097074,1264135.0122086264,9008692.6559725814,0.071243285189424715
SG-008-METAL-001,E_y_2_1,closed_form,E_y,2,1,51,1.7287500000000002,1.8898977360544947e-06,9.4494886802724733e-07,1,1,2429823.4223959912,1246091.7291643328,9020512.9093798399,0.097048997756132641
SG-008-METAL-001,E_y_2_1,closed_form,E_y,2,1,52,1.7616666666666669,1.9258827736896611e-06,9.6294138684483057e-07,1,1,2396473.9081961461,1228556.2695081311,9031832.6993911713,0.12179382851653442
SG-008-METAL-001,E_y_2_1,closed_form,E_y,2,1,53,1.7945833333333336,1.9618678113248274e-06,9.8093390566241371e-07,1,1,2364027.4488170506,1211507.4919177706,9042680.1020533126,0.14553514729311576
SG-008-METAL-001,E_y_2_1,closed_form,E_y,2,1,54,1.8275000000000003,1.9978528489599937e-06,9.9892642447999685e-07,1,1,2332447.8541901242,1194925.4125284213,9053081.2365615014,0.16832649729040294
SG-008-METAL-001,E_y_2_1,closed_form,E_y,2,1,55,1.8604166666666668,2.03383788659516e-06,1.01691894329758e-06,1,1,2301700.8425191804,1178791.1267907715,9063060.4279542416,0.1902178973749582
SG-008-METAL-001,E_y_2_1,closed_form,E_y,2,1,56,1.8933333333333335,2.0698229242303263e-06,1.0349114621151631e-06,1,1,2271753.9161398476,1163086.7375753766,9072640.3541187383,0.21125611685704038
SG-008-METAL-001,E_y_2_1,closed_form,E_y,2,1,57,1.9262500000000002,2.1058079618654925e-06,1.0529039809327463e-06,1,1,2242576.2469455251,1147795.2889484123,9081842.178826265,0.23148492559640696
SG-008-METAL-001,E_y_2_1,closed_form,E_y,2,1,58,1.9591666666666669,2.1417929995006588e-06,1.0708964997503294e-06,1,1,2214138.5705306833,1132900.7051036533,9090685.6723059267,0.25094532193277536
SG-008-METAL-001,E_y_2_1,closed_form,E_y,2,1,59,1.9920833333333337,2.1777780371358251e-06,1.0888890185679126e-06,1,1,2186413.0882874024,1118387.7339883065,9099189.3206831515,0.26967574066013167
SG-008-METAL-001,E_y_2_1,closed_form,E_y,2,1,60,2.0250000000000004,2.2137630747709918e-06,1.1068815373854959e-06,1,1,2159373.3767666332,1104241.8952071134,9107370.4254513085,0.28771224301720932
SG-008-METAL-001,E_y_2_1,closed_form,E_y,2,1,61,2.0579166666666668,2.2497481124061577e-06,1.1248740562030788e-06,1,1,2132994.303682962,1090449.4318306495,9115245.1940077022,0.30508869044974457
SG-008-METAL-001,E_y_2_1,closed_form,E_y,2,1,62,2.0908333333333333,2.2857331500413239e-06,1.142866575020662e-06,1,1,2107251.9500016184,1076997.265770687,9122828.8221659139,0.32183690370978563
SG-008-METAL-001,E_y_2_1,closed_form,E_y,2,1,63,2.1237500000000002,2.3217181876764906e-06,1.1608590938382453e-06,1,1,2082123.5376000463,1063872.956418334,9130135.5694522876,0.33798680868934294
SG-008-METAL-001,E_y_2_1,closed_form,E_y,2,1,64,2.1566666666666667,2.3577032253116565e-06,1.1788516126558283e-06,1,1,2057587.3620441672,1051064.6622699865,9137178.8279034831,0.3535665702377308
SG-008-METAL-001,E_y_2_1,closed_form,E_y,2,1,65,2.1895833333333332,2.3936882629468228e-06,1.1968441314734114e-06,1,1,2033622.730062363,1038561.1052922806,9143971.1850022823,0.36860271508102949
SG-008-METAL-001,E_y_2_1,closed_form,E_y,2,1,66,2.2225000000000001,2.4296733005819891e-06,1.2148366502909945e-06,1,1,2010209.9013385815,1026351.5378006564,9150524.4813190252,0.38312024484639107
SG-008-METAL-001,E_y_2_1,closed_form,E_y,2,1,67,2.2554166666666666,2.4656583382171553e-06,1.2328291691085777e-06,1,1,1987330.0342804436,1014425.7116470687,9156849.8633646108,0.397142740091256
SG-008-METAL-001,E_y_2_1,closed_form,E_y,2,1,68,2.2883333333333336,2.501643375852322e-06,1.250821687926161e-06,1,1,1964965.1354492228,1002773.8495311901,9162957.8321069274,0.41069245614646216
SG-008-METAL-001,E_y_2_1,closed_form,E_y,2,1,69,2.32125,2.5376284134874879e-06,1.268814206743744e-06,1,1,1943098.0123664406,991386.61826630996,9168858.2875549085,0.42379041150131685
SG-008-METAL-001,E_y_2_1,closed_form,E_y,2,1,70,2.354166666666667,2.5736134511226546e-06,1.2868067255613273e-06,1,1,1921712.229436924,980255.1038462884,9174560.5697722733,0.43645646938665938
SG-008-METAL-001,E_y_2_1,closed_form,E_y,2,1,71,2.3870833333333334,2.6095984887578209e-06,1.3047992443789104e-06,1,1,1900792.0667508557,969370.78817358741,9180073.4966457095,0.44870941314761198
SG-008-METAL-001,E_y_2_1,closed_form,E_y,2,1,72,2.4199999999999999,2.6455835263929867e-06,1.3227917631964934e-06,1,1,1880322.481547781,958725.527320683,9185405.3986992836,0.4605670159406417
SG-008-METAL-001,E_y_2_1,closed_form,E_y,2,1,73,2.4529166666666669,2.6815685640281534e-06,1.3407842820140767e-06,1,1,1860289.0721440401,948311.53120826662,9190564.151217442,0.47204610523808732
SG-008-METAL-001,E_y_2_1,closed_form,E_y,2,1,74,2.4858333333333333,2.7175536016633197e-06,1.3587768008316599e-06,1,1,1840678.0441418558,938121.34459367243,9195557.203912992,0.48316262257770243
SG-008-METAL-001,E_y_2_1,closed_form,E_y,2,1,75,2.5187500000000003,2.7535386392984864e-06,1.3767693196492432e-06,1,1,1821476.1787534428,928147.82927201246,9200391.6083531827,0.49393167895367007
SG-008-METAL-001,E_y_2_1,closed_form,E_y,2,1,76,2.5516666666666667,2.7895236769336523e-06,1.3947618384668261e-06,1,1,1802670.8030873025,918384.1474007318,9205074.0433363095,0.5043676062086242
SG-008-METAL-001,E_y_2_1,closed_form,E_y,2,1,77,2.5845833333333332,2.8255087145688186e-06,1.4127543572844093e-06,1,1,1784249.7622563345,908823.74586571101,9209610.8383928537,0.51448400475338718
SG-008-METAL-001,E_y_2_1,closed_form,E_y,2,1,78,2.6175000000000002,2.8614937522039853e-06,1.4307468761019926e-06,1,1,1766201.3931787757,899460.34161380481,9214007.9955685735,0.52429378791123371
SG-008-METAL-001,E_y_2_1,closed_form,E_y,2,1,79,2.6504166666666666,2.8974787898391511e-06,1.4487393949195756e-06,1,1,1748514.4999532937,890287.90788282896,9218271.209632257,0.53380922315689827
SG-008-METAL-001,E_y_2_1,closed_form,E_y,2,1,80,2.6833333333333336,2.9334638274743178e-06,1.4667319137371589e-06,1,1,1731178.3306989858,881300.6612655737,9222405.8868375234,0.54304197049630709
SG-008-METAL-001,E_y_2_1,closed_form,E_y,2,1,81,2.7162500000000001,2.9694488651094841e-06,1.4847244325547421e-06,1,1,1714182.555759616,872493.04954950581,9226417.1623562258,0.5520031182114592
SG-008-METAL-001,E_y_2_1,closed_form,E_y,2,1,82,2.749166666666667,3.0054339027446504e-06,1.5027169513723252e-06,1,1,1697517.2471792414,863859.74027842295,9230309.9164903108,0.56070321617517149
SG-008-METAL-001,E_y_2_1,closed_form,E_y,2,1,83,2.7820833333333335,3.0414189403798167e-06,1.5207094701899083e-06,1,1,1681172.8593635403,855395.60998655006,9234088.7897593565,0.56915230692268726
SG-008-METAL-001,E_y_2_1,closed_form,E_y,2,1,84,2.8149999999999999,3.0774039780149829e-06,1.5387019890074915e-06,1,1,1665140.210847694,847095.73405940295,9237758.1969523709,0.57735995465110812
SG-008-METAL-001,E_y_2_1,closed_form,E_y,2,1,85,2.8479166666666669,3.1133890156501492e-06,1.5566945078250746e-06,1,1,1649410.4670976391,838955.37717925687,9241322.3402246404,0.58533527230313886
SG-008-METAL-001,E_y_2_1,closed_form,E_y,2,1,86,2.8808333333333334,3.1493740532853155e-06,1.5746870266426578e-06,1,1,1633975.1242770145,830969.9843162708,9244785.2213133443,0.59308694687838737
SG-008-METAL-001,E_y_2_1,closed_form,E_y,2,1,87,2.9137500000000003,3.1853590909204822e-06,1.5926795454602411e-06,1,1,1618825.9939171125,823135.17222925322,9248150.6529393028,0.60062326310358705
SG-008-METAL-001,E_y_2_1,closed_form,E_y,2,1,88,2.9466666666666668,3.2213441285556481e-06,1.610672064277824e-06,1,1,1603955.188431781,815446.72144274868,9251422.2694564797,0.6079521255822441
SG-008-METAL-001,E_y_2_1,closed_form,E_y,2,1,89,2.9795833333333337,3.2573291661908148e-06,1.6286645830954074e-06,1,1,1589355.1074234312,807900.56866958609,9254603.5368055981,0.61508107953428892
SG-008-METAL-001,E_y_2_1,closed_form,E_y,2,1,90,3.0125000000000002,3.293314203825981e-06,1.6466571019129905e-06,1,1,1575018.4247302026,800492.79965030518,9257697.7618235443,0.62201733022740291
SG-008-METAL-001,E_y_2_1,closed_form,E_y,2,1,91,3.0454166666666667,3.3292992414611469e-06,1.6646496207305735e-06,1,1,1560938.0761678999,793219.64238293795,9260708.1009559631,0.62876776119359101
SG-008-METAL-001,E_y_2_1,closed_form,E_y,2,1,92,3.0783333333333336,3.3652842790963136e-06,1.6826421395481568e-06,1,1,1547107.2479236135,786077.46071854769,9263637.5684164576,0.63533895131686469
SG-008-METAL-001,E_y_2_1,closed_form,E_y,2,1,93,3.1112500000000001,3.4012693167314799e-06,1.7006346583657399e-06,1,1,1533519.3655609575,779062.74829967762,9266489.0438323803,0.6417371908714401
SG-008-METAL-001,E_y_2_1,closed_form,E_y,2,1,94,3.144166666666667,3.4372543543666466e-06,1.7186271771833233e-06,1,1,1520168.0835996459,772172.12282047479,9269265.2794139069,0.64796849658339417
SG-008-METAL-001,E_y_2_1,closed_form,E_y,2,1,95,3.1770833333333335,3.4732393920018124e-06,1.7366196960009062e-06,1,1,1507047.2756347172,765402.32058875414,9271968.9066801555,0.65403862578316707
SG-008-METAL-001,E_y_2_1,closed_form,E_y,2,1,96,3.21,3.5092244296369787e-06,1.7546122148184894e-06,1,1,1494151.0249630676,758750.19137162552,9274602.4427734688,0.65995308971110578
SG-008-METAL-001,E_y_2_1,closed_form,E_y,2,1,97,3.2429166666666669,3.5452094672721454e-06,1.7726047336360727e-06,1,1,1481473.6156871771,752212.6935075901,9277168.2963905036,0.66571716603348108
SG-008-METAL-001,E_y_2_1,closed_form,E_y,2,1,98,3.2758333333333334,3.5811945049073113e-06,1.7905972524536556e-06,1,1,1469009.524267914,745786.8892691636,9279668.7733565494,0.67133591062206266
SG-008-METAL-001,E_y_2_1,closed_form,E_y,2,1,99,3.3087500000000003,3.617179542542478e-06,1.808589771271239e-06,1,1,1456753.4115001953,739469.94046117773,9282106.0818674751,0.67681416864638666
SG-008-METAL-001,E_y_2_1,closed_form,E_y,2,1,100,3.3416666666666668,3.6531645801776443e-06,1.8265822900888221e-06,1,1,1444700.1148870126,733259.10424090258,9284482.3374218103,0.68215658502412957
SG-008-METAL-001,E_y_2_1,closed_form,E_y,2,1,101,3.3745833333333337,3.6891496178128106e-06,1.8445748089064053e-06,1,1,1432844.6413889385,727151.72914705414,9286799.5674637947,0.68736761427175574
SG-008-METAL-001,E_y_2_1,closed_form,E_y,2,1,102,3.4075000000000002,3.7251346554479768e-06,1.8625673277239884e-06,1,1,1421182.1605277183,721145.25132561242,9289059.7157566249,0.69245152979438829
SG-008-METAL-001,E_y_2_1,closed_form,E_y,2,1,103,3.4404166666666667,3.7611196930831427e-06,1.8805598465415713e-06,1,1,1409707.9978239418,715237.19094116206,9291264.6465037297,0.6974124326511294
SG-008-METAL-001,E_y_2_1,closed_form,E_y,2,1,104,3.4733333333333336,3.7971047307183094e-06,1.8985523653591547e-06,1,1,1398417.6285500589,709425.14876320108,9293416.1482345667,0.70225425982940748
SG-008-METAL-001,E_y_2_1,closed_form,E_y,2,1,105,3.5062500000000001,3.8330897683534752e-06,1.9165448841767376e-06,1,1,1387306.6717812042,703706.80291754811,9295515.9374702368,0.70698079205952757
SG-008-METAL-001,E_y_2_1,closed_form,E_y,2,1,106,3.539166666666667,3.8690748059886424e-06,1.9345374029943212e-06,1,1,1376370.884727394,698079.90579360491,9297565.6621830966,0.71159566119841577
SG-008-METAL-001,E_y_2_1,closed_form,E_y,2,1,107,3.5720833333333335,3.9050598436238087e-06,1.9525299218119043e-06,1,1,1365606.1573317011,692542.28109882039,9299566.9050635062,0.7161023572094144
SG-008-METAL-001,E_y_2_1,closed_form,E_y,2,1,108,3.6050000000000004,3.9410448812589749e-06,1.9705224406294875e-06,1,1,1355008.5071199415,687091.82105224766,9301521.1866059825,0.72050423476333636
SG-008-METAL-001,E_y_2_1,closed_form,E_y,2,1,109,3.6379166666666669,3.9770299188941412e-06,1.9885149594470706e-06,1,1,1344574.0742883333,681726.48370958876,9303429.9680260345,0.72480451948389368
SG-008-METAL-001,E_y_2_1,closed_form,E_y,2,1,110,3.6708333333333334,4.0130149565293075e-06,2.0065074782646537e-06,1,1,1334299.1170163867,676444.29041259841,9305294.6540183108,0.72900631385941372
SG-008-METAL-001,E_y_2_1,closed_form,E_y,2,1,111,3.7037500000000003,4.0489999941644738e-06,2.0244999970822369e-06,1,1,1324180.0069930721,671243.32335615088,9307116.5953658223,0.73311260284094504
SG-008-METAL-001,E_y_2_1,closed_form,E_y,2,1,112,3.7366666666666668,4.0849850317996401e-06,2.04249251589982e-06,1,1,1314213.2251450301,666121.72326668748,9308897.0914094001,0.73712625914565999
SG-008-METAL-001,E_y_2_1,closed_form,E_y,2,1,113,3.7695833333333337,4.1209700694348063e-06,2.0604850347174032e-06,1,1,1304395.3575562544,661077.68718614045,9310637.3923859037,0.74105004828318
SG-008-METAL-001,E_y_2_1,closed_form,E_y,2,1,114,3.8025000000000002,4.1569551070699726e-06,2.0784775535349863e-06,1,1,1294723.0915693138,656109.46635578305,9312338.7016430944,0.74488663332120864
SG-008-METAL-001,E_y_2_1,closed_form,E_y,2,1,115,3.8354166666666671,4.1929401447051389e-06,2.0964700723525694e-06,1,1,1285193.2120587551,651215.36419479107,9314002.177738579,0.74863857940581413
SG-008-METAL-001,E_y_2_1,closed_form,E_y,2,1,116,3.8683333333333336,4.2289251823403052e-06,2.1144625911701526e-06,1,1,1275802.5978678849,646393.73436860344,9315628.936429726,0.75230835805074003
SG-008-METAL-001,E_y_2_1,closed_form,E_y,2,1,117,3.9012500000000001,4.2649102199754715e-06,2.1324551099877357e-06,1,1,1266548.2184006278,641642.97894246562,9317220.0525609739,0.75589835120904036
SG-008-METAL-001,E_y_2_1,closed_form,E_y,2,1,118,3.934166666666667,4.3008952576106377e-06,2.1504476288053189e-06,1,1,1257427.1303606534,636961.54661580152,9318776.5618545674,0.75941085513968043
SG-008-METAL-001,E_y_2_1,closed_form,E_y,2,1,119,3.9670833333333335,4.336880295245804e-06,2.168440147622902e-06,1,1,1248436.4746303889,632347.93103332038,9320299.4626103397,0.76284808408076465
SG-008-METAL-001,E_y_2_1,closed_form,E_y,2,1,120,4.0000000000000009,4.3728653328809711e-06,2.1864326664404856e-06,1,1,1239573.47328298,627800.66916899127,9321789.7173197605,0.76621217374032913
SG-008-METAL-001,E_x_2_1,closed_form,E_x,2,1,0,0.050000000000000003,5.4660816661012134e-08,2.7330408330506067e-08,0,0,9160231.9141206741,8370616.6161048748,nan,nan
SG-008-METAL-001,E_x_2_1,closed_form,E_x,2,1,1,0.082916666666666666,9.064585429617844e-08,4.532292714808922e-08,0,0,8703618.7569714729,7987685.6316552171,nan,nan
SG-008-METAL-001,E_x_2_1,closed_form,E_x,2,1,2,0.11583333333333334,1.2663089193134477e-07,6.3315445965672386e-08,0,0,8290366.0935676955,7638257.8953839997,nan,nan
SG-008-METAL-001,E_x_2_1,closed_form,E_x,2,1,3,0.14874999999999999,1.6261592956651108e-07,8.130796478325554e-08,0,0,7914577.5460729459,7318120.8110416289,nan,nan
SG-008-METAL-001,E_x_2_1,closed_form,E_x,2,1,4,0.1816666666666667,1.9860096720167744e-07,9.9300483600838719e-08,0,0,7571379.4699642211,7023739.6116565401,nan,nan
SG-008-METAL-001,E_x_2_1,closed_form,E_x,2,1,5,0.21458333333333335,2.3458600483684374e-07,1.1729300241842187e-07,0,0,7256708.4270018917,6752126.2986858562,nan,nan
SG-008-METAL-001,E_x_2_1,closed_form,E_x,2,1,6,0.2475,2.7057104247201005e-07,1.3528552123600503e-07,0,0,6967149.5400209855,6500737.8583279476,nan,nan
SG-008-METAL-001,E_x_2_1,closed_form,E_x,2,1,7,0.2804166666666667,3.0655608010717638e-07,1.5327804005358819e-07,0,0,6699812.0627890471,6267396.3987504942,nan,nan
SG-008-METAL-001,E_x_2_1,closed_form,E_x,2,1,8,0.31333333333333335,3.4254111774234272e-07,1.7127055887117136e-07,0,0,6452232.538418808,6050225.8911881028,nan,nan
SG-008-METAL-001,E_x_2_1,closed_form,E_x,2,1,9,0.34625,3.78526155377509e-07,1.892630776887545e-07,0,0,6222298.6642522197,5847601.6224220134,nan,nan
SG-008-METAL-001,E_x_2_1,closed_form,E_x,2,1,10,0.37916666666666671,4.1451119301267533e-07,2.0725559650633766e-07,0,0,6008188.8756365916,5658109.4752461491,nan,nan
SG-008-METAL-001,E_x_2_1,closed_form,E_x,2,1,11,0.41208333333333336,4.5049623064784166e-07,2.2524811532392083e-07,0,0,5808323.988324766,5480512.8775554178,nan,nan
SG-008-METAL-001,E_x_2_1,closed_form,E_x,2,1,12,0.44500000000000001,4.8648126828300794e-07,2.4324063414150397e-07,0,0,5621328.1819537599,5313725.7864152631,nan,nan
SG-008-METAL-001,E_x_2_1,closed_form,E_x,2,1,13,0.47791666666666671,5.2246630591817433e-07,2.6123315295908716e-07,0,0,5445997.2851448013,5156790.4594545187,nan,nan
SG-008-METAL-001,E_x_2_1,closed_form,E_x,2,1,14,0.51083333333333336,5.5845134355334061e-07,2.792256717766703e-07,0,0,5281272.8162654964,5008859.0522533292,nan,nan
SG-008-METAL-001,E_x_2_1,closed_form,E_x,2,1,15,0.54375000000000007,5.9443638118850699e-07,2.972181905942535e-07,0,0,5126220.5969958277,4869178.2948643686,nan,nan
SG-008-METAL-001,E_x_2_1,closed_form,E_x,2,1,16,0.57666666666666677,6.3042141882367338e-07,3.1521070941183669e-07,0,0,4980013.025734988,4737076.662705522,nan,nan
SG-008-METAL-001,E_x_2_1,closed_form,E_x,2,1,17,0.60958333333333348,6.6640645645883966e-07,3.3320322822941983e-07,0,0,4841914.300422092,4611953.5806273222,nan,nan
SG-008-METAL-001,E_x_2_1,closed_form,E_x,2,1,18,0.64250000000000007,7.0239149409400594e-07,3.5119574704700297e-07,0,0,4711268.0336957602,4493270.2939053467,nan,nan
SG-008-METAL-001,E_x_2_1,closed_form,E_x,2,1,19,0.67541666666666678,7.3837653172917232e-07,3.6918826586458616e-07,0,0,4587486.8204078088,4380542.1134162555,nan,nan
SG-008-METAL-001,E_x_2_1,closed_form,E_x,2,1,20,0.70833333333333348,7.743615693643386e-07,3.871807846821693e-07,0,0,4470043.4076180002,4273331.7995730275,nan,nan
SG-008-METAL-001,E_x_2_1,closed_form,E_x,2,1,21,0.74125000000000008,8.1034660699950488e-07,4.0517330349975244e-07,0,0,4358463.1870644512,4171243.8945884295,nan,nan
SG-008-METAL-001,E_x_2_1,closed_form,E_x,2,1,22,0.77416666666666678,8.4633164463467127e-07,4.2316582231733563e-07,0,0,4252317.7846580008,4073919.8481810037,nan,nan
SG-008-METAL-001,E_x_2_1,closed_form,E_x,2,1,23,0.80708333333333349,8.8231668226983765e-07,4.4115834113491883e-07,0,0,4151219.5644294443,3981033.8100892683,nan,nan
SG-008-METAL-001,E_x_2_1,closed_form,E_x,2,1,24,0.84000000000000008,9.1830171990500383e-07,4.5915085995250191e-07,0,0,4054816.8982770033,3892288.985343134,nan,nan
SG-008-METAL-001,E_x_2_1,closed_form,E_x,2,1,25,0.87291666666666679,9.5428675754017011e-07,4.7714337877008505e-07,0,0,3962790.0798515026,3807414.4663929022,nan,nan
SG-008-METAL-001,E_x_2_1,closed_form,E_x,2,1,26,0.90583333333333349,9.902717951753366e-07,4.951358975876683e-07,0,0,3874847.7825162997,3726162.4708613106,nan,nan
SG-008-METAL-001,E_x_2_1,closed_form,E_x,2,1,27,0.9387500000000002,1.0262568328105029e-06,5.1312841640525144e-07,0,0,3790723.9786980459,3648305.9255914004,nan,nan
SG-008-METAL-001,E_x_2_1,closed_form,E_x,2,1,28,0.97166666666666679,1.0622418704456692e-06,5.3112093522283458e-07,0,0,3710175.2519999626,3573636.3473769436,nan,nan
SG-008-METAL-001,E_x_2_1,closed_form,E_x,2,1,29,1.0045833333333334,1.0982269080808354e-06,5.4911345404041772e-07,0,0,3632978.4448727425,3501961.9787227046,nan,nan
SG-008-METAL-001,E_x_2_1,closed_form,E_x,2,1,30,1.0375000000000001,1.1342119457160017e-06,5.6710597285800086e-07,0,0,3558928.5939661413,3433106.1435336047,nan,nan
SG-008-METAL-001,E_x_2_1,closed_form,E_x,2,1,31,1.0704166666666668,1.1701969833511682e-06,5.8509849167558411e-07,0,0,3487837.1129352357,3366905.7930467017,nan,nan
SG-008-METAL-001,E_x_2_1,closed_form,E_x,2,1,32,1.1033333333333335,1.2061820209863345e-06,6.0309101049316725e-07,0,0,3419530.1887777075,3303210.2168126842,nan,nan
SG-008-METAL-001,E_x_2_1,closed_form,E_x,2,1,33,1.1362500000000002,1.2421670586215008e-06,6.2108352931075039e-07,0,0,3353847.3629914476,3241879.8972757082,nan,nan
SG-008-METAL-001,E_x_2_1,closed_form,E_x,2,1,34,1.1691666666666669,1.2781520962566673e-06,6.3907604812833363e-07,0,0,3290640.273170385,3182785.4896285539,nan,nan
SG-008-METAL-001,E_x_2_1,closed_form,E_x,2,1,35,1.2020833333333336,1.3141371338918335e-06,6.5706856694591677e-07,0,0,3229771.5342646036,3125806.9112442704,nan,nan
SG-008-METAL-001,E_x_2_1,closed_form,E_x,2,1,36,1.2350000000000001,1.3501221715269996e-06,6.750610857634998e-07,0,0,3171113.7417490184,3070832.5271942266,nan,nan
SG-008-METAL-001,E_x_2_1,closed_form,E_x,2,1,37,1.2679166666666668,1.3861072091621661e-06,6.9305360458108305e-07,0,0,3114548.5814787308,3017758.4202277744,nan,nan
SG-008-METAL-001,E_x_2_1,closed_form,E_x,2,1,38,1.3008333333333335,1.4220922467973324e-06,7.1104612339866619e-07,0,0,3059966.0331432312,2966487.7351686754,nan,nan
SG-008-METAL-001,E_x_2_1,closed_form,E_x,2,1,39,1.3337500000000002,1.4580772844324987e-06,7.2903864221624933e-07,0,0,3007263.6560349604,2916930.0890259566,nan,nan
SG-008-METAL-001,E_x_2_1,closed_form,E_x,2,1,40,1.3666666666666669,1.4940623220676652e-06,7.4703116103383258e-07,0,0,2956345.9473762522,2869001.0392607488,nan,nan
SG-008-METAL-001,E_x_2_1,closed_form,E_x,2,1,41,1.3995833333333336,1.5300473597028314e-06,7.6502367985141572e-07,0,0,2907123.7647481356,2822621.603628193,nan,nan
SG-008-METAL-001,E_x_2_1,closed_form,E_x,2,1,42,1.4325000000000001,1.5660323973379975e-06,7.8301619866899875e-07,0,1,2859513.805272433,2777717.8258510139,8540134.8986541275,-0.92444573173486322
SG-008-METAL-001,E_x_2_1,closed_form,E_x,2,1,43,1.4654166666666668,1.602017434973164e-06,8.01008717486582e-07,0,1,2813438.1351458477,2734220.3821008932,8569424.9732181765,-0.86376206801406208
SG-008-METAL-001,E_x_2_1,closed_form,E_x,2,1,44,1.4983333333333335,1.6380024726083303e-06,8.1900123630416514e-07,0,1,2768823.7639368069,2692064.2238834165,8597257.9808070231,-0.80590465616911822
SG-008-METAL-001,E_x_2_1,closed_form,E_x,2,1,45,1.5312500000000002,1.6739875102434968e-06,8.3699375512174838e-07,0,1,2725602.2587538119,2651188.2534573646,8623730.792505648,-0.75070064538391068
SG-008-METAL-001,E_x_2_1,closed_form,E_x,2,1,46,1.5641666666666669,1.709972547878663e-06,8.5498627393933152e-07,0,1,2683709.3939954904,2611535.0283820899,8648932.2054180764,-0.69799020220048569
SG-008-METAL-001,E_x_2_1,closed_form,E_x,2,1,47,1.5970833333333336,1.7459575855138293e-06,8.7297879275691466e-07,0,1,2643084.8329120334,2573050.4921882772,8672943.7528721653,-0.64762535139060429
SG-008-METAL-001,E_x_2_1,closed_form,E_x,2,1,48,1.6300000000000001,1.7819426231489956e-06,8.909713115744978e-07,0,1,2603671.8376574623,2535683.7285164883,8695840.4194494281,-0.5994689355013344
SG-008-METAL-001,E_x_2_1,closed_form,E_x,2,1,49,1.6629166666666668,1.8179276607841619e-06,9.0896383039208094e-07,0,1,2565417.0049025039,2499386.7363719665,8717691.2736577913,-0.55339367938690243
SG-008-METAL-001,E_x_2_1,closed_form,E_x,2,1,50,1.6958333333333335,1.8539126984193282e-06,9.2695634920966408e-07,0,1,2528270.0244172527,2464114.2244097074,8738560.0291180238,-0.50928134779026002
SG-008-METAL-001,E_x_2_1,closed_form,E_x,2,1,51,1.7287500000000002,1.8898977360544947e-06,9.4494886802724733e-07,0,1,2492183.4583286657,2429823.4223959912,8758505.5435167179,-0.4670219855433817
SG-008-METAL-001,E_x_2_1,closed_form,E_x,2,1,52,1.7616666666666669,1.9258827736896611e-06,9.6294138684483057e-07,0,1,2457112.5390162622,2396473.9081961461,8777582.2632287778,-0.42651323125268958
SG-008-METAL-001,E_x_2_1,closed_form,E_x,2,1,53,1.7945833333333336,1.9618678113248274e-06,9.8093390566241371e-07,0,1,2423014.9838355412,2364027.4488170506,8795840.6203814466,-0.38765969645681853
SG-008-METAL-001,E_x_2_1,closed_form,E_x,2,1,54,1.8275000000000003,1.9978528489599937e-06,9.9892642447999685e-07,0,1,2389850.8250568425,2332447.8541901242,8813327.3881811108,-0.35037240321354418
SG-008-METAL-001,E_x_2_1,closed_form,E_x,2,1,55,1.8604166666666668,2.03383788659516e-06,1.01691894329758e-06,0,1,2357582.253581543,2301700.8425191804,8830085.9995216429,-0.3145682739140811
SG-008-METAL-001,E_x_2_1,closed_form,E_x,2,1,56,1.8933333333333335,2.0698229242303263e-06,1.0349114621151631e-06,0,1,2326173.4751507533,2271753.9161398476,8846156.8332136516,-0.2801696678537044
SG-008-METAL-001,E_x_2_1,closed_form,E_x,2,1,57,1.9262500000000002,2.1058079618654925e-06,1.0529039809327463e-06,0,1,2295590.5778968246,2242576.2469455251,8861577.4715967644,-0.2471039597243152
SG-008-METAL-001,E_x_2_1,closed_form,E_x,2,1,58,1.9591666666666669,2.1417929995006588e-06,1.0708964997503294e-06,0,1,2265801.4102073065,2214138.5705306833,8876382.9328051861,-0.21530315574969103
SG-008-METAL-001,E_x_2_1,closed_form,E_x,2,1,59,1.9920833333333337,2.1777780371358251e-06,1.0888890185679126e-06,0,1,2236775.467976613,2186413.0882874024,8890605.8805363663,-0.18470354366947944
SG-008-METAL-001,E_x_2_1,closed_form,E_x,2,1,60,2.0250000000000004,2.2137630747709918e-06,1.1068815373854959e-06,0,1,2208483.7904142267,2159373.3767666332,8904276.8138121888,-0.15524537320283507
SG-008-METAL-001,E_x_2_1,closed_form,E_x,2,1,61,2.0579166666666668,2.2497481124061577e-06,1.1248740562030788e-06,0,1,2180898.863661299,2132994.303682962,8917424.2389123309,-0.12687256399535113
SG-008-METAL-001,E_x_2_1,closed_form,E_x,2,1,62,2.0908333333333333,2.2857331500413239e-06,1.142866575020662e-06,0,1,2153994.531541374,2107251.9500016184,8930074.8253924791,-0.099532438380207616
SG-008-METAL-001,E_x_2_1,closed_form,E_x,2,1,63,2.1237500000000002,2.3217181876764906e-06,1.1608590938382453e-06,0,1,2127745.9128366681,2082123.5376000463,8942253.5478694066,-0.073175476572686762
SG-008-METAL-001,E_x_2_1,closed_form,E_x,2,1,64,2.1566666666666667,2.3577032253116565e-06,1.1788516126558283e-06,0,1,2102129.3245399729,2057587.3620441672,8953983.815055145,-0.047755092171149857
SG-008-METAL-001,E_x_2_1,closed_form,E_x,2,1,65,2.1895833333333332,2.3936882629468228e-06,1.1968441314734114e-06,0,1,2077122.2105845611,2033622.730062363,8965287.5873490125,-0.023227426061794721
SG-008-METAL-001,E_x_2_1,closed_form,E_x,2,1,66,2.2225000000000001,2.4296733005819891e-06,1.2148366502909945e-06,1,1,2052703.0756013128,2010209.9013385815,8976185.4841453396,0.00044884297719883424
SG-008-METAL-001,E_x_2_1,closed_form,E_x,2,1,67,2.2554166666666666,2.4656583382171553e-06,1.2328291691085777e-06,1,1,2028851.4232941375,1987330.0342804436,8986696.8818831611,0.023312672501089073
SG-008-METAL-001,E_x_2_1,closed_form,E_x,2,1,68,2.2883333333333336,2.501643375852322e-06,1.250821687926161e-06,1,1,2005547.6990623802,1964965.1354492228,8996840.0037490316,0.045400816826554211
SG-008-METAL-001,E_x_2_1,closed_form,E_x,2,1,69,2.32125,2.5376284134874879e-06,1.268814206743744e-06,1,1,1982773.2365326199,1943098.0123664406,9006632.0018435195,0.06674797489729023
SG-008-METAL-001,E_x_2_1,closed_form,E_x,2,1,70,2.354166666666667,2.5736134511226546e-06,1.2868067255613273e-06,1,1,1960510.2076925768,1921712.229436924,9016089.0325334538,0.087386926698991091
SG-008-METAL-001,E_x_2_1,closed_form,E_x,2,1,71,2.3870833333333334,2.6095984887578209e-06,1.3047992443789104e-06,1,1,1938741.5763471748,1900792.0667508557,9025226.3256343976,0.10734865922618163
SG-008-METAL-001,E_x_2_1,closed_form,E_x,2,1,72,2.4199999999999999,2.6455835263929867e-06,1.3227917631964934e-06,1,1,1917451.054641366,1880322.481547781,9034058.247999344,0.12666248290560364
SG-008-METAL-001,E_x_2_1,closed_form,E_x,2,1,73,2.4529166666666669,2.6815685640281534e-06,1.3407842820140767e-06,1,1,1896623.0624165332,1860289.0721440401,9042598.3620293271,0.14535613929374197
SG-008-METAL-001,E_x_2_1,closed_form,E_x,2,1,74,2.4858333333333333,2.7175536016633197e-06,1.3587768008316599e-06,1,1,1876242.6891873449,1840678.0441418558,9050859.4795681927,0.16345590078796396
SG-008-METAL-001,E_x_2_1,closed_form,E_x,2,1,75,2.5187500000000003,2.7535386392984864e-06,1.3767693196492432e-06,1,1,1856295.6585440249,1821476.1787534428,9058853.7115966622,0.18098666302116398
SG-008-METAL-001,E_x_2_1,closed_form,E_x,2,1,76,2.5516666666666667,2.7895236769336523e-06,1.3947618384668261e-06,1,1,1836768.2948014636,1802670.8030873025,9066592.5140988305,0.19797203054710005
SG-008-METAL-001,E_x_2_1,closed_form,E_x,2,1,77,2.5845833333333332,2.8255087145688186e-06,1.4127543572844093e-06,1,1,1817647.491731422,1784249.7622563345,9074086.7304371167,0.21443439636757633
SG-008-METAL-001,E_x_2_1,closed_form,E_x,2,1,78,2.6175000000000002,2.8614937522039853e-06,1.4307468761019926e-06,1,1,1798920.6832276096,1766201.3931787757,9081346.6305385306,0.2303950158021271
SG-008-METAL-001,E_x_2_1,closed_form,E_x,2,1,79,2.6504166666666666,2.8974787898391511e-06,1.4487393949195756e-06,1,1,1780575.8157656579,1748514.4999532937,9088381.947165722,0.24587407515567131
SG-008-METAL-001,E_x_2_1,closed_form,E_x,2,1,80,2.6833333333333336,2.9334638274743178e-06,1.4667319137371589e-06,1,1,1762601.3225311474,1731178.3306989858,9095201.9095198754,0.26089075559855707
SG-008-METAL-001,E_x_2_1,closed_form,E_x,2,1,81,2.7162500000000001,2.9694488651094841e-06,1.4847244325547421e-06,1,1,1744986.0990990116,1714182.555759616,9101815.2743991092,0.27546329263680441
SG-008-METAL-001,E_x_2_1,closed_form,E_x,2,1,82,2.749166666666667,3.0054339027446504e-06,1.5027169513723252e-06,1,1,1727719.4805568459,1697517.2471792414,9108230.3551149648,0.28960903151707357
SG-008-METAL-001,E_x_2_1,closed_form,E_x,2,1,83,2.7820833333333335,3.0414189403798167e-06,1.5207094701899083e-06,1,1,1710791.2199731001,1681172.8593635403,9114455.0483507589,0.30334447888092075
SG-008-METAL-001,E_x_2_1,closed_form,E_x,2,1,84,2.8149999999999999,3.0774039780149829e-06,1.5387019890074915e-06,1,1,1694191.4681188059,1665140.210847694,9120496.8591286633,0.31668535095570327
SG-008-METAL-001,E_x_2_1,closed_form,E_x,2,1,85,2.8479166666666669,3.1133890156501492e-06,1.5566945078250746e-06,1,1,1677910.7543585137,1649410.4670976391,9126362.9240372125,0.32964661854508259
SG-008-METAL-001,E_x_2_1,closed_form,E_x,2,1,86,2.8808333333333334,3.1493740532853155e-06,1.5746870266426578e-06,1,1,1661939.9686325416,1633975.1242770145,9132060.03285731,0.34224254905973162
SG-008-METAL-001,E_x_2_1,closed_form,E_x,2,1,87,2.9137500000000003,3.1853590909204822e-06,1.5926795454602411e-06,1,1,1646270.3444585064,1618825.9939171125,9137594.6487124823,0.35448674580872364
SG-008-METAL-001,E_x_2_1,closed_form,E_x,2,1,88,2.9466666666666668,3.2213441285556481e-06,1.610672064277824e-06,1,1,1630893.4428854974,1603955.188431781,9142972.9268580973,0.36639218475379215
SG-008-METAL-001,E_x_2_1,closed_form,E_x,2,1,89,2.9795833333333337,3.2573291661908148e-06,1.6286645830954074e-06,1,1,1615801.1373391722,1589355.1074234312,9148200.732214218,0.37797124891194195
SG-008-METAL-001,E_x_2_1,closed_form,E_x,2,1,90,3.0125000000000002,3.293314203825981e-06,1.6466571019129905e-06,1,1,1600985.5993006104,1575018.4247302026,9153283.6557377987,0.38923576057689546
SG-008-METAL-001,E_x_2_1,closed_form,E_x,2,1,91,3.0454166666666667,3.3292992414611469e-06,1.6646496207305735e-06,1,1,1586439.2847658759,1560938.0761678999,9158227.0297216941,0.40019701151594261
SG-008-METAL-001,E_x_2_1,closed_form,E_x,2,1,92,3.0783333333333336,3.3652842790963136e-06,1.6826421395481568e-06,1,1,1572154.9214370954,1547107.2479236135,9163035.9421006106,0.41086579128634859
SG-008-METAL-001,E_x_2_1,closed_form,E_x,2,1,93,3.1112500000000001,3.4012693167314799e-06,1.7006346583657399e-06,1,1,1558125.4965993552,1533519.3655609575,9167715.2498373762,0.42125241380391432
SG-008-METAL-001,E_x_2_1,closed_form,E_x,2,1,94,3.144166666666667,3.4372543543666466e-06,1.7186271771833233e-06,1,1,1544344.2456409496,1520168.0835996459,9172269.5914569013,0.43136674228602295
SG-008-METAL-001,E_x_2_1,closed_form,E_x,2,1,95,3.1770833333333335,3.4732393920018124e-06,1.7366196960009062e-06,1,1,1530804.6411775083,1507047.2756347172,9176703.3987895492,0.44121821268168965
SG-008-METAL-001,E_x_2_1,closed_form,E_x,2,1,96,3.21,3.5092244296369787e-06,1.7546122148184894e-06,1,1,1517500.382743251,1494151.0249630676,9181020.9079807773,0.45081585569279103
SG-008-METAL-001,E_x_2_1,closed_form,E_x,2,1,97,3.2429166666666669,3.5452094672721454e-06,1.7726047336360727e-06,1,1,1504425.3870151802,1481473.6156871771,9185226.1698191874,0.46016831748233589
SG-008-METAL-001,E_x_2_1,closed_form,E_x,2,1,98,3.2758333333333334,3.5811945049073113e-06,1.7905972524536556e-06,1,1,1491573.7785383272,1469009.524267914,9189323.0594310537,0.46928387915851288
SG-008-METAL-001,E_x_2_1,closed_form,E_x,2,1,99,3.3087500000000003,3.617179542542478e-06,1.808589771271239e-06,1,1,1478939.8809223555,1456753.4115001953,9193315.2853855826,0.4781704751166202
SG-008-METAL-001,E_x_2_1,closed_form,E_x,2,1,100,3.3416666666666668,3.6531645801776443e-06,1.8265822900888221e-06,1,1,1466518.2084818052,1444700.1148870126,9197206.3982516471,0.48683571031459966
SG-008-METAL-001,E_x_2_1,closed_form,E_x,2,1,101,3.3745833333333337,3.6891496178128106e-06,1.8445748089064053e-06,1,1,1454303.4582941083,1432844.6413889385,9200999.7986436822,0.49528687655267201
SG-008-METAL-001,E_x_2_1,closed_form,E_x,2,1,102,3.4075000000000002,3.7251346554479768e-06,1.8625673277239884e-06,1,1,1442290.5026512248,1421182.1605277183,9204698.7447913848,0.50353096782190943
SG-008-METAL-001,E_x_2_1,closed_form,E_x,2,1,103,3.4404166666666667,3.7611196930831427e-06,1.8805598465415713e-06,1,1,1430474.3818823241,1409707.9978239418,9208306.3596653789,0.51157469478232909
SG-008-METAL-001,E_x_2_1,closed_form,E_x,2,1,104,3.4733333333333336,3.7971047307183094e-06,1.8985523653591547e-06,1,1,1418850.2975264022,1398417.6285500589,9211825.6376884338,0.51942449842630478
SG-008-METAL-001,E_x_2_1,closed_form,E_x,2,1,105,3.5062500000000001,3.8330897683534752e-06,1.9165448841767376e-06,1,1,1407413.6058350962,1387306.6717812042,9215259.45105974,0.5270865629794097
SG-008-METAL-001,E_x_2_1,closed_form,E_x,2,1,106,3.539166666666667,3.8690748059886424e-06,1.9345374029943212e-06,1,1,1396159.8115872098,1376370.884727394,9218610.5557175893,0.53456682808684841
SG-008-METAL-001,E_x_2_1,closed_form,E_x,2,1,107,3.5720833333333335,3.9050598436238087e-06,1.9525299218119043e-06,1,1,1385084.5621976408,1365606.1573317011,9221881.5969640259,0.54187100033037983
SG-008-METAL-001,E_x_2_1,closed_form,E_x,2,1,108,3.6050000000000004,3.9410448812589749e-06,1.9705224406294875e-06,1,1,1374183.6421044953,1355008.5071199415,9225075.1147732828,0.54900456411747456
SG-008-METAL-001,E_x_2_1,closed_form,E_x,2,1,109,3.6379166666666669,3.9770299188941412e-06,1.9885149594470706e-06,1,1,1363452.9674191775,1344574.0742883333,9228193.5488042179,0.55597279198141103
SG-008-METAL-001,E_x_2_1,closed_form,E_x,2,1,110,3.6708333333333334,4.0130149565293075e-06,2.0065074782646537e-06,1,1,1352888.5808251968,1334299.1170163867,9231239.2431355789,0.56278075432859653
SG-008-METAL-001,E_x_2_1,closed_form,E_x,2,1,111,3.7037500000000003,4.0489999941644738e-06,2.0244999970822369e-06,1,1,1342486.6467123018,1324180.0069930721,9234214.4507415053,0.56943332866661334
SG-008-METAL-001,E_x_2_1,closed_form,E_x,2,1,112,3.7366666666666668,4.0849850317996401e-06,2.04249251589982e-06,1,1,1332243.446533375,1314213.2251450301,9237121.3377235141,0.5759352083444842
SG-008-METAL-001,E_x_2_1,closed_form,E_x,2,1,113,3.7695833333333337,4.1209700694348063e-06,2.0604850347174032e-06,1,1,1322155.3743722809,1304395.3575562544,9239961.9873140417,0.5822909108343084
SG-008-METAL-001,E_x_2_1,closed_form,E_x,2,1,114,3.8025000000000002,4.1569551070699726e-06,2.0784775535349863e-06,1,1,1312218.9327115661,1294723.0915693138,9242738.4036655929,0.5885047855816733
SG-008-METAL-001,E_x_2_1,closed_form,E_x,2,1,115,3.8354166666666671,4.1929401447051389e-06,2.0964700723525694e-06,1,1,1302430.7283895821,1285193.2120587551,9245452.5154385455,0.59458102145019831
SG-008-METAL-001,E_x_2_1,closed_form,E_x,2,1,116,3.8683333333333336,4.2289251823403052e-06,2.1144625911701526e-06,1,1,1292787.4687372069,1275802.5978678849,9248106.1791998185,0.6005236537841393
SG-008-METAL-001,E_x_2_1,closed_form,E_x,2,1,117,3.9012500000000001,4.2649102199754715e-06,2.1324551099877357e-06,1,1,1283285.9578849312,1266548.2184006278,9250701.1826437153,0.60633657111114825
SG-008-METAL-001,E_x_2_1,closed_form,E_x,2,1,118,3.934166666666667,4.3008952576106377e-06,2.1504476288053189e-06,1,1,1273923.093231603,1257427.1303606534,9253239.2476455756,0.61202352150612505
SG-008-METAL-001,E_x_2_1,closed_form,E_x,2,1,119,3.9670833333333335,4.336880295245804e-06,2.168440147622902e-06,1,1,1264695.8620666408,1248436.4746303889,9255722.0331580956,0.61758811863553997
SG-008-METAL-001,E_x_2_1,closed_form,E_x,2,1,120,4.0000000000000009,4.3728653328809711e-06,2.1864326664404856e-06,1,1,1255601.3383379825,1239573.47328298,9258151.1379595269,0.6230338475003927
