{
  "case_id": "SG-TBL-001",
  "article_target": "Table I single-mode dimensions inferred from the Figure 6 families by locating the first higher-order cutoff; the tabulated number is interpreted as dimension a times n1 / lambda",
  "wavelength": 1.0e-6,
  "n1": 1.5,
  "solver_models": [
    "exact",
    "closed_form"
  ],
  "search_max_p": 4,
  "search_max_q": 4,
  "search_b_normalized_min": 0.01,
  "search_b_normalized_max": 50.0,
  "search_cutoff_tolerance": 1.0e-6,
  "rows": [
    "SG-TBL-001A-1001:SG-006a:1.0:1.4985014985014986:1.4985014985014986:1.4985014985014986:1.4985014985014986:15.30",
    "SG-TBL-001A-1010:SG-006a:1.0:1.4851485148514851:1.4851485148514851:1.4851485148514851:1.4851485148514851:4.90",
    "SG-TBL-001A-1050:SG-006a:1.0:1.4285714285714286:1.4285714285714286:1.4285714285714286:1.4285714285714286:2.25",
    "SG-TBL-001A-1500:SG-006e:1.0:1.0:1.0:1.0:1.0:0.92",
    "SG-TBL-001B-1001:SG-006b:2.0:1.4985014985014986:1.4985014985014986:1.4985014985014986:1.4985014985014986:19.00",
    "SG-TBL-001B-1010:SG-006b:2.0:1.4851485148514851:1.4851485148514851:1.4851485148514851:1.4851485148514851:6.10",
    "SG-TBL-001B-1050:SG-006b:2.0:1.4285714285714286:1.4285714285714286:1.4285714285714286:1.4285714285714286:2.80",
    "SG-TBL-001B-1500:SG-006f:2.0:1.0:1.0:1.0:1.0:1.21",
    "SG-TBL-001C-1001:SG-006c:4.0:1.4985014985014986:1.4985014985014986:1.4985014985014986:1.4985014985014986:26.80",
    "SG-TBL-001C-1010:SG-006c:4.0:1.4851485148514851:1.4851485148514851:1.4851485148514851:1.4851485148514851:8.50",
    "SG-TBL-001C-1050:SG-006c:4.0:1.4285714285714286:1.4285714285714286:1.4285714285714286:1.4285714285714286:3.80",
    "SG-TBL-001C-1500:SG-006g:4.0:1.0:1.0:1.0:1.0:1.37",
    "SG-TBL-001D-1001:SG-006h:1.0:1.0:1.4985014985014986:1.4985014985014986:1.4985014985014986:17.70",
    "SG-TBL-001D-1010:SG-006h:1.0:1.0:1.4851485148514851:1.4851485148514851:1.4851485148514851:5.60",
    "SG-TBL-001D-1050:SG-006h:1.0:1.0:1.4285714285714286:1.4285714285714286:1.4285714285714286:2.60",
    "SG-TBL-001E-1001:SG-006i:2.0:1.0:1.4985014985014986:1.4985014985014986:1.4985014985014986:23.20",
    "SG-TBL-001E-1010:SG-006i:2.0:1.0:1.4851485148514851:1.4851485148514851:1.4851485148514851:7.40",
    "SG-TBL-001E-1050:SG-006i:2.0:1.0:1.4285714285714286:1.4285714285714286:1.4285714285714286:3.40",
    "SG-TBL-001F-1001:SG-006j:4.0:1.0:1.4985014985014986:1.4985014985014986:1.4985014985014986:34.90",
    "SG-TBL-001F-1010:SG-006j:4.0:1.0:1.4851485148514851:1.4851485148514851:1.4851485148514851:11.00",
    "SG-TBL-001F-1050:SG-006j:4.0:1.0:1.4285714285714286:1.4285714285714286:1.4285714285714286:4.90"
  ]
}
