case_id,panel_id,geometry_model,variant_id,curve_id,solver_model,mode_family,p,q,sample_index,b_over_A4,a,b,guided,domain_valid,kx,ky,kz,kz_normalized_against_n4,xi3,xi5,eta2,eta4
SG-006a,SG-006a,rectangular,default,E_y_1_1,exact,E_y,1,1,0,0.34999999999999998,8.3113225068671265e-07,8.3113225068671265e-07,0,1,1169716.6236804104,1173725.5434040059,9277961.5745513272,-0.56886000263586278,1.6179730214818562e-06,1.6179730214818562e-06,1.6382436798575281e-06,1.6382436798575281e-06
SG-006a,SG-006a,rectangular,default,E_y_1_1,exact,E_y,1,1,1,0.39620253164556962,9.4084771958387373e-07,9.4084771958387373e-07,0,1,1137903.4540016218,1142345.6892015403,9285831.231803542,-0.48539066527666308,1.4818352016982629e-06,1.4818352016982629e-06,1.4985951758468812e-06,1.4985951758468812e-06
SG-006a,SG-006a,rectangular,default,E_y_1_1,exact,E_y,1,1,2,0.44240506329113921,1.0505631884810347e-06,1.0505631884810347e-06,0,1,1105936.1354945172,1110708.5691751414,9293528.4660010934,-0.4036816684005578,1.3773307150305816e-06,1.3773307150305816e-06,1.3913626734008142e-06,1.3913626734008142e-06
SG-006a,SG-006a,rectangular,default,E_y_1_1,exact,E_y,1,1,3,0.4886075949367088,1.1602786573781955e-06,1.1602786573781955e-06,0,1,1074253.212953961,1079260.7142641465,9300947.0461296793,-0.32486661755154184,1.2950892905272952e-06,1.2950892905272952e-06,1.306962787359349e-06,1.306962787359349e-06
SG-006a,SG-006a,rectangular,default,E_y_1_1,exact,E_y,1,1,4,0.53481012658227844,1.2699941262753566e-06,1.2699941262753566e-06,0,1,1043171.930807065,1048331.2384647573,9308019.8510230668,-0.2496665247248234,1.2290317438782513e-06,1.2290317438782513e-06,1.2391722223394245e-06,1.2391722223394245e-06
SG-006a,SG-006a,rectangular,default,E_y_1_1,exact,E_y,1,1,5,0.58101265822784809,1.3797095951725176e-06,1.3797095951725176e-06,0,1,1012912.1767432929,1018153.1552465473,9314709.4793380927,-0.17848787339537997,1.1750559246306935e-06,1.1750559246306935e-06,1.1837876854720935e-06,1.1837876854720935e-06
SG-006a,SG-006a,rectangular,default,E_y_1_1,exact,E_y,1,1,6,0.62721518987341773,1.4894250640696788e-06,1.4894250640696788e-06,0,1,983618.28484483738,988883.58929338539,9321000.1569761503,-0.11150746349184623,1.1303030120506652e-06,1.1303030120506652e-06,1.1378773380762062e-06,1.1378773380762062e-06
SG-006a,SG-006a,rectangular,default,E_y_1_1,exact,E_y,1,1,7,0.67341772151898727,1.5991405329668395e-06,1.5991405329668395e-06,0,1,955377.45824832865,960621.35771948122,9326891.2360533308,-0.048740803535377374,1.0927260651194538e-06,1.0927260651194538e-06,1.0993403489462114e-06,1.0993403489462114e-06
SG-006a,SG-006a,rectangular,default,E_y_1_1,exact,E_y,1,1,8,0.71962025316455691,1.7088560018640005e-06,1.7088560018640005e-06,1,1,928234.62709628837,933421.47552885744,9332392.2139977179,0.0099053186756425191,1.0608252563007537e-06,1.0608252563007537e-06,1.0666364021846199e-06,1.0666364021846199e-06
SG-006a,SG-006a,rectangular,default,E_y_1_1,exact,E_y,1,1,9,0.76582278481012656,1.8185714707611615e-06,1.8185714707611615e-06,1,1,902204.06549029076,907306.71139489138,9337519.0476632956,0.064593806694146619,1.0334794792845238e-06,1.0334794792845238e-06,1.0386135165762727e-06,1.0386135165762727e-06
SG-006a,SG-006a,rectangular,default,E_y_1_1,exact,E_y,1,1,10,0.81202531645569609,1.9282869396583225e-06,1.9282869396583225e-06,1,1,877278.2790027631,882276.57092320081,9342291.5006648246,0.1155290708511181,1.0098359391961024e-06,1.0098359391961024e-06,1.014395051037414e-06,1.014395051037414e-06
SG-006a,SG-006a,rectangular,default,E_y_1_1,exact,E_y,1,1,11,0.85822784810126573,2.0380024085554834e-06,2.0380024085554834e-06,1,1,853434.69570315792,858314.15577479382,9346731.2810399625,0.16293716710824555,9.8923583064596612e-07,9.8923583064596612e-07,9.9330357507780022e-07,9.9330357507780022e-07
SG-006a,SG-006a,rectangular,default,E_y_1_1,exact,E_y,1,1,12,0.90443037974683538,2.1477178774526444e-06,2.1477178774526444e-06,1,1,830640.64013314829,835391.3284479687,9350860.7659999616,0.20705213870349157,9.7116314422880461e-07,9.7116314422880461e-07,9.7480838554767308e-07,9.7480838554767308e-07
SG-006a,SG-006a,rectangular,default,E_y_1_1,exact,E_y,1,1,13,0.95063291139240502,2.2574333463498054e-06,2.2574333463498054e-06,1,1,808856.99078246136,813472.55628247466,9354702.1533794366,0.24810688028175587,9.5520868019879897e-07,9.5520868019879897e-07,9.584885844871205e-07,9.584885844871205e-07
SG-006a,SG-006a,rectangular,default,E_y_1_1,exact,E_y,1,1,14,0.99683544303797456,2.3671488152469663e-06,2.3671488152469663e-06,1,1,788040.84163328493,792517.74218319752,9358276.917790316,0.28632724198912901,9.4104428953505389e-07,9.4104428953505389e-07,9.4400663139829152e-07,9.4400663139829152e-07
SG-006a,SG-006a,rectangular,default,E_y_1_1,exact,E_y,1,1,15,1.0430379746835441,2.4768642841441269e-06,2.4768642841441269e-06,1,1,768147.41751255607,772484.28679966577,9361605.4809749741,0.32192841903159231,9.2840413317524703e-07,9.2840413317524703e-07,9.3108908915171894e-07,9.3108908915171894e-07
SG-006a,SG-006a,rectangular,default,E_y_1_1,exact,E_y,1,1,16,1.089240506329114,2.5865797530412887e-06,2.5865797530412887e-06,1,1,749131.43441529549,753328.57275540242,9364707.0304011889,0.3551129289769217,9.1707084504279548e-07,9.1707084504279548e-07,9.1951240020670529e-07,9.1951240020670529e-07
SG-006a,SG-006a,rectangular,default,E_y_1_1,exact,E_y,1,1,17,1.1354430379746834,2.6962952219384492e-06,2.6962952219384492e-06,1,1,730948.04945287039,735007.01718401723,9367599.4386766758,0.38606967364856831,9.0686517796362295e-07,9.0686517796362295e-07,9.0909223812426261e-07,9.0909223812426261e-07
SG-006a,SG-006a,rectangular,default,E_y_1_1,exact,E_y,1,1,18,1.1816455696202532,2.8060106908356106e-06,2.8060106908356106e-06,1,1,713553.50898142136,717476.803699465,9370299.2500654832,0.41497372677713995,8.9763816031942505e-07,8.9763816031942505e-07,8.9967543810049664e-07,8.9967543810049664e-07
SG-006a,SG-006a,rectangular,default,E_y_1_1,exact,E_y,1,1,19,1.2278481012658227,2.9157261597327712e-06,2.9157261597327712e-06,1,1,696905.57596049644,700696.37763389293,9372821.7103693038,0.44198659398825296,8.8926508741326599e-07,8.8926508741326599e-07,8.9113381318679403e-07,8.9113381318679403e-07
SG-006a,SG-006a,rectangular,default,E_y_1_1,exact,E_y,1,1,20,1.2740506329113923,3.0254416286299322e-06,3.0254416286299322e-06,1,1,680963.79679053603,684625.76745896414,9375180.8236319423,0.46725676791394827,8.8164087038393619e-07,8.8164087038393619e-07,8.8335936647486792e-07,8.8335936647486792e-07
SG-006a,SG-006a,rectangular,default,E_y_1_1,exact,E_y,1,1,21,1.320253164556962,3.1351570975270935e-06,3.1351570975270935e-06,1,1,665689.65230596461,669226.77945582406,9377389.4242628217,0.49092045578328181,8.7467640124697047e-07,8.7467640124697047e-07,8.762605486149849e-07,8.762605486149849e-07
SG-006a,SG-006a,rectangular,default,E_y_1_1,exact,E_y,1,1,22,1.3664556962025314,3.2448725664242541e-06,3.2448725664242541e-06,1,1,651046.62595309841,654463.10070571047,9379459.2568257377,0.51310239572885208,8.6829568665726573e-07,8.6829568665726573e-07,8.697593064367323e-07,8.697593064367323e-07
SG-006a,SG-006a,rectangular,default,E_y_1_1,exact,E_y,1,1,23,1.4126582278481012,3.3545880353214155e-06,3.3545880353214155e-06,1,1,637000.21351523977,640300.33648267109,9381401.0583113842,0.53391670552581805,8.6243356901312997e-07,8.6243356901312997e-07,8.6378873619519144e-07,8.6378873619519144e-07
SG-006a,SG-006a,rectangular,default,E_y_1_1,exact,E_y,1,1,24,1.4588607594936707,3.464303504218576e-06,3.464303504218576e-06,1,1,623517.89231936005,626706.00139088696,9383224.6395139936,0.5534677267892959,8.5703390048153797e-07,8.5703390048153797e-07,8.5829120317814941e-07,8.5829120317814941e-07
SG-006a,SG-006a,rectangular,default,E_y_1_1,exact,E_y,1,1,25,1.5050632911392405,3.5740189731157374e-06,3.5740189731157374e-06,1,1,610569.06306182942,613649.47854034696,9384938.963388266,0.57185084116054474,8.5204806930435201e-07,8.5204806930435201e-07,8.5321682411903881e-07,8.5321682411903881e-07
SG-006a,SG-006a,rectangular,default,E_y_1_1,exact,E_y,1,1,26,1.55126582278481,3.683734442012898e-06,3.683734442012898e-06,1,1,598124.97385975858,601101.95728460746,9386552.2191270068,0.58915324434246885,8.4743380233179057e-07,8.4743380233179057e-07,8.4852223412539484e-07,8.4852223412539484e-07
SG-006a,SG-006a,rectangular,default,E_y_1_1,exact,E_y,1,1,27,1.5974683544303798,3.7934499109100598e-06,3.7934499109100598e-06,1,1,586158.63349253824,589036.35724656726,9388071.8912899308,0.60545467024380639,8.4315418578953197e-07,8.4315418578953197e-07,8.4416957841640105e-07,8.4416957841640105e-07
SG-006a,SG-006a,rectangular,default,E_y_1_1,exact,E_y,1,1,28,1.6436708860759492,3.9031653798072199e-06,3.9031653798072199e-06,1,1,574644.71886457677,577427.24424170027,9389504.823711032,0.62082806182062888,8.3917685969678335e-07,8.3917685969678335e-07,8.401256829472127e-07,8.401256829472127e-07
SG-006a,SG-006a,rectangular,default,E_y_1_1,exact,E_y,1,1,29,1.6898734177215187,4.0128808487043809e-06,4.0128808487043809e-06,1,1,563559.48026342294,566250.74216747005,9390857.278172439,0.63534018806531234,8.3547335138440037e-07,8.3547335138440037e-07,8.3636136833655498e-07,8.3636136833655498e-07
SG-006a,SG-006a,rectangular,default,E_y_1_1,exact,E_y,1,1,30,1.7360759493670885,4.1225963176015427e-06,4.1225963176015427e-06,1,1,552880.64694275917,555484.44375268463,9392134.9879986923,0.64905220843564726,8.3201852114916207e-07,8.3201852114916207e-07,8.3285087931254648e-07,8.3285087931254648e-07
SG-006a,SG-006a,rectangular,default,E_y_1_1,exact,E_y,1,1,31,1.782278481012658,4.2323117864987028e-06,4.2323117864987028e-06,1,1,542587.33475539635,545107.32220295467,9393343.2068272699,0.6620201871636594,8.2879009884316368e-07,8.2879009884316368e-07,8.2957140783543728e-07,8.2957140783543728e-07
SG-006a,SG-006a,rectangular,default,E_y_1_1,exact,E_y,1,1,32,1.8284810126582278,4.3420272553958646e-06,4.3420272553958646e-06,1,1,532659.95700309589,535099.64514521952,9394486.7528660223,0.67429556051946438,8.2576829462885809e-07,8.2576829462885809e-07,8.2650269261583538e-07,8.2650269261583538e-07
SG-006a,SG-006a,rectangular,default,E_y_1_1,exact,E_y,1,1,33,1.8746835443037972,4.4517427242930248e-06,4.4517427242930248e-06,1,1,523080.13923779817,525442.89179602358,9395570.0489752218,0.68592556043579489,8.2293547054503162e-07,8.2293547054503162e-07,8.2362668126639954e-07,8.2362668126639954e-07
SG-006a,SG-006a,rectangular,default,E_y_1_1,exact,E_y,1,1,34,1.9208860759493671,4.5614581931901866e-06,4.5614581931901866e-06,1,1,513830.63844349689,516119.67394191923,9396597.1589172166,0.69695359799045142,8.202758621881904e-07,8.202758621881904e-07,8.2092724406741746e-07,8.2092724406741746e-07
SG-006a,SG-006a,rectangular,default,E_y_1_1,exact,E_y,1,1,35,1.9670886075949365,4.6711736620873467e-06,4.6711736620873467e-06,1,1,504895.26681565237,507113.66105777014,9397571.8201097026,0.70741961019814037,8.1777534189735522e-07,8.1777534189735522e-07,8.1838993046799933e-07,8.1838993046799933e-07
SG-006a,SG-006a,rectangular,default,E_y_1_1,exact,E_y,1,1,36,2.0132911392405064,4.7808891309845085e-06,4.7808891309845085e-06,1,1,496258.820189878,498409.50971907598,9398497.4732033424,0.71736037342389192,8.1542121646669466e-07,8.1542121646669466e-07,8.1600176113747412e-07,8.1600176113747412e-07
SG-006a,SG-006a,rectangular,default,E_y_1_1,exact,E_y,1,1,37,2.0594936708860758,4.8906045998816695e-06,4.8906045998816695e-06,1,1,487907.01106154121,489992.79732787015,9399377.2887850441,0.72680978654262907,8.1320205370885788e-07,8.1320205370885788e-07,8.137510497175424e-07,8.137510497175424e-07
SG-006a,SG-006a,rectangular,default,E_y_1_1,exact,E_y,1,1,38,2.1056962025316452,5.0003200687788296e-06,5.0003200687788296e-06,1,1,479826.40607535746,481849.96008179919,9400214.1914855465,0.73579912674376968,8.1110753322938866e-07,8.1110753322938866e-07,8.1162724949199892e-07,8.1162724949199892e-07
SG-006a,SG-006a,rectangular,default,E_y_1_1,exact,E_y,1,1,39,2.1518987341772151,5.1100355376759914e-06,5.1100355376759914e-06,1,1,472004.36779306317,473968.23505583813,9401010.8817481212,0.74435728065999929,8.0912831759487021e-07,8.0912831759487021e-07,8.0962082104492057e-07,8.0962082104492057e-07
SG-006a,SG-006a,rectangular,default,E_y_1_1,exact,E_y,1,1,40,2.1981012658227845,5.2197510065731515e-06,5.2197510065731515e-06,1,1,464429.00054153416,466335.60622668266,9401769.855491329,0.7525109532551757,8.0725594075066964e-07,8.0725594075066964e-07,8.0772311766546499e-07,8.0772311766546499e-07
SG-006a,SG-006a,rectangular,default,E_y_1_1,exact,E_y,1,1,41,2.2443037974683544,5.3294664754703134e-06,5.3294664754703134e-06,1,1,457089.10010717378,458940.75424218678,9402493.4218782149,0.76028485669649315,8.0548271107790906e-07,8.0548271107790906e-07,8.0592628581226229e-07,8.0592628581226229e-07
SG-006a,SG-006a,rectangular,default,E_y_1_1,exact,E_y,1,1,42,2.2905063291139238,5.4391819443674735e-06,5.4391819443674735e-06,1,1,449974.10704269179,451773.00972468476,9403183.7193835415,0.76770188122088756,8.038016269193251e-07,8.038016269193251e-07,8.0422317840180741e-07,8.0422317840180741e-07
SG-006a,SG-006a,rectangular,default,E_y_1_1,exact,E_y,1,1,43,2.3367088607594937,5.5488974132646353e-06,5.5488974132646353e-06,1,1,443074.06335751235,444822.30989732523,9403842.7303311341,0.77478324980409619,8.0220630276227387e-07,8.0220630276227387e-07,8.0260727905492055e-07,8.0260727905492055e-07
SG-006a,SG-006a,rectangular,default,E_y_1_1,exact,E_y,1,1,44,2.3829113924050631,5.6586128821617963e-06,5.6586128821617963e-06,1,1,436379.57235612615,438079.15831654076,9404472.2940568663,0.78154865826838671,8.0069090455723762e-07,8.0069090455723762e-07,8.0107263573552486e-07,8.0107263573552486e-07
SG-006a,SG-006a,rectangular,default,E_y_1_1,exact,E_y,1,1,45,2.429113924050633,5.7683283510589572e-06,5.7683283510589572e-06,1,1,429881.76140855916,431534.58750098606,9405074.1188362204,0.78801640229272674,7.9925009289408513e-07,7.9925009289408513e-07,7.9961380246502196e-07,7.9961380246502196e-07
SG-006a,SG-006a,rectangular,default,E_y_1_1,exact,E_y,1,1,46,2.4753164556962024,5.8780438199561182e-06,5.8780438199561182e-06,1,1,423572.24743622704,425180.12425570877,9405649.7927014064,0.79420349264312917,7.9787897295488912e-07,7.9787897295488912e-07,7.9822578800091224e-07,7.9822578800091224e-07
SG-006a,SG-006a,rectangular,default,E_y_1_1,exact,E_y,1,1,47,2.5215189873417723,5.9877592888532792e-06,5.9877592888532792e-06,1,1,417443.10491749935,419007.75750083849,9406200.7932594772,0.8001257597993221,7.9657305032947336e-07,7.9657305032947336e-07,7.9690401053864793e-07,7.9690401053864793e-07
SG-006a,SG-006a,rectangular,default,E_y_1_1,exact,E_y,1,1,48,2.5677215189873417,6.0974747577504401e-06,6.0974747577504401e-06,1,1,411486.83622271207,413009.90841859696,9406728.4966117609,0.80579794903766422,7.9532819191576207e-07,7.9532819191576207e-07,7.9564425763599086e-07,7.9564425763599086e-07
SG-006a,SG-006a,rectangular,default,E_y_1_1,exact,E_y,1,1,49,2.6139240506329111,6.2071902266476003e-06,6.2071902266476003e-06,1,1,405696.34410220804,407179.40274987242,9407234.1854640059,0.81123380691520841,7.9414059124218071e-07,7.9414059124218071e-07,7.9444265067880711e-07,7.9444265067880711e-07
SG-006a,SG-006a,rectangular,default,E_y_1_1,exact,E_y,1,1,50,2.660126582278481,6.3169056955447621e-06,6.3169056955447621e-06,1,1,400064.90616496734,401509.44507943257,9407719.0565073472,0.81644616000265824,7.9300673764591498e-07,7.9300673764591498e-07,7.9329561330553702e-07,7.9329561330553702e-07
SG-006a,SG-006a,rectangular,default,E_y_1_1,exact,E_y,1,1,51,2.7063291139240504,6.4266211644419231e-06,6.4266211644419231e-06,1,1,394586.15119321237,395993.59495786205,9408184.2271419801,0.82144698662717808,7.9192338882085467e-07,7.9192338882085467e-07,7.9219984329044799e-07,7.9219984329044799e-07
SG-006a,SG-006a,rectangular,default,E_y_1_1,exact,E_y,1,1,52,2.7525316455696203,6.536336633339084e-06,6.536336633339084e-06,1,1,389254.03715386672,390625.7447248667,9408630.7416075077,0.82624748230269196,7.9088754631809978e-07,7.9088754631809978e-07,7.9115228745717521e-07,7.9115228745717521e-07
SG-006a,SG-006a,rectangular,default,E_y_1_1,exact,E_y,1,1,53,2.7987341772151897,6.646052102236245e-06,6.646052102236245e-06,1,1,384062.83077526197,385400.09890038334,9409059.5765777119,0.83085811945999022,7.8989643363890131e-07,7.8989643363890131e-07,7.9015011925170301e-07,7.9015011925170301e-07
SG-006a,SG-006a,rectangular,default,E_y_1_1,exact,E_y,1,1,54,2.8449367088607596,6.7557675711334068e-06,6.7557675711334068e-06,1,1,379007.08856862213,380311.15502888709,9409471.646271091,0.83528870202101946,7.8894747660904076e-07,7.8894747660904076e-07,7.8919071865612421e-07,7.8919071865612421e-07
SG-006a,SG-006a,rectangular,default,E_y_1_1,exact,E_y,1,1,55,2.891139240506329,6.8654830400305669e-06,6.8654830400305669e-06,1,1,374081.63918212184,375353.68586078763,9409867.8071236368,0.83954841531062019,7.8803828576503336e-07,7.8803828576503336e-07,7.8827165416525011e-07,7.8827165416525011e-07
SG-006a,SG-006a,rectangular,default,E_y_1_1,exact,E_y,1,1,56,2.9373417721518984,6.9751985089277271e-06,6.9751985089277271e-06,1,1,369281.56698900601,370522.72277525516,9410248.8620648943,0.84364587174143146,7.8716664051893258e-07,7.8716664051893258e-07,7.8739066658694205e-07,7.8739066658694205e-07
SG-006a,SG-006a,rectangular,default,E_y_1_1,exact,E_y,1,1,57,2.9835443037974683,7.0849139778248889e-06,7.0849139778248889e-06,1,1,364602.19680930011,365813.54034370615,9410615.5644350536,0.84758915267292734,7.8633047489696226e-07,7.8633047489696226e-07,7.865456544557623e-07,7.865456544557623e-07
SG-006a,SG-006a,rectangular,default,E_y_1_1,exact,E_y,1,1,58,3.0297468354430377,7.1946294467220498e-06,7.1946294467220498e-06,1,1,360039.07968464738,361221.64195498859,9410968.6215759665,0.8513858467941634,7.855278646755362e-07,7.855278646755362e-07,7.8573466087898568e-07,7.8573466087898568e-07
SG-006a,SG-006a,rectangular,default,E_y_1_1,exact,E_y,1,1,59,3.0759493670886076,7.3043449156192108e-06,7.3043449156192108e-06,1,1,355587.97962129116,356742.74641488004,9411308.6981266048,0.85504308535454865,7.8475701575845852e-07,7.8475701575845852e-07,7.8495586165418332e-07,7.8495586165418332e-07
SG-006a,SG-006a,rectangular,default,E_y_1_1,exact,E_y,1,1,60,3.122151898734177,7.4140603845163718e-06,7.4140603845163718e-06,1,1,351244.86123247212,352372.7754519186,9411636.419049684,0.85856757452702293,7.8401625366013451e-07,7.8401625366013451e-07,7.8420755451978148e-07,7.8420755451978148e-07
SG-006a,SG-006a,rectangular,default,E_y_1_1,exact,E_y,1,1,61,3.1683544303797468,7.5237758534135336e-06,7.5237758534135336e-06,1,1,347005.87820819404,348107.84205947514,9411952.3724140208,0.86196562516480368,7.8330401397461043e-07,7.8330401397461043e-07,7.8348814941563631e-07,7.8348814941563631e-07
SG-006a,SG-006a,rectangular,default,E_y_1_1,exact,E_y,1,1,62,3.2145569620253163,7.6334913223106946e-06,7.6334913223106946e-06,1,1,342867.36255430442,343944.23961210542,9412257.1119544432,0.86524318018411606,7.8261883372614912e-07,7.8261883372614912e-07,7.8279615964596097e-07,7.8279615964596097e-07
SG-006a,SG-006a,rectangular,default,E_y_1_1,exact,E_y,1,1,63,3.2607594936708861,7.7432067912078555e-06,7.7432067912078555e-06,1,1,338825.81454147852,339878.43169962603,9412551.1594290938,0.86840583978404073,7.819593435084204e-07,7.819593435084204e-07,7.8213019384982989e-07,7.8213019384982989e-07
SG-006a,SG-006a,rectangular,default,E_y_1_1,exact,E_y,1,1,64,3.3069620253164556,7.8529222601050165e-06,7.8529222601050165e-06,1,1,334877.89331176889,335907.04262552271,9412835.0067920517,0.87145888469434485,7.8132426033067272e-07,7.8132426033067272e-07,7.8148894869538566e-07,7.8148894869538566e-07
SG-006a,SG-006a,rectangular,default,E_y_1_1,exact,E_y,1,1,65,3.353164556962025,7.9626377290021758e-06,7.9626377290021758e-06,1,1,331020.40809594223,332026.84852051013,9413109.1181973349,0.87440729762252623,7.8071238109890615e-07,7.8071238109890615e-07,7.8087120222359864e-07,7.8087120222359864e-07
SG-006a,SG-006a,rectangular,default,E_y_1_1,exact,E_y,1,1,66,3.3993670886075948,8.0723531978993384e-06,8.0723531978993384e-06,1,1,327250.30999468034,328234.76902837586,9413373.93184896,0.87725578305629714,7.8012257666766324e-07,7.8012257666766324e-07,7.8027580777627815e-07,7.8027580777627815e-07
SG-006a,SG-006a,rectangular,default,E_y_1_1,exact,E_y,1,1,67,3.4455696202531643,8.1820686667964977e-06,8.1820686667964977e-06,1,1,323564.68428604142,324527.859520945,9413629.8617101945,0.88000878556172357,7.7955378640618468e-07,7.7955378640618468e-07,7.7970168844981855e-07,7.7970168844981855e-07
SG-006a,SG-006a,rectangular,default,E_y_1_1,exact,E_y,1,1,68,3.4917721518987341,8.2917841356936604e-06,8.2917841356936604e-06,1,1,319960.74321752333,320903.30380561459,9413877.2990840804,0.88267050670560898,7.7900501322782852e-07,7.7900501322782852e-07,7.791478320231842e-07,7.791478320231842e-07
SG-006a,SG-006a,rectangular,default,E_y_1_1,exact,E_y,1,1,69,3.5379746835443036,8.4014996045908214e-06,8.4014996045908214e-06,1,1,316435.81925189192,317358.4072889128,9414116.614075996,0.88524492071706284,7.7847531903843421e-07,7.7847531903843421e-07,7.7861328631385193e-07,7.7861328631385193e-07
SG-006a,SG-006a,rectangular,default,E_y_1_1,exact,E_y,1,1,70,3.5841772151898734,8.5112150734879823e-06,8.5112150734879823e-06,1,1,312987.35873158474,313890.59056600195,9414348.1569481269,0.88773578899355254,7.7796382056306097e-07,7.7796382056306097e-07,7.7809715492100387e-07,7.7809715492100387e-07
SG-006a,SG-006a,rectangular,default,E_y_1_1,exact,E_y,1,1,71,3.6303797468354428,8.6209305423851433e-06,8.6209305423851433e-06,1,1,309612.9159344635,310497.38340378366,9414572.2593748383,0.89014667354728316,7.7746968551567843e-07,7.7746968551567843e-07,7.7759859331893221e-07,7.7759859331893221e-07
SG-006a,SG-006a,rectangular,default,E_y_1_1,exact,E_y,1,1,72,3.6765822784810127,8.7306460112823043e-06,8.7306460112823043e-06,1,1,306310.14749218826,307176.41909294866,9414789.2356069665,0.89248094947761725,7.7699212907957522e-07,7.7699212907957522e-07,7.7711680526830702e-07,7.7711680526830702e-07
SG-006a,SG-006a,rectangular,default,E_y_1_1,exact,E_y,1,1,73,3.7227848101265821,8.8403614801794652e-06,8.8403614801794652e-06,1,1,303076.80714715249,303925.42913963366,9414999.3835526109,0.89474181655034479,7.7653041066998685e-07,7.7653041066998685e-07,7.766510395153814e-07,7.766510395153814e-07
SG-006a,SG-006a,rectangular,default,E_y_1_1,exact,E_y,1,1,74,3.7689873417721516,8.9500769490766245e-06,8.9500769490766245e-06,1,1,299910.74082315783,300742.2382787941,9415202.9857809357,0.89693230995335627,7.760838309530015e-07,7.760838309530015e-07,7.7620058675362817e-07,7.7620058675362817e-07
SG-006a,SG-006a,rectangular,default,E_y_1_1,exact,E_y,1,1,75,3.8151898734177214,9.0597924179737872e-06,9.0597924179737872e-06,1,1,296809.88199133181,297624.75978146342,9415400.3104552906,0.8990553102960781,7.7565172909807992e-07,7.7565172909807992e-07,7.7576477682328645e-07,7.7576477682328645e-07
SG-006a,SG-006a,rectangular,default,E_y_1_1,exact,E_y,1,1,76,3.8613924050632908,9.1695078868709481e-06,9.1695078868709481e-06,1,1,293772.2473070717,294570.99104026053,9415591.6122012213,0.90111355291221329,7.7523348024280455e-07,7.7523348024280455e-07,7.7534297612821046e-07,7.7534297612821046e-07
SG-006a,SG-006a,rectangular,default,E_y_1_1,exact,E_y,1,1,77,3.9075949367088607,9.2792233557681091e-06,9.2792233557681091e-06,1,1,290795.93250493245,291579.00941389042,9415777.1329143122,0.90310963651846055,7.7482849315189714e-07,7.7482849315189714e-07,7.7493458525077774e-07,7.7493458525077774e-07
SG-006a,SG-006a,rectangular,default,E_y_1_1,exact,E_y,1,1,78,3.9537974683544301,9.3889388246652701e-06,9.3889388246652701e-06,1,1,287879.10852874327,288646.96831063728,9415957.102512842,0.90504603128266936,7.7443620805285433e-07,7.7443620805285433e-07,7.7453903674722546e-07,7.7453903674722546e-07
SG-006a,SG-006a,rectangular,default,E_y_1_1,exact,E_y,1,1,79,4,9.498654293562431e-06,9.498654293562431e-06,1,1,285020.01788687997,285773.09349866572,9416131.7396391723,0.90692508634303137,7.7405609463375757e-07,7.7405609463375757e-07,7.7415579310836651e-07,7.7415579310836651e-07
SG-006a,SG-006a,rectangular,default,E_x_1_1,exact,E_x,1,1,0,0.34999999999999998,8.3113225068671265e-07,8.3113225068671265e-07,0,1,1173725.5434040059,1169716.6236804104,9277961.5745513272,-0.56886000263586278,1.6382436798575281e-06,1.6382436798575281e-06,1.6179730214818562e-06,1.6179730214818562e-06
SG-006a,SG-006a,rectangular,default,E_x_1_1,exact,E_x,1,1,1,0.39620253164556962,9.4084771958387373e-07,9.4084771958387373e-07,0,1,1142345.6892015403,1137903.4540016218,9285831.231803542,-0.48539066527666308,1.4985951758468812e-06,1.4985951758468812e-06,1.4818352016982629e-06,1.4818352016982629e-06
SG-006a,SG-006a,rectangular,default,E_x_1_1,exact,E_x,1,1,2,0.44240506329113921,1.0505631884810347e-06,1.0505631884810347e-06,0,1,1110708.5691751414,1105936.1354945172,9293528.4660010934,-0.4036816684005578,1.3913626734008142e-06,1.3913626734008142e-06,1.3773307150305816e-06,1.3773307150305816e-06
SG-006a,SG-006a,rectangular,default,E_x_1_1,exact,E_x,1,1,3,0.4886075949367088,1.1602786573781955e-06,1.1602786573781955e-06,0,1,1079260.7142641465,1074253.212953961,9300947.0461296793,-0.32486661755154184,1.306962787359349e-06,1.306962787359349e-06,1.2950892905272952e-06,1.2950892905272952e-06
SG-006a,SG-006a,rectangular,default,E_x_1_1,exact,E_x,1,1,4,0.53481012658227844,1.2699941262753566e-06,1.2699941262753566e-06,0,1,1048331.2384647573,1043171.930807065,9308019.8510230668,-0.2496665247248234,1.2391722223394245e-06,1.2391722223394245e-06,1.2290317438782513e-06,1.2290317438782513e-06
SG-006a,SG-006a,rectangular,default,E_x_1_1,exact,E_x,1,1,5,0.58101265822784809,1.3797095951725176e-06,1.3797095951725176e-06,0,1,1018153.1552465473,1012912.1767432929,9314709.4793380927,-0.17848787339537997,1.1837876854720935e-06,1.1837876854720935e-06,1.1750559246306935e-06,1.1750559246306935e-06
SG-006a,SG-006a,rectangular,default,E_x_1_1,exact,E_x,1,1,6,0.62721518987341773,1.4894250640696788e-06,1.4894250640696788e-06,0,1,988883.58929338539,983618.28484483738,9321000.1569761503,-0.11150746349184623,1.1378773380762062e-06,1.1378773380762062e-06,1.1303030120506652e-06,1.1303030120506652e-06
SG-006a,SG-006a,rectangular,default,E_x_1_1,exact,E_x,1,1,7,0.67341772151898727,1.5991405329668395e-06,1.5991405329668395e-06,0,1,960621.35771948122,955377.45824832865,9326891.2360533308,-0.048740803535377374,1.0993403489462114e-06,1.0993403489462114e-06,1.0927260651194538e-06,1.0927260651194538e-06
SG-006a,SG-006a,rectangular,default,E_x_1_1,exact,E_x,1,1,8,0.71962025316455691,1.7088560018640005e-06,1.7088560018640005e-06,1,1,933421.47552885744,928234.62709628837,9332392.2139977179,0.0099053186756425191,1.0666364021846199e-06,1.0666364021846199e-06,1.0608252563007537e-06,1.0608252563007537e-06
SG-006a,SG-006a,rectangular,default,E_x_1_1,exact,E_x,1,1,9,0.76582278481012656,1.8185714707611615e-06,1.8185714707611615e-06,1,1,907306.71139489138,902204.06549029076,9337519.0476632956,0.064593806694146619,1.0386135165762727e-06,1.0386135165762727e-06,1.0334794792845238e-06,1.0334794792845238e-06
SG-006a,SG-006a,rectangular,default,E_x_1_1,exact,E_x,1,1,10,0.81202531645569609,1.9282869396583225e-06,1.9282869396583225e-06,1,1,882276.57092320081,877278.2790027631,9342291.5006648246,0.1155290708511181,1.014395051037414e-06,1.014395051037414e-06,1.0098359391961024e-06,1.0098359391961024e-06
SG-006a,SG-006a,rectangular,default,E_x_1_1,exact,E_x,1,1,11,0.85822784810126573,2.0380024085554834e-06,2.0380024085554834e-06,1,1,858314.15577479382,853434.69570315792,9346731.2810399625,0.16293716710824555,9.9330357507780022e-07,9.9330357507780022e-07,9.8923583064596612e-07,9.8923583064596612e-07
SG-006a,SG-006a,rectangular,default,E_x_1_1,exact,E_x,1,1,12,0.90443037974683538,2.1477178774526444e-06,2.1477178774526444e-06,1,1,835391.3284479687,830640.64013314829,9350860.7659999616,0.20705213870349157,9.7480838554767308e-07,9.7480838554767308e-07,9.7116314422880461e-07,9.7116314422880461e-07
SG-006a,SG-006a,rectangular,default,E_x_1_1,exact,E_x,1,1,13,0.95063291139240502,2.2574333463498054e-06,2.2574333463498054e-06,1,1,813472.55628247466,808856.99078246136,9354702.1533794366,0.24810688028175587,9.584885844871205e-07,9.584885844871205e-07,9.5520868019879897e-07,9.5520868019879897e-07
SG-006a,SG-006a,rectangular,default,E_x_1_1,exact,E_x,1,1,14,0.99683544303797456,2.3671488152469663e-06,2.3671488152469663e-06,1,1,792517.74218319752,788040.84163328493,9358276.917790316,0.28632724198912901,9.4400663139829152e-07,9.4400663139829152e-07,9.4104428953505389e-07,9.4104428953505389e-07
SG-006a,SG-006a,rectangular,default,E_x_1_1,exact,E_x,1,1,15,1.0430379746835441,2.4768642841441269e-06,2.4768642841441269e-06,1,1,772484.28679966577,768147.41751255607,9361605.4809749741,0.32192841903159231,9.3108908915171894e-07,9.3108908915171894e-07,9.2840413317524703e-07,9.2840413317524703e-07
SG-006a,SG-006a,rectangular,default,E_x_1_1,exact,E_x,1,1,16,1.089240506329114,2.5865797530412887e-06,2.5865797530412887e-06,1,1,753328.57275540242,749131.43441529549,9364707.0304011889,0.3551129289769217,9.1951240020670529e-07,9.1951240020670529e-07,9.1707084504279548e-07,9.1707084504279548e-07
SG-006a,SG-006a,rectangular,default,E_x_1_1,exact,E_x,1,1,17,1.1354430379746834,2.6962952219384492e-06,2.6962952219384492e-06,1,1,735007.01718401723,730948.04945287039,9367599.4386766758,0.38606967364856831,9.0909223812426261e-07,9.0909223812426261e-07,9.0686517796362295e-07,9.0686517796362295e-07
SG-006a,SG-006a,rectangular,default,E_x_1_1,exact,E_x,1,1,18,1.1816455696202532,2.8060106908356106e-06,2.8060106908356106e-06,1,1,717476.803699465,713553.50898142136,9370299.2500654832,0.41497372677713995,8.9967543810049664e-07,8.9967543810049664e-07,8.9763816031942505e-07,8.9763816031942505e-07
SG-006a,SG-006a,rectangular,default,E_x_1_1,exact,E_x,1,1,19,1.2278481012658227,2.9157261597327712e-06,2.9157261597327712e-06,1,1,700696.37763389293,696905.57596049644,9372821.7103693038,0.44198659398825296,8.9113381318679403e-07,8.9113381318679403e-07,8.8926508741326599e-07,8.8926508741326599e-07
SG-006a,SG-006a,rectangular,default,E_x_1_1,exact,E_x,1,1,20,1.2740506329113923,3.0254416286299322e-06,3.0254416286299322e-06,1,1,684625.76745896414,680963.79679053603,9375180.8236319423,0.46725676791394827,8.8335936647486792e-07,8.8335936647486792e-07,8.8164087038393619e-07,8.8164087038393619e-07
SG-006a,SG-006a,rectangular,default,E_x_1_1,exact,E_x,1,1,21,1.320253164556962,3.1351570975270935e-06,3.1351570975270935e-06,1,1,669226.77945582406,665689.65230596461,9377389.4242628217,0.49092045578328181,8.762605486149849e-07,8.762605486149849e-07,8.7467640124697047e-07,8.7467640124697047e-07
SG-006a,SG-006a,rectangular,default,E_x_1_1,exact,E_x,1,1,22,1.3664556962025314,3.2448725664242541e-06,3.2448725664242541e-06,1,1,654463.10070571047,651046.62595309841,9379459.2568257377,0.51310239572885208,8.697593064367323e-07,8.697593064367323e-07,8.6829568665726573e-07,8.6829568665726573e-07
SG-006a,SG-006a,rectangular,default,E_x_1_1,exact,E_x,1,1,23,1.4126582278481012,3.3545880353214155e-06,3.3545880353214155e-06,1,1,640300.33648267109,637000.21351523977,9381401.0583113842,0.53391670552581805,8.6378873619519144e-07,8.6378873619519144e-07,8.6243356901312997e-07,8.6243356901312997e-07
SG-006a,SG-006a,rectangular,default,E_x_1_1,exact,E_x,1,1,24,1.4588607594936707,3.464303504218576e-06,3.464303504218576e-06,1,1,626706.00139088696,623517.89231936005,9383224.6395139936,0.5534677267892959,8.5829120317814941e-07,8.5829120317814941e-07,8.5703390048153797e-07,8.5703390048153797e-07
SG-006a,SG-006a,rectangular,default,E_x_1_1,exact,E_x,1,1,25,1.5050632911392405,3.5740189731157374e-06,3.5740189731157374e-06,1,1,613649.47854034696,610569.06306182942,9384938.963388266,0.57185084116054474,8.5321682411903881e-07,8.5321682411903881e-07,8.5204806930435201e-07,8.5204806930435201e-07
SG-006a,SG-006a,rectangular,default,E_x_1_1,exact,E_x,1,1,26,1.55126582278481,3.683734442012898e-06,3.683734442012898e-06,1,1,601101.95728460746,598124.97385975858,9386552.2191270068,0.58915324434246885,8.4852223412539484e-07,8.4852223412539484e-07,8.4743380233179057e-07,8.4743380233179057e-07
SG-006a,SG-006a,rectangular,default,E_x_1_1,exact,E_x,1,1,27,1.5974683544303798,3.7934499109100598e-06,3.7934499109100598e-06,1,1,589036.35724656726,586158.63349253824,9388071.8912899308,0.60545467024380639,8.4416957841640105e-07,8.4416957841640105e-07,8.4315418578953197e-07,8.4315418578953197e-07
SG-006a,SG-006a,rectangular,default,E_x_1_1,exact,E_x,1,1,28,1.6436708860759492,3.9031653798072199e-06,3.9031653798072199e-06,1,1,577427.24424170027,574644.71886457677,9389504.823711032,0.62082806182062888,8.401256829472127e-07,8.401256829472127e-07,8.3917685969678335e-07,8.3917685969678335e-07
SG-006a,SG-006a,rectangular,default,E_x_1_1,exact,E_x,1,1,29,1.6898734177215187,4.0128808487043809e-06,4.0128808487043809e-06,1,1,566250.74216747005,563559.48026342294,9390857.278172439,0.63534018806531234,8.3636136833655498e-07,8.3636136833655498e-07,8.3547335138440037e-07,8.3547335138440037e-07
SG-006a,SG-006a,rectangular,default,E_x_1_1,exact,E_x,1,1,30,1.7360759493670885,4.1225963176015427e-06,4.1225963176015427e-06,1,1,555484.44375268463,552880.64694275917,9392134.9879986923,0.64905220843564726,8.3285087931254648e-07,8.3285087931254648e-07,8.3201852114916207e-07,8.3201852114916207e-07
SG-006a,SG-006a,rectangular,default,E_x_1_1,exact,E_x,1,1,31,1.782278481012658,4.2323117864987028e-06,4.2323117864987028e-06,1,1,545107.32220295467,542587.33475539635,9393343.2068272699,0.6620201871636594,8.2957140783543728e-07,8.2957140783543728e-07,8.2879009884316368e-07,8.2879009884316368e-07
SG-006a,SG-006a,rectangular,default,E_x_1_1,exact,E_x,1,1,32,1.8284810126582278,4.3420272553958646e-06,4.3420272553958646e-06,1,1,535099.64514521952,532659.95700309589,9394486.7528660223,0.67429556051946438,8.2650269261583538e-07,8.2650269261583538e-07,8.2576829462885809e-07,8.2576829462885809e-07
SG-006a,SG-006a,rectangular,default,E_x_1_1,exact,E_x,1,1,33,1.8746835443037972,4.4517427242930248e-06,4.4517427242930248e-06,1,1,525442.89179602358,523080.13923779817,9395570.0489752218,0.68592556043579489,8.2362668126639954e-07,8.2362668126639954e-07,8.2293547054503162e-07,8.2293547054503162e-07
SG-006a,SG-006a,rectangular,default,E_x_1_1,exact,E_x,1,1,34,1.9208860759493671,4.5614581931901866e-06,4.5614581931901866e-06,1,1,516119.67394191923,513830.63844349689,9396597.1589172166,0.69695359799045142,8.2092724406741746e-07,8.2092724406741746e-07,8.202758621881904e-07,8.202758621881904e-07
SG-006a,SG-006a,rectangular,default,E_x_1_1,exact,E_x,1,1,35,1.9670886075949365,4.6711736620873467e-06,4.6711736620873467e-06,1,1,507113.66105777014,504895.26681565237,9397571.8201097026,0.70741961019814037,8.1838993046799933e-07,8.1838993046799933e-07,8.1777534189735522e-07,8.1777534189735522e-07
SG-006a,SG-006a,rectangular,default,E_x_1_1,exact,E_x,1,1,36,2.0132911392405064,4.7808891309845085e-06,4.7808891309845085e-06,1,1,498409.50971907598,496258.820189878,9398497.4732033424,0.71736037342389192,8.1600176113747412e-07,8.1600176113747412e-07,8.1542121646669466e-07,8.1542121646669466e-07
SG-006a,SG-006a,rectangular,default,E_x_1_1,exact,E_x,1,1,37,2.0594936708860758,4.8906045998816695e-06,4.8906045998816695e-06,1,1,489992.79732787015,487907.01106154121,9399377.2887850441,0.72680978654262907,8.137510497175424e-07,8.137510497175424e-07,8.1320205370885788e-07,8.1320205370885788e-07
SG-006a,SG-006a,rectangular,default,E_x_1_1,exact,E_x,1,1,38,2.1056962025316452,5.0003200687788296e-06,5.0003200687788296e-06,1,1,481849.96008179919,479826.40607535746,9400214.1914855465,0.73579912674376968,8.1162724949199892e-07,8.1162724949199892e-07,8.1110753322938866e-07,8.1110753322938866e-07
SG-006a,SG-006a,rectangular,default,E_x_1_1,exact,E_x,1,1,39,2.1518987341772151,5.1100355376759914e-06,5.1100355376759914e-06,1,1,473968.23505583813,472004.36779306317,9401010.8817481212,0.74435728065999929,8.0962082104492057e-07,8.0962082104492057e-07,8.0912831759487021e-07,8.0912831759487021e-07
SG-006a,SG-006a,rectangular,default,E_x_1_1,exact,E_x,1,1,40,2.1981012658227845,5.2197510065731515e-06,5.2197510065731515e-06,1,1,466335.60622668266,464429.00054153416,9401769.855491329,0.7525109532551757,8.0772311766546499e-07,8.0772311766546499e-07,8.0725594075066964e-07,8.0725594075066964e-07
SG-006a,SG-006a,rectangular,default,E_x_1_1,exact,E_x,1,1,41,2.2443037974683544,5.3294664754703134e-06,5.3294664754703134e-06,1,1,458940.75424218678,457089.10010717378,9402493.4218782149,0.76028485669649315,8.0592628581226229e-07,8.0592628581226229e-07,8.0548271107790906e-07,8.0548271107790906e-07
SG-006a,SG-006a,rectangular,default,E_x_1_1,exact,E_x,1,1,42,2.2905063291139238,5.4391819443674735e-06,5.4391819443674735e-06,1,1,451773.00972468476,449974.10704269179,9403183.7193835415,0.76770188122088756,8.0422317840180741e-07,8.0422317840180741e-07,8.038016269193251e-07,8.038016269193251e-07
SG-006a,SG-006a,rectangular,default,E_x_1_1,exact,E_x,1,1,43,2.3367088607594937,5.5488974132646353e-06,5.5488974132646353e-06,1,1,444822.30989732523,443074.06335751235,9403842.7303311341,0.77478324980409619,8.0260727905492055e-07,8.0260727905492055e-07,8.0220630276227387e-07,8.0220630276227387e-07
SG-006a,SG-006a,rectangular,default,E_x_1_1,exact,E_x,1,1,44,2.3829113924050631,5.6586128821617963e-06,5.6586128821617963e-06,1,1,438079.15831654076,436379.57235612615,9404472.2940568663,0.78154865826838671,8.0107263573552486e-07,8.0107263573552486e-07,8.0069090455723762e-07,8.0069090455723762e-07
SG-006a,SG-006a,rectangular,default,E_x_1_1,exact,E_x,1,1,45,2.429113924050633,5.7683283510589572e-06,5.7683283510589572e-06,1,1,431534.58750098606,429881.76140855916,9405074.1188362204,0.78801640229272674,7.9961380246502196e-07,7.9961380246502196e-07,7.9925009289408513e-07,7.9925009289408513e-07
SG-006a,SG-006a,rectangular,default,E_x_1_1,exact,E_x,1,1,46,2.4753164556962024,5.8780438199561182e-06,5.8780438199561182e-06,1,1,425180.12425570877,423572.24743622704,9405649.7927014064,0.79420349264312917,7.9822578800091224e-07,7.9822578800091224e-07,7.9787897295488912e-07,7.9787897295488912e-07
SG-006a,SG-006a,rectangular,default,E_x_1_1,exact,E_x,1,1,47,2.5215189873417723,5.9877592888532792e-06,5.9877592888532792e-06,1,1,419007.75750083849,417443.10491749935,9406200.7932594772,0.8001257597993221,7.9690401053864793e-07,7.9690401053864793e-07,7.9657305032947336e-07,7.9657305032947336e-07
SG-006a,SG-006a,rectangular,default,E_x_1_1,exact,E_x,1,1,48,2.5677215189873417,6.0974747577504401e-06,6.0974747577504401e-06,1,1,413009.90841859696,411486.83622271207,9406728.4966117609,0.80579794903766422,7.9564425763599086e-07,7.9564425763599086e-07,7.9532819191576207e-07,7.9532819191576207e-07
SG-006a,SG-006a,rectangular,default,E_x_1_1,exact,E_x,1,1,49,2.6139240506329111,6.2071902266476003e-06,6.2071902266476003e-06,1,1,407179.40274987242,405696.34410220804,9407234.1854640059,0.81123380691520841,7.9444265067880711e-07,7.9444265067880711e-07,7.9414059124218071e-07,7.9414059124218071e-07
SG-006a,SG-006a,rectangular,default,E_x_1_1,exact,E_x,1,1,50,2.660126582278481,6.3169056955447621e-06,6.3169056955447621e-06,1,1,401509.44507943257,400064.90616496734,9407719.0565073472,0.81644616000265824,7.9329561330553702e-07,7.9329561330553702e-07,7.9300673764591498e-07,7.9300673764591498e-07
SG-006a,SG-006a,rectangular,default,E_x_1_1,exact,E_x,1,1,51,2.7063291139240504,6.4266211644419231e-06,6.4266211644419231e-06,1,1,395993.59495786205,394586.15119321237,9408184.2271419801,0.82144698662717808,7.9219984329044799e-07,7.9219984329044799e-07,7.9192338882085467e-07,7.9192338882085467e-07
SG-006a,SG-006a,rectangular,default,E_x_1_1,exact,E_x,1,1,52,2.7525316455696203,6.536336633339084e-06,6.536336633339084e-06,1,1,390625.7447248667,389254.03715386672,9408630.7416075077,0.82624748230269196,7.9115228745717521e-07,7.9115228745717521e-07,7.9088754631809978e-07,7.9088754631809978e-07
SG-006a,SG-006a,rectangular,default,E_x_1_1,exact,E_x,1,1,53,2.7987341772151897,6.646052102236245e-06,6.646052102236245e-06,1,1,385400.09890038334,384062.83077526197,9409059.5765777119,0.83085811945999022,7.9015011925170301e-07,7.9015011925170301e-07,7.8989643363890131e-07,7.8989643363890131e-07
SG-006a,SG-006a,rectangular,default,E_x_1_1,exact,E_x,1,1,54,2.8449367088607596,6.7557675711334068e-06,6.7557675711334068e-06,1,1,380311.15502888709,379007.08856862213,9409471.646271091,0.83528870202101946,7.8919071865612421e-07,7.8919071865612421e-07,7.8894747660904076e-07,7.8894747660904076e-07
SG-006a,SG-006a,rectangular,default,E_x_1_1,exact,E_x,1,1,55,2.891139240506329,6.8654830400305669e-06,6.8654830400305669e-06,1,1,375353.68586078763,374081.63918212184,9409867.8071236368,0.83954841531062019,7.8827165416525011e-07,7.8827165416525011e-07,7.8803828576503336e-07,7.8803828576503336e-07
SG-006a,SG-006a,rectangular,default,E_x_1_1,exact,E_x,1,1,56,2.9373417721518984,6.9751985089277271e-06,6.9751985089277271e-06,1,1,370522.72277525516,369281.56698900601,9410248.8620648943,0.84364587174143146,7.8739066658694205e-07,7.8739066658694205e-07,7.8716664051893258e-07,7.8716664051893258e-07
SG-006a,SG-006a,rectangular,default,E_x_1_1,exact,E_x,1,1,57,2.9835443037974683,7.0849139778248889e-06,7.0849139778248889e-06,1,1,365813.54034370615,364602.19680930011,9410615.5644350536,0.84758915267292734,7.865456544557623e-07,7.865456544557623e-07,7.8633047489696226e-07,7.8633047489696226e-07
SG-006a,SG-006a,rectangular,default,E_x_1_1,exact,E_x,1,1,58,3.0297468354430377,7.1946294467220498e-06,7.1946294467220498e-06,1,1,361221.64195498859,360039.07968464738,9410968.6215759665,0.8513858467941634,7.8573466087898568e-07,7.8573466087898568e-07,7.855278646755362e-07,7.855278646755362e-07
SG-006a,SG-006a,rectangular,default,E_x_1_1,exact,E_x,1,1,59,3.0759493670886076,7.3043449156192108e-06,7.3043449156192108e-06,1,1,356742.74641488004,355587.97962129116,9411308.6981266048,0.85504308535454865,7.8495586165418332e-07,7.8495586165418332e-07,7.8475701575845852e-07,7.8475701575845852e-07
SG-006a,SG-006a,rectangular,default,E_x_1_1,exact,E_x,1,1,60,3.122151898734177,7.4140603845163718e-06,7.4140603845163718e-06,1,1,352372.7754519186,351244.86123247212,9411636.419049684,0.85856757452702293,7.8420755451978148e-07,7.8420755451978148e-07,7.8401625366013451e-07,7.8401625366013451e-07
SG-006a,SG-006a,rectangular,default,E_x_1_1,exact,E_x,1,1,61,3.1683544303797468,7.5237758534135336e-06,7.5237758534135336e-06,1,1,348107.84205947514,347005.87820819404,9411952.3724140208,0.86196562516480368,7.8348814941563631e-07,7.8348814941563631e-07,7.8330401397461043e-07,7.8330401397461043e-07
SG-006a,SG-006a,rectangular,default,E_x_1_1,exact,E_x,1,1,62,3.2145569620253163,7.6334913223106946e-06,7.6334913223106946e-06,1,1,343944.23961210542,342867.36255430442,9412257.1119544432,0.86524318018411606,7.8279615964596097e-07,7.8279615964596097e-07,7.8261883372614912e-07,7.8261883372614912e-07
SG-006a,SG-006a,rectangular,default,E_x_1_1,exact,E_x,1,1,63,3.2607594936708861,7.7432067912078555e-06,7.7432067912078555e-06,1,1,339878.43169962603,338825.81454147852,9412551.1594290938,0.86840583978404073,7.8213019384982989e-07,7.8213019384982989e-07,7.819593435084204e-07,7.819593435084204e-07
SG-006a,SG-006a,rectangular,default,E_x_1_1,exact,E_x,1,1,64,3.3069620253164556,7.8529222601050165e-06,7.8529222601050165e-06,1,1,335907.04262552271,334877.89331176889,9412835.0067920517,0.87145888469434485,7.8148894869538566e-07,7.8148894869538566e-07,7.8132426033067272e-07,7.8132426033067272e-07
SG-006a,SG-006a,rectangular,default,E_x_1_1,exact,E_x,1,1,65,3.353164556962025,7.9626377290021758e-06,7.9626377290021758e-06,1,1,332026.84852051013,331020.40809594223,9413109.1181973349,0.87440729762252623,7.8087120222359864e-07,7.8087120222359864e-07,7.8071238109890615e-07,7.8071238109890615e-07
SG-006a,SG-006a,rectangular,default,E_x_1_1,exact,E_x,1,1,66,3.3993670886075948,8.0723531978993384e-06,8.0723531978993384e-06,1,1,328234.76902837586,327250.30999468034,9413373.93184896,0.87725578305629714,7.8027580777627815e-07,7.8027580777627815e-07,7.8012257666766324e-07,7.8012257666766324e-07
SG-006a,SG-006a,rectangular,default,E_x_1_1,exact,E_x,1,1,67,3.4455696202531643,8.1820686667964977e-06,8.1820686667964977e-06,1,1,324527.859520945,323564.68428604142,9413629.8617101945,0.88000878556172357,7.7970168844981855e-07,7.7970168844981855e-07,7.7955378640618468e-07,7.7955378640618468e-07
SG-006a,SG-006a,rectangular,default,E_x_1_1,exact,E_x,1,1,68,3.4917721518987341,8.2917841356936604e-06,8.2917841356936604e-06,1,1,320903.30380561459,319960.74321752333,9413877.2990840804,0.88267050670560898,7.791478320231842e-07,7.791478320231842e-07,7.7900501322782852e-07,7.7900501322782852e-07
SG-006a,SG-006a,rectangular,default,E_x_1_1,exact,E_x,1,1,69,3.5379746835443036,8.4014996045908214e-06,8.4014996045908214e-06,1,1,317358.4072889128,316435.81925189192,9414116.614075996,0.88524492071706284,7.7861328631385193e-07,7.7861328631385193e-07,7.7847531903843421e-07,7.7847531903843421e-07
SG-006a,SG-006a,rectangular,default,E_x_1_1,exact,E_x,1,1,70,3.5841772151898734,8.5112150734879823e-06,8.5112150734879823e-06,1,1,313890.59056600195,312987.35873158474,9414348.1569481269,0.88773578899355254,7.7809715492100387e-07,7.7809715492100387e-07,7.7796382056306097e-07,7.7796382056306097e-07
SG-006a,SG-006a,rectangular,default,E_x_1_1,exact,E_x,1,1,71,3.6303797468354428,8.6209305423851433e-06,8.6209305423851433e-06,1,1,310497.38340378366,309612.9159344635,9414572.2593748383,0.89014667354728316,7.7759859331893221e-07,7.7759859331893221e-07,7.7746968551567843e-07,7.7746968551567843e-07
SG-006a,SG-006a,rectangular,default,E_x_1_1,exact,E_x,1,1,72,3.6765822784810127,8.7306460112823043e-06,8.7306460112823043e-06,1,1,307176.41909294866,306310.14749218826,9414789.2356069665,0.89248094947761725,7.7711680526830702e-07,7.7711680526830702e-07,7.7699212907957522e-07,7.7699212907957522e-07
SG-006a,SG-006a,rectangular,default,E_x_1_1,exact,E_x,1,1,73,3.7227848101265821,8.8403614801794652e-06,8.8403614801794652e-06,1,1,303925.42913963366,303076.80714715249,9414999.3835526109,0.89474181655034479,7.766510395153814e-07,7.766510395153814e-07,7.7653041066998685e-07,7.7653041066998685e-07
SG-006a,SG-006a,rectangular,default,E_x_1_1,exact,E_x,1,1,74,3.7689873417721516,8.9500769490766245e-06,8.9500769490766245e-06,1,1,300742.2382787941,299910.74082315783,9415202.9857809357,0.89693230995335627,7.7620058675362817e-07,7.7620058675362817e-07,7.760838309530015e-07,7.760838309530015e-07
SG-006a,SG-006a,rectangular,default,E_x_1_1,exact,E_x,1,1,75,3.8151898734177214,9.0597924179737872e-06,9.0597924179737872e-06,1,1,297624.75978146342,296809.88199133181,9415400.3104552906,0.8990553102960781,7.7576477682328645e-07,7.7576477682328645e-07,7.7565172909807992e-07,7.7565172909807992e-07
SG-006a,SG-006a,rectangular,default,E_x_1_1,exact,E_x,1,1,76,3.8613924050632908,9.1695078868709481e-06,9.1695078868709481e-06,1,1,294570.99104026053,293772.2473070717,9415591.6122012213,0.90111355291221329,7.7534297612821046e-07,7.7534297612821046e-07,7.7523348024280455e-07,7.7523348024280455e-07
SG-006a,SG-006a,rectangular,default,E_x_1_1,exact,E_x,1,1,77,3.9075949367088607,9.2792233557681091e-06,9.2792233557681091e-06,1,1,291579.00941389042,290795.93250493245,9415777.1329143122,0.90310963651846055,7.7493458525077774e-07,7.7493458525077774e-07,7.7482849315189714e-07,7.7482849315189714e-07
SG-006a,SG-006a,rectangular,default,E_x_1_1,exact,E_x,1,1,78,3.9537974683544301,9.3889388246652701e-06,9.3889388246652701e-06,1,1,288646.96831063728,287879.10852874327,9415957.102512842,0.90504603128266936,7.7453903674722546e-07,7.7453903674722546e-07,7.7443620805285433e-07,7.7443620805285433e-07
SG-006a,SG-006a,rectangular,default,E_x_1_1,exact,E_x,1,1,79,4,9.498654293562431e-06,9.498654293562431e-06,1,1,285773.09349866572,285020.01788687997,9416131.7396391723,0.90692508634303137,7.7415579310836651e-07,7.7415579310836651e-07,7.7405609463375757e-07,7.7405609463375757e-07
SG-006a,SG-006a,rectangular,default,E_y_2_1,exact,E_y,2,1,0,0.34999999999999998,8.3113225068671265e-07,8.3113225068671265e-07,0,1,nan,nan,nan,nan,nan,nan,nan,nan
SG-006a,SG-006a,rectangular,default,E_y_2_1,exact,E_y,2,1,1,0.39620253164556962,9.4084771958387373e-07,9.4084771958387373e-07,0,1,nan,nan,nan,nan,nan,nan,nan,nan
SG-006a,SG-006a,rectangular,default,E_y_2_1,exact,E_y,2,1,2,0.44240506329113921,1.0505631884810347e-06,1.0505631884810347e-06,0,1,nan,nan,nan,nan,nan,nan,nan,nan
SG-006a,SG-006a,rectangular,default,E_y_2_1,exact,E_y,2,1,3,0.4886075949367088,1.1602786573781955e-06,1.1602786573781955e-06,0,1,nan,nan,nan,nan,nan,nan,nan,nan
SG-006a,SG-006a,rectangular,default,E_y_2_1,exact,E_y,2,1,4,0.53481012658227844,1.2699941262753566e-06,1.2699941262753566e-06,0,1,nan,nan,nan,nan,nan,nan,nan,nan
SG-006a,SG-006a,rectangular,default,E_y_2_1,exact,E_y,2,1,5,0.58101265822784809,1.3797095951725176e-06,1.3797095951725176e-06,0,1,nan,nan,nan,nan,nan,nan,nan,nan
SG-006a,SG-006a,rectangular,default,E_y_2_1,exact,E_y,2,1,6,0.62721518987341773,1.4894250640696788e-06,1.4894250640696788e-06,0,1,nan,nan,nan,nan,nan,nan,nan,nan
SG-006a,SG-006a,rectangular,default,E_y_2_1,exact,E_y,2,1,7,0.67341772151898727,1.5991405329668395e-06,1.5991405329668395e-06,0,1,nan,nan,nan,nan,nan,nan,nan,nan
SG-006a,SG-006a,rectangular,default,E_y_2_1,exact,E_y,2,1,8,0.71962025316455691,1.7088560018640005e-06,1.7088560018640005e-06,0,1,nan,nan,nan,nan,nan,nan,nan,nan
SG-006a,SG-006a,rectangular,default,E_y_2_1,exact,E_y,2,1,9,0.76582278481012656,1.8185714707611615e-06,1.8185714707611615e-06,0,1,nan,nan,nan,nan,nan,nan,nan,nan
SG-006a,SG-006a,rectangular,default,E_y_2_1,exact,E_y,2,1,10,0.81202531645569609,1.9282869396583225e-06,1.9282869396583225e-06,0,1,nan,nan,nan,nan,nan,nan,nan,nan
SG-006a,SG-006a,rectangular,default,E_y_2_1,exact,E_y,2,1,11,0.85822784810126573,2.0380024085554834e-06,2.0380024085554834e-06,0,1,nan,nan,nan,nan,nan,nan,nan,nan
SG-006a,SG-006a,rectangular,default,E_y_2_1,exact,E_y,2,1,12,0.90443037974683538,2.1477178774526444e-06,2.1477178774526444e-06,0,1,nan,nan,nan,nan,nan,nan,nan,nan
SG-006a,SG-006a,rectangular,default,E_y_2_1,exact,E_y,2,1,13,0.95063291139240502,2.2574333463498054e-06,2.2574333463498054e-06,0,1,nan,nan,nan,nan,nan,nan,nan,nan
SG-006a,SG-006a,rectangular,default,E_y_2_1,exact,E_y,2,1,14,0.99683544303797456,2.3671488152469663e-06,2.3671488152469663e-06,0,1,nan,nan,nan,nan,nan,nan,nan,nan
SG-006a,SG-006a,rectangular,default,E_y_2_1,exact,E_y,2,1,15,1.0430379746835441,2.4768642841441269e-06,2.4768642841441269e-06,0,1,1320235.606149968,772484.28679966577,9299821.8037070855,-0.33682524752992576,1.1777164737963762e-05,1.1777164737963762e-05,9.3108908915171894e-07,9.3108908915171894e-07
SG-006a,SG-006a,rectangular,default,E_y_2_1,exact,E_y,2,1,16,1.089240506329114,2.5865797530412887e-06,2.5865797530412887e-06,0,1,1312391.1841876474,753328.57275540242,9302503.1604907885,-0.3083264676091157,5.9910152552751399e-06,5.9910152552751399e-06,9.1951240020670529e-07,9.1951240020670529e-07
SG-006a,SG-006a,rectangular,default,E_y_2_1,exact,E_y,2,1,17,1.1354430379746834,2.6962952219384492e-06,2.6962952219384492e-06,0,1,1300877.7344313641,735007.01718401723,9305585.4955266099,-0.27555574298068586,4.1541044404307389e-06,4.1541044404307389e-06,9.0909223812426261e-07,9.0909223812426261e-07
SG-006a,SG-006a,rectangular,default,E_y_2_1,exact,E_y,2,1,18,1.1816455696202532,2.8060106908356106e-06,2.8060106908356106e-06,0,1,1286748.7463858584,717476.803699465,9308917.4617477357,-0.24011878207272258,3.2528377584195591e-06,3.2528377584195591e-06,8.9967543810049664e-07,8.9967543810049664e-07
SG-006a,SG-006a,rectangular,default,E_y_2_1,exact,E_y,2,1,19,1.2278481012658227,2.9157261597327712e-06,2.9157261597327712e-06,0,1,1270774.1253263126,700696.37763389293,9312389.4526902251,-0.20317909798176267,2.7179844446587523e-06,2.7179844446587523e-06,8.9113381318679403e-07,8.9113381318679403e-07
SG-006a,SG-006a,rectangular,default,E_y_2_1,exact,E_y,2,1,20,1.2740506329113923,3.0254416286299322e-06,3.0254416286299322e-06,0,1,1253523.386455691,684625.76745896414,9315922.1920293085,-0.16557895255153551,2.3641857939320227e-06,2.3641857939320227e-06,8.8335936647486792e-07,8.8335936647486792e-07
SG-006a,SG-006a,rectangular,default,E_y_2_1,exact,E_y,2,1,21,1.320253164556962,3.1351570975270935e-06,3.1351570975270935e-06,0,1,1235421.7383882287,669226.77945582406,9319458.5816870965,-0.12792567217637785,2.1130511699772845e-06,2.1130511699772845e-06,8.762605486149849e-07,8.762605486149849e-07
SG-006a,SG-006a,rectangular,default,E_y_2_1,exact,E_y,2,1,22,1.3664556962025314,3.2448725664242541e-06,3.2448725664242541e-06,0,1,1216788.8273870866,654463.10070571047,9322957.8251306545,-0.090653835254640283,1.9257254525643722e-06,1.9257254525643722e-06,8.697593064367323e-07,8.697593064367323e-07
SG-006a,SG-006a,rectangular,default,E_y_2_1,exact,E_y,2,1,23,1.4126582278481012,3.3545880353214155e-06,3.3545880353214155e-06,0,1,1197866.0567168402,640300.33648267109,9326391.1562334802,-0.054070457709544599,1.7807562859384641e-06,1.7807562859384641e-06,8.6378873619519144e-07,8.6378873619519144e-07
SG-006a,SG-006a,rectangular,default,E_y_2_1,exact,E_y,2,1,24,1.4588607594936707,3.464303504218576e-06,3.464303504218576e-06,0,1,1178836.1878333939,626706.00139088696,9329738.7123048268,-0.018388074602018075,1.6653325764792974e-06,1.6653325764792974e-06,8.5829120317814941e-07,8.5829120317814941e-07
SG-006a,SG-006a,rectangular,default,E_y_2_1,exact,E_y,2,1,25,1.5050632911392405,3.5740189731157374e-06,3.5740189731157374e-06,1,1,1159837.6155747813,613649.47854034696,9332987.2298631817,0.016250876473871904,1.5713319465543138e-06,1.5713319465543138e-06,8.5321682411903881e-07,8.5321682411903881e-07
SG-006a,SG-006a,rectangular,default,E_y_2_1,exact,E_y,2,1,26,1.55126582278481,3.683734442012898e-06,3.683734442012898e-06,1,1,1140974.9001747002,601101.95728460746,9336128.3369458988,0.049755976707540825,1.4933558152206304e-06,1.4933558152206304e-06,8.4852223412539484e-07,8.4852223412539484e-07
SG-006a,SG-006a,rectangular,default,E_y_2_1,exact,E_y,2,1,27,1.5974683544303798,3.7934499109100598e-06,3.7934499109100598e-06,1,1,1122326.6262140484,589036.35724656726,9339157.281239938,0.082075353227948428,1.4276761753147735e-06,1.4276761753147735e-06,8.4416957841640105e-07,8.4416957841640105e-07
SG-006a,SG-006a,rectangular,default,E_y_2_1,exact,E_y,2,1,28,1.6436708860759492,3.9031653798072199e-06,3.9031653798072199e-06,1,1,1103951.3257153574,577427.24424170027,9342071.978841899,0.113185595213143,1.371635976722309e-06,1.371635976722309e-06,8.401256829472127e-07,8.401256829472127e-07
SG-006a,SG-006a,rectangular,default,E_y_2_1,exact,E_y,2,1,29,1.6898734177215187,4.0128808487043809e-06,4.0128808487043809e-06,1,1,1085891.9817319135,566250.74216747005,9344872.3004014026,0.14308417985844302,1.3232904612654876e-06,1.3232904612654876e-06,8.3636136833655498e-07,8.3636136833655498e-07
SG-006a,SG-006a,rectangular,default,E_y_2_1,exact,E_y,2,1,30,1.7360759493670885,4.1225963176015427e-06,4.1225963176015427e-06,1,1,1068179.4794254587,555484.44375268463,9347559.5340327937,0.17178376817908594,1.2811835791003439e-06,1.2811835791003439e-06,8.3285087931254648e-07,8.3285087931254648e-07
SG-006a,SG-006a,rectangular,default,E_y_2_1,exact,E_y,2,1,31,1.782278481012658,4.2323117864987028e-06,4.2323117864987028e-06,1,1,1050835.2689461801,545107.32220295467,9350135.9805418756,0.19930790124397835,1.2442036394007464e-06,1.2442036394007464e-06,8.2957140783543728e-07,8.2957140783543728e-07
SG-006a,SG-006a,rectangular,default,E_y_2_1,exact,E_y,2,1,32,1.8284810126582278,4.3420272553958646e-06,4.3420272553958646e-06,1,1,1033873.4327262328,535099.64514521952,9352604.6481540427,0.22568775026980586,1.211487263941813e-06,1.211487263941813e-06,8.2650269261583538e-07,8.2650269261583538e-07
SG-006a,SG-006a,rectangular,default,E_y_2_1,exact,E_y,2,1,33,1.8746835443037972,4.4517427242930248e-06,4.4517427242930248e-06,1,1,1017302.2990558131,525442.89179602358,9354969.0223752763,0.25095966310945989,1.1823537830949925e-06,1.1823537830949925e-06,8.2362668126639954e-07,8.2362668126639954e-07
SG-006a,SG-006a,rectangular,default,E_y_2_1,exact,E_y,2,1,34,1.9208860759493671,4.5614581931901866e-06,4.5614581931901866e-06,1,1,1001125.7074739009,516119.67394191923,9357232.8927845564,0.27516331473689698,1.1562593825530398e-06,1.1562593825530398e-06,8.2092724406741746e-07,8.2092724406741746e-07
SG-006a,SG-006a,rectangular,default,E_y_2_1,exact,E_y,2,1,35,1.9670886075949365,4.6711736620873467e-06,4.6711736620873467e-06,1,1,985344.00515661552,507113.66105777014,9359400.2230952159,0.29834031722801568,1.1327643954611553e-06,1.1327643954611553e-06,8.1838993046799933e-07,8.1838993046799933e-07
SG-006a,SG-006a,rectangular,default,E_y_2_1,exact,E_y,2,1,36,2.0132911392405064,4.7808891309845085e-06,4.7808891309845085e-06,1,1,969954.83421551227,498409.50971907598,9361475.0541785788,0.32053318015847088,1.1115095441038111e-06,1.1115095441038111e-06,8.1600176113747412e-07,8.1600176113747412e-07
SG-006a,SG-006a,rectangular,default,E_y_2_1,exact,E_y,2,1,37,2.0594936708860758,4.8906045998816695e-06,4.8906045998816695e-06,1,1,954953.75556562282,489992.79732787015,9363461.4322430026,0.34178453873508186,1.0921983990913101e-06,1.0921983990913101e-06,8.137510497175424e-07,8.137510497175424e-07
SG-006a,SG-006a,rectangular,default,E_y_2_1,exact,E_y,2,1,38,2.1056962025316452,5.0003200687788296e-06,5.0003200687788296e-06,1,1,940334.74441838462,481849.96008179919,9365363.3562298603,0.36213658671534071,1.0745842373138127e-06,1.0745842373138127e-06,8.1162724949199892e-07,8.1162724949199892e-07
SG-006a,SG-006a,rectangular,default,E_y_2_1,exact,E_y,2,1,39,2.1518987341772151,5.1100355376759914e-06,5.1100355376759914e-06,1,1,926090.58446186595,473968.23505583813,9367184.7398956213,0.38163066604834239,1.0584600635183971e-06,1.0584600635183971e-06,8.0962082104492057e-07,8.0962082104492057e-07
SG-006a,SG-006a,rectangular,default,E_y_2_1,exact,E_y,2,1,40,2.1981012658227845,5.2197510065731515e-06,5.2197510065731515e-06,1,1,912213.18176552095,466335.60622668266,9368929.3851102684,0.40030697639236457,1.0436509414390757e-06,1.0436509414390757e-06,8.0772311766546499e-07,8.0772311766546499e-07
SG-006a,SG-006a,rectangular,default,E_y_2_1,exact,E_y,2,1,41,2.2443037974683544,5.3294664754703134e-06,5.3294664754703134e-06,1,1,898693.8148347477,458940.75424218678,9370600.9637097251,0.41820437621042555,1.0300080341098911e-06,1.0300080341098911e-06,8.0592628581226229e-07,8.0592628581226229e-07
SG-006a,SG-006a,rectangular,default,E_y_2_1,exact,E_y,2,1,42,2.2905063291139238,5.4391819443674735e-06,5.4391819443674735e-06,1,1,885523.33371595759,451773.00972468476,9372203.0058537014,0.43536025364490427,1.0174039249598394e-06,1.0174039249598394e-06,8.0422317840180741e-07,8.0422317840180741e-07
SG-006a,SG-006a,rectangular,default,E_y_2_1,exact,E_y,2,1,43,2.3367088607594937,5.5488974132646353e-06,5.5488974132646353e-06,1,1,872692.31832724856,444822.30989732523,9373738.8933101017,0.45181045035176176,1.0057289097530312e-06,1.0057289097530312e-06,8.0260727905492055e-07,8.0260727905492055e-07
SG-006a,SG-006a,rectangular,default,E_y_2_1,exact,E_y,2,1,44,2.3829113924050631,5.6586128821617963e-06,5.6586128821617963e-06,1,1,860191.20407060534,438079.15831654076,9375211.8564484976,0.46758922530837926,9.9488803227768725e-07,9.9488803227768725e-07,8.0107263573552486e-07,8.0107263573552486e-07
SG-006a,SG-006a,rectangular,default,E_y_2_1,exact,E_y,2,1,45,2.429113924050633,5.7683283510589572e-06,5.7683283510589572e-06,1,1,848010.38114092848,431534.58750098606,9376624.9740016721,0.48272924854477256,9.8479869543496953e-07,9.8479869543496953e-07,7.9961380246502196e-07,7.9961380246502196e-07
SG-006a,SG-006a,rectangular,default,E_y_2_1,exact,E_y,2,1,46,2.4753164556962024,5.8780438199561182e-06,5.8780438199561182e-06,1,1,836140.27264321246,425180.12425570877,9377981.1748694777,0.49726161703587085,9.7538872155126161e-07,9.7538872155126161e-07,7.9822578800091224e-07,7.9822578800091224e-07
SG-006a,SG-006a,rectangular,default,E_y_2_1,exact,E_y,2,1,47,2.5215189873417723,5.9877592888532792e-06,5.9877592888532792e-06,1,1,824571.39562102221,419007.75750083849,9379283.2414040025,0.51121588674494256,9.6659476640072224e-07,9.6659476640072224e-07,7.9690401053864793e-07,7.9690401053864793e-07
SG-006a,SG-006a,rectangular,default,E_y_2_1,exact,E_y,2,1,48,2.5677215189873417,6.0974747577504401e-06,6.0974747577504401e-06,1,1,813294.40828726045,413009.90841859696,9380533.8137443438,0.52462011618561155,9.5836101394181353e-07,9.5836101394181353e-07,7.9564425763599086e-07,7.9564425763599086e-07
SG-006a,SG-006a,rectangular,default,E_y_2_1,exact,E_y,2,1,49,2.6139240506329111,6.2071902266476003e-06,6.2071902266476003e-06,1,1,802300.14610897214,407179.40274987242,9381735.3948688004,0.53750091793070465,9.5063809549200234e-07,9.5063809549200234e-07,7.9444265067880711e-07,7.9444265067880711e-07
SG-006a,SG-006a,rectangular,default,E_y_2_1,exact,E_y,2,1,50,2.660126582278481,6.3169056955447621e-06,6.3169056955447621e-06,1,1,791579.64889261452,401509.44507943257,9382890.3561096415,0.54988351532193702,9.4338218959967701e-07,9.4338218959967701e-07,7.9329561330553702e-07,7.9329561330553702e-07
SG-006a,SG-006a,rectangular,default,E_y_2_1,exact,E_y,2,1,51,2.7063291139240504,6.4266211644419231e-06,6.4266211644419231e-06,1,1,781124.18060167274,395993.59495786205,9384000.9429366514,0.56179180228679371,9.3655426834482995e-07,9.3655426834482995e-07,7.9219984329044799e-07,7.9219984329044799e-07
SG-006a,SG-006a,rectangular,default,E_y_2_1,exact,E_y,2,1,52,2.7525316455696203,6.536336633339084e-06,6.536336633339084e-06,1,1,770925.24331530882,390625.7447248667,9385069.2808621097,0.57324840466611238,9.301194630318644e-07,9.301194630318644e-07,7.9115228745717521e-07,7.9115228745717521e-07
SG-006a,SG-006a,rectangular,default,E_y_2_1,exact,E_y,2,1,53,2.7987341772151897,6.646052102236245e-06,6.646052102236245e-06,1,1,760974.58647411643,385400.09890038334,9386097.3813567683,0.58427474185162487,9.2404652779556783e-07,9.2404652779556783e-07,7.9015011925170301e-07,7.9015011925170301e-07
SG-006a,SG-006a,rectangular,default,E_y_2_1,exact,E_y,2,1,54,2.8449367088607596,6.7557675711334068e-06,6.7557675711334068e-06,1,1,751264.21233916702,380311.15502888709,9387087.1476951391,0.59489108784104083,9.1830738394151138e-07,9.1830738394151138e-07,7.8919071865612421e-07,7.8919071865612421e-07
SG-006a,SG-006a,rectangular,default,E_y_2_1,exact,E_y,2,1,55,2.891139240506329,6.8654830400305669e-06,6.8654830400305669e-06,1,1,741786.37842794531,375353.68586078763,9388040.3806701712,0.60511663105266111,9.1287673120639721e-07,9.1287673120639721e-07,7.8827165416525011e-07,7.8827165416525011e-07
SG-006a,SG-006a,rectangular,default,E_y_2_1,exact,E_y,2,1,56,2.9373417721518984,6.9751985089277271e-06,6.9751985089277271e-06,1,1,732533.59754397813,370522.72277525516,9388958.7841347326,0.61496953242800378,9.0773171475649006e-07,9.0773171475649006e-07,7.8739066658694205e-07,7.8739066658694205e-07
SG-006a,SG-006a,rectangular,default,E_y_2_1,exact,E_y,2,1,57,2.9835443037974683,7.0849139778248889e-06,7.0849139778248889e-06,1,1,723498.63590205484,365813.54034370615,9389843.9703412186,0.62446698150128899,9.0285163882620237e-07,9.0285163882620237e-07,7.865456544557623e-07,7.865456544557623e-07
SG-006a,SG-006a,rectangular,default,E_y_2_1,exact,E_y,2,1,58,3.0297468354430377,7.1946294467220498e-06,7.1946294467220498e-06,1,1,714674.50976836332,361221.64195498859,9390697.4650595021,0.63362525021078508,8.9821771956168824e-07,8.9821771956168824e-07,7.8573466087898568e-07,7.8573466087898568e-07
SG-006a,SG-006a,rectangular,default,E_y_2_1,exact,E_y,2,1,59,3.0759493670886076,7.3043449156192108e-06,7.3043449156192108e-06,1,1,706054.48094282066,356742.74641488004,9391520.7124631945,0.64245974433300512,8.9381287095038729e-07,8.9381287095038729e-07,7.8495586165418332e-07,7.8495586165418332e-07
SG-006a,SG-006a,rectangular,default,E_y_2_1,exact,E_y,2,1,60,3.122151898734177,7.4140603845163718e-06,7.4140603845163718e-06,1,1,697632.05136695551,352372.7754519186,9392315.0797782596,0.65098505246494298,8.8962151879281632e-07,8.8962151879281632e-07,7.8420755451978148e-07,7.8420755451978148e-07
SG-006a,SG-006a,rectangular,default,E_y_2_1,exact,E_y,2,1,61,3.1683544303797468,7.5237758534135336e-06,7.5237758534135336e-06,1,1,689400.95707272482,348107.84205947514,9393081.8616941795,0.6592149925470725,8.8562943852475597e-07,8.8562943852475597e-07,7.8348814941563631e-07,7.8348814941563631e-07
SG-006a,SG-006a,rectangular,default,E_y_2_1,exact,E_y,2,1,62,3.2145569620253163,7.6334913223106946e-06,7.6334913223106946e-06,1,1,681355.16166131757,343944.23961210542,9393822.2845399529,0.6671626559426338,8.818236134053371e-07,8.818236134053371e-07,7.8279615964596097e-07,7.8279615964596097e-07
SG-006a,SG-006a,rectangular,default,E_y_2_1,exact,E_y,2,1,63,3.2607594936708861,7.7432067912078555e-06,7.7432067912078555e-06,1,1,673488.84945408045,339878.43169962603,9394537.5102306493,0.67484044912668395,8.7819211015071605e-07,8.7819211015071605e-07,7.8213019384982989e-07,7.8213019384982989e-07
SG-006a,SG-006a,rectangular,default,E_y_2_1,exact,E_y,2,1,64,3.3069620253164556,7.8529222601050165e-06,7.8529222601050165e-06,1,1,665796.41843874403,335907.04262552271,9395228.6399913114,0.68226013305069555,8.7472396956540379e-07,8.7472396956540379e-07,7.8148894869538566e-07,7.8148894869538566e-07
SG-006a,SG-006a,rectangular,default,E_y_2_1,exact,E_y,2,1,65,3.353164556962025,7.9626377290021758e-06,7.9626377290021758e-06,1,1,658272.47310434887,332026.84852051013,9395896.7178667337,0.68943286026760375,8.7140911010519053e-07,8.7140911010519053e-07,7.8087120222359864e-07,7.8087120222359864e-07
SG-006a,SG-006a,rectangular,default,E_y_2_1,exact,E_y,2,1,66,3.3993670886075948,8.0723531978993384e-06,8.0723531978993384e-06,1,1,650911.81724639423,328234.76902837586,9396542.7340258583,0.69636920990531759,8.6823824262722962e-07,8.6823824262722962e-07,7.8027580777627815e-07,7.8027580777627815e-07
SG-006a,SG-006a,rectangular,default,E_y_2_1,exact,E_y,2,1,67,3.4455696202531643,8.1820686667964977e-06,8.1820686667964977e-06,1,1,643709.44679905614,324527.859520945,9397167.6278706808,0.70307922058959138,8.6520279484293465e-07,8.6520279484293465e-07,7.7970168844981855e-07,7.7970168844981855e-07
SG-006a,SG-006a,rectangular,default,E_y_2_1,exact,E_y,2,1,68,3.4917721518987341,8.2917841356936604e-06,8.2917841356936604e-06,1,1,636660.54274607101,320903.30380561459,9397772.2909592353,0.7095724214142265,8.6229484421291097e-07,8.6229484421291097e-07,7.791478320231842e-07,7.791478320231842e-07
SG-006a,SG-006a,rectangular,default,E_y_2_1,exact,E_y,2,1,69,3.5379746835443036,8.4014996045908214e-06,8.4014996045908214e-06,1,1,629760.46414937917,317358.4072889128,9398357.5697523691,0.71585786105846483,8.5950705820615794e-07,8.5950705820615794e-07,7.7861328631385193e-07,7.7861328631385193e-07
SG-006a,SG-006a,rectangular,default,E_y_2_1,exact,E_y,2,1,70,3.5841772151898734,8.5112150734879823e-06,8.5112150734879823e-06,1,1,623004.74132186244,313890.59056600195,9398924.2681941465,0.72194413515346278,8.5683264099851412e-07,8.5683264099851412e-07,7.7809715492100387e-07,7.7809715492100387e-07
SG-006a,SG-006a,rectangular,default,E_y_2_1,exact,E_y,2,1,71,3.6303797468354428,8.6209305423851433e-06,8.6209305423851433e-06,1,1,616389.06916927849,310497.38340378366,9399473.1501351874,0.72783941199420699,8.5426528581775915e-07,8.5426528581775915e-07,7.7759859331893221e-07,7.7759859331893221e-07
SG-006a,SG-006a,rectangular,default,E_y_2_1,exact,E_y,2,1,72,3.6765822784810127,8.7306460112823043e-06,8.7306460112823043e-06,1,1,609909.30071629328,307176.41909294866,9400004.9416081309,0.73355145669245836,8.5179913225071039e-07,8.5179913225071039e-07,7.7711680526830702e-07,7.7711680526830702e-07
SG-006a,SG-006a,rectangular,default,E_y_2_1,exact,E_y,2,1,73,3.7227848101265821,8.8403614801794652e-06,8.8403614801794652e-06,1,1,603561.44082954037,303925.42913963366,9400520.3329640385,0.73908765386244424,8.4942872792178444e-07,8.4942872792178444e-07,7.766510395153814e-07,7.766510395153814e-07
SG-006a,SG-006a,rectangular,default,E_y_2_1,exact,E_y,2,1,74,3.7689873417721516,8.9500769490766245e-06,8.9500769490766245e-06,1,1,597341.640144028,300742.2382787941,9401019.9808781054,0.74445502892682158,8.4714899403043566e-07,8.4714899403043566e-07,7.7620058675362817e-07,7.7620058675362817e-07
SG-006a,SG-006a,rectangular,default,E_y_2_1,exact,E_y,2,1,75,3.8151898734177214,9.0597924179737872e-06,9.0597924179737872e-06,1,1,591246.18919845391,297624.75978146342,9401504.5102327969,0.74966026812755404,8.4495519430315918e-07,8.4495519430315918e-07,7.7576477682328645e-07,7.7576477682328645e-07
SG-006a,SG-006a,rectangular,default,E_y_2_1,exact,E_y,2,1,76,3.8613924050632908,9.1695078868709481e-06,9.1695078868709481e-06,1,1,585271.51278153691,294570.99104026053,9401974.5158859175,0.75470973732047597,8.428429069729121e-07,8.428429069729121e-07,7.7534297612821046e-07,7.7534297612821046e-07
SG-006a,SG-006a,rectangular,default,E_y_2_1,exact,E_y,2,1,77,3.9075949367088607,9.2792233557681091e-06,9.2792233557681091e-06,1,1,579414.16448876448,291579.00941389042,9402430.5643308666,0.75960949962945434,8.4080799944788219e-07,8.4080799944788219e-07,7.7493458525077774e-07,7.7493458525077774e-07
SG-006a,SG-006a,rectangular,default,E_y_2_1,exact,E_y,2,1,78,3.9537974683544301,9.3889388246652701e-06,9.3889388246652701e-06,1,1,573670.82148804981,288646.96831063728,9402873.1952559352,0.76436533203212953,8.3884660537416822e-07,8.3884660537416822e-07,7.7453903674722546e-07,7.7453903674722546e-07
SG-006a,SG-006a,rectangular,default,E_y_2_1,exact,E_y,2,1,79,4,9.498654293562431e-06,9.498654293562431e-06,1,1,568038.27949219313,285773.09349866572,9403302.923008915,0.76898274094313734,8.3695510383362883e-07,8.3695510383362883e-07,7.7415579310836651e-07,7.7415579310836651e-07
SG-006a,SG-006a,rectangular,default,E_x_2_1,exact,E_x,2,1,0,0.34999999999999998,8.3113225068671265e-07,8.3113225068671265e-07,0,1,nan,nan,nan,nan,nan,nan,nan,nan
SG-006a,SG-006a,rectangular,default,E_x_2_1,exact,E_x,2,1,1,0.39620253164556962,9.4084771958387373e-07,9.4084771958387373e-07,0,1,nan,nan,nan,nan,nan,nan,nan,nan
SG-006a,SG-006a,rectangular,default,E_x_2_1,exact,E_x,2,1,2,0.44240506329113921,1.0505631884810347e-06,1.0505631884810347e-06,0,1,nan,nan,nan,nan,nan,nan,nan,nan
SG-006a,SG-006a,rectangular,default,E_x_2_1,exact,E_x,2,1,3,0.4886075949367088,1.1602786573781955e-06,1.1602786573781955e-06,0,1,nan,nan,nan,nan,nan,nan,nan,nan
SG-006a,SG-006a,rectangular,default,E_x_2_1,exact,E_x,2,1,4,0.53481012658227844,1.2699941262753566e-06,1.2699941262753566e-06,0,1,nan,nan,nan,nan,nan,nan,nan,nan
SG-006a,SG-006a,rectangular,default,E_x_2_1,exact,E_x,2,1,5,0.58101265822784809,1.3797095951725176e-06,1.3797095951725176e-06,0,1,nan,nan,nan,nan,nan,nan,nan,nan
SG-006a,SG-006a,rectangular,default,E_x_2_1,exact,E_x,2,1,6,0.62721518987341773,1.4894250640696788e-06,1.4894250640696788e-06,0,1,nan,nan,nan,nan,nan,nan,nan,nan
SG-006a,SG-006a,rectangular,default,E_x_2_1,exact,E_x,2,1,7,0.67341772151898727,1.5991405329668395e-06,1.5991405329668395e-06,0,1,nan,nan,nan,nan,nan,nan,nan,nan
SG-006a,SG-006a,rectangular,default,E_x_2_1,exact,E_x,2,1,8,0.71962025316455691,1.7088560018640005e-06,1.7088560018640005e-06,0,1,nan,nan,nan,nan,nan,nan,nan,nan
SG-006a,SG-006a,rectangular,default,E_x_2_1,exact,E_x,2,1,9,0.76582278481012656,1.8185714707611615e-06,1.8185714707611615e-06,0,1,nan,nan,nan,nan,nan,nan,nan,nan
SG-006a,SG-006a,rectangular,default,E_x_2_1,exact,E_x,2,1,10,0.81202531645569609,1.9282869396583225e-06,1.9282869396583225e-06,0,1,nan,nan,nan,nan,nan,nan,nan,nan
SG-006a,SG-006a,rectangular,default,E_x_2_1,exact,E_x,2,1,11,0.85822784810126573,2.0380024085554834e-06,2.0380024085554834e-06,0,1,nan,nan,nan,nan,nan,nan,nan,nan
SG-006a,SG-006a,rectangular,default,E_x_2_1,exact,E_x,2,1,12,0.90443037974683538,2.1477178774526444e-06,2.1477178774526444e-06,0,1,nan,nan,nan,nan,nan,nan,nan,nan
SG-006a,SG-006a,rectangular,default,E_x_2_1,exact,E_x,2,1,13,0.95063291139240502,2.2574333463498054e-06,2.2574333463498054e-06,0,1,nan,nan,nan,nan,nan,nan,nan,nan
SG-006a,SG-006a,rectangular,default,E_x_2_1,exact,E_x,2,1,14,0.99683544303797456,2.3671488152469663e-06,2.3671488152469663e-06,0,1,nan,nan,nan,nan,nan,nan,nan,nan
SG-006a,SG-006a,rectangular,default,E_x_2_1,exact,E_x,2,1,15,1.0430379746835441,2.4768642841441269e-06,2.4768642841441269e-06,0,1,1320331.9725478904,768147.41751255607,9300167.3445718624,-0.3331531302606488,1.1990666521016206e-05,1.1990666521016206e-05,9.2840413317524703e-07,9.2840413317524703e-07
SG-006a,SG-006a,rectangular,default,E_x_2_1,exact,E_x,2,1,16,1.089240506329114,2.5865797530412887e-06,2.5865797530412887e-06,0,1,1312728.748243886,749131.43441529549,9302794.4692607932,-0.3052297998203215,6.0886244180325192e-06,6.0886244180325192e-06,9.1707084504279548e-07,9.1707084504279548e-07
SG-006a,SG-006a,rectangular,default,E_x_2_1,exact,E_x,2,1,17,1.1354430379746834,2.6962952219384492e-06,2.6962952219384492e-06,0,1,1301518.2461792175,730948.04945287039,9305815.6447281875,-0.27310841047998141,4.2151701926608731e-06,4.2151701926608731e-06,9.0686517796362295e-07,9.0686517796362295e-07
SG-006a,SG-006a,rectangular,default,E_x_2_1,exact,E_x,2,1,18,1.1816455696202532,2.8060106908356106e-06,2.8060106908356106e-06,0,1,1287706.9341945304,713553.50898142136,9309086.5207737703,-0.238320425043335,3.2961388070904385e-06,3.2961388070904385e-06,8.9763816031942505e-07,8.9763816031942505e-07
SG-006a,SG-006a,rectangular,default,E_x_2_1,exact,E_x,2,1,19,1.2278481012658227,2.9157261597327712e-06,2.9157261597327712e-06,0,1,1272038.9471186921,696905.57596049644,9312501.2292623408,-0.20198964041202913,2.7508604638036611e-06,2.7508604638036611e-06,8.8926508741326599e-07,8.8926508741326599e-07
SG-006a,SG-006a,rectangular,default,E_x_2_1,exact,E_x,2,1,20,1.2740506329113923,3.0254416286299322e-06,3.0254416286299322e-06,0,1,1255070.4663622966,680963.79679053603,9315982.2907587159,-0.16493917797979099,2.3902530185432232e-06,2.3902530185432232e-06,8.8164087038393619e-07,8.8164087038393619e-07
SG-006a,SG-006a,rectangular,default,E_x_2_1,exact,E_x,2,1,21,1.320253164556962,3.1351570975270935e-06,3.1351570975270935e-06,0,1,1237220.6560293543,665689.65230596461,9319473.2654217817,-0.12776929909848511,2.1343522338820363e-06,2.1343522338820363e-06,8.7467640124697047e-07,8.7467640124697047e-07
SG-006a,SG-006a,rectangular,default,E_x_2_1,exact,E_x,2,1,22,1.3664556962025314,3.2448725664242541e-06,3.2448725664242541e-06,0,1,1218807.3509261734,651046.62595309841,9322933.3657367565,-0.090914410569921236,1.9435238491290308e-06,1.9435238491290308e-06,8.6829568665726573e-07,8.6829568665726573e-07
SG-006a,SG-006a,rectangular,default,E_x_2_1,exact,E_x,2,1,23,1.4126582278481012,3.3545880353214155e-06,3.3545880353214155e-06,0,1,1200072.5421363553,637000.21351523977,9326333.4827463776,-0.054685100688707869,1.7958859786587428e-06,1.7958859786587428e-06,8.6243356901312997e-07,8.6243356901312997e-07
SG-006a,SG-006a,rectangular,default,E_x_2_1,exact,E_x,2,1,24,1.4588607594936707,3.464303504218576e-06,3.464303504218576e-06,0,1,1181200.8728697554,623517.89231936005,9329653.2382341847,-0.019299322018665941,1.6783715213004151e-06,1.6783715213004151e-06,8.5703390048153797e-07,8.5703390048153797e-07
SG-006a,SG-006a,rectangular,default,E_x_2_1,exact,E_x,2,1,25,1.5050632911392405,3.5740189731157374e-06,3.5740189731157374e-06,1,1,1162333.248684173,610569.06306182942,9332878.7867431007,0.015094352648887316,1.5826961850467691e-06,1.5826961850467691e-06,8.5204806930435201e-07,8.5204806930435201e-07
SG-006a,SG-006a,rectangular,default,E_x_2_1,exact,E_x,2,1,26,1.55126582278481,3.683734442012898e-06,3.683734442012898e-06,1,1,1143576.9734849469,598124.97385975858,9336001.1691925433,0.048399303385598336,1.5033540886551711e-06,1.5033540886551711e-06,8.4743380233179057e-07,8.4743380233179057e-07
SG-006a,SG-006a,rectangular,default,E_x_2_1,exact,E_x,2,1,27,1.5974683544303798,3.7934499109100598e-06,3.7934499109100598e-06,1,1,1125013.3777349461,586158.63349253824,9339015.0747337285,0.080557749863996164,1.4365433833274132e-06,1.4365433833274132e-06,8.4315418578953197e-07,8.4315418578953197e-07
SG-006a,SG-006a,rectangular,default,E_x_2_1,exact,E_x,2,1,28,1.6436708860759492,3.9031653798072199e-06,3.9031653798072199e-06,1,1,1106703.6125617479,574644.71886457677,9341917.9064487666,0.11154084903037374,1.3795545966629006e-06,1.3795545966629006e-06,8.3917685969678335e-07,8.3917685969678335e-07
SG-006a,SG-006a,rectangular,default,E_x_2_1,exact,E_x,2,1,29,1.6898734177215187,4.0128808487043809e-06,4.0128808487043809e-06,1,1,1088693.0867920103,563559.48026342294,9344709.0743789747,0.1413411958331304,1.3304047699718621e-06,1.3304047699718621e-06,8.3547335138440037e-07,8.3547335138440037e-07
SG-006a,SG-006a,rectangular,default,E_x_2_1,exact,E_x,2,1,30,1.7360759493670885,4.1225963176015427e-06,4.1225963176015427e-06,1,1,1071014.8894287343,552880.64694275917,9347389.4594513588,0.1699671312821813,1.2876093909962665e-06,1.2876093909962665e-06,8.3201852114916207e-07,8.3201852114916207e-07
SG-006a,SG-006a,rectangular,default,E_x_2_1,exact,E_x,2,1,31,1.782278481012658,4.2323117864987028e-06,4.2323117864987028e-06,1,1,1053692.4465503134,542587.33475539635,9349961.0064454339,0.19743841594730804,1.2500351523484606e-06,1.2500351523484606e-06,8.2879009884316368e-07,8.2879009884316368e-07
SG-006a,SG-006a,rectangular,default,E_x_2_1,exact,E_x,2,1,32,1.8284810126582278,4.3420272553958646e-06,4.3420272553958646e-06,1,1,1036741.595662789,532659.95700309589,9352426.4147777334,0.22378293921373985,1.2168019826997845e-06,1.2168019826997845e-06,8.2576829462885809e-07,8.2576829462885809e-07
SG-006a,SG-006a,rectangular,default,E_x_2_1,exact,E_x,2,1,33,1.8746835443037972,4.4517427242930248e-06,4.4517427242930248e-06,1,1,1020172.2133946065,523080.13923779817,9354788.9036982972,0.24903421706986084,1.1872161313406633e-06,1.1872161313406633e-06,8.2293547054503162e-07,8.2293547054503162e-07
SG-006a,SG-006a,rectangular,default,E_x_2_1,exact,E_x,2,1,34,1.9208860759493671,4.5614581931901866e-06,4.5614581931901866e-06,1,1,1003989.4983666496,513830.63844349689,9357052.0342664812,0.27322949209558778,1.1607233996243849e-06,1.1607233996243849e-06,8.202758621881904e-07,8.202758621881904e-07
SG-006a,SG-006a,rectangular,default,E_x_2_1,exact,E_x,2,1,35,1.9670886075949365,4.6711736620873467e-06,4.6711736620873467e-06,1,1,988194.98617979442,504895.26681565237,9359219.5747637283,0.29640829457945067,1.1368757813112298e-06,1.1368757813112298e-06,8.1777534189735522e-07,8.1777534189735522e-07
SG-006a,SG-006a,rectangular,default,E_x_2_1,exact,E_x,2,1,36,2.0132911392405064,4.7808891309845085e-06,4.7808891309845085e-06,1,1,972787.35509552411,496258.820189878,9361295.3994067647,0.31861135751934827,1.1153072316976373e-06,1.1153072316976373e-06,8.1542121646669466e-07,8.1542121646669466e-07
SG-006a,SG-006a,rectangular,default,E_x_2_1,exact,E_x,2,1,37,2.0594936708860758,4.8906045998816695e-06,4.8906045998816695e-06,1,1,957763.06733483262,487907.01106154121,9363283.4126288537,0.33987980363967846,1.0957157786577361e-06,1.0957157786577361e-06,8.1320205370885788e-07,8.1320205370885788e-07
SG-006a,SG-006a,rectangular,default,E_x_2_1,exact,E_x,2,1,38,2.1056962025316452,5.0003200687788296e-06,5.0003200687788296e-06,1,1,943116.88065410277,479826.40607535746,9365187.4930116776,0.36025454172384397,1.0778501203566498e-06,1.0778501203566498e-06,8.1110753322938866e-07,8.1110753322938866e-07
SG-006a,SG-006a,rectangular,default,E_x_2_1,exact,E_x,2,1,39,2.1518987341772151,5.1100355376759914e-06,5.1100355376759914e-06,1,1,928842.25711221527,472004.36779306317,9367011.4523251876,0.37977582408738048,1.0614994497404088e-06,1.0614994497404088e-06,8.0912831759487021e-07,8.0912831759487021e-07
SG-006a,SG-006a,rectangular,default,E_x_2_1,exact,E_x,2,1,40,2.1981012658227845,5.2197510065731515e-06,5.2197510065731515e-06,1,1,914931.69003559207,464429.00054153416,9368759.0061773323,0.39848292806061542,1.0464856346080249e-06,1.0464856346080249e-06,8.0725594075066964e-07,8.0725594075066964e-07
SG-006a,SG-006a,rectangular,default,E_x_2_1,exact,E_x,2,1,41,2.2443037974683544,5.3294664754703134e-06,5.3294664754703134e-06,1,1,901376.96567187551,457089.10010717378,9370433.7535742521,0.41641393279921946,1.0326571408858781e-06,1.0326571408858781e-06,8.0548271107790906e-07,8.0548271107790906e-07
SG-006a,SG-006a,rectangular,default,E_x_2_1,exact,E_x,2,1,42,2.2905063291139238,5.4391819443674735e-06,5.4391819443674735e-06,1,1,888169.37252423563,449974.10704269179,9372039.1633040719,0.43360556922683063,1.0198842621236995e-06,1.0198842621236995e-06,8.038016269193251e-07,8.038016269193251e-07
SG-006a,SG-006a,rectangular,default,E_x_2_1,exact,E_x,2,1,43,2.3367088607594937,5.5488974132646353e-06,5.5488974132646353e-06,1,1,875299.86866550159,443074.06335751235,9373578.5655265246,0.45009312588368489,1.0080553390872201e-06,1.0080553390872201e-06,8.0220630276227387e-07,8.0220630276227387e-07
SG-006a,SG-006a,rectangular,default,E_x_2_1,exact,E_x,2,1,44,2.3829113924050631,5.6586128821617963e-06,5.6586128821617963e-06,1,1,862759.21521209809,436379.57235612615,9375055.1473151967,0.46591039732159351,9.9707373781607821e-07,9.9707373781607821e-07,8.0069090455723762e-07,8.0069090455723762e-07
SG-006a,SG-006a,rectangular,default,E_x_2_1,exact,E_x,2,1,45,2.429113924050633,5.7683283510589572e-06,5.7683283510589572e-06,1,1,850538.08249568986,429881.76140855916,9376471.9511784986,0.48108966464980585,9.8685541444100715e-07,9.8685541444100715e-07,7.9925009289408513e-07,7.9925009289408513e-07
SG-006a,SG-006a,rectangular,default,E_x_2_1,exact,E_x,2,1,46,2.4753164556962024,5.8780438199561182e-06,5.8780438199561182e-06,1,1,838627.13416130096,423572.24743622704,9377831.8758044764,0.49566170016319061,9.7732693807279935e-07,9.7732693807279935e-07,7.9787897295488912e-07,7.9787897295488912e-07
SG-006a,SG-006a,rectangular,default,E_x_2_1,exact,E_x,2,1,47,2.5215189873417723,5.9877592888532792e-06,5.9877592888532792e-06,1,1,827017.09340201411,417443.10491749935,9379137.6784426197,0.50965578977083703,9.684238743507806e-07,9.684238743507806e-07,7.9657305032947336e-07,7.9657305032947336e-07
SG-006a,SG-006a,rectangular,default,E_x_2_1,exact,E_x,2,1,48,2.5677215189873417,6.0974747577504401e-06,6.0974747577504401e-06,1,1,815698.79471552535,411486.83622271207,9380391.9784686677,0.52309976835740679,9.6008945520374604e-07,9.6008945520374604e-07,7.9532819191576207e-07,7.9532819191576207e-07
SG-006a,SG-006a,rectangular,default,E_x_2_1,exact,E_x,2,1,49,2.6139240506329111,6.2071902266476003e-06,6.2071902266476003e-06,1,1,804663.22392681823,405696.34410220804,9381597.2617804315,0.53602006429670312,9.5227347743715053e-07,9.5227347743715053e-07,7.9414059124218071e-07,7.9414059124218071e-07
SG-006a,SG-006a,rectangular,default,E_x_2_1,exact,E_x,2,1,50,2.660126582278481,6.3169056955447621e-06,6.3169056955447621e-06,1,1,793901.54869059543,400064.90616496734,9382755.8857537247,0.54844175020162789,9.4493138553346619e-07,9.4493138553346619e-07,7.9300673764591498e-07,7.9300673764591498e-07
SG-006a,SG-006a,rectangular,default,E_x_2_1,exact,E_x,2,1,51,2.7063291139240504,6.4266211644419231e-06,6.4266211644419231e-06,1,1,783405.14128192561,394586.15119321237,9383870.0845495425,0.56038859765767302,9.3802350372784544e-07,9.3802350372784544e-07,7.9192338882085467e-07,7.9192338882085467e-07
SG-006a,SG-006a,rectangular,default,E_x_2_1,exact,E_x,2,1,52,2.7525316455696203,6.536336633339084e-06,6.536336633339084e-06,1,1,773165.59513761825,389254.03715386672,9384941.9746133313,0.57188313421834547,9.3151438978599564e-07,9.3151438978599564e-07,7.9088754631809978e-07,7.9088754631809978e-07
SG-006a,SG-006a,rectangular,default,E_x_2_1,exact,E_x,2,1,53,2.7987341772151897,6.646052102236245e-06,6.646052102236245e-06,1,1,763174.73634464806,384062.83077526197,9385973.5602454394,0.58294670135098348,9.2537228858267377e-07,9.2537228858267377e-07,7.8989643363890131e-07,7.8989643363890131e-07
SG-006a,SG-006a,rectangular,default,E_x_2_1,exact,E_x,2,1,54,2.8449367088607596,6.7557675711334068e-06,6.7557675711334068e-06,1,1,753424.63105173712,379007.08856862213,9386966.7391518727,0.59359951234294472,9.1956866796860907e-07,9.1956866796860907e-07,7.8894747660904076e-07,7.8894747660904076e-07
SG-006a,SG-006a,rectangular,default,E_x_2_1,exact,E_x,2,1,55,2.891139240506329,6.8654830400305669e-06,6.8654830400305669e-06,1,1,743907.58960214281,374081.63918212184,9387923.30790806,0.60386070943206582,9.1407782283822325e-07,9.1407782283822325e-07,7.8803828576503336e-07,7.8803828576503336e-07
SG-006a,SG-006a,rectangular,default,E_x_2_1,exact,E_x,2,1,56,2.9373417721518984,6.9751985089277271e-06,6.9751985089277271e-06,1,1,734616.16803769371,369281.56698900601,9388844.9672866594,0.61374841962210092,9.0887653599808889e-07,9.0887653599808889e-07,7.8716664051893258e-07,7.8716664051893258e-07
SG-006a,SG-006a,rectangular,default,E_x_2_1,exact,E_x,2,1,57,2.9835443037974683,7.0849139778248889e-06,7.0849139778248889e-06,1,1,725543.1675098089,364602.19680930011,9389733.3274148908,0.62327980879981282,9.0394378656388026e-07,9.0394378656388026e-07,7.8633047489696226e-07,7.8633047489696226e-07
SG-006a,SG-006a,rectangular,default,E_x_2_1,exact,E_x,2,1,58,3.0297468354430377,7.1946294467220498e-06,7.1946294467220498e-06,1,1,716681.63203668047,360039.07968464738,9390589.9127373956,0.63247113388420906,8.9926049830319383e-07,8.9926049830319383e-07,7.855278646755362e-07,7.855278646755362e-07
SG-006a,SG-006a,rectangular,default,E_x_2_1,exact,E_x,2,1,59,3.0759493670886076,7.3043449156192108e-06,7.3043449156192108e-06,1,1,708024.84496036917,355587.97962129116,9391416.1667701621,0.64133779284147097,8.9480932168944387e-07,8.9480932168944387e-07,7.8475701575845852e-07,7.8475701575845852e-07
SG-006a,SG-006a,rectangular,default,E_x_2_1,exact,E_x,2,1,60,3.122151898734177,7.4140603845163718e-06,7.4140603845163718e-06,1,1,699566.32440010668,351244.86123247212,9392213.4566366933,0.64989437246054649,8.9057444452259131e-07,8.9057444452259131e-07,7.8401625366013451e-07,7.8401625366013451e-07
SG-006a,SG-006a,rectangular,default,E_x_2_1,exact,E_x,2,1,61,3.1683544303797468,7.5237758534135336e-06,7.5237758534135336e-06,1,1,691299.81794335111,347005.87820819404,9392983.0773830693,0.65815469384412406,8.865414268493475e-07,8.865414268493475e-07,7.8330401397461043e-07,7.8330401397461043e-07
SG-006a,SG-006a,rectangular,default,E_x_2_1,exact,E_x,2,1,62,3.2145569620253163,7.6334913223106946e-06,7.6334913223106946e-06,1,1,683219.29676531139,342867.36255430442,9393726.2560725529,0.66613185561331345,8.826970566250893e-07,8.826970566250893e-07,7.8261883372614912e-07,7.8261883372614912e-07
SG-006a,SG-006a,rectangular,default,E_x_2_1,exact,E_x,2,1,63,3.2607594936708861,7.7432067912078555e-06,7.7432067912078555e-06,1,1,675318.94934358518,338825.81454147852,9394444.1556625385,0.6738382748482401,8.7902922314756224e-07,8.7902922314756224e-07,7.819593435084204e-07,7.819593435084204e-07
SG-006a,SG-006a,rectangular,default,E_x_2_1,exact,E_x,2,1,64,3.3069620253164556,7.8529222601050165e-06,7.8529222601050165e-06,1,1,667593.17489184137,334877.89331176889,9395137.8786696456,0.68128572581971947,8.7552680576289882e-07,8.7552680576289882e-07,7.8132426033067272e-07,7.8132426033067272e-07
SG-006a,SG-006a,rectangular,default,E_x_2_1,exact,E_x,2,1,65,3.353164556962025,7.9626377290021758e-06,7.9626377290021758e-06,1,1,660036.57662294758,331020.40809594223,9395808.4706292376,0.68848537657309061,8.7217957574241687e-07,8.7217957574241687e-07,7.8071238109890615e-07,7.8071238109890615e-07
SG-006a,SG-006a,rectangular,default,E_x_2_1,exact,E_x,2,1,66,3.3993670886075948,8.0723531978993384e-06,8.0723531978993384e-06,1,1,652643.95492440881,327250.30999468034,9396456.9233575091,0.69544782344571521,8.6897810954962852e-07,8.6897810954962852e-07,7.8012257666766324e-07,7.8012257666766324e-07
SG-006a,SG-006a,rectangular,default,E_x_2_1,exact,E_x,2,1,67,3.4455696202531643,8.1820686667964977e-06,8.1820686667964977e-06,1,1,645410.30051651434,323564.68428604142,9397084.1780242845,0.70218312360029411,8.6591371198815035e-07,8.6591371198815035e-07,7.7955378640618468e-07,7.7955378640618468e-07
SG-006a,SG-006a,rectangular,default,E_x_2_1,exact,E_x,2,1,68,3.4917721518987341,8.2917841356936604e-06,8.2917841356936604e-06,1,1,638330.7876449218,319960.74321752333,9397691.1280456837,0.70870082566771087,8.6297834794338861e-07,8.6297834794338861e-07,7.7900501322782852e-07,7.7900501322782852e-07
SG-006a,SG-006a,rectangular,default,E_x_2_1,exact,E_x,2,1,69,3.5379746835443036,8.4014996045908214e-06,8.4014996045908214e-06,1,1,631400.76735581853,316435.81925189192,9398278.6218052264,0.71500999858696179,8.6016458162175383e-07,8.6016458162175383e-07,7.7847531903843421e-07,7.7847531903843421e-07
SG-006a,SG-006a,rectangular,default,E_x_2_1,exact,E_x,2,1,70,3.5841772151898734,8.5112150734879823e-06,8.5112150734879823e-06,1,1,624615.76088312757,312987.35873158474,9398847.4652126823,0.72111925873844585,8.5746552234451172e-07,8.5746552234451172e-07,7.7796382056306097e-07,7.7796382056306097e-07
SG-006a,SG-006a,rectangular,default,E_x_2_1,exact,E_x,2,1,71,3.6303797468354428,8.6209305423851433e-06,8.6209305423851433e-06,1,1,617971.45317724743,309612.9159344635,9399398.424109323,0.72703679545988087,8.5487477608911384e-07,8.5487477608911384e-07,7.7746968551567843e-07,7.7746968551567843e-07
SG-006a,SG-006a,rectangular,default,E_x_2_1,exact,E_x,2,1,72,3.6765822784810127,8.7306460112823043e-06,8.7306460112823043e-06,1,1,611463.6865938222,306310.14749218826,9399932.2265282683,0.73277039503524144,8.5238640208073949e-07,8.5238640208073949e-07,7.7699212907957522e-07,7.7699212907957522e-07
SG-006a,SG-006a,rectangular,default,E_x_2_1,exact,E_x,2,1,73,3.7227848101265821,8.8403614801794652e-06,8.8403614801794652e-06,1,1,605088.45475742361,303076.80714715249,9400449.5648183245,0.7383274632440141,8.4999487383221617e-07,8.4999487383221617e-07,7.7653041066998685e-07,7.7653041066998685e-07
SG-006a,SG-006a,rectangular,default,E_x_2_1,exact,E_x,2,1,74,3.7689873417721516,8.9500769490766245e-06,8.9500769490766245e-06,1,1,598841.89661129354,299910.74082315783,9400951.0976393316,0.74371504655424692,8.4769504411117167e-07,8.4769504411117167e-07,7.760838309530015e-07,7.760838309530015e-07
SG-006a,SG-006a,rectangular,default,E_x_2_1,exact,E_x,2,1,75,3.8151898734177214,9.0597924179737872e-06,9.0597924179737872e-06,1,1,592720.29065899109,296809.88199133181,9401437.4518366978,0.74893985203970725,8.4548211338119512e-07,8.4548211338119512e-07,7.7565172909807992e-07,7.7565172909807992e-07
SG-006a,SG-006a,rectangular,default,E_x_2_1,exact,E_x,2,1,76,3.8613924050632908,9.1695078868709481e-06,9.1695078868709481e-06,1,1,586720.04940217035,293772.2473070717,9401909.2242025994,0.7540082660992673,8.4335160132288084e-07,8.4335160132288084e-07,7.7523348024280455e-07,7.7523348024280455e-07
SG-006a,SG-006a,rectangular,default,E_x_2_1,exact,E_x,2,1,77,3.9075949367088607,9.2792233557681091e-06,9.2792233557681091e-06,1,1,580837.71397779509,290795.93250493245,9402366.9831305724,0.75892637204899493,8.4129932109133066e-07,8.4129932109133066e-07,7.7482849315189714e-07,7.7482849315189714e-07
SG-006a,SG-006a,rectangular,default,E_x_2_1,exact,E_x,2,1,78,3.9537974683544301,9.3889388246652701e-06,9.3889388246652701e-06,1,1,575069.94899207726,287879.10852874327,9402811.270170385,0.76369996665916795,8.3932135600834414e-07,8.3932135600834414e-07,7.7443620805285433e-07,7.7443620805285433e-07
SG-006a,SG-006a,rectangular,default,E_x_2_1,exact,E_x,2,1,79,4,9.498654293562431e-06,9.498654293562431e-06,1,1,569413.53755189735,285020.01788687997,9403242.6014891621,0.76833457569899266,8.3741403842645887e-07,8.3741403842645887e-07,7.7405609463375757e-07,7.7405609463375757e-07
SG-006a,SG-006a,rectangular,default,E_y_1_2,exact,E_y,1,2,0,0.34999999999999998,8.3113225068671265e-07,8.3113225068671265e-07,0,1,nan,nan,nan,nan,nan,nan,nan,nan
SG-006a,SG-006a,rectangular,default,E_y_1_2,exact,E_y,1,2,1,0.39620253164556962,9.4084771958387373e-07,9.4084771958387373e-07,0,1,nan,nan,nan,nan,nan,nan,nan,nan
SG-006a,SG-006a,rectangular,default,E_y_1_2,exact,E_y,1,2,2,0.44240506329113921,1.0505631884810347e-06,1.0505631884810347e-06,0,1,nan,nan,nan,nan,nan,nan,nan,nan
SG-006a,SG-006a,rectangular,default,E_y_1_2,exact,E_y,1,2,3,0.4886075949367088,1.1602786573781955e-06,1.1602786573781955e-06,0,1,nan,nan,nan,nan,nan,nan,nan,nan
SG-006a,SG-006a,rectangular,default,E_y_1_2,exact,E_y,1,2,4,0.53481012658227844,1.2699941262753566e-06,1.2699941262753566e-06,0,1,nan,nan,nan,nan,nan,nan,nan,nan
SG-006a,SG-006a,rectangular,default,E_y_1_2,exact,E_y,1,2,5,0.58101265822784809,1.3797095951725176e-06,1.3797095951725176e-06,0,1,nan,nan,nan,nan,nan,nan,nan,nan
SG-006a,SG-006a,rectangular,default,E_y_1_2,exact,E_y,1,2,6,0.62721518987341773,1.4894250640696788e-06,1.4894250640696788e-06,0,1,nan,nan,nan,nan,nan,nan,nan,nan
SG-006a,SG-006a,rectangular,default,E_y_1_2,exact,E_y,1,2,7,0.67341772151898727,1.5991405329668395e-06,1.5991405329668395e-06,0,1,nan,nan,nan,nan,nan,nan,nan,nan
SG-006a,SG-006a,rectangular,default,E_y_1_2,exact,E_y,1,2,8,0.71962025316455691,1.7088560018640005e-06,1.7088560018640005e-06,0,1,nan,nan,nan,nan,nan,nan,nan,nan
SG-006a,SG-006a,rectangular,default,E_y_1_2,exact,E_y,1,2,9,0.76582278481012656,1.8185714707611615e-06,1.8185714707611615e-06,0,1,nan,nan,nan,nan,nan,nan,nan,nan
SG-006a,SG-006a,rectangular,default,E_y_1_2,exact,E_y,1,2,10,0.81202531645569609,1.9282869396583225e-06,1.9282869396583225e-06,0,1,nan,nan,nan,nan,nan,nan,nan,nan
SG-006a,SG-006a,rectangular,default,E_y_1_2,exact,E_y,1,2,11,0.85822784810126573,2.0380024085554834e-06,2.0380024085554834e-06,0,1,nan,nan,nan,nan,nan,nan,nan,nan
SG-006a,SG-006a,rectangular,default,E_y_1_2,exact,E_y,1,2,12,0.90443037974683538,2.1477178774526444e-06,2.1477178774526444e-06,0,1,nan,nan,nan,nan,nan,nan,nan,nan
SG-006a,SG-006a,rectangular,default,E_y_1_2,exact,E_y,1,2,13,0.95063291139240502,2.2574333463498054e-06,2.2574333463498054e-06,0,1,nan,nan,nan,nan,nan,nan,nan,nan
SG-006a,SG-006a,rectangular,default,E_y_1_2,exact,E_y,1,2,14,0.99683544303797456,2.3671488152469663e-06,2.3671488152469663e-06,0,1,nan,nan,nan,nan,nan,nan,nan,nan
SG-006a,SG-006a,rectangular,default,E_y_1_2,exact,E_y,1,2,15,1.0430379746835441,2.4768642841441269e-06,2.4768642841441269e-06,0,1,768147.41751255607,1320331.9725478904,9300167.3445718624,-0.3331531302606488,9.2840413317524703e-07,9.2840413317524703e-07,1.1990666521016206e-05,1.1990666521016206e-05
SG-006a,SG-006a,rectangular,default,E_y_1_2,exact,E_y,1,2,16,1.089240506329114,2.5865797530412887e-06,2.5865797530412887e-06,0,1,749131.43441529549,1312728.748243886,9302794.4692607932,-0.3052297998203215,9.1707084504279548e-07,9.1707084504279548e-07,6.0886244180325192e-06,6.0886244180325192e-06
SG-006a,SG-006a,rectangular,default,E_y_1_2,exact,E_y,1,2,17,1.1354430379746834,2.6962952219384492e-06,2.6962952219384492e-06,0,1,730948.04945287039,1301518.2461792175,9305815.6447281875,-0.27310841047998141,9.0686517796362295e-07,9.0686517796362295e-07,4.2151701926608731e-06,4.2151701926608731e-06
SG-006a,SG-006a,rectangular,default,E_y_1_2,exact,E_y,1,2,18,1.1816455696202532,2.8060106908356106e-06,2.8060106908356106e-06,0,1,713553.50898142136,1287706.9341945304,9309086.5207737703,-0.238320425043335,8.9763816031942505e-07,8.9763816031942505e-07,3.2961388070904385e-06,3.2961388070904385e-06
SG-006a,SG-006a,rectangular,default,E_y_1_2,exact,E_y,1,2,19,1.2278481012658227,2.9157261597327712e-06,2.9157261597327712e-06,0,1,696905.57596049644,1272038.9471186921,9312501.2292623408,-0.20198964041202913,8.8926508741326599e-07,8.8926508741326599e-07,2.7508604638036611e-06,2.7508604638036611e-06
SG-006a,SG-006a,rectangular,default,E_y_1_2,exact,E_y,1,2,20,1.2740506329113923,3.0254416286299322e-06,3.0254416286299322e-06,0,1,680963.79679053603,1255070.4663622966,9315982.2907587159,-0.16493917797979099,8.8164087038393619e-07,8.8164087038393619e-07,2.3902530185432232e-06,2.3902530185432232e-06
SG-006a,SG-006a,rectangular,default,E_y_1_2,exact,E_y,1,2,21,1.320253164556962,3.1351570975270935e-06,3.1351570975270935e-06,0,1,665689.65230596461,1237220.6560293543,9319473.2654217817,-0.12776929909848511,8.7467640124697047e-07,8.7467640124697047e-07,2.1343522338820363e-06,2.1343522338820363e-06
SG-006a,SG-006a,rectangular,default,E_y_1_2,exact,E_y,1,2,22,1.3664556962025314,3.2448725664242541e-06,3.2448725664242541e-06,0,1,651046.62595309841,1218807.3509261734,9322933.3657367565,-0.090914410569921236,8.6829568665726573e-07,8.6829568665726573e-07,1.9435238491290308e-06,1.9435238491290308e-06
SG-006a,SG-006a,rectangular,default,E_y_1_2,exact,E_y,1,2,23,1.4126582278481012,3.3545880353214155e-06,3.3545880353214155e-06,0,1,637000.21351523977,1200072.5421363553,9326333.4827463776,-0.054685100688707869,8.6243356901312997e-07,8.6243356901312997e-07,1.7958859786587428e-06,1.7958859786587428e-06
SG-006a,SG-006a,rectangular,default,E_y_1_2,exact,E_y,1,2,24,1.4588607594936707,3.464303504218576e-06,3.464303504218576e-06,0,1,623517.89231936005,1181200.8728697554,9329653.2382341847,-0.019299322018665941,8.5703390048153797e-07,8.5703390048153797e-07,1.6783715213004151e-06,1.6783715213004151e-06
SG-006a,SG-006a,rectangular,default,E_y_1_2,exact,E_y,1,2,25,1.5050632911392405,3.5740189731157374e-06,3.5740189731157374e-06,1,1,610569.06306182942,1162333.248684173,9332878.7867431007,0.015094352648887316,8.5204806930435201e-07,8.5204806930435201e-07,1.5826961850467691e-06,1.5826961850467691e-06
SG-006a,SG-006a,rectangular,default,E_y_1_2,exact,E_y,1,2,26,1.55126582278481,3.683734442012898e-06,3.683734442012898e-06,1,1,598124.97385975858,1143576.9734849469,9336001.1691925433,0.048399303385598336,8.4743380233179057e-07,8.4743380233179057e-07,1.5033540886551711e-06,1.5033540886551711e-06
SG-006a,SG-006a,rectangular,default,E_y_1_2,exact,E_y,1,2,27,1.5974683544303798,3.7934499109100598e-06,3.7934499109100598e-06,1,1,586158.63349253824,1125013.3777349461,9339015.0747337285,0.080557749863996164,8.4315418578953197e-07,8.4315418578953197e-07,1.4365433833274132e-06,1.4365433833274132e-06
SG-006a,SG-006a,rectangular,default,E_y_1_2,exact,E_y,1,2,28,1.6436708860759492,3.9031653798072199e-06,3.9031653798072199e-06,1,1,574644.71886457677,1106703.6125617479,9341917.9064487666,0.11154084903037374,8.3917685969678335e-07,8.3917685969678335e-07,1.3795545966629006e-06,1.3795545966629006e-06
SG-006a,SG-006a,rectangular,default,E_y_1_2,exact,E_y,1,2,29,1.6898734177215187,4.0128808487043809e-06,4.0128808487043809e-06,1,1,563559.48026342294,1088693.0867920103,9344709.0743789747,0.1413411958331304,8.3547335138440037e-07,8.3547335138440037e-07,1.3304047699718621e-06,1.3304047699718621e-06
SG-006a,SG-006a,rectangular,default,E_y_1_2,exact,E_y,1,2,30,1.7360759493670885,4.1225963176015427e-06,4.1225963176015427e-06,1,1,552880.64694275917,1071014.8894287343,9347389.4594513588,0.1699671312821813,8.3201852114916207e-07,8.3201852114916207e-07,1.2876093909962665e-06,1.2876093909962665e-06
SG-006a,SG-006a,rectangular,default,E_y_1_2,exact,E_y,1,2,31,1.782278481012658,4.2323117864987028e-06,4.2323117864987028e-06,1,1,542587.33475539635,1053692.4465503134,9349961.0064454339,0.19743841594730804,8.2879009884316368e-07,8.2879009884316368e-07,1.2500351523484606e-06,1.2500351523484606e-06
SG-006a,SG-006a,rectangular,default,E_y_1_2,exact,E_y,1,2,32,1.8284810126582278,4.3420272553958646e-06,4.3420272553958646e-06,1,1,532659.95700309589,1036741.595662789,9352426.4147777334,0.22378293921373985,8.2576829462885809e-07,8.2576829462885809e-07,1.2168019826997845e-06,1.2168019826997845e-06
SG-006a,SG-006a,rectangular,default,E_y_1_2,exact,E_y,1,2,33,1.8746835443037972,4.4517427242930248e-06,4.4517427242930248e-06,1,1,523080.13923779817,1020172.2133946065,9354788.9036982972,0.24903421706986084,8.2293547054503162e-07,8.2293547054503162e-07,1.1872161313406633e-06,1.1872161313406633e-06
SG-006a,SG-006a,rectangular,default,E_y_1_2,exact,E_y,1,2,34,1.9208860759493671,4.5614581931901866e-06,4.5614581931901866e-06,1,1,513830.63844349689,1003989.4983666496,9357052.0342664812,0.27322949209558778,8.202758621881904e-07,8.202758621881904e-07,1.1607233996243849e-06,1.1607233996243849e-06
SG-006a,SG-006a,rectangular,default,E_y_1_2,exact,E_y,1,2,35,1.9670886075949365,4.6711736620873467e-06,4.6711736620873467e-06,1,1,504895.26681565237,988194.98617979442,9359219.5747637283,0.29640829457945067,8.1777534189735522e-07,8.1777534189735522e-07,1.1368757813112298e-06,1.1368757813112298e-06
SG-006a,SG-006a,rectangular,default,E_y_1_2,exact,E_y,1,2,36,2.0132911392405064,4.7808891309845085e-06,4.7808891309845085e-06,1,1,496258.820189878,972787.35509552411,9361295.3994067647,0.31861135751934827,8.1542121646669466e-07,8.1542121646669466e-07,1.1153072316976373e-06,1.1153072316976373e-06
SG-006a,SG-006a,rectangular,default,E_y_1_2,exact,E_y,1,2,37,2.0594936708860758,4.8906045998816695e-06,4.8906045998816695e-06,1,1,487907.01106154121,957763.06733483262,9363283.4126288537,0.33987980363967846,8.1320205370885788e-07,8.1320205370885788e-07,1.0957157786577361e-06,1.0957157786577361e-06
SG-006a,SG-006a,rectangular,default,E_y_1_2,exact,E_y,1,2,38,2.1056962025316452,5.0003200687788296e-06,5.0003200687788296e-06,1,1,479826.40607535746,943116.88065410277,9365187.4930116776,0.36025454172384397,8.1110753322938866e-07,8.1110753322938866e-07,1.0778501203566498e-06,1.0778501203566498e-06
SG-006a,SG-006a,rectangular,default,E_y_1_2,exact,E_y,1,2,39,2.1518987341772151,5.1100355376759914e-06,5.1100355376759914e-06,1,1,472004.36779306317,928842.25711221527,9367011.4523251876,0.37977582408738048,8.0912831759487021e-07,8.0912831759487021e-07,1.0614994497404088e-06,1.0614994497404088e-06
SG-006a,SG-006a,rectangular,default,E_y_1_2,exact,E_y,1,2,40,2.1981012658227845,5.2197510065731515e-06,5.2197510065731515e-06,1,1,464429.00054153416,914931.69003559207,9368759.0061773323,0.39848292806061542,8.0725594075066964e-07,8.0725594075066964e-07,1.0464856346080249e-06,1.0464856346080249e-06
SG-006a,SG-006a,rectangular,default,E_y_1_2,exact,E_y,1,2,41,2.2443037974683544,5.3294664754703134e-06,5.3294664754703134e-06,1,1,457089.10010717378,901376.96567187551,9370433.7535742521,0.41641393279921946,8.0548271107790906e-07,8.0548271107790906e-07,1.0326571408858781e-06,1.0326571408858781e-06
SG-006a,SG-006a,rectangular,default,E_y_1_2,exact,E_y,1,2,42,2.2905063291139238,5.4391819443674735e-06,5.4391819443674735e-06,1,1,449974.10704269179,888169.37252423563,9372039.1633040719,0.43360556922683063,8.038016269193251e-07,8.038016269193251e-07,1.0198842621236995e-06,1.0198842621236995e-06
SG-006a,SG-006a,rectangular,default,E_y_1_2,exact,E_y,1,2,43,2.3367088607594937,5.5488974132646353e-06,5.5488974132646353e-06,1,1,443074.06335751235,875299.86866550159,9373578.5655265246,0.45009312588368489,8.0220630276227387e-07,8.0220630276227387e-07,1.0080553390872201e-06,1.0080553390872201e-06
SG-006a,SG-006a,rectangular,default,E_y_1_2,exact,E_y,1,2,44,2.3829113924050631,5.6586128821617963e-06,5.6586128821617963e-06,1,1,436379.57235612615,862759.21521209809,9375055.1473151967,0.46591039732159351,8.0069090455723762e-07,8.0069090455723762e-07,9.9707373781607821e-07,9.9707373781607821e-07
SG-006a,SG-006a,rectangular,default,E_y_1_2,exact,E_y,1,2,45,2.429113924050633,5.7683283510589572e-06,5.7683283510589572e-06,1,1,429881.76140855916,850538.08249568986,9376471.9511784986,0.48108966464980585,7.9925009289408513e-07,7.9925009289408513e-07,9.8685541444100715e-07,9.8685541444100715e-07
SG-006a,SG-006a,rectangular,default,E_y_1_2,exact,E_y,1,2,46,2.4753164556962024,5.8780438199561182e-06,5.8780438199561182e-06,1,1,423572.24743622704,838627.13416130096,9377831.8758044764,0.49566170016319061,7.9787897295488912e-07,7.9787897295488912e-07,9.7732693807279935e-07,9.7732693807279935e-07
SG-006a,SG-006a,rectangular,default,E_y_1_2,exact,E_y,1,2,47,2.5215189873417723,5.9877592888532792e-06,5.9877592888532792e-06,1,1,417443.10491749935,827017.09340201411,9379137.6784426197,0.50965578977083703,7.9657305032947336e-07,7.9657305032947336e-07,9.684238743507806e-07,9.684238743507806e-07
SG-006a,SG-006a,rectangular,default,E_y_1_2,exact,E_y,1,2,48,2.5677215189873417,6.0974747577504401e-06,6.0974747577504401e-06,1,1,411486.83622271207,815698.79471552535,9380391.9784686677,0.52309976835740679,7.9532819191576207e-07,7.9532819191576207e-07,9.6008945520374604e-07,9.6008945520374604e-07
SG-006a,SG-006a,rectangular,default,E_y_1_2,exact,E_y,1,2,49,2.6139240506329111,6.2071902266476003e-06,6.2071902266476003e-06,1,1,405696.34410220804,804663.22392681823,9381597.2617804315,0.53602006429670312,7.9414059124218071e-07,7.9414059124218071e-07,9.5227347743715053e-07,9.5227347743715053e-07
SG-006a,SG-006a,rectangular,default,E_y_1_2,exact,E_y,1,2,50,2.660126582278481,6.3169056955447621e-06,6.3169056955447621e-06,1,1,400064.90616496734,793901.54869059543,9382755.8857537247,0.54844175020162789,7.9300673764591498e-07,7.9300673764591498e-07,9.4493138553346619e-07,9.4493138553346619e-07
SG-006a,SG-006a,rectangular,default,E_y_1_2,exact,E_y,1,2,51,2.7063291139240504,6.4266211644419231e-06,6.4266211644419231e-06,1,1,394586.15119321237,783405.14128192561,9383870.0845495425,0.56038859765767302,7.9192338882085467e-07,7.9192338882085467e-07,9.3802350372784544e-07,9.3802350372784544e-07
SG-006a,SG-006a,rectangular,default,E_y_1_2,exact,E_y,1,2,52,2.7525316455696203,6.536336633339084e-06,6.536336633339084e-06,1,1,389254.03715386672,773165.59513761825,9384941.9746133313,0.57188313421834547,7.9088754631809978e-07,7.9088754631809978e-07,9.3151438978599564e-07,9.3151438978599564e-07
SG-006a,SG-006a,rectangular,default,E_y_1_2,exact,E_y,1,2,53,2.7987341772151897,6.646052102236245e-06,6.646052102236245e-06,1,1,384062.83077526197,763174.73634464806,9385973.5602454394,0.58294670135098348,7.8989643363890131e-07,7.8989643363890131e-07,9.2537228858267377e-07,9.2537228858267377e-07
SG-006a,SG-006a,rectangular,default,E_y_1_2,exact,E_y,1,2,54,2.8449367088607596,6.7557675711334068e-06,6.7557675711334068e-06,1,1,379007.08856862213,753424.63105173712,9386966.7391518727,0.59359951234294472,7.8894747660904076e-07,7.8894747660904076e-07,9.1956866796860907e-07,9.1956866796860907e-07
SG-006a,SG-006a,rectangular,default,E_y_1_2,exact,E_y,1,2,55,2.891139240506329,6.8654830400305669e-06,6.8654830400305669e-06,1,1,374081.63918212184,743907.58960214281,9387923.30790806,0.60386070943206582,7.8803828576503336e-07,7.8803828576503336e-07,9.1407782283822325e-07,9.1407782283822325e-07
SG-006a,SG-006a,rectangular,default,E_y_1_2,exact,E_y,1,2,56,2.9373417721518984,6.9751985089277271e-06,6.9751985089277271e-06,1,1,369281.56698900601,734616.16803769371,9388844.9672866594,0.61374841962210092,7.8716664051893258e-07,7.8716664051893258e-07,9.0887653599808889e-07,9.0887653599808889e-07
SG-006a,SG-006a,rectangular,default,E_y_1_2,exact,E_y,1,2,57,2.9835443037974683,7.0849139778248889e-06,7.0849139778248889e-06,1,1,364602.19680930011,725543.1675098089,9389733.3274148908,0.62327980879981282,7.8633047489696226e-07,7.8633047489696226e-07,9.0394378656388026e-07,9.0394378656388026e-07
SG-006a,SG-006a,rectangular,default,E_y_1_2,exact,E_y,1,2,58,3.0297468354430377,7.1946294467220498e-06,7.1946294467220498e-06,1,1,360039.07968464738,716681.63203668047,9390589.9127373956,0.63247113388420906,7.855278646755362e-07,7.855278646755362e-07,8.9926049830319383e-07,8.9926049830319383e-07
SG-006a,SG-006a,rectangular,default,E_y_1_2,exact,E_y,1,2,59,3.0759493670886076,7.3043449156192108e-06,7.3043449156192108e-06,1,1,355587.97962129116,708024.84496036917,9391416.1667701621,0.64133779284147097,7.8475701575845852e-07,7.8475701575845852e-07,8.9480932168944387e-07,8.9480932168944387e-07
SG-006a,SG-006a,rectangular,default,E_y_1_2,exact,E_y,1,2,60,3.122151898734177,7.4140603845163718e-06,7.4140603845163718e-06,1,1,351244.86123247212,699566.32440010668,9392213.4566366933,0.64989437246054649,7.8401625366013451e-07,7.8401625366013451e-07,8.9057444452259131e-07,8.9057444452259131e-07
SG-006a,SG-006a,rectangular,default,E_y_1_2,exact,E_y,1,2,61,3.1683544303797468,7.5237758534135336e-06,7.5237758534135336e-06,1,1,347005.87820819404,691299.81794335111,9392983.0773830693,0.65815469384412406,7.8330401397461043e-07,7.8330401397461043e-07,8.865414268493475e-07,8.865414268493475e-07
SG-006a,SG-006a,rectangular,default,E_y_1_2,exact,E_y,1,2,62,3.2145569620253163,7.6334913223106946e-06,7.6334913223106946e-06,1,1,342867.36255430442,683219.29676531139,9393726.2560725529,0.66613185561331345,7.8261883372614912e-07,7.8261883372614912e-07,8.826970566250893e-07,8.826970566250893e-07
SG-006a,SG-006a,rectangular,default,E_y_1_2,exact,E_y,1,2,63,3.2607594936708861,7.7432067912078555e-06,7.7432067912078555e-06,1,1,338825.81454147852,675318.94934358518,9394444.1556625385,0.6738382748482401,7.819593435084204e-07,7.819593435084204e-07,8.7902922314756224e-07,8.7902922314756224e-07
SG-006a,SG-006a,rectangular,default,E_y_1_2,exact,E_y,1,2,64,3.3069620253164556,7.8529222601050165e-06,7.8529222601050165e-06,1,1,334877.89331176889,667593.17489184137,9395137.8786696456,0.68128572581971947,7.8132426033067272e-07,7.8132426033067272e-07,8.7552680576289882e-07,8.7552680576289882e-07
SG-006a,SG-006a,rectangular,default,E_y_1_2,exact,E_y,1,2,65,3.353164556962025,7.9626377290021758e-06,7.9626377290021758e-06,1,1,331020.40809594223,660036.57662294758,9395808.4706292376,0.68848537657309061,7.8071238109890615e-07,7.8071238109890615e-07,8.7217957574241687e-07,8.7217957574241687e-07
SG-006a,SG-006a,rectangular,default,E_y_1_2,exact,E_y,1,2,66,3.3993670886075948,8.0723531978993384e-06,8.0723531978993384e-06,1,1,327250.30999468034,652643.95492440881,9396456.9233575091,0.69544782344571521,7.8012257666766324e-07,7.8012257666766324e-07,8.6897810954962852e-07,8.6897810954962852e-07
SG-006a,SG-006a,rectangular,default,E_y_1_2,exact,E_y,1,2,67,3.4455696202531643,8.1820686667964977e-06,8.1820686667964977e-06,1,1,323564.68428604142,645410.30051651434,9397084.1780242845,0.70218312360029411,7.7955378640618468e-07,7.7955378640618468e-07,8.6591371198815035e-07,8.6591371198815035e-07
SG-006a,SG-006a,rectangular,default,E_y_1_2,exact,E_y,1,2,68,3.4917721518987341,8.2917841356936604e-06,8.2917841356936604e-06,1,1,319960.74321752333,638330.7876449218,9397691.1280456837,0.70870082566771087,7.7900501322782852e-07,7.7900501322782852e-07,8.6297834794338861e-07,8.6297834794338861e-07
SG-006a,SG-006a,rectangular,default,E_y_1_2,exact,E_y,1,2,69,3.5379746835443036,8.4014996045908214e-06,8.4014996045908214e-06,1,1,316435.81925189192,631400.76735581853,9398278.6218052264,0.71500999858696179,7.7847531903843421e-07,7.7847531903843421e-07,8.6016458162175383e-07,8.6016458162175383e-07
SG-006a,SG-006a,rectangular,default,E_y_1_2,exact,E_y,1,2,70,3.5841772151898734,8.5112150734879823e-06,8.5112150734879823e-06,1,1,312987.35873158474,624615.76088312757,9398847.4652126823,0.72111925873844585,7.7796382056306097e-07,7.7796382056306097e-07,8.5746552234451172e-07,8.5746552234451172e-07
SG-006a,SG-006a,rectangular,default,E_y_1_2,exact,E_y,1,2,71,3.6303797468354428,8.6209305423851433e-06,8.6209305423851433e-06,1,1,309612.9159344635,617971.45317724743,9399398.424109323,0.72703679545988087,7.7746968551567843e-07,7.7746968551567843e-07,8.5487477608911384e-07,8.5487477608911384e-07
SG-006a,SG-006a,rectangular,default,E_y_1_2,exact,E_y,1,2,72,3.6765822784810127,8.7306460112823043e-06,8.7306460112823043e-06,1,1,306310.14749218826,611463.6865938222,9399932.2265282683,0.73277039503524144,7.7699212907957522e-07,7.7699212907957522e-07,8.5238640208073949e-07,8.5238640208073949e-07
SG-006a,SG-006a,rectangular,default,E_y_1_2,exact,E_y,1,2,73,3.7227848101265821,8.8403614801794652e-06,8.8403614801794652e-06,1,1,303076.80714715249,605088.45475742361,9400449.5648183245,0.7383274632440141,7.7653041066998685e-07,7.7653041066998685e-07,8.4999487383221617e-07,8.4999487383221617e-07
SG-006a,SG-006a,rectangular,default,E_y_1_2,exact,E_y,1,2,74,3.7689873417721516,8.9500769490766245e-06,8.9500769490766245e-06,1,1,299910.74082315783,598841.89661129354,9400951.0976393316,0.74371504655424692,7.760838309530015e-07,7.760838309530015e-07,8.4769504411117167e-07,8.4769504411117167e-07
SG-006a,SG-006a,rectangular,default,E_y_1_2,exact,E_y,1,2,75,3.8151898734177214,9.0597924179737872e-06,9.0597924179737872e-06,1,1,296809.88199133181,592720.29065899109,9401437.4518366978,0.74893985203970725,7.7565172909807992e-07,7.7565172909807992e-07,8.4548211338119512e-07,8.4548211338119512e-07
SG-006a,SG-006a,rectangular,default,E_y_1_2,exact,E_y,1,2,76,3.8613924050632908,9.1695078868709481e-06,9.1695078868709481e-06,1,1,293772.2473070717,586720.04940217035,9401909.2242025994,0.7540082660992673,7.7523348024280455e-07,7.7523348024280455e-07,8.4335160132288084e-07,8.4335160132288084e-07
SG-006a,SG-006a,rectangular,default,E_y_1_2,exact,E_y,1,2,77,3.9075949367088607,9.2792233557681091e-06,9.2792233557681091e-06,1,1,290795.93250493245,580837.71397779509,9402366.9831305724,0.75892637204899493,7.7482849315189714e-07,7.7482849315189714e-07,8.4129932109133066e-07,8.4129932109133066e-07
SG-006a,SG-006a,rectangular,default,E_y_1_2,exact,E_y,1,2,78,3.9537974683544301,9.3889388246652701e-06,9.3889388246652701e-06,1,1,287879.10852874327,575069.94899207726,9402811.270170385,0.76369996665916795,7.7443620805285433e-07,7.7443620805285433e-07,8.3932135600834414e-07,8.3932135600834414e-07
SG-006a,SG-006a,rectangular,default,E_y_1_2,exact,E_y,1,2,79,4,9.498654293562431e-06,9.498654293562431e-06,1,1,285020.01788687997,569413.53755189735,9403242.6014891621,0.76833457569899266,7.7405609463375757e-07,7.7405609463375757e-07,8.3741403842645887e-07,8.3741403842645887e-07
SG-006a,SG-006a,rectangular,default,E_x_1_2,exact,E_x,1,2,0,0.34999999999999998,8.3113225068671265e-07,8.3113225068671265e-07,0,1,nan,nan,nan,nan,nan,nan,nan,nan
SG-006a,SG-006a,rectangular,default,E_x_1_2,exact,E_x,1,2,1,0.39620253164556962,9.4084771958387373e-07,9.4084771958387373e-07,0,1,nan,nan,nan,nan,nan,nan,nan,nan
SG-006a,SG-006a,rectangular,default,E_x_1_2,exact,E_x,1,2,2,0.44240506329113921,1.0505631884810347e-06,1.0505631884810347e-06,0,1,nan,nan,nan,nan,nan,nan,nan,nan
SG-006a,SG-006a,rectangular,default,E_x_1_2,exact,E_x,1,2,3,0.4886075949367088,1.1602786573781955e-06,1.1602786573781955e-06,0,1,nan,nan,nan,nan,nan,nan,nan,nan
SG-006a,SG-006a,rectangular,default,E_x_1_2,exact,E_x,1,2,4,0.53481012658227844,1.2699941262753566e-06,1.2699941262753566e-06,0,1,nan,nan,nan,nan,nan,nan,nan,nan
SG-006a,SG-006a,rectangular,default,E_x_1_2,exact,E_x,1,2,5,0.58101265822784809,1.3797095951725176e-06,1.3797095951725176e-06,0,1,nan,nan,nan,nan,nan,nan,nan,nan
SG-006a,SG-006a,rectangular,default,E_x_1_2,exact,E_x,1,2,6,0.62721518987341773,1.4894250640696788e-06,1.4894250640696788e-06,0,1,nan,nan,nan,nan,nan,nan,nan,nan
SG-006a,SG-006a,rectangular,default,E_x_1_2,exact,E_x,1,2,7,0.67341772151898727,1.5991405329668395e-06,1.5991405329668395e-06,0,1,nan,nan,nan,nan,nan,nan,nan,nan
SG-006a,SG-006a,rectangular,default,E_x_1_2,exact,E_x,1,2,8,0.71962025316455691,1.7088560018640005e-06,1.7088560018640005e-06,0,1,nan,nan,nan,nan,nan,nan,nan,nan
SG-006a,SG-006a,rectangular,default,E_x_1_2,exact,E_x,1,2,9,0.76582278481012656,1.8185714707611615e-06,1.8185714707611615e-06,0,1,nan,nan,nan,nan,nan,nan,nan,nan
SG-006a,SG-006a,rectangular,default,E_x_1_2,exact,E_x,1,2,10,0.81202531645569609,1.9282869396583225e-06,1.9282869396583225e-06,0,1,nan,nan,nan,nan,nan,nan,nan,nan
SG-006a,SG-006a,rectangular,default,E_x_1_2,exact,E_x,1,2,11,0.85822784810126573,2.0380024085554834e-06,2.0380024085554834e-06,0,1,nan,nan,nan,nan,nan,nan,nan,nan
SG-006a,SG-006a,rectangular,default,E_x_1_2,exact,E_x,1,2,12,0.90443037974683538,2.1477178774526444e-06,2.1477178774526444e-06,0,1,nan,nan,nan,nan,nan,nan,nan,nan
SG-006a,SG-006a,rectangular,default,E_x_1_2,exact,E_x,1,2,13,0.95063291139240502,2.2574333463498054e-06,2.2574333463498054e-06,0,1,nan,nan,nan,nan,nan,nan,nan,nan
SG-006a,SG-006a,rectangular,default,E_x_1_2,exact,E_x,1,2,14,0.99683544303797456,2.3671488152469663e-06,2.3671488152469663e-06,0,1,nan,nan,nan,nan,nan,nan,nan,nan
SG-006a,SG-006a,rectangular,default,E_x_1_2,exact,E_x,1,2,15,1.0430379746835441,2.4768642841441269e-06,2.4768642841441269e-06,0,1,772484.28679966577,1320235.606149968,9299821.8037070855,-0.33682524752992576,9.3108908915171894e-07,9.3108908915171894e-07,1.1777164737963762e-05,1.1777164737963762e-05
SG-006a,SG-006a,rectangular,default,E_x_1_2,exact,E_x,1,2,16,1.089240506329114,2.5865797530412887e-06,2.5865797530412887e-06,0,1,753328.57275540242,1312391.1841876474,9302503.1604907885,-0.3083264676091157,9.1951240020670529e-07,9.1951240020670529e-07,5.9910152552751399e-06,5.9910152552751399e-06
SG-006a,SG-006a,rectangular,default,E_x_1_2,exact,E_x,1,2,17,1.1354430379746834,2.6962952219384492e-06,2.6962952219384492e-06,0,1,735007.01718401723,1300877.7344313641,9305585.4955266099,-0.27555574298068586,9.0909223812426261e-07,9.0909223812426261e-07,4.1541044404307389e-06,4.1541044404307389e-06
SG-006a,SG-006a,rectangular,default,E_x_1_2,exact,E_x,1,2,18,1.1816455696202532,2.8060106908356106e-06,2.8060106908356106e-06,0,1,717476.803699465,1286748.7463858584,9308917.4617477357,-0.24011878207272258,8.9967543810049664e-07,8.9967543810049664e-07,3.2528377584195591e-06,3.2528377584195591e-06
SG-006a,SG-006a,rectangular,default,E_x_1_2,exact,E_x,1,2,19,1.2278481012658227,2.9157261597327712e-06,2.9157261597327712e-06,0,1,700696.37763389293,1270774.1253263126,9312389.4526902251,-0.20317909798176267,8.9113381318679403e-07,8.9113381318679403e-07,2.7179844446587523e-06,2.7179844446587523e-06
SG-006a,SG-006a,rectangular,default,E_x_1_2,exact,E_x,1,2,20,1.2740506329113923,3.0254416286299322e-06,3.0254416286299322e-06,0,1,684625.76745896414,1253523.386455691,9315922.1920293085,-0.16557895255153551,8.8335936647486792e-07,8.8335936647486792e-07,2.3641857939320227e-06,2.3641857939320227e-06
SG-006a,SG-006a,rectangular,default,E_x_1_2,exact,E_x,1,2,21,1.320253164556962,3.1351570975270935e-06,3.1351570975270935e-06,0,1,669226.77945582406,1235421.7383882287,9319458.5816870965,-0.12792567217637785,8.762605486149849e-07,8.762605486149849e-07,2.1130511699772845e-06,2.1130511699772845e-06
SG-006a,SG-006a,rectangular,default,E_x_1_2,exact,E_x,1,2,22,1.3664556962025314,3.2448725664242541e-06,3.2448725664242541e-06,0,1,654463.10070571047,1216788.8273870866,9322957.8251306545,-0.090653835254640283,8.697593064367323e-07,8.697593064367323e-07,1.9257254525643722e-06,1.9257254525643722e-06
SG-006a,SG-006a,rectangular,default,E_x_1_2,exact,E_x,1,2,23,1.4126582278481012,3.3545880353214155e-06,3.3545880353214155e-06,0,1,640300.33648267109,1197866.0567168402,9326391.1562334802,-0.054070457709544599,8.6378873619519144e-07,8.6378873619519144e-07,1.7807562859384641e-06,1.7807562859384641e-06
SG-006a,SG-006a,rectangular,default,E_x_1_2,exact,E_x,1,2,24,1.4588607594936707,3.464303504218576e-06,3.464303504218576e-06,0,1,626706.00139088696,1178836.1878333939,9329738.7123048268,-0.018388074602018075,8.5829120317814941e-07,8.5829120317814941e-07,1.6653325764792974e-06,1.6653325764792974e-06
SG-006a,SG-006a,rectangular,default,E_x_1_2,exact,E_x,1,2,25,1.5050632911392405,3.5740189731157374e-06,3.5740189731157374e-06,1,1,613649.47854034696,1159837.6155747813,9332987.2298631817,0.016250876473871904,8.5321682411903881e-07,8.5321682411903881e-07,1.5713319465543138e-06,1.5713319465543138e-06
SG-006a,SG-006a,rectangular,default,E_x_1_2,exact,E_x,1,2,26,1.55126582278481,3.683734442012898e-06,3.683734442012898e-06,1,1,601101.95728460746,1140974.9001747002,9336128.3369458988,0.049755976707540825,8.4852223412539484e-07,8.4852223412539484e-07,1.4933558152206304e-06,1.4933558152206304e-06
SG-006a,SG-006a,rectangular,default,E_x_1_2,exact,E_x,1,2,27,1.5974683544303798,3.7934499109100598e-06,3.7934499109100598e-06,1,1,589036.35724656726,1122326.6262140484,9339157.281239938,0.082075353227948428,8.4416957841640105e-07,8.4416957841640105e-07,1.4276761753147735e-06,1.4276761753147735e-06
SG-006a,SG-006a,rectangular,default,E_x_1_2,exact,E_x,1,2,28,1.6436708860759492,3.9031653798072199e-06,3.9031653798072199e-06,1,1,577427.24424170027,1103951.3257153574,9342071.978841899,0.113185595213143,8.401256829472127e-07,8.401256829472127e-07,1.371635976722309e-06,1.371635976722309e-06
SG-006a,SG-006a,rectangular,default,E_x_1_2,exact,E_x,1,2,29,1.6898734177215187,4.0128808487043809e-06,4.0128808487043809e-06,1,1,566250.74216747005,1085891.9817319135,9344872.3004014026,0.14308417985844302,8.3636136833655498e-07,8.3636136833655498e-07,1.3232904612654876e-06,1.3232904612654876e-06
SG-006a,SG-006a,rectangular,default,E_x_1_2,exact,E_x,1,2,30,1.7360759493670885,4.1225963176015427e-06,4.1225963176015427e-06,1,1,555484.44375268463,1068179.4794254587,9347559.5340327937,0.17178376817908594,8.3285087931254648e-07,8.3285087931254648e-07,1.2811835791003439e-06,1.2811835791003439e-06
SG-006a,SG-006a,rectangular,default,E_x_1_2,exact,E_x,1,2,31,1.782278481012658,4.2323117864987028e-06,4.2323117864987028e-06,1,1,545107.32220295467,1050835.2689461801,9350135.9805418756,0.19930790124397835,8.2957140783543728e-07,8.2957140783543728e-07,1.2442036394007464e-06,1.2442036394007464e-06
SG-006a,SG-006a,rectangular,default,E_x_1_2,exact,E_x,1,2,32,1.8284810126582278,4.3420272553958646e-06,4.3420272553958646e-06,1,1,535099.64514521952,1033873.4327262328,9352604.6481540427,0.22568775026980586,8.2650269261583538e-07,8.2650269261583538e-07,1.211487263941813e-06,1.211487263941813e-06
SG-006a,SG-006a,rectangular,default,E_x_1_2,exact,E_x,1,2,33,1.8746835443037972,4.4517427242930248e-06,4.4517427242930248e-06,1,1,525442.89179602358,1017302.2990558131,9354969.0223752763,0.25095966310945989,8.2362668126639954e-07,8.2362668126639954e-07,1.1823537830949925e-06,1.1823537830949925e-06
SG-006a,SG-006a,rectangular,default,E_x_1_2,exact,E_x,1,2,34,1.9208860759493671,4.5614581931901866e-06,4.5614581931901866e-06,1,1,516119.67394191923,1001125.7074739009,9357232.8927845564,0.27516331473689698,8.2092724406741746e-07,8.2092724406741746e-07,1.1562593825530398e-06,1.1562593825530398e-06
SG-006a,SG-006a,rectangular,default,E_x_1_2,exact,E_x,1,2,35,1.9670886075949365,4.6711736620873467e-06,4.6711736620873467e-06,1,1,507113.66105777014,985344.00515661552,9359400.2230952159,0.29834031722801568,8.1838993046799933e-07,8.1838993046799933e-07,1.1327643954611553e-06,1.1327643954611553e-06
SG-006a,SG-006a,rectangular,default,E_x_1_2,exact,E_x,1,2,36,2.0132911392405064,4.7808891309845085e-06,4.7808891309845085e-06,1,1,498409.50971907598,969954.83421551227,9361475.0541785788,0.32053318015847088,8.1600176113747412e-07,8.1600176113747412e-07,1.1115095441038111e-06,1.1115095441038111e-06
SG-006a,SG-006a,rectangular,default,E_x_1_2,exact,E_x,1,2,37,2.0594936708860758,4.8906045998816695e-06,4.8906045998816695e-06,1,1,489992.79732787015,954953.75556562282,9363461.4322430026,0.34178453873508186,8.137510497175424e-07,8.137510497175424e-07,1.0921983990913101e-06,1.0921983990913101e-06
SG-006a,SG-006a,rectangular,default,E_x_1_2,exact,E_x,1,2,38,2.1056962025316452,5.0003200687788296e-06,5.0003200687788296e-06,1,1,481849.96008179919,940334.74441838462,9365363.3562298603,0.36213658671534071,8.1162724949199892e-07,8.1162724949199892e-07,1.0745842373138127e-06,1.0745842373138127e-06
SG-006a,SG-006a,rectangular,default,E_x_1_2,exact,E_x,1,2,39,2.1518987341772151,5.1100355376759914e-06,5.1100355376759914e-06,1,1,473968.23505583813,926090.58446186595,9367184.7398956213,0.38163066604834239,8.0962082104492057e-07,8.0962082104492057e-07,1.0584600635183971e-06,1.0584600635183971e-06
SG-006a,SG-006a,rectangular,default,E_x_1_2,exact,E_x,1,2,40,2.1981012658227845,5.2197510065731515e-06,5.2197510065731515e-06,1,1,466335.60622668266,912213.18176552095,9368929.3851102684,0.40030697639236457,8.0772311766546499e-07,8.0772311766546499e-07,1.0436509414390757e-06,1.0436509414390757e-06
SG-006a,SG-006a,rectangular,default,E_x_1_2,exact,E_x,1,2,41,2.2443037974683544,5.3294664754703134e-06,5.3294664754703134e-06,1,1,458940.75424218678,898693.8148347477,9370600.9637097251,0.41820437621042555,8.0592628581226229e-07,8.0592628581226229e-07,1.0300080341098911e-06,1.0300080341098911e-06
SG-006a,SG-006a,rectangular,default,E_x_1_2,exact,E_x,1,2,42,2.2905063291139238,5.4391819443674735e-06,5.4391819443674735e-06,1,1,451773.00972468476,885523.33371595759,9372203.0058537014,0.43536025364490427,8.0422317840180741e-07,8.0422317840180741e-07,1.0174039249598394e-06,1.0174039249598394e-06
SG-006a,SG-006a,rectangular,default,E_x_1_2,exact,E_x,1,2,43,2.3367088607594937,5.5488974132646353e-06,5.5488974132646353e-06,1,1,444822.30989732523,872692.31832724856,9373738.8933101017,0.45181045035176176,8.0260727905492055e-07,8.0260727905492055e-07,1.0057289097530312e-06,1.0057289097530312e-06
SG-006a,SG-006a,rectangular,default,E_x_1_2,exact,E_x,1,2,44,2.3829113924050631,5.6586128821617963e-06,5.6586128821617963e-06,1,1,438079.15831654076,860191.20407060534,9375211.8564484976,0.46758922530837926,8.0107263573552486e-07,8.0107263573552486e-07,9.9488803227768725e-07,9.9488803227768725e-07
SG-006a,SG-006a,rectangular,default,E_x_1_2,exact,E_x,1,2,45,2.429113924050633,5.7683283510589572e-06,5.7683283510589572e-06,1,1,431534.58750098606,848010.38114092848,9376624.9740016721,0.48272924854477256,7.9961380246502196e-07,7.9961380246502196e-07,9.8479869543496953e-07,9.8479869543496953e-07
SG-006a,SG-006a,rectangular,default,E_x_1_2,exact,E_x,1,2,46,2.4753164556962024,5.8780438199561182e-06,5.8780438199561182e-06,1,1,425180.12425570877,836140.27264321246,9377981.1748694777,0.49726161703587085,7.9822578800091224e-07,7.9822578800091224e-07,9.7538872155126161e-07,9.7538872155126161e-07
SG-006a,SG-006a,rectangular,default,E_x_1_2,exact,E_x,1,2,47,2.5215189873417723,5.9877592888532792e-06,5.9877592888532792e-06,1,1,419007.75750083849,824571.39562102221,9379283.2414040025,0.51121588674494256,7.9690401053864793e-07,7.9690401053864793e-07,9.6659476640072224e-07,9.6659476640072224e-07
SG-006a,SG-006a,rectangular,default,E_x_1_2,exact,E_x,1,2,48,2.5677215189873417,6.0974747577504401e-06,6.0974747577504401e-06,1,1,413009.90841859696,813294.40828726045,9380533.8137443438,0.52462011618561155,7.9564425763599086e-07,7.9564425763599086e-07,9.5836101394181353e-07,9.5836101394181353e-07
SG-006a,SG-006a,rectangular,default,E_x_1_2,exact,E_x,1,2,49,2.6139240506329111,6.2071902266476003e-06,6.2071902266476003e-06,1,1,407179.40274987242,802300.14610897214,9381735.3948688004,0.53750091793070465,7.9444265067880711e-07,7.9444265067880711e-07,9.5063809549200234e-07,9.5063809549200234e-07
SG-006a,SG-006a,rectangular,default,E_x_1_2,exact,E_x,1,2,50,2.660126582278481,6.3169056955447621e-06,6.3169056955447621e-06,1,1,401509.44507943257,791579.64889261452,9382890.3561096415,0.54988351532193702,7.9329561330553702e-07,7.9329561330553702e-07,9.4338218959967701e-07,9.4338218959967701e-07
SG-006a,SG-006a,rectangular,default,E_x_1_2,exact,E_x,1,2,51,2.7063291139240504,6.4266211644419231e-06,6.4266211644419231e-06,1,1,395993.59495786205,781124.18060167274,9384000.9429366514,0.56179180228679371,7.9219984329044799e-07,7.9219984329044799e-07,9.3655426834482995e-07,9.3655426834482995e-07
SG-006a,SG-006a,rectangular,default,E_x_1_2,exact,E_x,1,2,52,2.7525316455696203,6.536336633339084e-06,6.536336633339084e-06,1,1,390625.7447248667,770925.24331530882,9385069.2808621097,0.57324840466611238,7.9115228745717521e-07,7.9115228745717521e-07,9.301194630318644e-07,9.301194630318644e-07
SG-006a,SG-006a,rectangular,default,E_x_1_2,exact,E_x,1,2,53,2.7987341772151897,6.646052102236245e-06,6.646052102236245e-06,1,1,385400.09890038334,760974.58647411643,9386097.3813567683,0.58427474185162487,7.9015011925170301e-07,7.9015011925170301e-07,9.2404652779556783e-07,9.2404652779556783e-07
SG-006a,SG-006a,rectangular,default,E_x_1_2,exact,E_x,1,2,54,2.8449367088607596,6.7557675711334068e-06,6.7557675711334068e-06,1,1,380311.15502888709,751264.21233916702,9387087.1476951391,0.59489108784104083,7.8919071865612421e-07,7.8919071865612421e-07,9.1830738394151138e-07,9.1830738394151138e-07
SG-006a,SG-006a,rectangular,default,E_x_1_2,exact,E_x,1,2,55,2.891139240506329,6.8654830400305669e-06,6.8654830400305669e-06,1,1,375353.68586078763,741786.37842794531,9388040.3806701712,0.60511663105266111,7.8827165416525011e-07,7.8827165416525011e-07,9.1287673120639721e-07,9.1287673120639721e-07
SG-006a,SG-006a,rectangular,default,E_x_1_2,exact,E_x,1,2,56,2.9373417721518984,6.9751985089277271e-06,6.9751985089277271e-06,1,1,370522.72277525516,732533.59754397813,9388958.7841347326,0.61496953242800378,7.8739066658694205e-07,7.8739066658694205e-07,9.0773171475649006e-07,9.0773171475649006e-07
SG-006a,SG-006a,rectangular,default,E_x_1_2,exact,E_x,1,2,57,2.9835443037974683,7.0849139778248889e-06,7.0849139778248889e-06,1,1,365813.54034370615,723498.63590205484,9389843.9703412186,0.62446698150128899,7.865456544557623e-07,7.865456544557623e-07,9.0285163882620237e-07,9.0285163882620237e-07
SG-006a,SG-006a,rectangular,default,E_x_1_2,exact,E_x,1,2,58,3.0297468354430377,7.1946294467220498e-06,7.1946294467220498e-06,1,1,361221.64195498859,714674.50976836332,9390697.4650595021,0.63362525021078508,7.8573466087898568e-07,7.8573466087898568e-07,8.9821771956168824e-07,8.9821771956168824e-07
SG-006a,SG-006a,rectangular,default,E_x_1_2,exact,E_x,1,2,59,3.0759493670886076,7.3043449156192108e-06,7.3043449156192108e-06,1,1,356742.74641488004,706054.48094282066,9391520.7124631945,0.64245974433300512,7.8495586165418332e-07,7.8495586165418332e-07,8.9381287095038729e-07,8.9381287095038729e-07
SG-006a,SG-006a,rectangular,default,E_x_1_2,exact,E_x,1,2,60,3.122151898734177,7.4140603845163718e-06,7.4140603845163718e-06,1,1,352372.7754519186,697632.05136695551,9392315.0797782596,0.65098505246494298,7.8420755451978148e-07,7.8420755451978148e-07,8.8962151879281632e-07,8.8962151879281632e-07
SG-006a,SG-006a,rectangular,default,E_x_1_2,exact,E_x,1,2,61,3.1683544303797468,7.5237758534135336e-06,7.5237758534135336e-06,1,1,348107.84205947514,689400.95707272482,9393081.8616941795,0.6592149925470725,7.8348814941563631e-07,7.8348814941563631e-07,8.8562943852475597e-07,8.8562943852475597e-07
SG-006a,SG-006a,rectangular,default,E_x_1_2,exact,E_x,1,2,62,3.2145569620253163,7.6334913223106946e-06,7.6334913223106946e-06,1,1,343944.23961210542,681355.16166131757,9393822.2845399529,0.6671626559426338,7.8279615964596097e-07,7.8279615964596097e-07,8.818236134053371e-07,8.818236134053371e-07
SG-006a,SG-006a,rectangular,default,E_x_1_2,exact,E_x,1,2,63,3.2607594936708861,7.7432067912078555e-06,7.7432067912078555e-06,1,1,339878.43169962603,673488.84945408045,9394537.5102306493,0.67484044912668395,7.8213019384982989e-07,7.8213019384982989e-07,8.7819211015071605e-07,8.7819211015071605e-07
SG-006a,SG-006a,rectangular,default,E_x_1_2,exact,E_x,1,2,64,3.3069620253164556,7.8529222601050165e-06,7.8529222601050165e-06,1,1,335907.04262552271,665796.41843874403,9395228.6399913114,0.68226013305069555,7.8148894869538566e-07,7.8148894869538566e-07,8.7472396956540379e-07,8.7472396956540379e-07
SG-006a,SG-006a,rectangular,default,E_x_1_2,exact,E_x,1,2,65,3.353164556962025,7.9626377290021758e-06,7.9626377290021758e-06,1,1,332026.84852051013,658272.47310434887,9395896.7178667337,0.68943286026760375,7.8087120222359864e-07,7.8087120222359864e-07,8.7140911010519053e-07,8.7140911010519053e-07
SG-006a,SG-006a,rectangular,default,E_x_1_2,exact,E_x,1,2,66,3.3993670886075948,8.0723531978993384e-06,8.0723531978993384e-06,1,1,328234.76902837586,650911.81724639423,9396542.7340258583,0.69636920990531759,7.8027580777627815e-07,7.8027580777627815e-07,8.6823824262722962e-07,8.6823824262722962e-07
SG-006a,SG-006a,rectangular,default,E_x_1_2,exact,E_x,1,2,67,3.4455696202531643,8.1820686667964977e-06,8.1820686667964977e-06,1,1,324527.859520945,643709.44679905614,9397167.6278706808,0.70307922058959138,7.7970168844981855e-07,7.7970168844981855e-07,8.6520279484293465e-07,8.6520279484293465e-07
SG-006a,SG-006a,rectangular,default,E_x_1_2,exact,E_x,1,2,68,3.4917721518987341,8.2917841356936604e-06,8.2917841356936604e-06,1,1,320903.30380561459,636660.54274607101,9397772.2909592353,0.7095724214142265,7.791478320231842e-07,7.791478320231842e-07,8.6229484421291097e-07,8.6229484421291097e-07
SG-006a,SG-006a,rectangular,default,E_x_1_2,exact,E_x,1,2,69,3.5379746835443036,8.4014996045908214e-06,8.4014996045908214e-06,1,1,317358.4072889128,629760.46414937917,9398357.5697523691,0.71585786105846483,7.7861328631385193e-07,7.7861328631385193e-07,8.5950705820615794e-07,8.5950705820615794e-07
SG-006a,SG-006a,rectangular,default,E_x_1_2,exact,E_x,1,2,70,3.5841772151898734,8.5112150734879823e-06,8.5112150734879823e-06,1,1,313890.59056600195,623004.74132186244,9398924.2681941465,0.72194413515346278,7.7809715492100387e-07,7.7809715492100387e-07,8.5683264099851412e-07,8.5683264099851412e-07
SG-006a,SG-006a,rectangular,default,E_x_1_2,exact,E_x,1,2,71,3.6303797468354428,8.6209305423851433e-06,8.6209305423851433e-06,1,1,310497.38340378366,616389.06916927849,9399473.1501351874,0.72783941199420699,7.7759859331893221e-07,7.7759859331893221e-07,8.5426528581775915e-07,8.5426528581775915e-07
SG-006a,SG-006a,rectangular,default,E_x_1_2,exact,E_x,1,2,72,3.6765822784810127,8.7306460112823043e-06,8.7306460112823043e-06,1,1,307176.41909294866,609909.30071629328,9400004.9416081309,0.73355145669245836,7.7711680526830702e-07,7.7711680526830702e-07,8.5179913225071039e-07,8.5179913225071039e-07
SG-006a,SG-006a,rectangular,default,E_x_1_2,exact,E_x,1,2,73,3.7227848101265821,8.8403614801794652e-06,8.8403614801794652e-06,1,1,303925.42913963366,603561.44082954037,9400520.3329640385,0.73908765386244424,7.766510395153814e-07,7.766510395153814e-07,8.4942872792178444e-07,8.4942872792178444e-07
SG-006a,SG-006a,rectangular,default,E_x_1_2,exact,E_x,1,2,74,3.7689873417721516,8.9500769490766245e-06,8.9500769490766245e-06,1,1,300742.2382787941,597341.640144028,9401019.9808781054,0.74445502892682158,7.7620058675362817e-07,7.7620058675362817e-07,8.4714899403043566e-07,8.4714899403043566e-07
SG-006a,SG-006a,rectangular,default,E_x_1_2,exact,E_x,1,2,75,3.8151898734177214,9.0597924179737872e-06,9.0597924179737872e-06,1,1,297624.75978146342,591246.18919845391,9401504.5102327969,0.74966026812755404,7.7576477682328645e-07,7.7576477682328645e-07,8.4495519430315918e-07,8.4495519430315918e-07
SG-006a,SG-006a,rectangular,default,E_x_1_2,exact,E_x,1,2,76,3.8613924050632908,9.1695078868709481e-06,9.1695078868709481e-06,1,1,294570.99104026053,585271.51278153691,9401974.5158859175,0.75470973732047597,7.7534297612821046e-07,7.7534297612821046e-07,8.428429069729121e-07,8.428429069729121e-07
SG-006a,SG-006a,rectangular,default,E_x_1_2,exact,E_x,1,2,77,3.9075949367088607,9.2792233557681091e-06,9.2792233557681091e-06,1,1,291579.00941389042,579414.16448876448,9402430.5643308666,0.75960949962945434,7.7493458525077774e-07,7.7493458525077774e-07,8.4080799944788219e-07,8.4080799944788219e-07
SG-006a,SG-006a,rectangular,default,E_x_1_2,exact,E_x,1,2,78,3.9537974683544301,9.3889388246652701e-06,9.3889388246652701e-06,1,1,288646.96831063728,573670.82148804981,9402873.1952559352,0.76436533203212953,7.7453903674722546e-07,7.7453903674722546e-07,8.3884660537416822e-07,8.3884660537416822e-07
SG-006a,SG-006a,rectangular,default,E_x_1_2,exact,E_x,1,2,79,4,9.498654293562431e-06,9.498654293562431e-06,1,1,285773.09349866572,568038.27949219313,9403302.923008915,0.76898274094313734,7.7415579310836651e-07,7.7415579310836651e-07,8.3695510383362883e-07,8.3695510383362883e-07
SG-006a,SG-006a,rectangular,default,E_y_2_2,exact,E_y,2,2,0,0.34999999999999998,8.3113225068671265e-07,8.3113225068671265e-07,0,1,nan,nan,nan,nan,nan,nan,nan,nan
SG-006a,SG-006a,rectangular,default,E_y_2_2,exact,E_y,2,2,1,0.39620253164556962,9.4084771958387373e-07,9.4084771958387373e-07,0,1,nan,nan,nan,nan,nan,nan,nan,nan
SG-006a,SG-006a,rectangular,default,E_y_2_2,exact,E_y,2,2,2,0.44240506329113921,1.0505631884810347e-06,1.0505631884810347e-06,0,1,nan,nan,nan,nan,nan,nan,nan,nan
SG-006a,SG-006a,rectangular,default,E_y_2_2,exact,E_y,2,2,3,0.4886075949367088,1.1602786573781955e-06,1.1602786573781955e-06,0,1,nan,nan,nan,nan,nan,nan,nan,nan
SG-006a,SG-006a,rectangular,default,E_y_2_2,exact,E_y,2,2,4,0.53481012658227844,1.2699941262753566e-06,1.2699941262753566e-06,0,1,nan,nan,nan,nan,nan,nan,nan,nan
SG-006a,SG-006a,rectangular,default,E_y_2_2,exact,E_y,2,2,5,0.58101265822784809,1.3797095951725176e-06,1.3797095951725176e-06,0,1,nan,nan,nan,nan,nan,nan,nan,nan
SG-006a,SG-006a,rectangular,default,E_y_2_2,exact,E_y,2,2,6,0.62721518987341773,1.4894250640696788e-06,1.4894250640696788e-06,0,1,nan,nan,nan,nan,nan,nan,nan,nan
SG-006a,SG-006a,rectangular,default,E_y_2_2,exact,E_y,2,2,7,0.67341772151898727,1.5991405329668395e-06,1.5991405329668395e-06,0,1,nan,nan,nan,nan,nan,nan,nan,nan
SG-006a,SG-006a,rectangular,default,E_y_2_2,exact,E_y,2,2,8,0.71962025316455691,1.7088560018640005e-06,1.7088560018640005e-06,0,1,nan,nan,nan,nan,nan,nan,nan,nan
SG-006a,SG-006a,rectangular,default,E_y_2_2,exact,E_y,2,2,9,0.76582278481012656,1.8185714707611615e-06,1.8185714707611615e-06,0,1,nan,nan,nan,nan,nan,nan,nan,nan
SG-006a,SG-006a,rectangular,default,E_y_2_2,exact,E_y,2,2,10,0.81202531645569609,1.9282869396583225e-06,1.9282869396583225e-06,0,1,nan,nan,nan,nan,nan,nan,nan,nan
SG-006a,SG-006a,rectangular,default,E_y_2_2,exact,E_y,2,2,11,0.85822784810126573,2.0380024085554834e-06,2.0380024085554834e-06,0,1,nan,nan,nan,nan,nan,nan,nan,nan
SG-006a,SG-006a,rectangular,default,E_y_2_2,exact,E_y,2,2,12,0.90443037974683538,2.1477178774526444e-06,2.1477178774526444e-06,0,1,nan,nan,nan,nan,nan,nan,nan,nan
SG-006a,SG-006a,rectangular,default,E_y_2_2,exact,E_y,2,2,13,0.95063291139240502,2.2574333463498054e-06,2.2574333463498054e-06,0,1,nan,nan,nan,nan,nan,nan,nan,nan
SG-006a,SG-006a,rectangular,default,E_y_2_2,exact,E_y,2,2,14,0.99683544303797456,2.3671488152469663e-06,2.3671488152469663e-06,0,1,nan,nan,nan,nan,nan,nan,nan,nan
SG-006a,SG-006a,rectangular,default,E_y_2_2,exact,E_y,2,2,15,1.0430379746835441,2.4768642841441269e-06,2.4768642841441269e-06,0,1,1320235.606149968,1320331.9725478904,9237972.7774185333,-0.99190679682215788,1.1777164737963762e-05,1.1777164737963762e-05,1.1990666521016206e-05,1.1990666521016206e-05
SG-006a,SG-006a,rectangular,default,E_y_2_2,exact,E_y,2,2,16,1.089240506329114,2.5865797530412887e-06,2.5865797530412887e-06,0,1,1312391.1841876474,1312728.748243886,9240173.8199562486,-0.96866919640635885,5.9910152552751399e-06,5.9910152552751399e-06,6.0886244180325192e-06,6.0886244180325192e-06
SG-006a,SG-006a,rectangular,default,E_y_2_2,exact,E_y,2,2,17,1.1354430379746834,2.6962952219384492e-06,2.6962952219384492e-06,0,1,1300877.7344313641,1301518.2461792175,9243387.2030077577,-0.93473382710920883,4.1541044404307389e-06,4.1541044404307389e-06,4.2151701926608731e-06,4.2151701926608731e-06
SG-006a,SG-006a,rectangular,default,E_y_2_2,exact,E_y,2,2,18,1.1816455696202532,2.8060106908356106e-06,2.8060106908356106e-06,0,1,1286748.7463858584,1287706.9341945304,9247298.4230588134,-0.89341293389322429,3.2528377584195591e-06,3.2528377584195591e-06,3.2961388070904385e-06,3.2961388070904385e-06
SG-006a,SG-006a,rectangular,default,E_y_2_2,exact,E_y,2,2,19,1.2278481012658227,2.9157261597327712e-06,2.9157261597327712e-06,0,1,1270774.1253263126,1272038.9471186921,9251674.9645249955,-0.84715533238206264,2.7179844446587523e-06,2.7179844446587523e-06,2.7508604638036611e-06,2.7508604638036611e-06
SG-006a,SG-006a,rectangular,default,E_y_2_2,exact,E_y,2,2,20,1.2740506329113923,3.0254416286299322e-06,3.0254416286299322e-06,0,1,1253523.386455691,1255070.4663622966,9256344.6810216643,-0.79777489844527472,2.3641857939320227e-06,2.3641857939320227e-06,2.3902530185432232e-06,2.3902530185432232e-06
SG-006a,SG-006a,rectangular,default,E_y_2_2,exact,E_y,2,2,21,1.320253164556962,3.1351570975270935e-06,3.1351570975270935e-06,0,1,1235421.7383882287,1237220.6560293543,9261180.150845591,-0.74661542705815365,2.1130511699772845e-06,2.1130511699772845e-06,2.1343522338820363e-06,2.1343522338820363e-06
SG-006a,SG-006a,rectangular,default,E_y_2_2,exact,E_y,2,2,22,1.3664556962025314,3.2448725664242541e-06,3.2448725664242541e-06,0,1,1216788.8273870866,1218807.3509261734,9266087.2648965772,-0.69467064155344038,1.9257254525643722e-06,1.9257254525643722e-06,1.9435238491290308e-06,1.9435238491290308e-06
SG-006a,SG-006a,rectangular,default,E_y_2_2,exact,E_y,2,2,23,1.4126582278481012,3.3545880353214155e-06,3.3545880353214155e-06,0,1,1197866.0567168402,1200072.5421363553,9270996.8403392471,-0.64267226392407051,1.7807562859384641e-06,1.7807562859384641e-06,1.7958859786587428e-06,1.7958859786587428e-06
SG-006a,SG-006a,rectangular,default,E_y_2_2,exact,E_y,2,2,24,1.4588607594936707,3.464303504218576e-06,3.464303504218576e-06,0,1,1178836.1878333939,1181200.8728697554,9275858.4158012271,-0.59115512340996201,1.6653325764792974e-06,1.6653325764792974e-06,1.6783715213004151e-06,1.6783715213004151e-06
SG-006a,SG-006a,rectangular,default,E_y_2_2,exact,E_y,2,2,25,1.5050632911392405,3.5740189731157374e-06,3.5740189731157374e-06,0,1,1159837.6155747813,1162333.248684173,9280635.6320192516,-0.54050561203778558,1.5713319465543138e-06,1.5713319465543138e-06,1.5826961850467691e-06,1.5826961850467691e-06
SG-006a,SG-006a,rectangular,default,E_y_2_2,exact,E_y,2,2,26,1.55126582278481,3.683734442012898e-06,3.683734442012898e-06,0,1,1140974.9001747002,1143576.9734849469,9285302.7733451221,-0.4909979642493118,1.4933558152206304e-06,1.4933558152206304e-06,1.5033540886551711e-06,1.5033540886551711e-06
SG-006a,SG-006a,rectangular,default,E_y_2_2,exact,E_y,2,2,27,1.5974683544303798,3.7934499109100598e-06,3.7934499109100598e-06,0,1,1122326.6262140484,1125013.3777349461,9289842.1651722733,-0.44282156715187065,1.4276761753147735e-06,1.4276761753147735e-06,1.4365433833274132e-06,1.4365433833274132e-06
SG-006a,SG-006a,rectangular,default,E_y_2_2,exact,E_y,2,2,28,1.6436708860759492,3.9031653798072199e-06,3.9031653798072199e-06,0,1,1103951.3257153574,1106703.6125617479,9294242.2065598406,-0.39610161757713896,1.371635976722309e-06,1.371635976722309e-06,1.3795545966629006e-06,1.3795545966629006e-06
SG-006a,SG-006a,rectangular,default,E_y_2_2,exact,E_y,2,2,29,1.6898734177215187,4.0128808487043809e-06,4.0128808487043809e-06,0,1,1085891.9817319135,1088693.0867920103,9298495.8771075383,-0.35091481237373895,1.3232904612654876e-06,1.3232904612654876e-06,1.3304047699718621e-06,1.3304047699718621e-06
SG-006a,SG-006a,rectangular,default,E_y_2_2,exact,E_y,2,2,30,1.7360759493670885,4.1225963176015427e-06,4.1225963176015427e-06,0,1,1068179.4794254587,1071014.8894287343,9302599.5999054257,-0.30730130897434432,1.2811835791003439e-06,1.2811835791003439e-06,1.2876093909962665e-06,1.2876093909962665e-06
SG-006a,SG-006a,rectangular,default,E_y_2_2,exact,E_y,2,2,31,1.782278481012658,4.2323117864987028e-06,4.2323117864987028e-06,0,1,1050835.2689461801,1053692.4465503134,9306552.3732167277,-0.26527386997235519,1.2442036394007464e-06,1.2442036394007464e-06,1.2500351523484606e-06,1.2500351523484606e-06
SG-006a,SG-006a,rectangular,default,E_y_2_2,exact,E_y,2,2,32,1.8284810126582278,4.3420272553958646e-06,4.3420272553958646e-06,0,1,1033873.4327262328,1036741.595662789,9310355.1059414335,-0.22482487103591872,1.211487263941813e-06,1.211487263941813e-06,1.2168019826997845e-06,1.2168019826997845e-06
SG-006a,SG-006a,rectangular,default,E_y_2_2,exact,E_y,2,2,33,1.8746835443037972,4.4517427242930248e-06,4.4517427242930248e-06,0,1,1017302.2990558131,1020172.2133946065,9314010.1082808338,-0.18593168025649195,1.1823537830949925e-06,1.1823537830949925e-06,1.1872161313406633e-06,1.1872161313406633e-06
SG-006a,SG-006a,rectangular,default,E_y_2_2,exact,E_y,2,2,34,1.9208860759493671,4.5614581931901866e-06,4.5614581931901866e-06,0,1,1001125.7074739009,1003989.4983666496,9317520.7010668144,-0.14856079115796669,1.1562593825530398e-06,1.1562593825530398e-06,1.1607233996243849e-06,1.1607233996243849e-06
SG-006a,SG-006a,rectangular,default,E_y_2_2,exact,E_y,2,2,35,1.9670886075949365,4.6711736620873467e-06,4.6711736620873467e-06,0,1,985344.00515661552,988194.98617979442,9320890.9161407575,-0.11267099839070085,1.1327643954611553e-06,1.1327643954611553e-06,1.1368757813112298e-06,1.1368757813112298e-06
SG-006a,SG-006a,rectangular,default,E_y_2_2,exact,E_y,2,2,36,2.0132911392405064,4.7808891309845085e-06,4.7808891309845085e-06,0,1,969954.83421551227,972787.35509552411,9324125.2668093462,-0.078215835746081722,1.1115095441038111e-06,1.1115095441038111e-06,1.1153072316976373e-06,1.1153072316976373e-06
SG-006a,SG-006a,rectangular,default,E_y_2_2,exact,E_y,2,2,37,2.0594936708860758,4.8906045998816695e-06,4.8906045998816695e-06,0,1,954953.75556562282,957763.06733483262,9327228.5723780114,-0.045145444167850851,1.0921983990913101e-06,1.0921983990913101e-06,1.0957157786577361e-06,1.0957157786577361e-06
SG-006a,SG-006a,rectangular,default,E_y_2_2,exact,E_y,2,2,38,2.1056962025316452,5.0003200687788296e-06,5.0003200687788296e-06,0,1,940334.74441838462,943116.88065410277,9330205.824507257,-0.013407998304576077,1.0745842373138127e-06,1.0745842373138127e-06,1.0778501203566498e-06,1.0778501203566498e-06
SG-006a,SG-006a,rectangular,default,E_y_2_2,exact,E_y,2,2,39,2.1518987341772151,5.1100355376759914e-06,5.1100355376759914e-06,1,1,926090.58446186595,928842.25711221527,9333062.0859703943,0.017049209475732532,1.0584600635183971e-06,1.0584600635183971e-06,1.0614994497404088e-06,1.0614994497404088e-06
SG-006a,SG-006a,rectangular,default,E_y_2_2,exact,E_y,2,2,40,2.1981012658227845,5.2197510065731515e-06,5.2197510065731515e-06,1,1,912213.18176552095,914931.69003559207,9335802.4145429563,0.046278951197795369,1.0436509414390757e-06,1.0436509414390757e-06,1.0464856346080249e-06,1.0464856346080249e-06
SG-006a,SG-006a,rectangular,default,E_y_2_2,exact,E_y,2,2,41,2.2443037974683544,5.3294664754703134e-06,5.3294664754703134e-06,1,1,898693.8148347477,901376.96567187551,9338431.8063975908,0.074333452313160797,1.0300080341098911e-06,1.0300080341098911e-06,1.0326571408858781e-06,1.0326571408858781e-06
SG-006a,SG-006a,rectangular,default,E_y_2_2,exact,E_y,2,2,42,2.2905063291139238,5.4391819443674735e-06,5.4391819443674735e-06,1,1,885523.33371595759,888169.37252423563,9340955.1546380278,0.10126394165083841,1.0174039249598394e-06,1.0174039249598394e-06,1.0198842621236995e-06,1.0198842621236995e-06
SG-006a,SG-006a,rectangular,default,E_y_2_2,exact,E_y,2,2,43,2.3367088607594937,5.5488974132646353e-06,5.5488974132646353e-06,1,1,872692.31832724856,875299.86866550159,9343377.2195738219,0.1271203264313415,1.0057289097530312e-06,1.0057289097530312e-06,1.0080553390872201e-06,1.0080553390872201e-06
SG-006a,SG-006a,rectangular,default,E_y_2_2,exact,E_y,2,2,44,2.3829113924050631,5.6586128821617963e-06,5.6586128821617963e-06,1,1,860191.20407060534,862759.21521209809,9345702.6080873366,0.15195096436159503,9.9488803227768725e-07,9.9488803227768725e-07,9.9707373781607821e-07,9.9707373781607821e-07
SG-006a,SG-006a,rectangular,default,E_y_2_2,exact,E_y,2,2,45,2.429113924050633,5.7683283510589572e-06,5.7683283510589572e-06,1,1,848010.38114092848,850538.08249568986,9347935.760022426,0.17580251090183388,9.8479869543496953e-07,9.8479869543496953e-07,9.8685541444100715e-07,9.8685541444100715e-07
SG-006a,SG-006a,rectangular,default,E_y_2_2,exact,E_y,2,2,46,2.4753164556962024,5.8780438199561182e-06,5.8780438199561182e-06,1,1,836140.27264321246,838627.13416130096,9350080.9399767667,0.19871982455594123,9.7538872155126161e-07,9.7538872155126161e-07,9.7732693807279935e-07,9.7732693807279935e-07
SG-006a,SG-006a,rectangular,default,E_y_2_2,exact,E_y,2,2,47,2.5215189873417723,5.9877592888532792e-06,5.9877592888532792e-06,1,1,824571.39562102221,827017.09340201411,9352142.2332291733,0.22074591671644853,9.6659476640072224e-07,9.6659476640072224e-07,9.684238743507806e-07,9.684238743507806e-07
SG-006a,SG-006a,rectangular,default,E_y_2_2,exact,E_y,2,2,48,2.5677215189873417,6.0974747577504401e-06,6.0974747577504401e-06,1,1,813294.40828726045,815698.79471552535,9354123.5448091328,0.24192193550536303,9.5836101394181353e-07,9.5836101394181353e-07,9.6008945520374604e-07,9.6008945520374604e-07
SG-006a,SG-006a,rectangular,default,E_y_2_2,exact,E_y,2,2,49,2.6139240506329111,6.2071902266476003e-06,6.2071902266476003e-06,1,1,802300.14610897214,804663.22392681823,9356028.6009298563,0.26228717531219037,9.5063809549200234e-07,9.5063809549200234e-07,9.5227347743715053e-07,9.5227347743715053e-07
SG-006a,SG-006a,rectangular,default,E_y_2_2,exact,E_y,2,2,50,2.660126582278481,6.3169056955447621e-06,6.3169056955447621e-06,1,1,791579.64889261452,793901.54869059543,9357860.9521754477,0.28187910552090661,9.4338218959967701e-07,9.4338218959967701e-07,9.4493138553346619e-07,9.4493138553346619e-07
SG-006a,SG-006a,rectangular,default,E_y_2_2,exact,E_y,2,2,51,2.7063291139240504,6.4266211644419231e-06,6.4266211644419231e-06,1,1,781124.18060167274,783405.14128192561,9359623.9779649619,0.30073341331727965,9.3655426834482995e-07,9.3655426834482995e-07,9.3802350372784544e-07,9.3802350372784544e-07
SG-006a,SG-006a,rectangular,default,E_y_2_2,exact,E_y,2,2,52,2.7525316455696203,6.536336633339084e-06,6.536336633339084e-06,1,1,770925.24331530882,773165.59513761825,9361320.8919211291,0.31888405658178365,9.301194630318644e-07,9.301194630318644e-07,9.3151438978599564e-07,9.3151438978599564e-07
SG-006a,SG-006a,rectangular,default,E_y_2_2,exact,E_y,2,2,53,2.7987341772151897,6.646052102236245e-06,6.646052102236245e-06,1,1,760974.58647411643,763174.73634464806,9362954.7478533778,0.33636332374262712,9.2404652779556783e-07,9.2404652779556783e-07,9.2537228858267377e-07,9.2537228858267377e-07
SG-006a,SG-006a,rectangular,default,E_y_2_2,exact,E_y,2,2,54,2.8449367088607596,6.7557675711334068e-06,6.7557675711334068e-06,1,1,751264.21233916702,753424.63105173712,9364528.4461304955,0.35320189816297504,9.1830738394151138e-07,9.1830738394151138e-07,9.1956866796860907e-07,9.1956866796860907e-07
SG-006a,SG-006a,rectangular,default,E_y_2_2,exact,E_y,2,2,55,2.891139240506329,6.8654830400305669e-06,6.8654830400305669e-06,1,1,741786.37842794531,743907.58960214281,9366044.7402687203,0.36942892517411569,9.1287673120639721e-07,9.1287673120639721e-07,9.1407782283822325e-07,9.1407782283822325e-07
SG-006a,SG-006a,rectangular,default,E_y_2_2,exact,E_y,2,2,56,2.9373417721518984,6.9751985089277271e-06,6.9751985089277271e-06,1,1,732533.59754397813,734616.16803769371,9367506.243602464,0.38507208030867329,9.0773171475649006e-07,9.0773171475649006e-07,9.0887653599808889e-07,9.0887653599808889e-07
SG-006a,SG-006a,rectangular,default,E_y_2_2,exact,E_y,2,2,57,2.9835443037974683,7.0849139778248889e-06,7.0849139778248889e-06,1,1,723498.63590205484,725543.1675098089,9368915.4359366465,0.4001576376281657,9.0285163882620237e-07,9.0285163882620237e-07,9.0394378656388026e-07,9.0394378656388026e-07
SG-006a,SG-006a,rectangular,default,E_y_2_2,exact,E_y,2,2,58,3.0297468354430377,7.1946294467220498e-06,7.1946294467220498e-06,1,1,714674.50976836332,716681.63203668047,9370274.6701040119,0.41471053730083962,8.9821771956168824e-07,8.9821771956168824e-07,8.9926049830319383e-07,8.9926049830319383e-07
SG-006a,SG-006a,rectangular,default,E_y_2_2,exact,E_y,2,2,59,3.0759493670886076,7.3043449156192108e-06,7.3043449156192108e-06,1,1,706054.48094282066,708024.84496036917,9371586.1783725638,0.42875445181992738,8.9381287095038729e-07,8.9381287095038729e-07,8.9480932168944387e-07,8.9480932168944387e-07
SG-006a,SG-006a,rectangular,default,E_y_2_2,exact,E_y,2,2,60,3.122151898734177,7.4140603845163718e-06,7.4140603845163718e-06,1,1,697632.05136695551,699566.32440010668,9372852.0786618162,0.44231185039846649,8.8962151879281632e-07,8.8962151879281632e-07,8.9057444452259131e-07,8.9057444452259131e-07
SG-006a,SG-006a,rectangular,default,E_y_2_2,exact,E_y,2,2,61,3.1683544303797468,7.5237758534135336e-06,7.5237758534135336e-06,1,1,689400.95707272482,691299.81794335111,9374074.3805403505,0.45540406122637506,8.8562943852475597e-07,8.8562943852475597e-07,8.865414268493475e-07,8.865414268493475e-07
SG-006a,SG-006a,rectangular,default,E_y_2_2,exact,E_y,2,2,62,3.2145569620253163,7.6334913223106946e-06,7.6334913223106946e-06,1,1,681355.16166131757,683219.29676531139,9375254.9909860734,0.46805133137183114,8.818236134053371e-07,8.818236134053371e-07,8.826970566250893e-07,8.826970566250893e-07
SG-006a,SG-006a,rectangular,default,E_y_2_2,exact,E_y,2,2,63,3.2607594936708861,7.7432067912078555e-06,7.7432067912078555e-06,1,1,673488.84945408045,675318.94934358518,9376395.7198980656,0.48027288419090119,8.7819211015071605e-07,8.7819211015071605e-07,8.7902922314756224e-07,8.7902922314756224e-07
SG-006a,SG-006a,rectangular,default,E_y_2_2,exact,E_y,2,2,64,3.3069620253164556,7.8529222601050165e-06,7.8529222601050165e-06,1,1,665796.41843874403,667593.17489184137,9377498.2853550147,0.49208697417607017,8.7472396956540379e-07,8.7472396956540379e-07,8.7552680576289882e-07,8.7552680576289882e-07
SG-006a,SG-006a,rectangular,default,E_y_2_2,exact,E_y,2,2,65,3.353164556962025,7.9626377290021758e-06,7.9626377290021758e-06,1,1,658272.47310434887,660036.57662294758,9378564.3186191991,0.50351093921818602,8.7140911010519053e-07,8.7140911010519053e-07,8.7217957574241687e-07,8.7217957574241687e-07
SG-006a,SG-006a,rectangular,default,E_y_2_2,exact,E_y,2,2,66,3.3993670886075948,8.0723531978993384e-06,8.0723531978993384e-06,1,1,650911.81724639423,652643.95492440881,9379595.368888462,0.51456125029474453,8.6823824262722962e-07,8.6823824262722962e-07,8.6897810954962852e-07,8.6897810954962852e-07
SG-006a,SG-006a,rectangular,default,E_y_2_2,exact,E_y,2,2,67,3.4455696202531643,8.1820686667964977e-06,8.1820686667964977e-06,1,1,643709.44679905614,645410.30051651434,9380592.9078013562,0.52525355862815304,8.6520279484293465e-07,8.6520279484293465e-07,8.6591371198815035e-07,8.6591371198815035e-07
SG-006a,SG-006a,rectangular,default,E_y_2_2,exact,E_y,2,2,68,3.4917721518987341,8.2917841356936604e-06,8.2917841356936604e-06,1,1,636660.54274607101,638330.7876449218,9381558.3337023035,0.5356027403763105,8.6229484421291097e-07,8.6229484421291097e-07,8.6297834794338861e-07,8.6297834794338861e-07
SG-006a,SG-006a,rectangular,default,E_y_2_2,exact,E_y,2,2,69,3.5379746835443036,8.4014996045908214e-06,8.4014996045908214e-06,1,1,629760.46414937917,631400.76735581853,9382492.9756744877,0.54562293892836367,8.5950705820615794e-07,8.5950705820615794e-07,8.6016458162175383e-07,8.6016458162175383e-07
SG-006a,SG-006a,rectangular,default,E_y_2_2,exact,E_y,2,2,70,3.5841772151898734,8.5112150734879823e-06,8.5112150734879823e-06,1,1,623004.74132186244,624615.76088312757,9383398.0973499753,0.55532760489835609,8.5683264099851412e-07,8.5683264099851412e-07,8.5746552234451172e-07,8.5746552234451172e-07
SG-006a,SG-006a,rectangular,default,E_y_2_2,exact,E_y,2,2,71,3.6303797468354428,8.6209305423851433e-06,8.6209305423851433e-06,1,1,616389.06916927849,617971.45317724743,9384274.9005062133,0.56472953390682257,8.5426528581775915e-07,8.5426528581775915e-07,8.5487477608911384e-07,8.5487477608911384e-07
SG-006a,SG-006a,rectangular,default,E_y_2_2,exact,E_y,2,2,72,3.6765822784810127,8.7306460112823043e-06,8.7306460112823043e-06,1,1,609909.30071629328,611463.6865938222,9385124.5284589119,0.5738409022500558,8.5179913225071039e-07,8.5179913225071039e-07,8.5238640208073949e-07,8.5238640208073949e-07
SG-006a,SG-006a,rectangular,default,E_y_2_2,exact,E_y,2,2,73,3.7227848101265821,8.8403614801794652e-06,8.8403614801794652e-06,1,1,603561.44082954037,605088.45475742361,9385948.0692611597,0.58267330055611355,8.4942872792178444e-07,8.4942872792178444e-07,8.4999487383221617e-07,8.4999487383221617e-07
SG-006a,SG-006a,rectangular,default,E_y_2_2,exact,E_y,2,2,74,3.7689873417721516,8.9500769490766245e-06,8.9500769490766245e-06,1,1,597341.640144028,598841.89661129354,9386746.5587186962,0.59123776552771223,8.4714899403043566e-07,8.4714899403043566e-07,8.4769504411117167e-07,8.4769504411117167e-07
SG-006a,SG-006a,rectangular,default,E_y_2_2,exact,E_y,2,2,75,3.8151898734177214,9.0597924179737872e-06,9.0597924179737872e-06,1,1,591246.18919845391,592720.29065899109,9387520.9832310732,0.59954480987115633,8.4495519430315918e-07,8.4495519430315918e-07,8.4548211338119512e-07,8.4548211338119512e-07
SG-006a,SG-006a,rectangular,default,E_y_2_2,exact,E_y,2,2,76,3.8613924050632908,9.1695078868709481e-06,9.1695078868709481e-06,1,1,585271.51278153691,586720.04940217035,9388272.2824681737,0.60760445050753886,8.428429069729121e-07,8.428429069729121e-07,8.4335160132288084e-07,8.4335160132288084e-07
SG-006a,SG-006a,rectangular,default,E_y_2_2,exact,E_y,2,2,77,3.9075949367088607,9.2792233557681091e-06,9.2792233557681091e-06,1,1,579414.16448876448,580837.71397779509,9389001.3518912159,0.61542623515997086,8.4080799944788219e-07,8.4080799944788219e-07,8.4129932109133066e-07,8.4129932109133066e-07
SG-006a,SG-006a,rectangular,default,E_y_2_2,exact,E_y,2,2,78,3.9537974683544301,9.3889388246652701e-06,9.3889388246652701e-06,1,1,573670.82148804981,575069.94899207726,9389709.0451272093,0.62301926740862812,8.3884660537416822e-07,8.3884660537416822e-07,8.3932135600834414e-07,8.3932135600834414e-07
SG-006a,SG-006a,rectangular,default,E_y_2_2,exact,E_y,2,2,79,4,9.498654293562431e-06,9.498654293562431e-06,1,1,568038.27949219313,569413.53755189735,9390396.1762051582,0.63039223029909852,8.3695510383362883e-07,8.3695510383362883e-07,8.3741403842645887e-07,8.3741403842645887e-07
SG-006a,SG-006a,rectangular,default,E_x_2_2,exact,E_x,2,2,0,0.34999999999999998,8.3113225068671265e-07,8.3113225068671265e-07,0,1,nan,nan,nan,nan,nan,nan,nan,nan
SG-006a,SG-006a,rectangular,default,E_x_2_2,exact,E_x,2,2,1,0.39620253164556962,9.4084771958387373e-07,9.4084771958387373e-07,0,1,nan,nan,nan,nan,nan,nan,nan,nan
SG-006a,SG-006a,rectangular,default,E_x_2_2,exact,E_x,2,2,2,0.44240506329113921,1.0505631884810347e-06,1.0505631884810347e-06,0,1,nan,nan,nan,nan,nan,nan,nan,nan
SG-006a,SG-006a,rectangular,default,E_x_2_2,exact,E_x,2,2,3,0.4886075949367088,1.1602786573781955e-06,1.1602786573781955e-06,0,1,nan,nan,nan,nan,nan,nan,nan,nan
SG-006a,SG-006a,rectangular,default,E_x_2_2,exact,E_x,2,2,4,0.53481012658227844,1.2699941262753566e-06,1.2699941262753566e-06,0,1,nan,nan,nan,nan,nan,nan,nan,nan
SG-006a,SG-006a,rectangular,default,E_x_2_2,exact,E_x,2,2,5,0.58101265822784809,1.3797095951725176e-06,1.3797095951725176e-06,0,1,nan,nan,nan,nan,nan,nan,nan,nan
SG-006a,SG-006a,rectangular,default,E_x_2_2,exact,E_x,2,2,6,0.62721518987341773,1.4894250640696788e-06,1.4894250640696788e-06,0,1,nan,nan,nan,nan,nan,nan,nan,nan
SG-006a,SG-006a,rectangular,default,E_x_2_2,exact,E_x,2,2,7,0.67341772151898727,1.5991405329668395e-06,1.5991405329668395e-06,0,1,nan,nan,nan,nan,nan,nan,nan,nan
SG-006a,SG-006a,rectangular,default,E_x_2_2,exact,E_x,2,2,8,0.71962025316455691,1.7088560018640005e-06,1.7088560018640005e-06,0,1,nan,nan,nan,nan,nan,nan,nan,nan
SG-006a,SG-006a,rectangular,default,E_x_2_2,exact,E_x,2,2,9,0.76582278481012656,1.8185714707611615e-06,1.8185714707611615e-06,0,1,nan,nan,nan,nan,nan,nan,nan,nan
SG-006a,SG-006a,rectangular,default,E_x_2_2,exact,E_x,2,2,10,0.81202531645569609,1.9282869396583225e-06,1.9282869396583225e-06,0,1,nan,nan,nan,nan,nan,nan,nan,nan
SG-006a,SG-006a,rectangular,default,E_x_2_2,exact,E_x,2,2,11,0.85822784810126573,2.0380024085554834e-06,2.0380024085554834e-06,0,1,nan,nan,nan,nan,nan,nan,nan,nan
SG-006a,SG-006a,rectangular,default,E_x_2_2,exact,E_x,2,2,12,0.90443037974683538,2.1477178774526444e-06,2.1477178774526444e-06,0,1,nan,nan,nan,nan,nan,nan,nan,nan
SG-006a,SG-006a,rectangular,default,E_x_2_2,exact,E_x,2,2,13,0.95063291139240502,2.2574333463498054e-06,2.2574333463498054e-06,0,1,nan,nan,nan,nan,nan,nan,nan,nan
SG-006a,SG-006a,rectangular,default,E_x_2_2,exact,E_x,2,2,14,0.99683544303797456,2.3671488152469663e-06,2.3671488152469663e-06,0,1,nan,nan,nan,nan,nan,nan,nan,nan
SG-006a,SG-006a,rectangular,default,E_x_2_2,exact,E_x,2,2,15,1.0430379746835441,2.4768642841441269e-06,2.4768642841441269e-06,0,1,1320331.9725478904,1320235.606149968,9237972.7774185333,-0.99190679682215788,1.1990666521016206e-05,1.1990666521016206e-05,1.1777164737963762e-05,1.1777164737963762e-05
SG-006a,SG-006a,rectangular,default,E_x_2_2,exact,E_x,2,2,16,1.089240506329114,2.5865797530412887e-06,2.5865797530412887e-06,0,1,1312728.748243886,1312391.1841876474,9240173.8199562486,-0.96866919640635885,6.0886244180325192e-06,6.0886244180325192e-06,5.9910152552751399e-06,5.9910152552751399e-06
SG-006a,SG-006a,rectangular,default,E_x_2_2,exact,E_x,2,2,17,1.1354430379746834,2.6962952219384492e-06,2.6962952219384492e-06,0,1,1301518.2461792175,1300877.7344313641,9243387.2030077577,-0.93473382710920883,4.2151701926608731e-06,4.2151701926608731e-06,4.1541044404307389e-06,4.1541044404307389e-06
SG-006a,SG-006a,rectangular,default,E_x_2_2,exact,E_x,2,2,18,1.1816455696202532,2.8060106908356106e-06,2.8060106908356106e-06,0,1,1287706.9341945304,1286748.7463858584,9247298.4230588134,-0.89341293389322429,3.2961388070904385e-06,3.2961388070904385e-06,3.2528377584195591e-06,3.2528377584195591e-06
SG-006a,SG-006a,rectangular,default,E_x_2_2,exact,E_x,2,2,19,1.2278481012658227,2.9157261597327712e-06,2.9157261597327712e-06,0,1,1272038.9471186921,1270774.1253263126,9251674.9645249955,-0.84715533238206264,2.7508604638036611e-06,2.7508604638036611e-06,2.7179844446587523e-06,2.7179844446587523e-06
SG-006a,SG-006a,rectangular,default,E_x_2_2,exact,E_x,2,2,20,1.2740506329113923,3.0254416286299322e-06,3.0254416286299322e-06,0,1,1255070.4663622966,1253523.386455691,9256344.6810216643,-0.79777489844527472,2.3902530185432232e-06,2.3902530185432232e-06,2.3641857939320227e-06,2.3641857939320227e-06
SG-006a,SG-006a,rectangular,default,E_x_2_2,exact,E_x,2,2,21,1.320253164556962,3.1351570975270935e-06,3.1351570975270935e-06,0,1,1237220.6560293543,1235421.7383882287,9261180.150845591,-0.74661542705815365,2.1343522338820363e-06,2.1343522338820363e-06,2.1130511699772845e-06,2.1130511699772845e-06
SG-006a,SG-006a,rectangular,default,E_x_2_2,exact,E_x,2,2,22,1.3664556962025314,3.2448725664242541e-06,3.2448725664242541e-06,0,1,1218807.3509261734,1216788.8273870866,9266087.2648965772,-0.69467064155344038,1.9435238491290308e-06,1.9435238491290308e-06,1.9257254525643722e-06,1.9257254525643722e-06
SG-006a,SG-006a,rectangular,default,E_x_2_2,exact,E_x,2,2,23,1.4126582278481012,3.3545880353214155e-06,3.3545880353214155e-06,0,1,1200072.5421363553,1197866.0567168402,9270996.8403392471,-0.64267226392407051,1.7958859786587428e-06,1.7958859786587428e-06,1.7807562859384641e-06,1.7807562859384641e-06
SG-006a,SG-006a,rectangular,default,E_x_2_2,exact,E_x,2,2,24,1.4588607594936707,3.464303504218576e-06,3.464303504218576e-06,0,1,1181200.8728697554,1178836.1878333939,9275858.4158012271,-0.59115512340996201,1.6783715213004151e-06,1.6783715213004151e-06,1.6653325764792974e-06,1.6653325764792974e-06
SG-006a,SG-006a,rectangular,default,E_x_2_2,exact,E_x,2,2,25,1.5050632911392405,3.5740189731157374e-06,3.5740189731157374e-06,0,1,1162333.248684173,1159837.6155747813,9280635.6320192516,-0.54050561203778558,1.5826961850467691e-06,1.5826961850467691e-06,1.5713319465543138e-06,1.5713319465543138e-06
SG-006a,SG-006a,rectangular,default,E_x_2_2,exact,E_x,2,2,26,1.55126582278481,3.683734442012898e-06,3.683734442012898e-06,0,1,1143576.9734849469,1140974.9001747002,9285302.7733451221,-0.4909979642493118,1.5033540886551711e-06,1.5033540886551711e-06,1.4933558152206304e-06,1.4933558152206304e-06
SG-006a,SG-006a,rectangular,default,E_x_2_2,exact,E_x,2,2,27,1.5974683544303798,3.7934499109100598e-06,3.7934499109100598e-06,0,1,1125013.3777349461,1122326.6262140484,9289842.1651722733,-0.44282156715187065,1.4365433833274132e-06,1.4365433833274132e-06,1.4276761753147735e-06,1.4276761753147735e-06
SG-006a,SG-006a,rectangular,default,E_x_2_2,exact,E_x,2,2,28,1.6436708860759492,3.9031653798072199e-06,3.9031653798072199e-06,0,1,1106703.6125617479,1103951.3257153574,9294242.2065598406,-0.39610161757713896,1.3795545966629006e-06,1.3795545966629006e-06,1.371635976722309e-06,1.371635976722309e-06
SG-006a,SG-006a,rectangular,default,E_x_2_2,exact,E_x,2,2,29,1.6898734177215187,4.0128808487043809e-06,4.0128808487043809e-06,0,1,1088693.0867920103,1085891.9817319135,9298495.8771075383,-0.35091481237373895,1.3304047699718621e-06,1.3304047699718621e-06,1.3232904612654876e-06,1.3232904612654876e-06
SG-006a,SG-006a,rectangular,default,E_x_2_2,exact,E_x,2,2,30,1.7360759493670885,4.1225963176015427e-06,4.1225963176015427e-06,0,1,1071014.8894287343,1068179.4794254587,9302599.5999054257,-0.30730130897434432,1.2876093909962665e-06,1.2876093909962665e-06,1.2811835791003439e-06,1.2811835791003439e-06
SG-006a,SG-006a,rectangular,default,E_x_2_2,exact,E_x,2,2,31,1.782278481012658,4.2323117864987028e-06,4.2323117864987028e-06,0,1,1053692.4465503134,1050835.2689461801,9306552.3732167277,-0.26527386997235519,1.2500351523484606e-06,1.2500351523484606e-06,1.2442036394007464e-06,1.2442036394007464e-06
SG-006a,SG-006a,rectangular,default,E_x_2_2,exact,E_x,2,2,32,1.8284810126582278,4.3420272553958646e-06,4.3420272553958646e-06,0,1,1036741.595662789,1033873.4327262328,9310355.1059414335,-0.22482487103591872,1.2168019826997845e-06,1.2168019826997845e-06,1.211487263941813e-06,1.211487263941813e-06
SG-006a,SG-006a,rectangular,default,E_x_2_2,exact,E_x,2,2,33,1.8746835443037972,4.4517427242930248e-06,4.4517427242930248e-06,0,1,1020172.2133946065,1017302.2990558131,9314010.1082808338,-0.18593168025649195,1.1872161313406633e-06,1.1872161313406633e-06,1.1823537830949925e-06,1.1823537830949925e-06
SG-006a,SG-006a,rectangular,default,E_x_2_2,exact,E_x,2,2,34,1.9208860759493671,4.5614581931901866e-06,4.5614581931901866e-06,0,1,1003989.4983666496,1001125.7074739009,9317520.7010668144,-0.14856079115796669,1.1607233996243849e-06,1.1607233996243849e-06,1.1562593825530398e-06,1.1562593825530398e-06
SG-006a,SG-006a,rectangular,default,E_x_2_2,exact,E_x,2,2,35,1.9670886075949365,4.6711736620873467e-06,4.6711736620873467e-06,0,1,988194.98617979442,985344.00515661552,9320890.9161407575,-0.11267099839070085,1.1368757813112298e-06,1.1368757813112298e-06,1.1327643954611553e-06,1.1327643954611553e-06
SG-006a,SG-006a,rectangular,default,E_x_2_2,exact,E_x,2,2,36,2.0132911392405064,4.7808891309845085e-06,4.7808891309845085e-06,0,1,972787.35509552411,969954.83421551227,9324125.2668093462,-0.078215835746081722,1.1153072316976373e-06,1.1153072316976373e-06,1.1115095441038111e-06,1.1115095441038111e-06
SG-006a,SG-006a,rectangular,default,E_x_2_2,exact,E_x,2,2,37,2.0594936708860758,4.8906045998816695e-06,4.8906045998816695e-06,0,1,957763.06733483262,954953.75556562282,9327228.5723780114,-0.045145444167850851,1.0957157786577361e-06,1.0957157786577361e-06,1.0921983990913101e-06,1.0921983990913101e-06
SG-006a,SG-006a,rectangular,default,E_x_2_2,exact,E_x,2,2,38,2.1056962025316452,5.0003200687788296e-06,5.0003200687788296e-06,0,1,943116.88065410277,940334.74441838462,9330205.824507257,-0.013407998304576077,1.0778501203566498e-06,1.0778501203566498e-06,1.0745842373138127e-06,1.0745842373138127e-06
SG-006a,SG-006a,rectangular,default,E_x_2_2,exact,E_x,2,2,39,2.1518987341772151,5.1100355376759914e-06,5.1100355376759914e-06,1,1,928842.25711221527,926090.58446186595,9333062.0859703943,0.017049209475732532,1.0614994497404088e-06,1.0614994497404088e-06,1.0584600635183971e-06,1.0584600635183971e-06
SG-006a,SG-006a,rectangular,default,E_x_2_2,exact,E_x,2,2,40,2.1981012658227845,5.2197510065731515e-06,5.2197510065731515e-06,1,1,914931.69003559207,912213.18176552095,9335802.4145429563,0.046278951197795369,1.0464856346080249e-06,1.0464856346080249e-06,1.0436509414390757e-06,1.0436509414390757e-06
SG-006a,SG-006a,rectangular,default,E_x_2_2,exact,E_x,2,2,41,2.2443037974683544,5.3294664754703134e-06,5.3294664754703134e-06,1,1,901376.96567187551,898693.8148347477,9338431.8063975908,0.074333452313160797,1.0326571408858781e-06,1.0326571408858781e-06,1.0300080341098911e-06,1.0300080341098911e-06
SG-006a,SG-006a,rectangular,default,E_x_2_2,exact,E_x,2,2,42,2.2905063291139238,5.4391819443674735e-06,5.4391819443674735e-06,1,1,888169.37252423563,885523.33371595759,9340955.1546380278,0.10126394165083841,1.0198842621236995e-06,1.0198842621236995e-06,1.0174039249598394e-06,1.0174039249598394e-06
SG-006a,SG-006a,rectangular,default,E_x_2_2,exact,E_x,2,2,43,2.3367088607594937,5.5488974132646353e-06,5.5488974132646353e-06,1,1,875299.86866550159,872692.31832724856,9343377.2195738219,0.1271203264313415,1.0080553390872201e-06,1.0080553390872201e-06,1.0057289097530312e-06,1.0057289097530312e-06
SG-006a,SG-006a,rectangular,default,E_x_2_2,exact,E_x,2,2,44,2.3829113924050631,5.6586128821617963e-06,5.6586128821617963e-06,1,1,862759.21521209809,860191.20407060534,9345702.6080873366,0.15195096436159503,9.9707373781607821e-07,9.9707373781607821e-07,9.9488803227768725e-07,9.9488803227768725e-07
SG-006a,SG-006a,rectangular,default,E_x_2_2,exact,E_x,2,2,45,2.429113924050633,5.7683283510589572e-06,5.7683283510589572e-06,1,1,850538.08249568986,848010.38114092848,9347935.760022426,0.17580251090183388,9.8685541444100715e-07,9.8685541444100715e-07,9.8479869543496953e-07,9.8479869543496953e-07
SG-006a,SG-006a,rectangular,default,E_x_2_2,exact,E_x,2,2,46,2.4753164556962024,5.8780438199561182e-06,5.8780438199561182e-06,1,1,838627.13416130096,836140.27264321246,9350080.9399767667,0.19871982455594123,9.7732693807279935e-07,9.7732693807279935e-07,9.7538872155126161e-07,9.7538872155126161e-07
SG-006a,SG-006a,rectangular,default,E_x_2_2,exact,E_x,2,2,47,2.5215189873417723,5.9877592888532792e-06,5.9877592888532792e-06,1,1,827017.09340201411,824571.39562102221,9352142.2332291733,0.22074591671644853,9.684238743507806e-07,9.684238743507806e-07,9.6659476640072224e-07,9.6659476640072224e-07
SG-006a,SG-006a,rectangular,default,E_x_2_2,exact,E_x,2,2,48,2.5677215189873417,6.0974747577504401e-06,6.0974747577504401e-06,1,1,815698.79471552535,813294.40828726045,9354123.5448091328,0.24192193550536303,9.6008945520374604e-07,9.6008945520374604e-07,9.5836101394181353e-07,9.5836101394181353e-07
SG-006a,SG-006a,rectangular,default,E_x_2_2,exact,E_x,2,2,49,2.6139240506329111,6.2071902266476003e-06,6.2071902266476003e-06,1,1,804663.22392681823,802300.14610897214,9356028.6009298563,0.26228717531219037,9.5227347743715053e-07,9.5227347743715053e-07,9.5063809549200234e-07,9.5063809549200234e-07
SG-006a,SG-006a,rectangular,default,E_x_2_2,exact,E_x,2,2,50,2.660126582278481,6.3169056955447621e-06,6.3169056955447621e-06,1,1,793901.54869059543,791579.64889261452,9357860.9521754477,0.28187910552090661,9.4493138553346619e-07,9.4493138553346619e-07,9.4338218959967701e-07,9.4338218959967701e-07
SG-006a,SG-006a,rectangular,default,E_x_2_2,exact,E_x,2,2,51,2.7063291139240504,6.4266211644419231e-06,6.4266211644419231e-06,1,1,783405.14128192561,781124.18060167274,9359623.9779649619,0.30073341331727965,9.3802350372784544e-07,9.3802350372784544e-07,9.3655426834482995e-07,9.3655426834482995e-07
SG-006a,SG-006a,rectangular,default,E_x_2_2,exact,E_x,2,2,52,2.7525316455696203,6.536336633339084e-06,6.536336633339084e-06,1,1,773165.59513761825,770925.24331530882,9361320.8919211291,0.31888405658178365,9.3151438978599564e-07,9.3151438978599564e-07,9.301194630318644e-07,9.301194630318644e-07
SG-006a,SG-006a,rectangular,default,E_x_2_2,exact,E_x,2,2,53,2.7987341772151897,6.646052102236245e-06,6.646052102236245e-06,1,1,763174.73634464806,760974.58647411643,9362954.7478533778,0.33636332374262712,9.2537228858267377e-07,9.2537228858267377e-07,9.2404652779556783e-07,9.2404652779556783e-07
SG-006a,SG-006a,rectangular,default,E_x_2_2,exact,E_x,2,2,54,2.8449367088607596,6.7557675711334068e-06,6.7557675711334068e-06,1,1,753424.63105173712,751264.21233916702,9364528.4461304955,0.35320189816297504,9.1956866796860907e-07,9.1956866796860907e-07,9.1830738394151138e-07,9.1830738394151138e-07
SG-006a,SG-006a,rectangular,default,E_x_2_2,exact,E_x,2,2,55,2.891139240506329,6.8654830400305669e-06,6.8654830400305669e-06,1,1,743907.58960214281,741786.37842794531,9366044.7402687203,0.36942892517411569,9.1407782283822325e-07,9.1407782283822325e-07,9.1287673120639721e-07,9.1287673120639721e-07
SG-006a,SG-006a,rectangular,default,E_x_2_2,exact,E_x,2,2,56,2.9373417721518984,6.9751985089277271e-06,6.9751985089277271e-06,1,1,734616.16803769371,732533.59754397813,9367506.243602464,0.38507208030867329,9.0887653599808889e-07,9.0887653599808889e-07,9.0773171475649006e-07,9.0773171475649006e-07
SG-006a,SG-006a,rectangular,default,E_x_2_2,exact,E_x,2,2,57,2.9835443037974683,7.0849139778248889e-06,7.0849139778248889e-06,1,1,725543.1675098089,723498.63590205484,9368915.4359366465,0.4001576376281657,9.0394378656388026e-07,9.0394378656388026e-07,9.0285163882620237e-07,9.0285163882620237e-07
SG-006a,SG-006a,rectangular,default,E_x_2_2,exact,E_x,2,2,58,3.0297468354430377,7.1946294467220498e-06,7.1946294467220498e-06,1,1,716681.63203668047,714674.50976836332,9370274.6701040119,0.41471053730083962,8.9926049830319383e-07,8.9926049830319383e-07,8.9821771956168824e-07,8.9821771956168824e-07
SG-006a,SG-006a,rectangular,default,E_x_2_2,exact,E_x,2,2,59,3.0759493670886076,7.3043449156192108e-06,7.3043449156192108e-06,1,1,708024.84496036917,706054.48094282066,9371586.1783725638,0.42875445181992738,8.9480932168944387e-07,8.9480932168944387e-07,8.9381287095038729e-07,8.9381287095038729e-07
SG-006a,SG-006a,rectangular,default,E_x_2_2,exact,E_x,2,2,60,3.122151898734177,7.4140603845163718e-06,7.4140603845163718e-06,1,1,699566.32440010668,697632.05136695551,9372852.0786618162,0.44231185039846649,8.9057444452259131e-07,8.9057444452259131e-07,8.8962151879281632e-07,8.8962151879281632e-07
SG-006a,SG-006a,rectangular,default,E_x_2_2,exact,E_x,2,2,61,3.1683544303797468,7.5237758534135336e-06,7.5237758534135336e-06,1,1,691299.81794335111,689400.95707272482,9374074.3805403505,0.45540406122637506,8.865414268493475e-07,8.865414268493475e-07,8.8562943852475597e-07,8.8562943852475597e-07
SG-006a,SG-006a,rectangular,default,E_x_2_2,exact,E_x,2,2,62,3.2145569620253163,7.6334913223106946e-06,7.6334913223106946e-06,1,1,683219.29676531139,681355.16166131757,9375254.9909860734,0.46805133137183114,8.826970566250893e-07,8.826970566250893e-07,8.818236134053371e-07,8.818236134053371e-07
SG-006a,SG-006a,rectangular,default,E_x_2_2,exact,E_x,2,2,63,3.2607594936708861,7.7432067912078555e-06,7.7432067912078555e-06,1,1,675318.94934358518,673488.84945408045,9376395.7198980656,0.48027288419090119,8.7902922314756224e-07,8.7902922314756224e-07,8.7819211015071605e-07,8.7819211015071605e-07
SG-006a,SG-006a,rectangular,default,E_x_2_2,exact,E_x,2,2,64,3.3069620253164556,7.8529222601050165e-06,7.8529222601050165e-06,1,1,667593.17489184137,665796.41843874403,9377498.2853550147,0.49208697417607017,8.7552680576289882e-07,8.7552680576289882e-07,8.7472396956540379e-07,8.7472396956540379e-07
SG-006a,SG-006a,rectangular,default,E_x_2_2,exact,E_x,2,2,65,3.353164556962025,7.9626377290021758e-06,7.9626377290021758e-06,1,1,660036.57662294758,658272.47310434887,9378564.3186191991,0.50351093921818602,8.7217957574241687e-07,8.7217957574241687e-07,8.7140911010519053e-07,8.7140911010519053e-07
SG-006a,SG-006a,rectangular,default,E_x_2_2,exact,E_x,2,2,66,3.3993670886075948,8.0723531978993384e-06,8.0723531978993384e-06,1,1,652643.95492440881,650911.81724639423,9379595.368888462,0.51456125029474453,8.6897810954962852e-07,8.6897810954962852e-07,8.6823824262722962e-07,8.6823824262722962e-07
SG-006a,SG-006a,rectangular,default,E_x_2_2,exact,E_x,2,2,67,3.4455696202531643,8.1820686667964977e-06,8.1820686667964977e-06,1,1,645410.30051651434,643709.44679905614,9380592.9078013562,0.52525355862815304,8.6591371198815035e-07,8.6591371198815035e-07,8.6520279484293465e-07,8.6520279484293465e-07
SG-006a,SG-006a,rectangular,default,E_x_2_2,exact,E_x,2,2,68,3.4917721518987341,8.2917841356936604e-06,8.2917841356936604e-06,1,1,638330.7876449218,636660.54274607101,9381558.3337023035,0.5356027403763105,8.6297834794338861e-07,8.6297834794338861e-07,8.6229484421291097e-07,8.6229484421291097e-07
SG-006a,SG-006a,rectangular,default,E_x_2_2,exact,E_x,2,2,69,3.5379746835443036,8.4014996045908214e-06,8.4014996045908214e-06,1,1,631400.76735581853,629760.46414937917,9382492.9756744877,0.54562293892836367,8.6016458162175383e-07,8.6016458162175383e-07,8.5950705820615794e-07,8.5950705820615794e-07
SG-006a,SG-006a,rectangular,default,E_x_2_2,exact,E_x,2,2,70,3.5841772151898734,8.5112150734879823e-06,8.5112150734879823e-06,1,1,624615.76088312757,623004.74132186244,9383398.0973499753,0.55532760489835609,8.5746552234451172e-07,8.5746552234451172e-07,8.5683264099851412e-07,8.5683264099851412e-07
SG-006a,SG-006a,rectangular,default,E_x_2_2,exact,E_x,2,2,71,3.6303797468354428,8.6209305423851433e-06,8.6209305423851433e-06,1,1,617971.45317724743,616389.06916927849,9384274.9005062133,0.56472953390682257,8.5487477608911384e-07,8.5487477608911384e-07,8.5426528581775915e-07,8.5426528581775915e-07
SG-006a,SG-006a,rectangular,default,E_x_2_2,exact,E_x,2,2,72,3.6765822784810127,8.7306460112823043e-06,8.7306460112823043e-06,1,1,611463.6865938222,609909.30071629328,9385124.5284589119,0.5738409022500558,8.5238640208073949e-07,8.5238640208073949e-07,8.5179913225071039e-07,8.5179913225071039e-07
SG-006a,SG-006a,rectangular,default,E_x_2_2,exact,E_x,2,2,73,3.7227848101265821,8.8403614801794652e-06,8.8403614801794652e-06,1,1,605088.45475742361,603561.44082954037,9385948.0692611597,0.58267330055611355,8.4999487383221617e-07,8.4999487383221617e-07,8.4942872792178444e-07,8.4942872792178444e-07
SG-006a,SG-006a,rectangular,default,E_x_2_2,exact,E_x,2,2,74,3.7689873417721516,8.9500769490766245e-06,8.9500769490766245e-06,1,1,598841.89661129354,597341.640144028,9386746.5587186962,0.59123776552771223,8.4769504411117167e-07,8.4769504411117167e-07,8.4714899403043566e-07,8.4714899403043566e-07
SG-006a,SG-006a,rectangular,default,E_x_2_2,exact,E_x,2,2,75,3.8151898734177214,9.0597924179737872e-06,9.0597924179737872e-06,1,1,592720.29065899109,591246.18919845391,9387520.9832310732,0.59954480987115633,8.4548211338119512e-07,8.4548211338119512e-07,8.4495519430315918e-07,8.4495519430315918e-07
SG-006a,SG-006a,rectangular,default,E_x_2_2,exact,E_x,2,2,76,3.8613924050632908,9.1695078868709481e-06,9.1695078868709481e-06,1,1,586720.04940217035,585271.51278153691,9388272.2824681737,0.60760445050753886,8.4335160132288084e-07,8.4335160132288084e-07,8.428429069729121e-07,8.428429069729121e-07
SG-006a,SG-006a,rectangular,default,E_x_2_2,exact,E_x,2,2,77,3.9075949367088607,9.2792233557681091e-06,9.2792233557681091e-06,1,1,580837.71397779509,579414.16448876448,9389001.3518912159,0.61542623515997086,8.4129932109133066e-07,8.4129932109133066e-07,8.4080799944788219e-07,8.4080799944788219e-07
SG-006a,SG-006a,rectangular,default,E_x_2_2,exact,E_x,2,2,78,3.9537974683544301,9.3889388246652701e-06,9.3889388246652701e-06,1,1,575069.94899207726,573670.82148804981,9389709.0451272093,0.62301926740862812,8.3932135600834414e-07,8.3932135600834414e-07,8.3884660537416822e-07,8.3884660537416822e-07
SG-006a,SG-006a,rectangular,default,E_x_2_2,exact,E_x,2,2,79,4,9.498654293562431e-06,9.498654293562431e-06,1,1,569413.53755189735,568038.27949219313,9390396.1762051582,0.63039223029909852,8.3741403842645887e-07,8.3741403842645887e-07,8.3695510383362883e-07,8.3695510383362883e-07
SG-006a,SG-006a,rectangular,default,E_y_3_1,exact,E_y,3,1,0,0.34999999999999998,8.3113225068671265e-07,8.3113225068671265e-07,0,1,nan,nan,nan,nan,nan,nan,nan,nan
SG-006a,SG-006a,rectangular,default,E_y_3_1,exact,E_y,3,1,1,0.39620253164556962,9.4084771958387373e-07,9.4084771958387373e-07,0,1,nan,nan,nan,nan,nan,nan,nan,nan
SG-006a,SG-006a,rectangular,default,E_y_3_1,exact,E_y,3,1,2,0.44240506329113921,1.0505631884810347e-06,1.0505631884810347e-06,0,1,nan,nan,nan,nan,nan,nan,nan,nan
SG-006a,SG-006a,rectangular,default,E_y_3_1,exact,E_y,3,1,3,0.4886075949367088,1.1602786573781955e-06,1.1602786573781955e-06,0,1,nan,nan,nan,nan,nan,nan,nan,nan
SG-006a,SG-006a,rectangular,default,E_y_3_1,exact,E_y,3,1,4,0.53481012658227844,1.2699941262753566e-06,1.2699941262753566e-06,0,1,nan,nan,nan,nan,nan,nan,nan,nan
SG-006a,SG-006a,rectangular,default,E_y_3_1,exact,E_y,3,1,5,0.58101265822784809,1.3797095951725176e-06,1.3797095951725176e-06,0,1,nan,nan,nan,nan,nan,nan,nan,nan
SG-006a,SG-006a,rectangular,default,E_y_3_1,exact,E_y,3,1,6,0.62721518987341773,1.4894250640696788e-06,1.4894250640696788e-06,0,1,nan,nan,nan,nan,nan,nan,nan,nan
SG-006a,SG-006a,rectangular,default,E_y_3_1,exact,E_y,3,1,7,0.67341772151898727,1.5991405329668395e-06,1.5991405329668395e-06,0,1,nan,nan,nan,nan,nan,nan,nan,nan
SG-006a,SG-006a,rectangular,default,E_y_3_1,exact,E_y,3,1,8,0.71962025316455691,1.7088560018640005e-06,1.7088560018640005e-06,0,1,nan,nan,nan,nan,nan,nan,nan,nan
SG-006a,SG-006a,rectangular,default,E_y_3_1,exact,E_y,3,1,9,0.76582278481012656,1.8185714707611615e-06,1.8185714707611615e-06,0,1,nan,nan,nan,nan,nan,nan,nan,nan
SG-006a,SG-006a,rectangular,default,E_y_3_1,exact,E_y,3,1,10,0.81202531645569609,1.9282869396583225e-06,1.9282869396583225e-06,0,1,nan,nan,nan,nan,nan,nan,nan,nan
SG-006a,SG-006a,rectangular,default,E_y_3_1,exact,E_y,3,1,11,0.85822784810126573,2.0380024085554834e-06,2.0380024085554834e-06,0,1,nan,nan,nan,nan,nan,nan,nan,nan
SG-006a,SG-006a,rectangular,default,E_y_3_1,exact,E_y,3,1,12,0.90443037974683538,2.1477178774526444e-06,2.1477178774526444e-06,0,1,nan,nan,nan,nan,nan,nan,nan,nan
SG-006a,SG-006a,rectangular,default,E_y_3_1,exact,E_y,3,1,13,0.95063291139240502,2.2574333463498054e-06,2.2574333463498054e-06,0,1,nan,nan,nan,nan,nan,nan,nan,nan
SG-006a,SG-006a,rectangular,default,E_y_3_1,exact,E_y,3,1,14,0.99683544303797456,2.3671488152469663e-06,2.3671488152469663e-06,0,1,nan,nan,nan,nan,nan,nan,nan,nan
SG-006a,SG-006a,rectangular,default,E_y_3_1,exact,E_y,3,1,15,1.0430379746835441,2.4768642841441269e-06,2.4768642841441269e-06,0,1,nan,nan,nan,nan,nan,nan,nan,nan
SG-006a,SG-006a,rectangular,default,E_y_3_1,exact,E_y,3,1,16,1.089240506329114,2.5865797530412887e-06,2.5865797530412887e-06,0,1,nan,nan,nan,nan,nan,nan,nan,nan
SG-006a,SG-006a,rectangular,default,E_y_3_1,exact,E_y,3,1,17,1.1354430379746834,2.6962952219384492e-06,2.6962952219384492e-06,0,1,nan,nan,nan,nan,nan,nan,nan,nan
SG-006a,SG-006a,rectangular,default,E_y_3_1,exact,E_y,3,1,18,1.1816455696202532,2.8060106908356106e-06,2.8060106908356106e-06,0,1,nan,nan,nan,nan,nan,nan,nan,nan
SG-006a,SG-006a,rectangular,default,E_y_3_1,exact,E_y,3,1,19,1.2278481012658227,2.9157261597327712e-06,2.9157261597327712e-06,0,1,nan,nan,nan,nan,nan,nan,nan,nan
SG-006a,SG-006a,rectangular,default,E_y_3_1,exact,E_y,3,1,20,1.2740506329113923,3.0254416286299322e-06,3.0254416286299322e-06,0,1,nan,nan,nan,nan,nan,nan,nan,nan
SG-006a,SG-006a,rectangular,default,E_y_3_1,exact,E_y,3,1,21,1.320253164556962,3.1351570975270935e-06,3.1351570975270935e-06,0,1,nan,nan,nan,nan,nan,nan,nan,nan
SG-006a,SG-006a,rectangular,default,E_y_3_1,exact,E_y,3,1,22,1.3664556962025314,3.2448725664242541e-06,3.2448725664242541e-06,0,1,nan,nan,nan,nan,nan,nan,nan,nan
SG-006a,SG-006a,rectangular,default,E_y_3_1,exact,E_y,3,1,23,1.4126582278481012,3.3545880353214155e-06,3.3545880353214155e-06,0,1,nan,nan,nan,nan,nan,nan,nan,nan
SG-006a,SG-006a,rectangular,default,E_y_3_1,exact,E_y,3,1,24,1.4588607594936707,3.464303504218576e-06,3.464303504218576e-06,0,1,nan,nan,nan,nan,nan,nan,nan,nan
SG-006a,SG-006a,rectangular,default,E_y_3_1,exact,E_y,3,1,25,1.5050632911392405,3.5740189731157374e-06,3.5740189731157374e-06,0,1,nan,nan,nan,nan,nan,nan,nan,nan
SG-006a,SG-006a,rectangular,default,E_y_3_1,exact,E_y,3,1,26,1.55126582278481,3.683734442012898e-06,3.683734442012898e-06,0,1,nan,nan,nan,nan,nan,nan,nan,nan
SG-006a,SG-006a,rectangular,default,E_y_3_1,exact,E_y,3,1,27,1.5974683544303798,3.7934499109100598e-06,3.7934499109100598e-06,0,1,nan,nan,nan,nan,nan,nan,nan,nan
SG-006a,SG-006a,rectangular,default,E_y_3_1,exact,E_y,3,1,28,1.6436708860759492,3.9031653798072199e-06,3.9031653798072199e-06,0,1,nan,nan,nan,nan,nan,nan,nan,nan
SG-006a,SG-006a,rectangular,default,E_y_3_1,exact,E_y,3,1,29,1.6898734177215187,4.0128808487043809e-06,4.0128808487043809e-06,0,1,nan,nan,nan,nan,nan,nan,nan,nan
SG-006a,SG-006a,rectangular,default,E_y_3_1,exact,E_y,3,1,30,1.7360759493670885,4.1225963176015427e-06,4.1225963176015427e-06,0,1,nan,nan,nan,nan,nan,nan,nan,nan
SG-006a,SG-006a,rectangular,default,E_y_3_1,exact,E_y,3,1,31,1.782278481012658,4.2323117864987028e-06,4.2323117864987028e-06,0,1,nan,nan,nan,nan,nan,nan,nan,nan
SG-006a,SG-006a,rectangular,default,E_y_3_1,exact,E_y,3,1,32,1.8284810126582278,4.3420272553958646e-06,4.3420272553958646e-06,0,1,nan,nan,nan,nan,nan,nan,nan,nan
SG-006a,SG-006a,rectangular,default,E_y_3_1,exact,E_y,3,1,33,1.8746835443037972,4.4517427242930248e-06,4.4517427242930248e-06,0,1,nan,nan,nan,nan,nan,nan,nan,nan
SG-006a,SG-006a,rectangular,default,E_y_3_1,exact,E_y,3,1,34,1.9208860759493671,4.5614581931901866e-06,4.5614581931901866e-06,0,1,nan,nan,nan,nan,nan,nan,nan,nan
SG-006a,SG-006a,rectangular,default,E_y_3_1,exact,E_y,3,1,35,1.9670886075949365,4.6711736620873467e-06,4.6711736620873467e-06,0,1,nan,nan,nan,nan,nan,nan,nan,nan
SG-006a,SG-006a,rectangular,default,E_y_3_1,exact,E_y,3,1,36,2.0132911392405064,4.7808891309845085e-06,4.7808891309845085e-06,0,1,1322692.5378946527,498409.50971907598,9318181.7980024219,-0.14152172011955774,3.7365815496971294e-05,3.7365815496971294e-05,8.1600176113747412e-07,8.1600176113747412e-07
SG-006a,SG-006a,rectangular,default,E_y_3_1,exact,E_y,3,1,37,2.0594936708860758,4.8906045998816695e-06,4.8906045998816695e-06,0,1,1318467.9527798495,489992.79732787015,9319226.8416357152,-0.13039353384668331,9.1770022681554515e-06,9.1770022681554515e-06,8.137510497175424e-07,8.137510497175424e-07
SG-006a,SG-006a,rectangular,default,E_y_3_1,exact,E_y,3,1,38,2.1056962025316452,5.0003200687788296e-06,5.0003200687788296e-06,0,1,1310810.9995954661,481849.96008179919,9320731.449254021,-0.1143694714276217,5.5896196753760192e-06,5.5896196753760192e-06,8.1162724949199892e-07,8.1162724949199892e-07
SG-006a,SG-006a,rectangular,default,E_y_3_1,exact,E_y,3,1,39,2.1518987341772151,5.1100355376759914e-06,5.1100355376759914e-06,0,1,1300997.7407022058,473968.23505583813,9322510.3164678812,-0.095421208709073196,4.1653414846632589e-06,4.1653414846632589e-06,8.0962082104492057e-07,8.0962082104492057e-07
SG-006a,SG-006a,rectangular,default,E_y_3_1,exact,E_y,3,1,40,2.1981012658227845,5.2197510065731515e-06,5.2197510065731515e-06,0,1,1289758.984816018,466335.60622668266,9324456.6851509269,-0.074684599378957744,3.3951299446579969e-06,3.3951299446579969e-06,8.0772311766546499e-07,8.0772311766546499e-07
SG-006a,SG-006a,rectangular,default,E_y_3_1,exact,E_y,3,1,41,2.2443037974683544,5.3294664754703134e-06,5.3294664754703134e-06,0,1,1277556.6127363546,458940.75424218678,9326503.2083387766,-0.052876275253041567,2.9101154046799598e-06,2.9101154046799598e-06,8.0592628581226229e-07,8.0592628581226229e-07
SG-006a,SG-006a,rectangular,default,E_y_3_1,exact,E_y,3,1,42,2.2905063291139238,5.4391819443674735e-06,5.4391819443674735e-06,0,1,1264701.6452639634,451773.00972468476,9328604.9603333082,-0.030474436075341487,2.5754595768403745e-06,2.5754595768403745e-06,8.0422317840180741e-07,8.0422317840180741e-07
SG-006a,SG-006a,rectangular,default,E_y_3_1,exact,E_y,3,1,43,2.3367088607594937,5.5488974132646353e-06,5.5488974132646353e-06,0,1,1251412.8197327866,444822.30989732523,9330730.8758226596,-0.0078099115325833352,2.3300104064702435e-06,2.3300104064702435e-06,8.0260727905492055e-07,8.0260727905492055e-07
SG-006a,SG-006a,rectangular,default,E_y_3_1,exact,E_y,3,1,44,2.3829113924050631,5.6586128821617963e-06,5.6586128821617963e-06,1,1,1237848.8067169734,438079.15831654076,9332858.9720707927,0.014883034649838606,2.1419508400928572e-06,2.1419508400928572e-06,8.0107263573552486e-07,8.0107263573552486e-07
SG-006a,SG-006a,rectangular,default,E_y_3_1,exact,E_y,3,1,45,2.429113924050633,5.7683283510589572e-06,5.7683283510589572e-06,1,1,1224127.3221639385,431534.58750098606,9334973.4765946902,0.037436171138999975,1.9930599844686004e-06,1.9930599844686004e-06,7.9961380246502196e-07,7.9961380246502196e-07
SG-006a,SG-006a,rectangular,default,E_y_3_1,exact,E_y,3,1,46,2.4753164556962024,5.8780438199561182e-06,5.8780438199561182e-06,1,1,1210337.1414991161,425180.12425570877,9337063.0005184133,0.059727885543155168,1.8721347432569398e-06,1.8721347432569398e-06,7.9822578800091224e-07,7.9822578800091224e-07
SG-006a,SG-006a,rectangular,default,E_y_3_1,exact,E_y,3,1,47,2.5215189873417723,5.9877592888532792e-06,5.9877592888532792e-06,1,1,1196546.0045997663,419007.75750083849,9339119.3250667229,0.081670289217926226,1.7718985317221763e-06,1.7718985317221763e-06,7.9690401053864793e-07,7.9690401053864793e-07
SG-006a,SG-006a,rectangular,default,E_y_3_1,exact,E_y,3,1,48,2.5677215189873417,6.0974747577504401e-06,6.0974747577504401e-06,1,1,1182806.012000347,413009.90841859696,9341136.5669991225,0.10320034939587264,1.687414146646605e-06,1.687414146646605e-06,7.9564425763599086e-07,7.9564425763599086e-07
SG-006a,SG-006a,rectangular,default,E_y_3_1,exact,E_y,3,1,49,2.6139240506329111,6.2071902266476003e-06,6.2071902266476003e-06,1,1,1169157.4213756328,407179.40274987242,9343110.5884401686,0.12427361807391241,1.6152102425436472e-06,1.6152102425436472e-06,7.9444265067880711e-07,7.9444265067880711e-07
SG-006a,SG-006a,rectangular,default,E_y_3_1,exact,E_y,3,1,50,2.660126582278481,6.3169056955447621e-06,6.3169056955447621e-06,1,1,1155631.3864206474,401509.44507943257,9345038.5699597709,0.14485969511672567,1.5527727990444661e-06,1.5527727990444661e-06,7.9329561330553702e-07,7.9329561330553702e-07
SG-006a,SG-006a,rectangular,default,E_y_3_1,exact,E_y,3,1,51,2.7063291139240504,6.4266211644419231e-06,6.4266211644419231e-06,1,1,1142251.9749094513,395993.59495786205,9346918.6959324758,0.16493888393586933,1.4982350270460227e-06,1.4982350270460227e-06,7.9219984329044799e-07,7.9219984329044799e-07
SG-006a,SG-006a,rectangular,default,E_y_3_1,exact,E_y,3,1,52,2.7525316455696203,6.536336633339084e-06,6.536336633339084e-06,1,1,1129037.6825455655,390625.7447248667,9348749.9190402217,0.18449968772423478,1.4501807685046461e-06,1.4501807685046461e-06,7.9115228745717521e-07,7.9115228745717521e-07
SG-006a,SG-006a,rectangular,default,E_y_3_1,exact,E_y,3,1,53,2.7987341772151897,6.646052102236245e-06,6.646052102236245e-06,1,1,1116002.5861504935,385400.09890038334,9350531.7817371897,0.20353691065229218,1.4075156421689552e-06,1.4075156421689552e-06,7.9015011925170301e-07,7.9015011925170301e-07
SG-006a,SG-006a,rectangular,default,E_y_3_1,exact,E_y,3,1,54,2.8449367088607596,6.7557675711334068e-06,6.7557675711334068e-06,1,1,1103157.2338202703,380311.15502888709,9352264.2794477791,0.22205020230626435,1.3693801348564453e-06,1.3693801348564453e-06,7.8919071865612421e-07,7.8919071865612421e-07
SG-006a,SG-006a,rectangular,default,E_y_3_1,exact,E_y,3,1,55,2.891139240506329,6.8654830400305669e-06,6.8654830400305669e-06,1,1,1090509.3399706129,375353.68586078763,9353947.7548119668,0.24004293191100612,1.3350894998578229e-06,1.3350894998578229e-06,7.8827165416525011e-07,7.8827165416525011e-07
SG-006a,SG-006a,rectangular,default,E_y_3_1,exact,E_y,3,1,56,2.9373417721518984,6.9751985089277271e-06,6.9751985089277271e-06,1,1,1078064.3334862676,370522.72277525516,9355582.8153341841,0.2575213111856503,1.3040912691895193e-06,1.3040912691895193e-06,7.8739066658694205e-07,7.8739066658694205e-07
SG-006a,SG-006a,rectangular,default,E_y_3_1,exact,E_y,3,1,57,2.9835443037974683,7.0849139778248889e-06,7.0849139778248889e-06,1,1,1065825.7938047028,365813.54034370615,9357170.2688775547,0.27449370682650476,1.2759346257596099e-06,1.2759346257596099e-06,7.865456544557623e-07,7.865456544557623e-07
SG-006a,SG-006a,rectangular,default,E_y_3_1,exact,E_y,3,1,58,3.0297468354430377,7.1946294467220498e-06,7.1946294467220498e-06,1,1,1053795.8005062072,361221.64195498859,9358711.072900109,0.29097009905576421,1.2502479367689555e-06,1.2502479367689555e-06,7.8573466087898568e-07,7.8573466087898568e-07
SG-006a,SG-006a,rectangular,default,E_y_3_1,exact,E_y,3,1,59,3.0759493670886076,7.3043449156192108e-06,7.3043449156192108e-06,1,1,1041975.2154430444,356742.74641488004,9360206.2943659034,0.30696165367435052,1.2267220135583355e-06,1.2267220135583355e-06,7.8495586165418332e-07,7.8495586165418332e-07
SG-006a,SG-006a,rectangular,default,E_y_3_1,exact,E_y,3,1,60,3.122151898734177,7.4140603845163718e-06,7.4140603845163718e-06,1,1,1030363.9117656469,352372.7754519186,9361657.078010045,0.32248038297566167,1.2050974605777402e-06,1.2050974605777402e-06,7.8420755451978148e-07,7.8420755451978148e-07
SG-006a,SG-006a,rectangular,default,E_y_3_1,exact,E_y,3,1,61,3.1683544303797468,7.5237758534135336e-06,7.5237758534135336e-06,1,1,1018960.9607905524,348107.84205947514,9363064.6211849768,0.3375388766963488,1.1851549910045611e-06,1.1851549910045611e-06,7.8348814941563631e-07,7.8348814941563631e-07
SG-006a,SG-006a,rectangular,default,E_y_3_1,exact,E_y,3,1,62,3.2145569620253163,7.6334913223106946e-06,7.6334913223106946e-06,1,1,1007764.7851516355,343944.23961210542,9364430.1539202165,0.35215008847652673,1.1667079259687565e-06,1.1667079259687565e-06,7.8279615964596097e-07,7.8279615964596097e-07
SG-006a,SG-006a,rectangular,default,E_y_3_1,exact,E_y,3,1,63,3.2607594936708861,7.7432067912078555e-06,7.7432067912078555e-06,1,1,996773.28479944356,339878.43169962603,9365754.9231324531,0.36632716653529851,1.1495963223600017e-06,1.1495963223600017e-06,7.8213019384982989e-07,7.8213019384982989e-07
SG-006a,SG-006a,rectangular,default,E_y_3_1,exact,E_y,3,1,64,3.3069620253164556,7.8529222601050165e-06,7.8529222601050165e-06,1,1,985983.94099935587,335907.04262552271,9367040.1801535059,0.38008331971506815,1.1336823300491119e-06,1.1336823300491119e-06,7.8148894869538566e-07,7.8148894869538566e-07
SG-006a,SG-006a,rectangular,default,E_y_3_1,exact,E_y,3,1,65,3.353164556962025,7.9626377290021758e-06,7.9626377290021758e-06,1,1,975393.90240796655,332026.84852051013,9368287.170919301,0.39343171191214804,1.1188464875934115e-06,1.1188464875934115e-06,7.8087120222359864e-07,7.8087120222359864e-07
SG-006a,SG-006a,rectangular,default,E_y_3_1,exact,E_y,3,1,66,3.3993670886075948,8.0723531978993384e-06,8.0723531978993384e-06,1,1,965000.05647158157,328234.76902837586,9369497.1282996293,0.40638537936133889,1.1049847417397618e-06,1.1049847417397618e-06,7.8027580777627815e-07,7.8027580777627815e-07
SG-006a,SG-006a,rectangular,default,E_y_3_1,exact,E_y,3,1,67,3.4455696202531643,8.1820686667964977e-06,8.1820686667964977e-06,1,1,954799.08875258523,324527.859520945,9370671.2661535759,0.41895716635835373,1.0920060305005227e-06,1.0920060305005227e-06,7.7970168844981855e-07,7.7970168844981855e-07
SG-006a,SG-006a,rectangular,default,E_y_3_1,exact,E_y,3,1,68,3.4917721518987341,8.2917841356936604e-06,8.2917841356936604e-06,1,1,944787.53228450101,320903.30380561459,9371810.7747783009,0.43115967588297355,1.0798303089457708e-06,1.0798303089457708e-06,7.791478320231842e-07,7.791478320231842e-07
SG-006a,SG-006a,rectangular,default,E_y_3_1,exact,E_y,3,1,69,3.5379746835443036,8.4014996045908214e-06,8.4014996045908214e-06,1,1,934961.80866057472,317358.4072889128,9372916.8174839504,0.44300523227736555,1.0683869256523586e-06,1.0683869256523586e-06,7.7861328631385193e-07,7.7861328631385193e-07
SG-006a,SG-006a,rectangular,default,E_y_3_1,exact,E_y,3,1,70,3.5841772151898734,8.5112150734879823e-06,8.5112150734879823e-06,1,1,925318.26224561059,313890.59056600195,9373990.5280789118,0.45450585368034097,1.0576132790394275e-06,1.0576132790394275e-06,7.7809715492100387e-07,7.7809715492100387e-07
SG-006a,SG-006a,rectangular,default,E_y_3_1,exact,E_y,3,1,71,3.6303797468354428,8.6209305423851433e-06,8.6209305423851433e-06,1,1,915853.18865186838,310497.38340378366,9375033.0090906806,0.46567323235483588,1.0474536987207538e-06,1.0474536987207538e-06,7.7759859331893221e-07,7.7759859331893221e-07
SG-006a,SG-006a,rectangular,default,E_y_3_1,exact,E_y,3,1,72,3.6765822784810127,8.7306460112823043e-06,8.7306460112823043e-06,1,1,906562.85841528035,307176.41909294866,9376045.3305804487,0.4765187213948322,1.0378585089849186e-06,1.0378585089849186e-06,7.7711680526830702e-07,7.7711680526830702e-07
SG-006a,SG-006a,rectangular,default,E_y_3_1,exact,E_y,3,1,73,3.7227848101265821,8.8403614801794652e-06,8.8403614801794652e-06,1,1,897443.53664807975,303925.42913963366,9377028.5294359196,0.4870533265788386,1.0287832406307043e-06,1.0287832406307043e-06,7.766510395153814e-07,7.766510395153814e-07
SG-006a,SG-006a,rectangular,default,E_y_3_1,exact,E_y,3,1,74,3.7689873417721516,8.9500769490766245e-06,8.9500769490766245e-06,1,1,888491.49930884712,300742.2382787941,9377983.6090481225,0.49728770236326936,1.0201879643697074e-06,1.0201879643697074e-06,7.7620058675362817e-07,7.7620058675362817e-07
SG-006a,SG-006a,rectangular,default,E_y_3_1,exact,E_y,3,1,75,3.8151898734177214,9.0597924179737872e-06,9.0597924179737872e-06,1,1,879703.04662828217,297624.75978146342,9378911.5392950699,0.50723215119079479,1.012036724413005e-06,1.012036724413005e-06,7.7576477682328645e-07,7.7576477682328645e-07
SG-006a,SG-006a,rectangular,default,E_y_3_1,exact,E_y,3,1,76,3.8613924050632908,9.1695078868709481e-06,9.1695078868709481e-06,1,1,871074.51413347945,294570.99104026053,9379813.2567695044,0.51689662544205628,1.0042970550547722e-06,1.0042970550547722e-06,7.7534297612821046e-07,7.7534297612821046e-07
SG-006a,SG-006a,rectangular,default,E_y_3_1,exact,E_y,3,1,77,3.9075949367088607,9.2792233557681091e-06,9.2792233557681091e-06,1,1,862602.28164807358,291579.00941389042,9380689.6651988775,0.52629073147538963,9.9693956636762256e-07,9.9693956636762256e-07,7.7493458525077774e-07,7.7493458525077774e-07
SG-006a,SG-006a,rectangular,default,E_y_3_1,exact,E_y,3,1,78,3.9537974683544301,9.3889388246652701e-06,9.3889388246652701e-06,1,1,854282.78058019257,288646.96831063728,9381541.6360155605,0.53542373530414522,9.8993758771865146e-07,9.8993758771865146e-07,7.7453903674722546e-07,7.7453903674722546e-07
SG-006a,SG-006a,rectangular,default,E_y_3_1,exact,E_y,3,1,79,4,9.498654293562431e-06,9.498654293562431e-06,1,1,846112.49976533349,285773.09349866572,9382370.0090423487,0.54430456953664319,9.8326685988333501e-07,9.8326685988333501e-07,7.7415579310836651e-07,7.7415579310836651e-07
SG-006a,SG-006a,rectangular,default,E_x_3_1,exact,E_x,3,1,0,0.34999999999999998,8.3113225068671265e-07,8.3113225068671265e-07,0,1,nan,nan,nan,nan,nan,nan,nan,nan
SG-006a,SG-006a,rectangular,default,E_x_3_1,exact,E_x,3,1,1,0.39620253164556962,9.4084771958387373e-07,9.4084771958387373e-07,0,1,nan,nan,nan,nan,nan,nan,nan,nan
SG-006a,SG-006a,rectangular,default,E_x_3_1,exact,E_x,3,1,2,0.44240506329113921,1.0505631884810347e-06,1.0505631884810347e-06,0,1,nan,nan,nan,nan,nan,nan,nan,nan
SG-006a,SG-006a,rectangular,default,E_x_3_1,exact,E_x,3,1,3,0.4886075949367088,1.1602786573781955e-06,1.1602786573781955e-06,0,1,nan,nan,nan,nan,nan,nan,nan,nan
SG-006a,SG-006a,rectangular,default,E_x_3_1,exact,E_x,3,1,4,0.53481012658227844,1.2699941262753566e-06,1.2699941262753566e-06,0,1,nan,nan,nan,nan,nan,nan,nan,nan
SG-006a,SG-006a,rectangular,default,E_x_3_1,exact,E_x,3,1,5,0.58101265822784809,1.3797095951725176e-06,1.3797095951725176e-06,0,1,nan,nan,nan,nan,nan,nan,nan,nan
SG-006a,SG-006a,rectangular,default,E_x_3_1,exact,E_x,3,1,6,0.62721518987341773,1.4894250640696788e-06,1.4894250640696788e-06,0,1,nan,nan,nan,nan,nan,nan,nan,nan
SG-006a,SG-006a,rectangular,default,E_x_3_1,exact,E_x,3,1,7,0.67341772151898727,1.5991405329668395e-06,1.5991405329668395e-06,0,1,nan,nan,nan,nan,nan,nan,nan,nan
SG-006a,SG-006a,rectangular,default,E_x_3_1,exact,E_x,3,1,8,0.71962025316455691,1.7088560018640005e-06,1.7088560018640005e-06,0,1,nan,nan,nan,nan,nan,nan,nan,nan
SG-006a,SG-006a,rectangular,default,E_x_3_1,exact,E_x,3,1,9,0.76582278481012656,1.8185714707611615e-06,1.8185714707611615e-06,0,1,nan,nan,nan,nan,nan,nan,nan,nan
SG-006a,SG-006a,rectangular,default,E_x_3_1,exact,E_x,3,1,10,0.81202531645569609,1.9282869396583225e-06,1.9282869396583225e-06,0,1,nan,nan,nan,nan,nan,nan,nan,nan
SG-006a,SG-006a,rectangular,default,E_x_3_1,exact,E_x,3,1,11,0.85822784810126573,2.0380024085554834e-06,2.0380024085554834e-06,0,1,nan,nan,nan,nan,nan,nan,nan,nan
SG-006a,SG-006a,rectangular,default,E_x_3_1,exact,E_x,3,1,12,0.90443037974683538,2.1477178774526444e-06,2.1477178774526444e-06,0,1,nan,nan,nan,nan,nan,nan,nan,nan
SG-006a,SG-006a,rectangular,default,E_x_3_1,exact,E_x,3,1,13,0.95063291139240502,2.2574333463498054e-06,2.2574333463498054e-06,0,1,nan,nan,nan,nan,nan,nan,nan,nan
SG-006a,SG-006a,rectangular,default,E_x_3_1,exact,E_x,3,1,14,0.99683544303797456,2.3671488152469663e-06,2.3671488152469663e-06,0,1,nan,nan,nan,nan,nan,nan,nan,nan
SG-006a,SG-006a,rectangular,default,E_x_3_1,exact,E_x,3,1,15,1.0430379746835441,2.4768642841441269e-06,2.4768642841441269e-06,0,1,nan,nan,nan,nan,nan,nan,nan,nan
SG-006a,SG-006a,rectangular,default,E_x_3_1,exact,E_x,3,1,16,1.089240506329114,2.5865797530412887e-06,2.5865797530412887e-06,0,1,nan,nan,nan,nan,nan,nan,nan,nan
SG-006a,SG-006a,rectangular,default,E_x_3_1,exact,E_x,3,1,17,1.1354430379746834,2.6962952219384492e-06,2.6962952219384492e-06,0,1,nan,nan,nan,nan,nan,nan,nan,nan
SG-006a,SG-006a,rectangular,default,E_x_3_1,exact,E_x,3,1,18,1.1816455696202532,2.8060106908356106e-06,2.8060106908356106e-06,0,1,nan,nan,nan,nan,nan,nan,nan,nan
SG-006a,SG-006a,rectangular,default,E_x_3_1,exact,E_x,3,1,19,1.2278481012658227,2.9157261597327712e-06,2.9157261597327712e-06,0,1,nan,nan,nan,nan,nan,nan,nan,nan
SG-006a,SG-006a,rectangular,default,E_x_3_1,exact,E_x,3,1,20,1.2740506329113923,3.0254416286299322e-06,3.0254416286299322e-06,0,1,nan,nan,nan,nan,nan,nan,nan,nan
SG-006a,SG-006a,rectangular,default,E_x_3_1,exact,E_x,3,1,21,1.320253164556962,3.1351570975270935e-06,3.1351570975270935e-06,0,1,nan,nan,nan,nan,nan,nan,nan,nan
SG-006a,SG-006a,rectangular,default,E_x_3_1,exact,E_x,3,1,22,1.3664556962025314,3.2448725664242541e-06,3.2448725664242541e-06,0,1,nan,nan,nan,nan,nan,nan,nan,nan
SG-006a,SG-006a,rectangular,default,E_x_3_1,exact,E_x,3,1,23,1.4126582278481012,3.3545880353214155e-06,3.3545880353214155e-06,0,1,nan,nan,nan,nan,nan,nan,nan,nan
SG-006a,SG-006a,rectangular,default,E_x_3_1,exact,E_x,3,1,24,1.4588607594936707,3.464303504218576e-06,3.464303504218576e-06,0,1,nan,nan,nan,nan,nan,nan,nan,nan
SG-006a,SG-006a,rectangular,default,E_x_3_1,exact,E_x,3,1,25,1.5050632911392405,3.5740189731157374e-06,3.5740189731157374e-06,0,1,nan,nan,nan,nan,nan,nan,nan,nan
SG-006a,SG-006a,rectangular,default,E_x_3_1,exact,E_x,3,1,26,1.55126582278481,3.683734442012898e-06,3.683734442012898e-06,0,1,nan,nan,nan,nan,nan,nan,nan,nan
SG-006a,SG-006a,rectangular,default,E_x_3_1,exact,E_x,3,1,27,1.5974683544303798,3.7934499109100598e-06,3.7934499109100598e-06,0,1,nan,nan,nan,nan,nan,nan,nan,nan
SG-006a,SG-006a,rectangular,default,E_x_3_1,exact,E_x,3,1,28,1.6436708860759492,3.9031653798072199e-06,3.9031653798072199e-06,0,1,nan,nan,nan,nan,nan,nan,nan,nan
SG-006a,SG-006a,rectangular,default,E_x_3_1,exact,E_x,3,1,29,1.6898734177215187,4.0128808487043809e-06,4.0128808487043809e-06,0,1,nan,nan,nan,nan,nan,nan,nan,nan
SG-006a,SG-006a,rectangular,default,E_x_3_1,exact,E_x,3,1,30,1.7360759493670885,4.1225963176015427e-06,4.1225963176015427e-06,0,1,nan,nan,nan,nan,nan,nan,nan,nan
SG-006a,SG-006a,rectangular,default,E_x_3_1,exact,E_x,3,1,31,1.782278481012658,4.2323117864987028e-06,4.2323117864987028e-06,0,1,nan,nan,nan,nan,nan,nan,nan,nan
SG-006a,SG-006a,rectangular,default,E_x_3_1,exact,E_x,3,1,32,1.8284810126582278,4.3420272553958646e-06,4.3420272553958646e-06,0,1,nan,nan,nan,nan,nan,nan,nan,nan
SG-006a,SG-006a,rectangular,default,E_x_3_1,exact,E_x,3,1,33,1.8746835443037972,4.4517427242930248e-06,4.4517427242930248e-06,0,1,nan,nan,nan,nan,nan,nan,nan,nan
SG-006a,SG-006a,rectangular,default,E_x_3_1,exact,E_x,3,1,34,1.9208860759493671,4.5614581931901866e-06,4.5614581931901866e-06,0,1,nan,nan,nan,nan,nan,nan,nan,nan
SG-006a,SG-006a,rectangular,default,E_x_3_1,exact,E_x,3,1,35,1.9670886075949365,4.6711736620873467e-06,4.6711736620873467e-06,0,1,nan,nan,nan,nan,nan,nan,nan,nan
SG-006a,SG-006a,rectangular,default,E_x_3_1,exact,E_x,3,1,36,2.0132911392405064,4.7808891309845085e-06,4.7808891309845085e-06,0,1,1322702.4861453606,496258.820189878,9318295.1727412511,-0.14031450531720321,3.8071816526046194e-05,3.8071816526046194e-05,8.1542121646669466e-07,8.1542121646669466e-07
SG-006a,SG-006a,rectangular,default,E_x_3_1,exact,E_x,3,1,37,2.0594936708860758,4.8906045998816695e-06,4.8906045998816695e-06,0,1,1318606.8467717827,487907.01106154121,9319316.6241955664,-0.12943742268139152,9.3219030472856375e-06,9.3219030472856375e-06,8.1320205370885788e-07,8.1320205370885788e-07
SG-006a,SG-006a,rectangular,default,E_x_3_1,exact,E_x,3,1,38,2.1056962025316452,5.0003200687788296e-06,5.0003200687788296e-06,0,1,1311137.8498931224,479826.40607535746,9320789.868268393,-0.11374725709246418,5.6659892039324939e-06,5.6659892039324939e-06,8.1110753322938866e-07,8.1110753322938866e-07
SG-006a,SG-006a,rectangular,default,E_x_3_1,exact,E_x,3,1,39,2.1518987341772151,5.1100355376759914e-06,5.1100355376759914e-06,0,1,1301523.0341706974,472004.36779306317,9322536.6332405284,-0.095140858718923429,4.2156369830530809e-06,4.2156369830530809e-06,8.0912831759487021e-07,8.0912831759487021e-07
SG-006a,SG-006a,rectangular,default,E_x_3_1,exact,E_x,3,1,40,2.1981012658227845,5.2197510065731515e-06,5.2197510065731515e-06,0,1,1290475.2254903475,464429.00054153416,9324452.7456390653,-0.074726575305148563,3.4318805646933066e-06,3.4318805646933066e-06,8.0725594075066964e-07,8.0725594075066964e-07
SG-006a,SG-006a,rectangular,default,E_x_3_1,exact,E_x,3,1,41,2.2443037974683544,5.3294664754703134e-06,5.3294664754703134e-06,0,1,1278449.3389604171,457089.10010717378,9326471.8115737177,-0.053210884121370469,2.9386473588485908e-06,2.9386473588485908e-06,8.0548271107790906e-07,8.0548271107790906e-07
SG-006a,SG-006a,rectangular,default,E_x_3_1,exact,E_x,3,1,42,2.2905063291139238,5.4391819443674735e-06,5.4391819443674735e-06,0,1,1265754.0251778718,449974.10704269179,9328549.172327999,-0.031069126119959708,2.5985114400757173e-06,2.5985114400757173e-06,8.038016269193251e-07,8.038016269193251e-07
SG-006a,SG-006a,rectangular,default,E_x_3_1,exact,E_x,3,1,43,2.3367088607594937,5.5488974132646353e-06,5.5488974132646353e-06,0,1,1252607.7229881031,443074.06335751235,9330653.7218189966,-0.0086325457426209076,2.3491681762696543e-06,2.3491681762696543e-06,8.0220630276227387e-07,8.0220630276227387e-07
SG-006a,SG-006a,rectangular,default,E_x_3_1,exact,E_x,3,1,44,2.3829113924050631,5.6586128821617963e-06,5.6586128821617963e-06,1,1,1239169.7629815834,436379.57235612615,9332763.298034871,0.013862703835025244,2.1582115638532485e-06,2.1582115638532485e-06,8.0069090455723762e-07,8.0069090455723762e-07
SG-006a,SG-006a,rectangular,default,E_x_3_1,exact,E_x,3,1,45,2.429113924050633,5.7683283510589572e-06,5.7683283510589572e-06,1,1,1225558.9495590739,429881.76140855916,9334861.891970776,0.036245890751565354,2.0070893625845514e-06,2.0070893625845514e-06,7.9925009289408513e-07,7.9925009289408513e-07
SG-006a,SG-006a,rectangular,default,E_x_3_1,exact,E_x,3,1,46,2.4753164556962024,5.8780438199561182e-06,5.8780438199561182e-06,1,1,1211865.310182878,423572.24743622704,9336937.8615786806,0.05839272256726432,1.8843982341378905e-06,1.8843982341378905e-06,7.9787897295488912e-07,7.9787897295488912e-07
SG-006a,SG-006a,rectangular,default,E_x_3_1,exact,E_x,3,1,47,2.5215189873417723,5.9877592888532792e-06,5.9877592888532792e-06,1,1,1198157.8648600942,417443.10491749935,9338982.7387588099,0.080212669128623654,1.7827336877622799e-06,1.7827336877622799e-06,7.9657305032947336e-07,7.9657305032947336e-07
SG-006a,SG-006a,rectangular,default,E_x_3_1,exact,E_x,3,1,48,2.5677215189873417,6.0974747577504401e-06,6.0974747577504401e-06,1,1,1184489.9532777327,411486.83622271207,9340990.4048769791,0.10164020212876734,1.6970731228940004e-06,1.6970731228940004e-06,7.9532819191576207e-07,7.9532819191576207e-07
SG-006a,SG-006a,rectangular,default,E_x_3_1,exact,E_x,3,1,49,2.6139240506329111,6.2071902266476003e-06,6.2071902266476003e-06,1,1,1170902.9975622068,405696.34410220804,9342956.5051158313,0.12262857232986296,1.6238860769281968e-06,1.6238860769281968e-06,7.9414059124218071e-07,7.9414059124218071e-07
SG-006a,SG-006a,rectangular,default,E_x_3_1,exact,E_x,3,1,50,2.660126582278481,6.3169056955447621e-06,6.3169056955447621e-06,1,1,1157429.2266677441,400064.90616496734,9344878.0230624098,0.14314528896798237,1.5606163521209385e-06,1.5606163521209385e-06,7.9300673764591498e-07,7.9300673764591498e-07
SG-006a,SG-006a,rectangular,default,E_x_3_1,exact,E_x,3,1,51,2.7063291139240504,6.4266211644419231e-06,6.4266211644419231e-06,1,1,1144093.6904897816,394586.15119321237,9346752.9659487773,0.16316877443394681,1.5053662896931334e-06,1.5053662896931334e-06,7.9192338882085467e-07,7.9192338882085467e-07
SG-006a,SG-006a,rectangular,default,E_x_3_1,exact,E_x,3,1,52,2.7525316455696203,6.536336633339084e-06,6.536336633339084e-06,1,1,1130915.7754927133,389254.03715386672,9348580.1281855311,0.18268585044275149,1.4566966380303387e-06,1.4566966380303387e-06,7.9088754631809978e-07,7.9088754631809978e-07
SG-006a,SG-006a,rectangular,default,E_x_3_1,exact,E_x,3,1,53,2.7987341772151897,6.646052102236245e-06,6.646052102236245e-06,1,1,1117910.3626693552,384062.83077526197,9350358.9114459995,0.2016898247626725,1.4134954086090387e-06,1.4134954086090387e-06,7.8989643363890131e-07,7.8989643363890131e-07
SG-006a,SG-006a,rectangular,default,E_x_3_1,exact,E_x,3,1,54,2.8449367088607596,6.7557675711334068e-06,6.7557675711334068e-06,1,1,1105088.7238912713,379007.08856862213,9352089.1863234155,0.22017901945507715,1.3748894390499422e-06,1.3748894390499422e-06,7.8894747660904076e-07,7.8894747660904076e-07
SG-006a,SG-006a,rectangular,default,E_x_3_1,exact,E_x,3,1,55,2.891139240506329,6.8654830400305669e-06,6.8654830400305669e-06,1,1,1092459.2236757474,374081.63918212184,9353771.1850160658,0.23815562866490819,1.3401832455112318e-06,1.3401832455112318e-06,7.8803828576503336e-07,7.8803828576503336e-07
SG-006a,SG-006a,rectangular,default,E_x_3_1,exact,E_x,3,1,56,2.9373417721518984,6.9751985089277271e-06,6.9751985089277271e-06,1,1,1080027.874068711,369281.56698900601,9355405.4174750242,0.25562482564695316,1.3088158028645183e-06,1.3088158028645183e-06,7.8716664051893258e-07,7.8716664051893258e-07
SG-006a,SG-006a,rectangular,default,E_x_3_1,exact,E_x,3,1,57,2.9835443037974683,7.0849139778248889e-06,7.0849139778248889e-06,1,1,1067798.7771945675,364602.19680930011,9356992.6054960564,0.27259406044763906,1.2803293942799547e-06,1.2803293942799547e-06,7.8633047489696226e-07,7.8633047489696226e-07
SG-006a,SG-006a,rectangular,default,E_x_3_1,exact,E_x,3,1,58,3.0297468354430377,7.1946294467220498e-06,7.1946294467220498e-06,1,1,1055774.4808967295,360039.07968464738,9358533.6306705307,0.28907250487732855,1.2543467649371532e-06,1.2543467649371532e-06,7.855278646755362e-07,7.855278646755362e-07
SG-006a,SG-006a,rectangular,default,E_x_3_1,exact,E_x,3,1,59,3.0759493670886076,7.3043449156192108e-06,7.3043449156192108e-06,1,1,1043956.2664399815,355587.97962129116,9360029.49313269,0.30507061226145843,1.2305541015882686e-06,1.2305541015882686e-06,7.8475701575845852e-07,7.8475701575845852e-07
SG-006a,SG-006a,rectangular,default,E_x_3_1,exact,E_x,3,1,60,3.122151898734177,7.4140603845163718e-06,7.4140603845163718e-06,1,1,1032344.3826103769,351244.86123247212,9361481.278780343,0.32059976730910911,1.208688171619137e-06,1.208688171619137e-06,7.8401625366013451e-07,7.8401625366013451e-07
SG-006a,SG-006a,rectangular,default,E_x_3_1,exact,E_x,3,1,61,3.1683544303797468,7.5237758534135336e-06,7.5237758534135336e-06,1,1,1020938.2371746958,347005.87820819404,9362890.1331889946,0.3356720071993648,1.1885264794088939e-06,1.1885264794088939e-06,7.8330401397461043e-07,7.8330401397461043e-07
SG-006a,SG-006a,rectangular,default,E_x_3_1,exact,E_x,3,1,62,3.2145569620253163,7.6334913223106946e-06,7.6334913223106946e-06,1,1,1009736.5541608564,342867.36255430442,9364257.2408435419,0.35029979927411381,1.169879643266308e-06,1.169879643266308e-06,7.8261883372614912e-07,7.8261883372614912e-07
SG-006a,SG-006a,rectangular,default,E_x_3_1,exact,E_x,3,1,63,3.2607594936708861,7.7432067912078555e-06,7.7432067912078555e-06,1,1,998737.503559581,338825.81454147852,9365583.808614824,0.36449586394271838,1.152585428307318e-06,1.152585428307318e-06,7.819593435084204e-07,7.819593435084204e-07
SG-006a,SG-006a,rectangular,default,E_x_3_1,exact,E_x,3,1,64,3.3069620253164556,7.8529222601050165e-06,7.8529222601050165e-06,1,1,987938.80863714963,334877.89331176889,9366871.052638866,0.37827303385056832,1.1365040292448621e-06,1.1365040292448621e-06,7.8132426033067272e-07,7.8132426033067272e-07
SG-006a,SG-006a,rectangular,default,E_x_3_1,exact,E_x,3,1,65,3.353164556962025,7.9626377290021758e-06,7.9626377290021758e-06,1,1,977337.83496976714,331020.40809594223,9368120.1879333761,0.39164414223901939,1.1215143071837271e-06,1.1215143071837271e-06,7.8071238109890615e-07,7.8071238109890615e-07
SG-006a,SG-006a,rectangular,default,E_x_3_1,exact,E_x,3,1,66,3.3993670886075948,8.0723531978993384e-06,8.0723531978993384e-06,1,1,966931.66448269691,327250.30999468034,9369332.4202225506,0.40462193487276299,1.1075107621006701e-06,1.1075107621006701e-06,7.8012257666766324e-07,7.8012257666766324e-07
SG-006a,SG-006a,rectangular,default,E_x_3_1,exact,E_x,3,1,67,3.4455696202531643,8.1820686667964977e-06,8.1820686667964977e-06,1,1,956717.1571322442,323564.68428604142,9370508.9395473041,0.41721900103673332,1.0944010780853146e-06,1.0944010780853146e-06,7.7955378640618468e-07,7.7955378640618468e-07
SG-006a,SG-006a,rectangular,default,E_x_3_1,exact,E_x,3,1,68,3.4917721518987341,8.2917841356936604e-06,8.2917841356936604e-06,1,1,946691.00236000097,319960.74321752333,9371650.9153219406,0.4294477199953412,1.0821041184612244e-06,1.0821041184612244e-06,7.7900501322782852e-07,7.7900501322782852e-07
SG-006a,SG-006a,rectangular,default,E_x_3_1,exact,E_x,3,1,69,3.5379746835443036,8.4014996045908214e-06,8.4014996045908214e-06,1,1,936849.7620541018,316435.81925189192,9372759.4925634265,0.44132021999860005,1.0705482772011748e-06,1.0705482772011748e-06,7.7847531903843421e-07,7.7847531903843421e-07
SG-006a,SG-006a,rectangular,default,E_x_3_1,exact,E_x,3,1,70,3.5841772151898734,8.5112150734879823e-06,8.5112150734879823e-06,1,1,927189.90643099206,312987.35873158474,9373835.7890722062,0.45284834748052682,1.0596701146962285e-06,1.0596701146962285e-06,7.7796382056306097e-07,7.7796382056306097e-07
SG-006a,SG-006a,rectangular,default,E_x_3_1,exact,E_x,3,1,71,3.6303797468354428,8.6209305423851433e-06,8.6209305423851433e-06,1,1,917707.84400121844,309612.9159344635,9374880.8933846969,0.46404364453270575,1.0494132221093765e-06,1.0494132221093765e-06,7.7746968551567843e-07,7.7746968551567843e-07
SG-006a,SG-006a,rectangular,default,E_x_3_1,exact,E_x,3,1,72,3.6765822784810127,8.7306460112823043e-06,8.7306460112823043e-06,1,1,908399.94657491753,306310.14749218826,9375895.8633514196,0.47491733309568573,1.0397272707250287e-06,1.0397272707250287e-06,7.7699212907957522e-07,7.7699212907957522e-07
SG-006a,SG-006a,rectangular,default,E_x_3_1,exact,E_x,3,1,73,3.7227848101265821,8.8403614801794652e-06,8.8403614801794652e-06,1,1,899262.57010187418,303076.80714715249,9376881.7252212111,0.48548030459217473,1.0305672119757113e-06,1.0305672119757113e-06,7.7653041066998685e-07,7.7653041066998685e-07
SG-006a,SG-006a,rectangular,default,E_x_3_1,exact,E_x,3,1,74,3.7689873417721516,8.9500769490766245e-06,8.9500769490766245e-06,1,1,890292.07200342161,299910.74082315783,9377839.4731340446,0.49574311396126758,1.0218926009269301e-06,1.0218926009269301e-06,7.760838309530015e-07,7.760838309530015e-07
SG-006a,SG-006a,rectangular,default,E_x_3_1,exact,E_x,3,1,75,3.8151898734177214,9.0597924179737872e-06,9.0597924179737872e-06,1,1,881484.82554590283,296809.88199133181,9378770.0689423494,0.50571597723740036,1.0136670214921281e-06,1.0136670214921281e-06,7.7565172909807992e-07,7.7565172909807992e-07
SG-006a,SG-006a,rectangular,default,E_x_3_1,exact,E_x,3,1,76,3.8613924050632908,9.1695078868709481e-06,9.1695078868709481e-06,1,1,872837.23171337205,293772.2473070717,9379674.4422954973,0.51540877197534773,1.0058575959197653e-06,1.0058575959197653e-06,7.7523348024280455e-07,7.7523348024280455e-07
SG-006a,SG-006a,rectangular,default,E_x_3_1,exact,E_x,3,1,77,3.9075949367088607,9.2792233557681091e-06,9.2792233557681091e-06,1,1,864345.72896878491,290795.93250493245,9380553.4909330532,0.52483103993871516,9.9843456444815016e-07,9.9843456444815016e-07,7.7482849315189714e-07,7.7482849315189714e-07
SG-006a,SG-006a,rectangular,default,E_x_3_1,exact,E_x,3,1,78,3.9537974683544301,9.3889388246652701e-06,9.3889388246652701e-06,1,1,856006.80122162215,287879.10852874327,9381408.081143219,0.53399199158509492,9.9137092365597199e-07,9.9137092365597199e-07,7.7443620805285433e-07,7.7443620805285433e-07
SG-006a,SG-006a,rectangular,default,E_x_3_1,exact,E_x,3,1,79,4,9.498654293562431e-06,9.498654293562431e-06,1,1,847816.98428110359,285020.01788687997,9382239.048349414,0.54290051195038458,9.8464211414456899e-07,9.8464211414456899e-07,7.7405609463375757e-07,7.7405609463375757e-07
SG-006a,SG-006a,rectangular,default,E_y_1_3,exact,E_y,1,3,0,0.34999999999999998,8.3113225068671265e-07,8.3113225068671265e-07,0,1,nan,nan,nan,nan,nan,nan,nan,nan
SG-006a,SG-006a,rectangular,default,E_y_1_3,exact,E_y,1,3,1,0.39620253164556962,9.4084771958387373e-07,9.4084771958387373e-07,0,1,nan,nan,nan,nan,nan,nan,nan,nan
SG-006a,SG-006a,rectangular,default,E_y_1_3,exact,E_y,1,3,2,0.44240506329113921,1.0505631884810347e-06,1.0505631884810347e-06,0,1,nan,nan,nan,nan,nan,nan,nan,nan
SG-006a,SG-006a,rectangular,default,E_y_1_3,exact,E_y,1,3,3,0.4886075949367088,1.1602786573781955e-06,1.1602786573781955e-06,0,1,nan,nan,nan,nan,nan,nan,nan,nan
SG-006a,SG-006a,rectangular,default,E_y_1_3,exact,E_y,1,3,4,0.53481012658227844,1.2699941262753566e-06,1.2699941262753566e-06,0,1,nan,nan,nan,nan,nan,nan,nan,nan
SG-006a,SG-006a,rectangular,default,E_y_1_3,exact,E_y,1,3,5,0.58101265822784809,1.3797095951725176e-06,1.3797095951725176e-06,0,1,nan,nan,nan,nan,nan,nan,nan,nan
SG-006a,SG-006a,rectangular,default,E_y_1_3,exact,E_y,1,3,6,0.62721518987341773,1.4894250640696788e-06,1.4894250640696788e-06,0,1,nan,nan,nan,nan,nan,nan,nan,nan
SG-006a,SG-006a,rectangular,default,E_y_1_3,exact,E_y,1,3,7,0.67341772151898727,1.5991405329668395e-06,1.5991405329668395e-06,0,1,nan,nan,nan,nan,nan,nan,nan,nan
SG-006a,SG-006a,rectangular,default,E_y_1_3,exact,E_y,1,3,8,0.71962025316455691,1.7088560018640005e-06,1.7088560018640005e-06,0,1,nan,nan,nan,nan,nan,nan,nan,nan
SG-006a,SG-006a,rectangular,default,E_y_1_3,exact,E_y,1,3,9,0.76582278481012656,1.8185714707611615e-06,1.8185714707611615e-06,0,1,nan,nan,nan,nan,nan,nan,nan,nan
SG-006a,SG-006a,rectangular,default,E_y_1_3,exact,E_y,1,3,10,0.81202531645569609,1.9282869396583225e-06,1.9282869396583225e-06,0,1,nan,nan,nan,nan,nan,nan,nan,nan
SG-006a,SG-006a,rectangular,default,E_y_1_3,exact,E_y,1,3,11,0.85822784810126573,2.0380024085554834e-06,2.0380024085554834e-06,0,1,nan,nan,nan,nan,nan,nan,nan,nan
SG-006a,SG-006a,rectangular,default,E_y_1_3,exact,E_y,1,3,12,0.90443037974683538,2.1477178774526444e-06,2.1477178774526444e-06,0,1,nan,nan,nan,nan,nan,nan,nan,nan
SG-006a,SG-006a,rectangular,default,E_y_1_3,exact,E_y,1,3,13,0.95063291139240502,2.2574333463498054e-06,2.2574333463498054e-06,0,1,nan,nan,nan,nan,nan,nan,nan,nan
SG-006a,SG-006a,rectangular,default,E_y_1_3,exact,E_y,1,3,14,0.99683544303797456,2.3671488152469663e-06,2.3671488152469663e-06,0,1,nan,nan,nan,nan,nan,nan,nan,nan
SG-006a,SG-006a,rectangular,default,E_y_1_3,exact,E_y,1,3,15,1.0430379746835441,2.4768642841441269e-06,2.4768642841441269e-06,0,1,nan,nan,nan,nan,nan,nan,nan,nan
SG-006a,SG-006a,rectangular,default,E_y_1_3,exact,E_y,1,3,16,1.089240506329114,2.5865797530412887e-06,2.5865797530412887e-06,0,1,nan,nan,nan,nan,nan,nan,nan,nan
SG-006a,SG-006a,rectangular,default,E_y_1_3,exact,E_y,1,3,17,1.1354430379746834,2.6962952219384492e-06,2.6962952219384492e-06,0,1,nan,nan,nan,nan,nan,nan,nan,nan
SG-006a,SG-006a,rectangular,default,E_y_1_3,exact,E_y,1,3,18,1.1816455696202532,2.8060106908356106e-06,2.8060106908356106e-06,0,1,nan,nan,nan,nan,nan,nan,nan,nan
SG-006a,SG-006a,rectangular,default,E_y_1_3,exact,E_y,1,3,19,1.2278481012658227,2.9157261597327712e-06,2.9157261597327712e-06,0,1,nan,nan,nan,nan,nan,nan,nan,nan
SG-006a,SG-006a,rectangular,default,E_y_1_3,exact,E_y,1,3,20,1.2740506329113923,3.0254416286299322e-06,3.0254416286299322e-06,0,1,nan,nan,nan,nan,nan,nan,nan,nan
SG-006a,SG-006a,rectangular,default,E_y_1_3,exact,E_y,1,3,21,1.320253164556962,3.1351570975270935e-06,3.1351570975270935e-06,0,1,nan,nan,nan,nan,nan,nan,nan,nan
SG-006a,SG-006a,rectangular,default,E_y_1_3,exact,E_y,1,3,22,1.3664556962025314,3.2448725664242541e-06,3.2448725664242541e-06,0,1,nan,nan,nan,nan,nan,nan,nan,nan
SG-006a,SG-006a,rectangular,default,E_y_1_3,exact,E_y,1,3,23,1.4126582278481012,3.3545880353214155e-06,3.3545880353214155e-06,0,1,nan,nan,nan,nan,nan,nan,nan,nan
SG-006a,SG-006a,rectangular,default,E_y_1_3,exact,E_y,1,3,24,1.4588607594936707,3.464303504218576e-06,3.464303504218576e-06,0,1,nan,nan,nan,nan,nan,nan,nan,nan
SG-006a,SG-006a,rectangular,default,E_y_1_3,exact,E_y,1,3,25,1.5050632911392405,3.5740189731157374e-06,3.5740189731157374e-06,0,1,nan,nan,nan,nan,nan,nan,nan,nan
SG-006a,SG-006a,rectangular,default,E_y_1_3,exact,E_y,1,3,26,1.55126582278481,3.683734442012898e-06,3.683734442012898e-06,0,1,nan,nan,nan,nan,nan,nan,nan,nan
SG-006a,SG-006a,rectangular,default,E_y_1_3,exact,E_y,1,3,27,1.5974683544303798,3.7934499109100598e-06,3.7934499109100598e-06,0,1,nan,nan,nan,nan,nan,nan,nan,nan
SG-006a,SG-006a,rectangular,default,E_y_1_3,exact,E_y,1,3,28,1.6436708860759492,3.9031653798072199e-06,3.9031653798072199e-06,0,1,nan,nan,nan,nan,nan,nan,nan,nan
SG-006a,SG-006a,rectangular,default,E_y_1_3,exact,E_y,1,3,29,1.6898734177215187,4.0128808487043809e-06,4.0128808487043809e-06,0,1,nan,nan,nan,nan,nan,nan,nan,nan
SG-006a,SG-006a,rectangular,default,E_y_1_3,exact,E_y,1,3,30,1.7360759493670885,4.1225963176015427e-06,4.1225963176015427e-06,0,1,nan,nan,nan,nan,nan,nan,nan,nan
SG-006a,SG-006a,rectangular,default,E_y_1_3,exact,E_y,1,3,31,1.782278481012658,4.2323117864987028e-06,4.2323117864987028e-06,0,1,nan,nan,nan,nan,nan,nan,nan,nan
SG-006a,SG-006a,rectangular,default,E_y_1_3,exact,E_y,1,3,32,1.8284810126582278,4.3420272553958646e-06,4.3420272553958646e-06,0,1,nan,nan,nan,nan,nan,nan,nan,nan
SG-006a,SG-006a,rectangular,default,E_y_1_3,exact,E_y,1,3,33,1.8746835443037972,4.4517427242930248e-06,4.4517427242930248e-06,0,1,nan,nan,nan,nan,nan,nan,nan,nan
SG-006a,SG-006a,rectangular,default,E_y_1_3,exact,E_y,1,3,34,1.9208860759493671,4.5614581931901866e-06,4.5614581931901866e-06,0,1,nan,nan,nan,nan,nan,nan,nan,nan
SG-006a,SG-006a,rectangular,default,E_y_1_3,exact,E_y,1,3,35,1.9670886075949365,4.6711736620873467e-06,4.6711736620873467e-06,0,1,nan,nan,nan,nan,nan,nan,nan,nan
SG-006a,SG-006a,rectangular,default,E_y_1_3,exact,E_y,1,3,36,2.0132911392405064,4.7808891309845085e-06,4.7808891309845085e-06,0,1,496258.820189878,1322702.4861453606,9318295.1727412511,-0.14031450531720321,8.1542121646669466e-07,8.1542121646669466e-07,3.8071816526046194e-05,3.8071816526046194e-05
SG-006a,SG-006a,rectangular,default,E_y_1_3,exact,E_y,1,3,37,2.0594936708860758,4.8906045998816695e-06,4.8906045998816695e-06,0,1,487907.01106154121,1318606.8467717827,9319316.6241955664,-0.12943742268139152,8.1320205370885788e-07,8.1320205370885788e-07,9.3219030472856375e-06,9.3219030472856375e-06
SG-006a,SG-006a,rectangular,default,E_y_1_3,exact,E_y,1,3,38,2.1056962025316452,5.0003200687788296e-06,5.0003200687788296e-06,0,1,479826.40607535746,1311137.8498931224,9320789.868268393,-0.11374725709246418,8.1110753322938866e-07,8.1110753322938866e-07,5.6659892039324939e-06,5.6659892039324939e-06
SG-006a,SG-006a,rectangular,default,E_y_1_3,exact,E_y,1,3,39,2.1518987341772151,5.1100355376759914e-06,5.1100355376759914e-06,0,1,472004.36779306317,1301523.0341706974,9322536.6332405265,-0.09514085871894129,8.0912831759487021e-07,8.0912831759487021e-07,4.2156369830530809e-06,4.2156369830530809e-06
SG-006a,SG-006a,rectangular,default,E_y_1_3,exact,E_y,1,3,40,2.1981012658227845,5.2197510065731515e-06,5.2197510065731515e-06,0,1,464429.00054153416,1290475.2254903475,9324452.7456390653,-0.074726575305148563,8.0725594075066964e-07,8.0725594075066964e-07,3.4318805646933066e-06,3.4318805646933066e-06
SG-006a,SG-006a,rectangular,default,E_y_1_3,exact,E_y,1,3,41,2.2443037974683544,5.3294664754703134e-06,5.3294664754703134e-06,0,1,457089.10010717378,1278449.3389604171,9326471.8115737177,-0.053210884121370469,8.0548271107790906e-07,8.0548271107790906e-07,2.9386473588485908e-06,2.9386473588485908e-06
SG-006a,SG-006a,rectangular,default,E_y_1_3,exact,E_y,1,3,42,2.2905063291139238,5.4391819443674735e-06,5.4391819443674735e-06,0,1,449974.10704269179,1265754.0251778718,9328549.172327999,-0.031069126119959708,8.038016269193251e-07,8.038016269193251e-07,2.5985114400757173e-06,2.5985114400757173e-06
SG-006a,SG-006a,rectangular,default,E_y_1_3,exact,E_y,1,3,43,2.3367088607594937,5.5488974132646353e-06,5.5488974132646353e-06,0,1,443074.06335751235,1252607.7229881031,9330653.7218189966,-0.0086325457426209076,8.0220630276227387e-07,8.0220630276227387e-07,2.3491681762696543e-06,2.3491681762696543e-06
SG-006a,SG-006a,rectangular,default,E_y_1_3,exact,E_y,1,3,44,2.3829113924050631,5.6586128821617963e-06,5.6586128821617963e-06,1,1,436379.57235612615,1239169.7629815834,9332763.298034871,0.013862703835025244,8.0069090455723762e-07,8.0069090455723762e-07,2.1582115638532485e-06,2.1582115638532485e-06
SG-006a,SG-006a,rectangular,default,E_y_1_3,exact,E_y,1,3,45,2.429113924050633,5.7683283510589572e-06,5.7683283510589572e-06,1,1,429881.76140855916,1225558.9495590739,9334861.891970776,0.036245890751565354,7.9925009289408513e-07,7.9925009289408513e-07,2.0070893625845514e-06,2.0070893625845514e-06
SG-006a,SG-006a,rectangular,default,E_y_1_3,exact,E_y,1,3,46,2.4753164556962024,5.8780438199561182e-06,5.8780438199561182e-06,1,1,423572.24743622704,1211865.310182878,9336937.8615786806,0.05839272256726432,7.9787897295488912e-07,7.9787897295488912e-07,1.8843982341378905e-06,1.8843982341378905e-06
SG-006a,SG-006a,rectangular,default,E_y_1_3,exact,E_y,1,3,47,2.5215189873417723,5.9877592888532792e-06,5.9877592888532792e-06,1,1,417443.10491749935,1198157.8648600942,9338982.7387588099,0.080212669128623654,7.9657305032947336e-07,7.9657305032947336e-07,1.7827336877622799e-06,1.7827336877622799e-06
SG-006a,SG-006a,rectangular,default,E_y_1_3,exact,E_y,1,3,48,2.5677215189873417,6.0974747577504401e-06,6.0974747577504401e-06,1,1,411486.83622271207,1184489.9532777327,9340990.4048769791,0.10164020212876734,7.9532819191576207e-07,7.9532819191576207e-07,1.6970731228940004e-06,1.6970731228940004e-06
SG-006a,SG-006a,rectangular,default,E_y_1_3,exact,E_y,1,3,49,2.6139240506329111,6.2071902266476003e-06,6.2071902266476003e-06,1,1,405696.34410220804,1170902.9975622068,9342956.5051158313,0.12262857232986296,7.9414059124218071e-07,7.9414059124218071e-07,1.6238860769281968e-06,1.6238860769281968e-06
SG-006a,SG-006a,rectangular,default,E_y_1_3,exact,E_y,1,3,50,2.660126582278481,6.3169056955447621e-06,6.3169056955447621e-06,1,1,400064.90616496734,1157429.2266677441,9344878.0230624098,0.14314528896798237,7.9300673764591498e-07,7.9300673764591498e-07,1.5606163521209385e-06,1.5606163521209385e-06
SG-006a,SG-006a,rectangular,default,E_y_1_3,exact,E_y,1,3,51,2.7063291139240504,6.4266211644419231e-06,6.4266211644419231e-06,1,1,394586.15119321237,1144093.6904897816,9346752.9659487773,0.16316877443394681,7.9192338882085467e-07,7.9192338882085467e-07,1.5053662896931334e-06,1.5053662896931334e-06
SG-006a,SG-006a,rectangular,default,E_y_1_3,exact,E_y,1,3,52,2.7525316455696203,6.536336633339084e-06,6.536336633339084e-06,1,1,389254.03715386672,1130915.7754927133,9348580.1281855311,0.18268585044275149,7.9088754631809978e-07,7.9088754631809978e-07,1.4566966380303387e-06,1.4566966380303387e-06
SG-006a,SG-006a,rectangular,default,E_y_1_3,exact,E_y,1,3,53,2.7987341772151897,6.646052102236245e-06,6.646052102236245e-06,1,1,384062.83077526197,1117910.3626693552,9350358.9114459995,0.2016898247626725,7.8989643363890131e-07,7.8989643363890131e-07,1.4134954086090387e-06,1.4134954086090387e-06
SG-006a,SG-006a,rectangular,default,E_y_1_3,exact,E_y,1,3,54,2.8449367088607596,6.7557675711334068e-06,6.7557675711334068e-06,1,1,379007.08856862213,1105088.7238912713,9352089.1863234155,0.22017901945507715,7.8894747660904076e-07,7.8894747660904076e-07,1.3748894390499422e-06,1.3748894390499422e-06
SG-006a,SG-006a,rectangular,default,E_y_1_3,exact,E_y,1,3,55,2.891139240506329,6.8654830400305669e-06,6.8654830400305669e-06,1,1,374081.63918212184,1092459.2236757474,9353771.1850160658,0.23815562866490819,7.8803828576503336e-07,7.8803828576503336e-07,1.3401832455112318e-06,1.3401832455112318e-06
SG-006a,SG-006a,rectangular,default,E_y_1_3,exact,E_y,1,3,56,2.9373417721518984,6.9751985089277271e-06,6.9751985089277271e-06,1,1,369281.56698900601,1080027.874068711,9355405.4174750242,0.25562482564695316,7.8716664051893258e-07,7.8716664051893258e-07,1.3088158028645183e-06,1.3088158028645183e-06
SG-006a,SG-006a,rectangular,default,E_y_1_3,exact,E_y,1,3,57,2.9835443037974683,7.0849139778248889e-06,7.0849139778248889e-06,1,1,364602.19680930011,1067798.7771945675,9356992.6054960564,0.27259406044763906,7.8633047489696226e-07,7.8633047489696226e-07,1.2803293942799547e-06,1.2803293942799547e-06
SG-006a,SG-006a,rectangular,default,E_y_1_3,exact,E_y,1,3,58,3.0297468354430377,7.1946294467220498e-06,7.1946294467220498e-06,1,1,360039.07968464738,1055774.4808967295,9358533.6306705307,0.28907250487732855,7.855278646755362e-07,7.855278646755362e-07,1.2543467649371532e-06,1.2543467649371532e-06
SG-006a,SG-006a,rectangular,default,E_y_1_3,exact,E_y,1,3,59,3.0759493670886076,7.3043449156192108e-06,7.3043449156192108e-06,1,1,355587.97962129116,1043956.2664399815,9360029.49313269,0.30507061226145843,7.8475701575845852e-07,7.8475701575845852e-07,1.2305541015882686e-06,1.2305541015882686e-06
SG-006a,SG-006a,rectangular,default,E_y_1_3,exact,E_y,1,3,60,3.122151898734177,7.4140603845163718e-06,7.4140603845163718e-06,1,1,351244.86123247212,1032344.3826103769,9361481.278780343,0.32059976730910911,7.8401625366013451e-07,7.8401625366013451e-07,1.208688171619137e-06,1.208688171619137e-06
SG-006a,SG-006a,rectangular,default,E_y_1_3,exact,E_y,1,3,61,3.1683544303797468,7.5237758534135336e-06,7.5237758534135336e-06,1,1,347005.87820819404,1020938.2371746958,9362890.1331889946,0.3356720071993648,7.8330401397461043e-07,7.8330401397461043e-07,1.1885264794088939e-06,1.1885264794088939e-06
SG-006a,SG-006a,rectangular,default,E_y_1_3,exact,E_y,1,3,62,3.2145569620253163,7.6334913223106946e-06,7.6334913223106946e-06,1,1,342867.36255430442,1009736.5541608564,9364257.2408435419,0.35029979927411381,7.8261883372614912e-07,7.8261883372614912e-07,1.169879643266308e-06,1.169879643266308e-06
SG-006a,SG-006a,rectangular,default,E_y_1_3,exact,E_y,1,3,63,3.2607594936708861,7.7432067912078555e-06,7.7432067912078555e-06,1,1,338825.81454147852,998737.503559581,9365583.808614824,0.36449586394271838,7.819593435084204e-07,7.819593435084204e-07,1.152585428307318e-06,1.152585428307318e-06
SG-006a,SG-006a,rectangular,default,E_y_1_3,exact,E_y,1,3,64,3.3069620253164556,7.8529222601050165e-06,7.8529222601050165e-06,1,1,334877.89331176889,987938.80863714963,9366871.052638866,0.37827303385056832,7.8132426033067272e-07,7.8132426033067272e-07,1.1365040292448621e-06,1.1365040292448621e-06
SG-006a,SG-006a,rectangular,default,E_y_1_3,exact,E_y,1,3,65,3.353164556962025,7.9626377290021758e-06,7.9626377290021758e-06,1,1,331020.40809594223,977337.83496976714,9368120.1879333761,0.39164414223901939,7.8071238109890615e-07,7.8071238109890615e-07,1.1215143071837271e-06,1.1215143071837271e-06
SG-006a,SG-006a,rectangular,default,E_y_1_3,exact,E_y,1,3,66,3.3993670886075948,8.0723531978993384e-06,8.0723531978993384e-06,1,1,327250.30999468034,966931.66448269691,9369332.4202225506,0.40462193487276299,7.8012257666766324e-07,7.8012257666766324e-07,1.1075107621006701e-06,1.1075107621006701e-06
SG-006a,SG-006a,rectangular,default,E_y_1_3,exact,E_y,1,3,67,3.4455696202531643,8.1820686667964977e-06,8.1820686667964977e-06,1,1,323564.68428604142,956717.1571322442,9370508.9395473041,0.41721900103673332,7.7955378640618468e-07,7.7955378640618468e-07,1.0944010780853146e-06,1.0944010780853146e-06
SG-006a,SG-006a,rectangular,default,E_y_1_3,exact,E_y,1,3,68,3.4917721518987341,8.2917841356936604e-06,8.2917841356936604e-06,1,1,319960.74321752333,946691.00236000097,9371650.9153219406,0.4294477199953412,7.7900501322782852e-07,7.7900501322782852e-07,1.0821041184612244e-06,1.0821041184612244e-06
SG-006a,SG-006a,rectangular,default,E_y_1_3,exact,E_y,1,3,69,3.5379746835443036,8.4014996045908214e-06,8.4014996045908214e-06,1,1,316435.81925189192,936849.7620541018,9372759.4925634265,0.44132021999860005,7.7847531903843421e-07,7.7847531903843421e-07,1.0705482772011748e-06,1.0705482772011748e-06
SG-006a,SG-006a,rectangular,default,E_y_1_3,exact,E_y,1,3,70,3.5841772151898734,8.5112150734879823e-06,8.5112150734879823e-06,1,1,312987.35873158474,927189.90643099206,9373835.7890722062,0.45284834748052682,7.7796382056306097e-07,7.7796382056306097e-07,1.0596701146962285e-06,1.0596701146962285e-06
SG-006a,SG-006a,rectangular,default,E_y_1_3,exact,E_y,1,3,71,3.6303797468354428,8.6209305423851433e-06,8.6209305423851433e-06,1,1,309612.9159344635,917707.84400121844,9374880.8933846969,0.46404364453270575,7.7746968551567843e-07,7.7746968551567843e-07,1.0494132221093765e-06,1.0494132221093765e-06
SG-006a,SG-006a,rectangular,default,E_y_1_3,exact,E_y,1,3,72,3.6765822784810127,8.7306460112823043e-06,8.7306460112823043e-06,1,1,306310.14749218826,908399.94657491753,9375895.8633514196,0.47491733309568573,7.7699212907957522e-07,7.7699212907957522e-07,1.0397272707250287e-06,1.0397272707250287e-06
SG-006a,SG-006a,rectangular,default,E_y_1_3,exact,E_y,1,3,73,3.7227848101265821,8.8403614801794652e-06,8.8403614801794652e-06,1,1,303076.80714715249,899262.57010187418,9376881.7252212111,0.48548030459217473,7.7653041066998685e-07,7.7653041066998685e-07,1.0305672119757113e-06,1.0305672119757113e-06
SG-006a,SG-006a,rectangular,default,E_y_1_3,exact,E_y,1,3,74,3.7689873417721516,8.9500769490766245e-06,8.9500769490766245e-06,1,1,299910.74082315783,890292.07200342161,9377839.4731340446,0.49574311396126758,7.760838309530015e-07,7.760838309530015e-07,1.0218926009269301e-06,1.0218926009269301e-06
SG-006a,SG-006a,rectangular,default,E_y_1_3,exact,E_y,1,3,75,3.8151898734177214,9.0597924179737872e-06,9.0597924179737872e-06,1,1,296809.88199133181,881484.82554590283,9378770.0689423494,0.50571597723740036,7.7565172909807992e-07,7.7565172909807992e-07,1.0136670214921281e-06,1.0136670214921281e-06
SG-006a,SG-006a,rectangular,default,E_y_1_3,exact,E_y,1,3,76,3.8613924050632908,9.1695078868709481e-06,9.1695078868709481e-06,1,1,293772.2473070717,872837.23171337205,9379674.4422954973,0.51540877197534773,7.7523348024280455e-07,7.7523348024280455e-07,1.0058575959197653e-06,1.0058575959197653e-06
SG-006a,SG-006a,rectangular,default,E_y_1_3,exact,E_y,1,3,77,3.9075949367088607,9.2792233557681091e-06,9.2792233557681091e-06,1,1,290795.93250493245,864345.72896878491,9380553.4909330532,0.52483103993871516,7.7482849315189714e-07,7.7482849315189714e-07,9.9843456444815016e-07,9.9843456444815016e-07
SG-006a,SG-006a,rectangular,default,E_y_1_3,exact,E_y,1,3,78,3.9537974683544301,9.3889388246652701e-06,9.3889388246652701e-06,1,1,287879.10852874327,856006.80122162215,9381408.081143219,0.53399199158509492,7.7443620805285433e-07,7.7443620805285433e-07,9.9137092365597199e-07,9.9137092365597199e-07
SG-006a,SG-006a,rectangular,default,E_y_1_3,exact,E_y,1,3,79,4,9.498654293562431e-06,9.498654293562431e-06,1,1,285020.01788687997,847816.98428110359,9382239.048349414,0.54290051195038458,7.7405609463375757e-07,7.7405609463375757e-07,9.8464211414456899e-07,9.8464211414456899e-07
SG-006a,SG-006a,rectangular,default,E_x_1_3,exact,E_x,1,3,0,0.34999999999999998,8.3113225068671265e-07,8.3113225068671265e-07,0,1,nan,nan,nan,nan,nan,nan,nan,nan
SG-006a,SG-006a,rectangular,default,E_x_1_3,exact,E_x,1,3,1,0.39620253164556962,9.4084771958387373e-07,9.4084771958387373e-07,0,1,nan,nan,nan,nan,nan,nan,nan,nan
SG-006a,SG-006a,rectangular,default,E_x_1_3,exact,E_x,1,3,2,0.44240506329113921,1.0505631884810347e-06,1.0505631884810347e-06,0,1,nan,nan,nan,nan,nan,nan,nan,nan
SG-006a,SG-006a,rectangular,default,E_x_1_3,exact,E_x,1,3,3,0.4886075949367088,1.1602786573781955e-06,1.1602786573781955e-06,0,1,nan,nan,nan,nan,nan,nan,nan,nan
SG-006a,SG-006a,rectangular,default,E_x_1_3,exact,E_x,1,3,4,0.53481012658227844,1.2699941262753566e-06,1.2699941262753566e-06,0,1,nan,nan,nan,nan,nan,nan,nan,nan
SG-006a,SG-006a,rectangular,default,E_x_1_3,exact,E_x,1,3,5,0.58101265822784809,1.3797095951725176e-06,1.3797095951725176e-06,0,1,nan,nan,nan,nan,nan,nan,nan,nan
SG-006a,SG-006a,rectangular,default,E_x_1_3,exact,E_x,1,3,6,0.62721518987341773,1.4894250640696788e-06,1.4894250640696788e-06,0,1,nan,nan,nan,nan,nan,nan,nan,nan
SG-006a,SG-006a,rectangular,default,E_x_1_3,exact,E_x,1,3,7,0.67341772151898727,1.5991405329668395e-06,1.5991405329668395e-06,0,1,nan,nan,nan,nan,nan,nan,nan,nan
SG-006a,SG-006a,rectangular,default,E_x_1_3,exact,E_x,1,3,8,0.71962025316455691,1.7088560018640005e-06,1.7088560018640005e-06,0,1,nan,nan,nan,nan,nan,nan,nan,nan
SG-006a,SG-006a,rectangular,default,E_x_1_3,exact,E_x,1,3,9,0.76582278481012656,1.8185714707611615e-06,1.8185714707611615e-06,0,1,nan,nan,nan,nan,nan,nan,nan,nan
SG-006a,SG-006a,rectangular,default,E_x_1_3,exact,E_x,1,3,10,0.81202531645569609,1.9282869396583225e-06,1.9282869396583225e-06,0,1,nan,nan,nan,nan,nan,nan,nan,nan
SG-006a,SG-006a,rectangular,default,E_x_1_3,exact,E_x,1,3,11,0.85822784810126573,2.0380024085554834e-06,2.0380024085554834e-06,0,1,nan,nan,nan,nan,nan,nan,nan,nan
SG-006a,SG-006a,rectangular,default,E_x_1_3,exact,E_x,1,3,12,0.90443037974683538,2.1477178774526444e-06,2.1477178774526444e-06,0,1,nan,nan,nan,nan,nan,nan,nan,nan
SG-006a,SG-006a,rectangular,default,E_x_1_3,exact,E_x,1,3,13,0.95063291139240502,2.2574333463498054e-06,2.2574333463498054e-06,0,1,nan,nan,nan,nan,nan,nan,nan,nan
SG-006a,SG-006a,rectangular,default,E_x_1_3,exact,E_x,1,3,14,0.99683544303797456,2.3671488152469663e-06,2.3671488152469663e-06,0,1,nan,nan,nan,nan,nan,nan,nan,nan
SG-006a,SG-006a,rectangular,default,E_x_1_3,exact,E_x,1,3,15,1.0430379746835441,2.4768642841441269e-06,2.4768642841441269e-06,0,1,nan,nan,nan,nan,nan,nan,nan,nan
SG-006a,SG-006a,rectangular,default,E_x_1_3,exact,E_x,1,3,16,1.089240506329114,2.5865797530412887e-06,2.5865797530412887e-06,0,1,nan,nan,nan,nan,nan,nan,nan,nan
SG-006a,SG-006a,rectangular,default,E_x_1_3,exact,E_x,1,3,17,1.1354430379746834,2.6962952219384492e-06,2.6962952219384492e-06,0,1,nan,nan,nan,nan,nan,nan,nan,nan
SG-006a,SG-006a,rectangular,default,E_x_1_3,exact,E_x,1,3,18,1.1816455696202532,2.8060106908356106e-06,2.8060106908356106e-06,0,1,nan,nan,nan,nan,nan,nan,nan,nan
SG-006a,SG-006a,rectangular,default,E_x_1_3,exact,E_x,1,3,19,1.2278481012658227,2.9157261597327712e-06,2.9157261597327712e-06,0,1,nan,nan,nan,nan,nan,nan,nan,nan
SG-006a,SG-006a,rectangular,default,E_x_1_3,exact,E_x,1,3,20,1.2740506329113923,3.0254416286299322e-06,3.0254416286299322e-06,0,1,nan,nan,nan,nan,nan,nan,nan,nan
SG-006a,SG-006a,rectangular,default,E_x_1_3,exact,E_x,1,3,21,1.320253164556962,3.1351570975270935e-06,3.1351570975270935e-06,0,1,nan,nan,nan,nan,nan,nan,nan,nan
SG-006a,SG-006a,rectangular,default,E_x_1_3,exact,E_x,1,3,22,1.3664556962025314,3.2448725664242541e-06,3.2448725664242541e-06,0,1,nan,nan,nan,nan,nan,nan,nan,nan
SG-006a,SG-006a,rectangular,default,E_x_1_3,exact,E_x,1,3,23,1.4126582278481012,3.3545880353214155e-06,3.3545880353214155e-06,0,1,nan,nan,nan,nan,nan,nan,nan,nan
SG-006a,SG-006a,rectangular,default,E_x_1_3,exact,E_x,1,3,24,1.4588607594936707,3.464303504218576e-06,3.464303504218576e-06,0,1,nan,nan,nan,nan,nan,nan,nan,nan
SG-006a,SG-006a,rectangular,default,E_x_1_3,exact,E_x,1,3,25,1.5050632911392405,3.5740189731157374e-06,3.5740189731157374e-06,0,1,nan,nan,nan,nan,nan,nan,nan,nan
SG-006a,SG-006a,rectangular,default,E_x_1_3,exact,E_x,1,3,26,1.55126582278481,3.683734442012898e-06,3.683734442012898e-06,0,1,nan,nan,nan,nan,nan,nan,nan,nan
SG-006a,SG-006a,rectangular,default,E_x_1_3,exact,E_x,1,3,27,1.5974683544303798,3.7934499109100598e-06,3.7934499109100598e-06,0,1,nan,nan,nan,nan,nan,nan,nan,nan
SG-006a,SG-006a,rectangular,default,E_x_1_3,exact,E_x,1,3,28,1.6436708860759492,3.9031653798072199e-06,3.9031653798072199e-06,0,1,nan,nan,nan,nan,nan,nan,nan,nan
SG-006a,SG-006a,rectangular,default,E_x_1_3,exact,E_x,1,3,29,1.6898734177215187,4.0128808487043809e-06,4.0128808487043809e-06,0,1,nan,nan,nan,nan,nan,nan,nan,nan
SG-006a,SG-006a,rectangular,default,E_x_1_3,exact,E_x,1,3,30,1.7360759493670885,4.1225963176015427e-06,4.1225963176015427e-06,0,1,nan,nan,nan,nan,nan,nan,nan,nan
SG-006a,SG-006a,rectangular,default,E_x_1_3,exact,E_x,1,3,31,1.782278481012658,4.2323117864987028e-06,4.2323117864987028e-06,0,1,nan,nan,nan,nan,nan,nan,nan,nan
SG-006a,SG-006a,rectangular,default,E_x_1_3,exact,E_x,1,3,32,1.8284810126582278,4.3420272553958646e-06,4.3420272553958646e-06,0,1,nan,nan,nan,nan,nan,nan,nan,nan
SG-006a,SG-006a,rectangular,default,E_x_1_3,exact,E_x,1,3,33,1.8746835443037972,4.4517427242930248e-06,4.4517427242930248e-06,0,1,nan,nan,nan,nan,nan,nan,nan,nan
SG-006a,SG-006a,rectangular,default,E_x_1_3,exact,E_x,1,3,34,1.9208860759493671,4.5614581931901866e-06,4.5614581931901866e-06,0,1,nan,nan,nan,nan,nan,nan,nan,nan
SG-006a,SG-006a,rectangular,default,E_x_1_3,exact,E_x,1,3,35,1.9670886075949365,4.6711736620873467e-06,4.6711736620873467e-06,0,1,nan,nan,nan,nan,nan,nan,nan,nan
SG-006a,SG-006a,rectangular,default,E_x_1_3,exact,E_x,1,3,36,2.0132911392405064,4.7808891309845085e-06,4.7808891309845085e-06,0,1,498409.50971907598,1322692.5378946527,9318181.7980024219,-0.14152172011955774,8.1600176113747412e-07,8.1600176113747412e-07,3.7365815496971294e-05,3.7365815496971294e-05
SG-006a,SG-006a,rectangular,default,E_x_1_3,exact,E_x,1,3,37,2.0594936708860758,4.8906045998816695e-06,4.8906045998816695e-06,0,1,489992.79732787015,1318467.9527798495,9319226.8416357152,-0.13039353384668331,8.137510497175424e-07,8.137510497175424e-07,9.1770022681554515e-06,9.1770022681554515e-06
SG-006a,SG-006a,rectangular,default,E_x_1_3,exact,E_x,1,3,38,2.1056962025316452,5.0003200687788296e-06,5.0003200687788296e-06,0,1,481849.96008179919,1310810.9995954661,9320731.449254021,-0.1143694714276217,8.1162724949199892e-07,8.1162724949199892e-07,5.5896196753760192e-06,5.5896196753760192e-06
SG-006a,SG-006a,rectangular,default,E_x_1_3,exact,E_x,1,3,39,2.1518987341772151,5.1100355376759914e-06,5.1100355376759914e-06,0,1,473968.23505583813,1300997.7407022058,9322510.3164678812,-0.095421208709073196,8.0962082104492057e-07,8.0962082104492057e-07,4.1653414846632589e-06,4.1653414846632589e-06
SG-006a,SG-006a,rectangular,default,E_x_1_3,exact,E_x,1,3,40,2.1981012658227845,5.2197510065731515e-06,5.2197510065731515e-06,0,1,466335.60622668266,1289758.984816018,9324456.6851509269,-0.074684599378957744,8.0772311766546499e-07,8.0772311766546499e-07,3.3951299446579969e-06,3.3951299446579969e-06
SG-006a,SG-006a,rectangular,default,E_x_1_3,exact,E_x,1,3,41,2.2443037974683544,5.3294664754703134e-06,5.3294664754703134e-06,0,1,458940.75424218678,1277556.6127363546,9326503.2083387766,-0.052876275253041567,8.0592628581226229e-07,8.0592628581226229e-07,2.9101154046799598e-06,2.9101154046799598e-06
SG-006a,SG-006a,rectangular,default,E_x_1_3,exact,E_x,1,3,42,2.2905063291139238,5.4391819443674735e-06,5.4391819443674735e-06,0,1,451773.00972468476,1264701.6452639634,9328604.9603333082,-0.030474436075341487,8.0422317840180741e-07,8.0422317840180741e-07,2.5754595768403745e-06,2.5754595768403745e-06
SG-006a,SG-006a,rectangular,default,E_x_1_3,exact,E_x,1,3,43,2.3367088607594937,5.5488974132646353e-06,5.5488974132646353e-06,0,1,444822.30989732523,1251412.8197327866,9330730.8758226596,-0.0078099115325833352,8.0260727905492055e-07,8.0260727905492055e-07,2.3300104064702435e-06,2.3300104064702435e-06
SG-006a,SG-006a,rectangular,default,E_x_1_3,exact,E_x,1,3,44,2.3829113924050631,5.6586128821617963e-06,5.6586128821617963e-06,1,1,438079.15831654076,1237848.8067169734,9332858.9720707927,0.014883034649838606,8.0107263573552486e-07,8.0107263573552486e-07,2.1419508400928572e-06,2.1419508400928572e-06
SG-006a,SG-006a,rectangular,default,E_x_1_3,exact,E_x,1,3,45,2.429113924050633,5.7683283510589572e-06,5.7683283510589572e-06,1,1,431534.58750098606,1224127.3221639385,9334973.4765946902,0.037436171138999975,7.9961380246502196e-07,7.9961380246502196e-07,1.9930599844686004e-06,1.9930599844686004e-06
SG-006a,SG-006a,rectangular,default,E_x_1_3,exact,E_x,1,3,46,2.4753164556962024,5.8780438199561182e-06,5.8780438199561182e-06,1,1,425180.12425570877,1210337.1414991161,9337063.0005184133,0.059727885543155168,7.9822578800091224e-07,7.9822578800091224e-07,1.8721347432569398e-06,1.8721347432569398e-06
SG-006a,SG-006a,rectangular,default,E_x_1_3,exact,E_x,1,3,47,2.5215189873417723,5.9877592888532792e-06,5.9877592888532792e-06,1,1,419007.75750083849,1196546.0045997663,9339119.3250667229,0.081670289217926226,7.9690401053864793e-07,7.9690401053864793e-07,1.7718985317221763e-06,1.7718985317221763e-06
SG-006a,SG-006a,rectangular,default,E_x_1_3,exact,E_x,1,3,48,2.5677215189873417,6.0974747577504401e-06,6.0974747577504401e-06,1,1,413009.90841859696,1182806.012000347,9341136.5669991225,0.10320034939587264,7.9564425763599086e-07,7.9564425763599086e-07,1.687414146646605e-06,1.687414146646605e-06
SG-006a,SG-006a,rectangular,default,E_x_1_3,exact,E_x,1,3,49,2.6139240506329111,6.2071902266476003e-06,6.2071902266476003e-06,1,1,407179.40274987242,1169157.4213756328,9343110.5884401686,0.12427361807391241,7.9444265067880711e-07,7.9444265067880711e-07,1.6152102425436472e-06,1.6152102425436472e-06
SG-006a,SG-006a,rectangular,default,E_x_1_3,exact,E_x,1,3,50,2.660126582278481,6.3169056955447621e-06,6.3169056955447621e-06,1,1,401509.44507943257,1155631.3864206474,9345038.5699597709,0.14485969511672567,7.9329561330553702e-07,7.9329561330553702e-07,1.5527727990444661e-06,1.5527727990444661e-06
SG-006a,SG-006a,rectangular,default,E_x_1_3,exact,E_x,1,3,51,2.7063291139240504,6.4266211644419231e-06,6.4266211644419231e-06,1,1,395993.59495786205,1142251.9749094513,9346918.6959324758,0.16493888393586933,7.9219984329044799e-07,7.9219984329044799e-07,1.4982350270460227e-06,1.4982350270460227e-06
SG-006a,SG-006a,rectangular,default,E_x_1_3,exact,E_x,1,3,52,2.7525316455696203,6.536336633339084e-06,6.536336633339084e-06,1,1,390625.7447248667,1129037.6825455655,9348749.9190402217,0.18449968772423478,7.9115228745717521e-07,7.9115228745717521e-07,1.4501807685046461e-06,1.4501807685046461e-06
SG-006a,SG-006a,rectangular,default,E_x_1_3,exact,E_x,1,3,53,2.7987341772151897,6.646052102236245e-06,6.646052102236245e-06,1,1,385400.09890038334,1116002.5861504935,9350531.7817371897,0.20353691065229218,7.9015011925170301e-07,7.9015011925170301e-07,1.4075156421689552e-06,1.4075156421689552e-06
SG-006a,SG-006a,rectangular,default,E_x_1_3,exact,E_x,1,3,54,2.8449367088607596,6.7557675711334068e-06,6.7557675711334068e-06,1,1,380311.15502888709,1103157.2338202703,9352264.2794477791,0.22205020230626435,7.8919071865612421e-07,7.8919071865612421e-07,1.3693801348564453e-06,1.3693801348564453e-06
SG-006a,SG-006a,rectangular,default,E_x_1_3,exact,E_x,1,3,55,2.891139240506329,6.8654830400305669e-06,6.8654830400305669e-06,1,1,375353.68586078763,1090509.3399706129,9353947.7548119668,0.24004293191100612,7.8827165416525011e-07,7.8827165416525011e-07,1.3350894998578229e-06,1.3350894998578229e-06
SG-006a,SG-006a,rectangular,default,E_x_1_3,exact,E_x,1,3,56,2.9373417721518984,6.9751985089277271e-06,6.9751985089277271e-06,1,1,370522.72277525516,1078064.3334862676,9355582.8153341841,0.2575213111856503,7.8739066658694205e-07,7.8739066658694205e-07,1.3040912691895193e-06,1.3040912691895193e-06
SG-006a,SG-006a,rectangular,default,E_x_1_3,exact,E_x,1,3,57,2.9835443037974683,7.0849139778248889e-06,7.0849139778248889e-06,1,1,365813.54034370615,1065825.7938047028,9357170.2688775547,0.27449370682650476,7.865456544557623e-07,7.865456544557623e-07,1.2759346257596099e-06,1.2759346257596099e-06
SG-006a,SG-006a,rectangular,default,E_x_1_3,exact,E_x,1,3,58,3.0297468354430377,7.1946294467220498e-06,7.1946294467220498e-06,1,1,361221.64195498859,1053795.8005062072,9358711.072900109,0.29097009905576421,7.8573466087898568e-07,7.8573466087898568e-07,1.2502479367689555e-06,1.2502479367689555e-06
SG-006a,SG-006a,rectangular,default,E_x_1_3,exact,E_x,1,3,59,3.0759493670886076,7.3043449156192108e-06,7.3043449156192108e-06,1,1,356742.74641488004,1041975.2154430444,9360206.2943659034,0.30696165367435052,7.8495586165418332e-07,7.8495586165418332e-07,1.2267220135583355e-06,1.2267220135583355e-06
SG-006a,SG-006a,rectangular,default,E_x_1_3,exact,E_x,1,3,60,3.122151898734177,7.4140603845163718e-06,7.4140603845163718e-06,1,1,352372.7754519186,1030363.9117656469,9361657.078010045,0.32248038297566167,7.8420755451978148e-07,7.8420755451978148e-07,1.2050974605777402e-06,1.2050974605777402e-06
SG-006a,SG-006a,rectangular,default,E_x_1_3,exact,E_x,1,3,61,3.1683544303797468,7.5237758534135336e-06,7.5237758534135336e-06,1,1,348107.84205947514,1018960.9607905524,9363064.6211849768,0.3375388766963488,7.8348814941563631e-07,7.8348814941563631e-07,1.1851549910045611e-06,1.1851549910045611e-06
SG-006a,SG-006a,rectangular,default,E_x_1_3,exact,E_x,1,3,62,3.2145569620253163,7.6334913223106946e-06,7.6334913223106946e-06,1,1,343944.23961210542,1007764.7851516355,9364430.1539202165,0.35215008847652673,7.8279615964596097e-07,7.8279615964596097e-07,1.1667079259687565e-06,1.1667079259687565e-06
SG-006a,SG-006a,rectangular,default,E_x_1_3,exact,E_x,1,3,63,3.2607594936708861,7.7432067912078555e-06,7.7432067912078555e-06,1,1,339878.43169962603,996773.28479944356,9365754.9231324531,0.36632716653529851,7.8213019384982989e-07,7.8213019384982989e-07,1.1495963223600017e-06,1.1495963223600017e-06
SG-006a,SG-006a,rectangular,default,E_x_1_3,exact,E_x,1,3,64,3.3069620253164556,7.8529222601050165e-06,7.8529222601050165e-06,1,1,335907.04262552271,985983.94099935587,9367040.1801535059,0.38008331971506815,7.8148894869538566e-07,7.8148894869538566e-07,1.1336823300491119e-06,1.1336823300491119e-06
SG-006a,SG-006a,rectangular,default,E_x_1_3,exact,E_x,1,3,65,3.353164556962025,7.9626377290021758e-06,7.9626377290021758e-06,1,1,332026.84852051013,975393.90240796655,9368287.170919301,0.39343171191214804,7.8087120222359864e-07,7.8087120222359864e-07,1.1188464875934115e-06,1.1188464875934115e-06
SG-006a,SG-006a,rectangular,default,E_x_1_3,exact,E_x,1,3,66,3.3993670886075948,8.0723531978993384e-06,8.0723531978993384e-06,1,1,328234.76902837586,965000.05647158157,9369497.1282996293,0.40638537936133889,7.8027580777627815e-07,7.8027580777627815e-07,1.1049847417397618e-06,1.1049847417397618e-06
SG-006a,SG-006a,rectangular,default,E_x_1_3,exact,E_x,1,3,67,3.4455696202531643,8.1820686667964977e-06,8.1820686667964977e-06,1,1,324527.859520945,954799.08875258523,9370671.2661535759,0.41895716635835373,7.7970168844981855e-07,7.7970168844981855e-07,1.0920060305005227e-06,1.0920060305005227e-06
SG-006a,SG-006a,rectangular,default,E_x_1_3,exact,E_x,1,3,68,3.4917721518987341,8.2917841356936604e-06,8.2917841356936604e-06,1,1,320903.30380561459,944787.53228450101,9371810.7747783009,0.43115967588297355,7.791478320231842e-07,7.791478320231842e-07,1.0798303089457708e-06,1.0798303089457708e-06
SG-006a,SG-006a,rectangular,default,E_x_1_3,exact,E_x,1,3,69,3.5379746835443036,8.4014996045908214e-06,8.4014996045908214e-06,1,1,317358.4072889128,934961.80866057472,9372916.8174839504,0.44300523227736555,7.7861328631385193e-07,7.7861328631385193e-07,1.0683869256523586e-06,1.0683869256523586e-06
SG-006a,SG-006a,rectangular,default,E_x_1_3,exact,E_x,1,3,70,3.5841772151898734,8.5112150734879823e-06,8.5112150734879823e-06,1,1,313890.59056600195,925318.26224561059,9373990.5280789118,0.45450585368034097,7.7809715492100387e-07,7.7809715492100387e-07,1.0576132790394275e-06,1.0576132790394275e-06
SG-006a,SG-006a,rectangular,default,E_x_1_3,exact,E_x,1,3,71,3.6303797468354428,8.6209305423851433e-06,8.6209305423851433e-06,1,1,310497.38340378366,915853.18865186838,9375033.0090906806,0.46567323235483588,7.7759859331893221e-07,7.7759859331893221e-07,1.0474536987207538e-06,1.0474536987207538e-06
SG-006a,SG-006a,rectangular,default,E_x_1_3,exact,E_x,1,3,72,3.6765822784810127,8.7306460112823043e-06,8.7306460112823043e-06,1,1,307176.41909294866,906562.85841528035,9376045.3305804487,0.4765187213948322,7.7711680526830702e-07,7.7711680526830702e-07,1.0378585089849186e-06,1.0378585089849186e-06
SG-006a,SG-006a,rectangular,default,E_x_1_3,exact,E_x,1,3,73,3.7227848101265821,8.8403614801794652e-06,8.8403614801794652e-06,1,1,303925.42913963366,897443.53664807975,9377028.5294359196,0.4870533265788386,7.766510395153814e-07,7.766510395153814e-07,1.0287832406307043e-06,1.0287832406307043e-06
SG-006a,SG-006a,rectangular,default,E_x_1_3,exact,E_x,1,3,74,3.7689873417721516,8.9500769490766245e-06,8.9500769490766245e-06,1,1,300742.2382787941,888491.49930884712,9377983.6090481225,0.49728770236326936,7.7620058675362817e-07,7.7620058675362817e-07,1.0201879643697074e-06,1.0201879643697074e-06
SG-006a,SG-006a,rectangular,default,E_x_1_3,exact,E_x,1,3,75,3.8151898734177214,9.0597924179737872e-06,9.0597924179737872e-06,1,1,297624.75978146342,879703.04662828217,9378911.5392950699,0.50723215119079479,7.7576477682328645e-07,7.7576477682328645e-07,1.012036724413005e-06,1.012036724413005e-06
SG-006a,SG-006a,rectangular,default,E_x_1_3,exact,E_x,1,3,76,3.8613924050632908,9.1695078868709481e-06,9.1695078868709481e-06,1,1,294570.99104026053,871074.51413347945,9379813.2567695044,0.51689662544205628,7.7534297612821046e-07,7.7534297612821046e-07,1.0042970550547722e-06,1.0042970550547722e-06
SG-006a,SG-006a,rectangular,default,E_x_1_3,exact,E_x,1,3,77,3.9075949367088607,9.2792233557681091e-06,9.2792233557681091e-06,1,1,291579.00941389042,862602.28164807358,9380689.6651988775,0.52629073147538963,7.7493458525077774e-07,7.7493458525077774e-07,9.9693956636762256e-07,9.9693956636762256e-07
SG-006a,SG-006a,rectangular,default,E_x_1_3,exact,E_x,1,3,78,3.9537974683544301,9.3889388246652701e-06,9.3889388246652701e-06,1,1,288646.96831063728,854282.78058019257,9381541.6360155605,0.53542373530414522,7.7453903674722546e-07,7.7453903674722546e-07,9.8993758771865146e-07,9.8993758771865146e-07
SG-006a,SG-006a,rectangular,default,E_x_1_3,exact,E_x,1,3,79,4,9.498654293562431e-06,9.498654293562431e-06,1,1,285773.09349866572,846112.49976533349,9382370.0090423487,0.54430456953664319,7.7415579310836651e-07,7.7415579310836651e-07,9.8326685988333501e-07,9.8326685988333501e-07
SG-006a,SG-006a,rectangular,default,E_y_2_3,exact,E_y,2,3,0,0.34999999999999998,8.3113225068671265e-07,8.3113225068671265e-07,0,1,nan,nan,nan,nan,nan,nan,nan,nan
SG-006a,SG-006a,rectangular,default,E_y_2_3,exact,E_y,2,3,1,0.39620253164556962,9.4084771958387373e-07,9.4084771958387373e-07,0,1,nan,nan,nan,nan,nan,nan,nan,nan
SG-006a,SG-006a,rectangular,default,E_y_2_3,exact,E_y,2,3,2,0.44240506329113921,1.0505631884810347e-06,1.0505631884810347e-06,0,1,nan,nan,nan,nan,nan,nan,nan,nan
SG-006a,SG-006a,rectangular,default,E_y_2_3,exact,E_y,2,3,3,0.4886075949367088,1.1602786573781955e-06,1.1602786573781955e-06,0,1,nan,nan,nan,nan,nan,nan,nan,nan
SG-006a,SG-006a,rectangular,default,E_y_2_3,exact,E_y,2,3,4,0.53481012658227844,1.2699941262753566e-06,1.2699941262753566e-06,0,1,nan,nan,nan,nan,nan,nan,nan,nan
SG-006a,SG-006a,rectangular,default,E_y_2_3,exact,E_y,2,3,5,0.58101265822784809,1.3797095951725176e-06,1.3797095951725176e-06,0,1,nan,nan,nan,nan,nan,nan,nan,nan
SG-006a,SG-006a,rectangular,default,E_y_2_3,exact,E_y,2,3,6,0.62721518987341773,1.4894250640696788e-06,1.4894250640696788e-06,0,1,nan,nan,nan,nan,nan,nan,nan,nan
SG-006a,SG-006a,rectangular,default,E_y_2_3,exact,E_y,2,3,7,0.67341772151898727,1.5991405329668395e-06,1.5991405329668395e-06,0,1,nan,nan,nan,nan,nan,nan,nan,nan
SG-006a,SG-006a,rectangular,default,E_y_2_3,exact,E_y,2,3,8,0.71962025316455691,1.7088560018640005e-06,1.7088560018640005e-06,0,1,nan,nan,nan,nan,nan,nan,nan,nan
SG-006a,SG-006a,rectangular,default,E_y_2_3,exact,E_y,2,3,9,0.76582278481012656,1.8185714707611615e-06,1.8185714707611615e-06,0,1,nan,nan,nan,nan,nan,nan,nan,nan
SG-006a,SG-006a,rectangular,default,E_y_2_3,exact,E_y,2,3,10,0.81202531645569609,1.9282869396583225e-06,1.9282869396583225e-06,0,1,nan,nan,nan,nan,nan,nan,nan,nan
SG-006a,SG-006a,rectangular,default,E_y_2_3,exact,E_y,2,3,11,0.85822784810126573,2.0380024085554834e-06,2.0380024085554834e-06,0,1,nan,nan,nan,nan,nan,nan,nan,nan
SG-006a,SG-006a,rectangular,default,E_y_2_3,exact,E_y,2,3,12,0.90443037974683538,2.1477178774526444e-06,2.1477178774526444e-06,0,1,nan,nan,nan,nan,nan,nan,nan,nan
SG-006a,SG-006a,rectangular,default,E_y_2_3,exact,E_y,2,3,13,0.95063291139240502,2.2574333463498054e-06,2.2574333463498054e-06,0,1,nan,nan,nan,nan,nan,nan,nan,nan
SG-006a,SG-006a,rectangular,default,E_y_2_3,exact,E_y,2,3,14,0.99683544303797456,2.3671488152469663e-06,2.3671488152469663e-06,0,1,nan,nan,nan,nan,nan,nan,nan,nan
SG-006a,SG-006a,rectangular,default,E_y_2_3,exact,E_y,2,3,15,1.0430379746835441,2.4768642841441269e-06,2.4768642841441269e-06,0,1,nan,nan,nan,nan,nan,nan,nan,nan
SG-006a,SG-006a,rectangular,default,E_y_2_3,exact,E_y,2,3,16,1.089240506329114,2.5865797530412887e-06,2.5865797530412887e-06,0,1,nan,nan,nan,nan,nan,nan,nan,nan
SG-006a,SG-006a,rectangular,default,E_y_2_3,exact,E_y,2,3,17,1.1354430379746834,2.6962952219384492e-06,2.6962952219384492e-06,0,1,nan,nan,nan,nan,nan,nan,nan,nan
SG-006a,SG-006a,rectangular,default,E_y_2_3,exact,E_y,2,3,18,1.1816455696202532,2.8060106908356106e-06,2.8060106908356106e-06,0,1,nan,nan,nan,nan,nan,nan,nan,nan
SG-006a,SG-006a,rectangular,default,E_y_2_3,exact,E_y,2,3,19,1.2278481012658227,2.9157261597327712e-06,2.9157261597327712e-06,0,1,nan,nan,nan,nan,nan,nan,nan,nan
SG-006a,SG-006a,rectangular,default,E_y_2_3,exact,E_y,2,3,20,1.2740506329113923,3.0254416286299322e-06,3.0254416286299322e-06,0,1,nan,nan,nan,nan,nan,nan,nan,nan
SG-006a,SG-006a,rectangular,default,E_y_2_3,exact,E_y,2,3,21,1.320253164556962,3.1351570975270935e-06,3.1351570975270935e-06,0,1,nan,nan,nan,nan,nan,nan,nan,nan
SG-006a,SG-006a,rectangular,default,E_y_2_3,exact,E_y,2,3,22,1.3664556962025314,3.2448725664242541e-06,3.2448725664242541e-06,0,1,nan,nan,nan,nan,nan,nan,nan,nan
SG-006a,SG-006a,rectangular,default,E_y_2_3,exact,E_y,2,3,23,1.4126582278481012,3.3545880353214155e-06,3.3545880353214155e-06,0,1,nan,nan,nan,nan,nan,nan,nan,nan
SG-006a,SG-006a,rectangular,default,E_y_2_3,exact,E_y,2,3,24,1.4588607594936707,3.464303504218576e-06,3.464303504218576e-06,0,1,nan,nan,nan,nan,nan,nan,nan,nan
SG-006a,SG-006a,rectangular,default,E_y_2_3,exact,E_y,2,3,25,1.5050632911392405,3.5740189731157374e-06,3.5740189731157374e-06,0,1,nan,nan,nan,nan,nan,nan,nan,nan
SG-006a,SG-006a,rectangular,default,E_y_2_3,exact,E_y,2,3,26,1.55126582278481,3.683734442012898e-06,3.683734442012898e-06,0,1,nan,nan,nan,nan,nan,nan,nan,nan
SG-006a,SG-006a,rectangular,default,E_y_2_3,exact,E_y,2,3,27,1.5974683544303798,3.7934499109100598e-06,3.7934499109100598e-06,0,1,nan,nan,nan,nan,nan,nan,nan,nan
SG-006a,SG-006a,rectangular,default,E_y_2_3,exact,E_y,2,3,28,1.6436708860759492,3.9031653798072199e-06,3.9031653798072199e-06,0,1,nan,nan,nan,nan,nan,nan,nan,nan
SG-006a,SG-006a,rectangular,default,E_y_2_3,exact,E_y,2,3,29,1.6898734177215187,4.0128808487043809e-06,4.0128808487043809e-06,0,1,nan,nan,nan,nan,nan,nan,nan,nan
SG-006a,SG-006a,rectangular,default,E_y_2_3,exact,E_y,2,3,30,1.7360759493670885,4.1225963176015427e-06,4.1225963176015427e-06,0,1,nan,nan,nan,nan,nan,nan,nan,nan
SG-006a,SG-006a,rectangular,default,E_y_2_3,exact,E_y,2,3,31,1.782278481012658,4.2323117864987028e-06,4.2323117864987028e-06,0,1,nan,nan,nan,nan,nan,nan,nan,nan
SG-006a,SG-006a,rectangular,default,E_y_2_3,exact,E_y,2,3,32,1.8284810126582278,4.3420272553958646e-06,4.3420272553958646e-06,0,1,nan,nan,nan,nan,nan,nan,nan,nan
SG-006a,SG-006a,rectangular,default,E_y_2_3,exact,E_y,2,3,33,1.8746835443037972,4.4517427242930248e-06,4.4517427242930248e-06,0,1,nan,nan,nan,nan,nan,nan,nan,nan
SG-006a,SG-006a,rectangular,default,E_y_2_3,exact,E_y,2,3,34,1.9208860759493671,4.5614581931901866e-06,4.5614581931901866e-06,0,1,nan,nan,nan,nan,nan,nan,nan,nan
SG-006a,SG-006a,rectangular,default,E_y_2_3,exact,E_y,2,3,35,1.9670886075949365,4.6711736620873467e-06,4.6711736620873467e-06,0,1,nan,nan,nan,nan,nan,nan,nan,nan
SG-006a,SG-006a,rectangular,default,E_y_2_3,exact,E_y,2,3,36,2.0132911392405064,4.7808891309845085e-06,4.7808891309845085e-06,0,1,969954.83421551227,1322702.4861453606,9280952.8262205441,-0.53714169858263316,1.1115095441038111e-06,1.1115095441038111e-06,3.8071816526046194e-05,3.8071816526046194e-05
SG-006a,SG-006a,rectangular,default,E_y_2_3,exact,E_y,2,3,37,2.0594936708860758,4.8906045998816695e-06,4.8906045998816695e-06,0,1,954953.75556562282,1318606.8467717827,9283091.0217546578,-0.51446267048893868,1.0921983990913101e-06,1.0921983990913101e-06,9.3219030472856375e-06,9.3219030472856375e-06
SG-006a,SG-006a,rectangular,default,E_y_2_3,exact,E_y,2,3,38,2.1056962025316452,5.0003200687788296e-06,5.0003200687788296e-06,0,1,940334.74441838462,1311137.8498931224,9285640.9427040368,-0.48740979712088423,1.0745842373138127e-06,1.0745842373138127e-06,5.6659892039324939e-06,5.6659892039324939e-06
SG-006a,SG-006a,rectangular,default,E_y_2_3,exact,E_y,2,3,39,2.1518987341772151,5.1100355376759914e-06,5.1100355376759914e-06,0,1,926090.58446186595,1301523.0341706974,9288424.712011097,-0.45786747333058919,1.0584600635183971e-06,1.0584600635183971e-06,4.2156369830530809e-06,4.2156369830530809e-06
SG-006a,SG-006a,rectangular,default,E_y_2_3,exact,E_y,2,3,40,2.1981012658227845,5.2197510065731515e-06,5.2197510065731515e-06,0,1,912213.18176552095,1290475.2254903475,9291339.0000157207,-0.42693055216795966,1.0436509414390757e-06,1.0436509414390757e-06,3.4318805646933066e-06,3.4318805646933066e-06
SG-006a,SG-006a,rectangular,default,E_y_2_3,exact,E_y,2,3,41,2.2443037974683544,5.3294664754703134e-06,5.3294664754703134e-06,0,1,898693.8148347477,1278449.3389604171,9294318.4970547296,-0.3952913646074202,1.0300080341098911e-06,1.0300080341098911e-06,2.9386473588485908e-06,2.9386473588485908e-06
SG-006a,SG-006a,rectangular,default,E_y_2_3,exact,E_y,2,3,42,2.2905063291139238,5.4391819443674735e-06,5.4391819443674735e-06,0,1,885523.33371595759,1265754.0251778718,9297319.7634046581,-0.36341075369595194,1.0174039249598394e-06,1.0174039249598394e-06,2.5985114400757173e-06,2.5985114400757173e-06
SG-006a,SG-006a,rectangular,default,E_y_2_3,exact,E_y,2,3,43,2.3367088607594937,5.5488974132646353e-06,5.5488974132646353e-06,0,1,872692.31832724856,1252607.7229881031,9300312.9850369785,-0.33160534519496426,1.0057289097530312e-06,1.0057289097530312e-06,2.3491681762696543e-06,2.3491681762696543e-06
SG-006a,SG-006a,rectangular,default,E_y_2_3,exact,E_y,2,3,44,2.3829113924050631,5.6586128821617963e-06,5.6586128821617963e-06,0,1,860191.20407060534,1239169.7629815834,9303277.3258006237,-0.30009672912497326,9.9488803227768725e-07,9.9488803227768725e-07,2.1582115638532485e-06,2.1582115638532485e-06
SG-006a,SG-006a,rectangular,default,E_y_2_3,exact,E_y,2,3,45,2.429113924050633,5.7683283510589572e-06,5.7683283510589572e-06,0,1,848010.38114092848,1225558.9495590739,9306198.1101004481,-0.26904126299639769,9.8479869543496953e-07,9.8479869543496953e-07,2.0070893625845514e-06,2.0070893625845514e-06
SG-006a,SG-006a,rectangular,default,E_y_2_3,exact,E_y,2,3,46,2.4753164556962024,5.8780438199561182e-06,5.8780438199561182e-06,0,1,836140.27264321246,1211865.310182878,9309065.018799888,-0.23854915303999399,9.7538872155126161e-07,9.7538872155126161e-07,1.8843982341378905e-06,1.8843982341378905e-06
SG-006a,SG-006a,rectangular,default,E_y_2_3,exact,E_y,2,3,47,2.5215189873417723,5.9877592888532792e-06,5.9877592888532792e-06,0,1,824571.39562102221,1198157.8648600942,9311870.8836732563,-0.20869720392575586,9.6659476640072224e-07,9.6659476640072224e-07,1.7827336877622799e-06,1.7827336877622799e-06
SG-006a,SG-006a,rectangular,default,E_y_2_3,exact,E_y,2,3,48,2.5677215189873417,6.0974747577504401e-06,6.0974747577504401e-06,0,1,813294.40828726045,1184489.9532777327,9314610.8542352449,-0.1795376307232853,9.5836101394181353e-07,9.5836101394181353e-07,1.6970731228940004e-06,1.6970731228940004e-06
SG-006a,SG-006a,rectangular,default,E_y_2_3,exact,E_y,2,3,49,2.6139240506329111,6.2071902266476003e-06,6.2071902266476003e-06,0,1,802300.14610897214,1170902.9975622068,9317281.8061738163,-0.15110431665465873,9.5063809549200234e-07,9.5063809549200234e-07,1.6238860769281968e-06,1.6238860769281968e-06
SG-006a,SG-006a,rectangular,default,E_y_2_3,exact,E_y,2,3,50,2.660126582278481,6.3169056955447621e-06,6.3169056955447621e-06,0,1,791579.64889261452,1157429.2266677441,9319881.9120479543,-0.12341735571274781,9.4338218959967701e-07,9.4338218959967701e-07,1.5606163521209385e-06,1.5606163521209385e-06
SG-006a,SG-006a,rectangular,default,E_y_2_3,exact,E_y,2,3,51,2.7063291139240504,6.4266211644419231e-06,6.4266211644419231e-06,0,1,781124.18060167274,1144093.6904897816,9322410.3241417725,-0.096486409906428636,9.3655426834482995e-07,9.3655426834482995e-07,1.5053662896931334e-06,1.5053662896931334e-06
SG-006a,SG-006a,rectangular,default,E_y_2_3,exact,E_y,2,3,52,2.7525316455696203,6.536336633339084e-06,6.536336633339084e-06,0,1,770925.24331530882,1130915.7754927133,9324866.9367324077,-0.070313227193810265,9.301194630318644e-07,9.301194630318644e-07,1.4566966380303387e-06,1.4566966380303387e-06
SG-006a,SG-006a,rectangular,default,E_y_2_3,exact,E_y,2,3,53,2.7987341772151897,6.646052102236245e-06,6.646052102236245e-06,0,1,760974.58647411643,1117910.3626693552,9327252.2057453375,-0.044893552845683908,9.2404652779556783e-07,9.2404652779556783e-07,1.4134954086090387e-06,1.4134954086090387e-06
SG-006a,SG-006a,rectangular,default,E_y_2_3,exact,E_y,2,3,54,2.8449367088607596,6.7557675711334068e-06,6.7557675711334068e-06,0,1,751264.21233916702,1105088.7238912713,9329567.0106061753,-0.020218594724892527,9.1830738394151138e-07,9.1830738394151138e-07,1.3748894390499422e-06,1.3748894390499422e-06
SG-006a,SG-006a,rectangular,default,E_y_2_3,exact,E_y,2,3,55,2.891139240506329,6.8654830400305669e-06,6.8654830400305669e-06,1,1,741786.37842794531,1092459.2236757474,9331812.5475809257,0.003723844406958048,9.1287673120639721e-07,9.1287673120639721e-07,1.3401832455112318e-06,1.3401832455112318e-06
SG-006a,SG-006a,rectangular,default,E_y_2_3,exact,E_y,2,3,56,2.9373417721518984,6.9751985089277271e-06,6.9751985089277271e-06,1,1,732533.59754397813,1080027.874068711,9333990.2469152045,0.026948486333534416,9.0773171475649006e-07,9.0773171475649006e-07,1.3088158028645183e-06,1.3088158028645183e-06
SG-006a,SG-006a,rectangular,default,E_y_2_3,exact,E_y,2,3,57,2.9835443037974683,7.0849139778248889e-06,7.0849139778248889e-06,1,1,723498.63590205484,1067798.7771945675,9336101.7081581708,0.049471889275991887,9.0285163882620237e-07,9.0285163882620237e-07,1.2803293942799547e-06,1.2803293942799547e-06
SG-006a,SG-006a,rectangular,default,E_y_2_3,exact,E_y,2,3,58,3.0297468354430377,7.1946294467220498e-06,7.1946294467220498e-06,1,1,714674.50976836332,1055774.4808967295,9338148.649511788,0.071311908293941267,8.9821771956168824e-07,8.9821771956168824e-07,1.2543467649371532e-06,1.2543467649371532e-06
SG-006a,SG-006a,rectangular,default,E_y_2_3,exact,E_y,2,3,59,3.0759493670886076,7.3043449156192108e-06,7.3043449156192108e-06,1,1,706054.48094282066,1043956.2664399815,9340132.8680862729,0.092487271239914834,8.9381287095038729e-07,8.9381287095038729e-07,1.2305541015882686e-06,1.2305541015882686e-06
SG-006a,SG-006a,rectangular,default,E_y_2_3,exact,E_y,2,3,60,3.122151898734177,7.4140603845163718e-06,7.4140603845163718e-06,1,1,697632.05136695551,1032344.3826103769,9342056.2086942401,0.11301724524703806,8.8962151879281632e-07,8.8962151879281632e-07,1.208688171619137e-06,1.208688171619137e-06
SG-006a,SG-006a,rectangular,default,E_y_2_3,exact,E_y,2,3,61,3.1683544303797468,7.5237758534135336e-06,7.5237758534135336e-06,1,1,689400.95707272482,1020938.2371746958,9343920.5393702965,0.13292137458163356,8.8562943852475597e-07,8.8562943852475597e-07,1.1885264794088939e-06,1.1885264794088939e-06
SG-006a,SG-006a,rectangular,default,E_y_2_3,exact,E_y,2,3,62,3.2145569620253163,7.6334913223106946e-06,7.6334913223106946e-06,1,1,681355.16166131757,1009736.5541608564,9345727.732213961,0.15221927503262261,8.818236134053371e-07,8.818236134053371e-07,1.169879643266308e-06,1.169879643266308e-06
SG-006a,SG-006a,rectangular,default,E_y_2_3,exact,E_y,2,3,63,3.2607594936708861,7.7432067912078555e-06,7.7432067912078555e-06,1,1,673488.84945408045,998737.503559581,9347479.648464011,0.17093047328537056,8.7819211015071605e-07,8.7819211015071605e-07,1.152585428307318e-06,1.152585428307318e-06
SG-006a,SG-006a,rectangular,default,E_y_2_3,exact,E_y,2,3,64,3.3069620253164556,7.8529222601050165e-06,7.8529222601050165e-06,1,1,665796.41843874403,987938.80863714963,9349178.1269471496,0.1890742822069279,8.7472396956540379e-07,8.7472396956540379e-07,1.1365040292448621e-06,1.1365040292448621e-06
SG-006a,SG-006a,rectangular,default,E_y_2_3,exact,E_y,2,3,65,3.353164556962025,7.9626377290021758e-06,7.9626377290021758e-06,1,1,658272.47310434887,977337.83496976714,9350824.9752251245,0.20666970488411474,8.7140911010519053e-07,8.7140911010519053e-07,1.1215143071837271e-06,1.1215143071837271e-06
SG-006a,SG-006a,rectangular,default,E_y_2_3,exact,E_y,2,3,66,3.3993670886075948,8.0723531978993384e-06,8.0723531978993384e-06,1,1,650911.81724639423,966931.66448269691,9352421.9629031923,0.22373536172180133,8.6823824262722962e-07,8.6823824262722962e-07,1.1075107621006701e-06,1.1075107621006701e-06
SG-006a,SG-006a,rectangular,default,E_y_2_3,exact,E_y,2,3,67,3.4455696202531643,8.1820686667964977e-06,8.1820686667964977e-06,1,1,643709.44679905614,956717.1571322442,9353970.8166721743,0.24028943606459219,8.6520279484293465e-07,8.6520279484293465e-07,1.0944010780853146e-06,1.0944010780853146e-06
SG-006a,SG-006a,rectangular,default,E_y_2_3,exact,E_y,2,3,68,3.4917721518987341,8.2917841356936604e-06,8.2917841356936604e-06,1,1,636660.54274607101,946691.00236000097,9355473.2167413719,0.25634963470394972,8.6229484421291097e-07,8.6229484421291097e-07,1.0821041184612244e-06,1.0821041184612244e-06
SG-006a,SG-006a,rectangular,default,E_y_2_3,exact,E_y,2,3,69,3.5379746835443036,8.4014996045908214e-06,8.4014996045908214e-06,1,1,629760.46414937917,936849.7620541018,9356930.7943864688,0.27193316034001097,8.5950705820615794e-07,8.5950705820615794e-07,1.0705482772011748e-06,1.0705482772011748e-06
SG-006a,SG-006a,rectangular,default,E_y_2_3,exact,E_y,2,3,70,3.5841772151898734,8.5112150734879823e-06,8.5112150734879823e-06,1,1,623004.74132186244,927189.90643099206,9358345.1303906944,0.28705669364042818,8.5683264099851412e-07,8.5683264099851412e-07,1.0596701146962285e-06,1.0596701146962285e-06
SG-006a,SG-006a,rectangular,default,E_y_2_3,exact,E_y,2,3,71,3.6303797468354428,8.6209305423851433e-06,8.6209305423851433e-06,1,1,616389.06916927849,917707.84400121844,9359717.7541991901,0.30173638297964744,8.5426528581775915e-07,8.5426528581775915e-07,1.0494132221093765e-06,1.0494132221093765e-06
SG-006a,SG-006a,rectangular,default,E_y_2_3,exact,E_y,2,3,72,3.6765822784810127,8.7306460112823043e-06,8.7306460112823043e-06,1,1,609909.30071629328,908399.94657491753,9361050.1436412949,0.31598784031050897,8.5179913225071039e-07,8.5179913225071039e-07,1.0397272707250287e-06,1.0397272707250287e-06
SG-006a,SG-006a,rectangular,default,E_y_2_3,exact,E_y,2,3,73,3.7227848101265821,8.8403614801794652e-06,8.8403614801794652e-06,1,1,603561.44082954037,899262.57010187418,9362343.7251022663,0.32982614190427423,8.4942872792178444e-07,8.4942872792178444e-07,1.0305672119757113e-06,1.0305672119757113e-06
SG-006a,SG-006a,rectangular,default,E_y_2_3,exact,E_y,2,3,74,3.7689873417721516,8.9500769490766245e-06,8.9500769490766245e-06,1,1,597341.640144028,890292.07200342161,9363599.8740485571,0.34326583293474183,8.4714899403043566e-07,8.4714899403043566e-07,1.0218926009269301e-06,1.0218926009269301e-06
SG-006a,SG-006a,rectangular,default,E_y_2_3,exact,E_y,2,3,75,3.8151898734177214,9.0597924179737872e-06,9.0597924179737872e-06,1,1,591246.18919845391,881484.82554590283,9364819.9158283286,0.35632093506886731,8.4495519430315918e-07,8.4495519430315918e-07,1.0136670214921281e-06,1.0136670214921281e-06
SG-006a,SG-006a,rectangular,default,E_y_2_3,exact,E_y,2,3,76,3.8613924050632908,9.1695078868709481e-06,9.1695078868709481e-06,1,1,585271.51278153691,872837.23171337205,9366005.1266837139,0.36900495638362824,8.428429069729121e-07,8.428429069729121e-07,1.0058575959197653e-06,1.0058575959197653e-06
SG-006a,SG-006a,rectangular,default,E_y_2_3,exact,E_y,2,3,77,3.9075949367088607,9.2792233557681091e-06,9.2792233557681091e-06,1,1,579414.16448876448,864345.72896878491,9367156.7349226885,0.38133090304969997,8.4080799944788219e-07,8.4080799944788219e-07,9.9843456444815016e-07,9.9843456444815016e-07
SG-006a,SG-006a,rectangular,default,E_y_2_3,exact,E_y,2,3,78,3.9537974683544301,9.3889388246652701e-06,9.3889388246652701e-06,1,1,573670.82148804981,856006.80122162215,9368275.9222089425,0.39331129233454609,8.3884660537416822e-07,8.3884660537416822e-07,9.9137092365597199e-07,9.9137092365597199e-07
SG-006a,SG-006a,rectangular,default,E_y_2_3,exact,E_y,2,3,79,4,9.498654293562431e-06,9.498654293562431e-06,1,1,568038.27949219313,847816.98428110359,9369363.8249349836,0.40495816655049943,8.3695510383362883e-07,8.3695510383362883e-07,9.8464211414456899e-07,9.8464211414456899e-07
SG-006a,SG-006a,rectangular,default,E_x_2_3,exact,E_x,2,3,0,0.34999999999999998,8.3113225068671265e-07,8.3113225068671265e-07,0,1,nan,nan,nan,nan,nan,nan,nan,nan
SG-006a,SG-006a,rectangular,default,E_x_2_3,exact,E_x,2,3,1,0.39620253164556962,9.4084771958387373e-07,9.4084771958387373e-07,0,1,nan,nan,nan,nan,nan,nan,nan,nan
SG-006a,SG-006a,rectangular,default,E_x_2_3,exact,E_x,2,3,2,0.44240506329113921,1.0505631884810347e-06,1.0505631884810347e-06,0,1,nan,nan,nan,nan,nan,nan,nan,nan
SG-006a,SG-006a,rectangular,default,E_x_2_3,exact,E_x,2,3,3,0.4886075949367088,1.1602786573781955e-06,1.1602786573781955e-06,0,1,nan,nan,nan,nan,nan,nan,nan,nan
SG-006a,SG-006a,rectangular,default,E_x_2_3,exact,E_x,2,3,4,0.53481012658227844,1.2699941262753566e-06,1.2699941262753566e-06,0,1,nan,nan,nan,nan,nan,nan,nan,nan
SG-006a,SG-006a,rectangular,default,E_x_2_3,exact,E_x,2,3,5,0.58101265822784809,1.3797095951725176e-06,1.3797095951725176e-06,0,1,nan,nan,nan,nan,nan,nan,nan,nan
SG-006a,SG-006a,rectangular,default,E_x_2_3,exact,E_x,2,3,6,0.62721518987341773,1.4894250640696788e-06,1.4894250640696788e-06,0,1,nan,nan,nan,nan,nan,nan,nan,nan
SG-006a,SG-006a,rectangular,default,E_x_2_3,exact,E_x,2,3,7,0.67341772151898727,1.5991405329668395e-06,1.5991405329668395e-06,0,1,nan,nan,nan,nan,nan,nan,nan,nan
SG-006a,SG-006a,rectangular,default,E_x_2_3,exact,E_x,2,3,8,0.71962025316455691,1.7088560018640005e-06,1.7088560018640005e-06,0,1,nan,nan,nan,nan,nan,nan,nan,nan
SG-006a,SG-006a,rectangular,default,E_x_2_3,exact,E_x,2,3,9,0.76582278481012656,1.8185714707611615e-06,1.8185714707611615e-06,0,1,nan,nan,nan,nan,nan,nan,nan,nan
SG-006a,SG-006a,rectangular,default,E_x_2_3,exact,E_x,2,3,10,0.81202531645569609,1.9282869396583225e-06,1.9282869396583225e-06,0,1,nan,nan,nan,nan,nan,nan,nan,nan
SG-006a,SG-006a,rectangular,default,E_x_2_3,exact,E_x,2,3,11,0.85822784810126573,2.0380024085554834e-06,2.0380024085554834e-06,0,1,nan,nan,nan,nan,nan,nan,nan,nan
SG-006a,SG-006a,rectangular,default,E_x_2_3,exact,E_x,2,3,12,0.90443037974683538,2.1477178774526444e-06,2.1477178774526444e-06,0,1,nan,nan,nan,nan,nan,nan,nan,nan
SG-006a,SG-006a,rectangular,default,E_x_2_3,exact,E_x,2,3,13,0.95063291139240502,2.2574333463498054e-06,2.2574333463498054e-06,0,1,nan,nan,nan,nan,nan,nan,nan,nan
SG-006a,SG-006a,rectangular,default,E_x_2_3,exact,E_x,2,3,14,0.99683544303797456,2.3671488152469663e-06,2.3671488152469663e-06,0,1,nan,nan,nan,nan,nan,nan,nan,nan
SG-006a,SG-006a,rectangular,default,E_x_2_3,exact,E_x,2,3,15,1.0430379746835441,2.4768642841441269e-06,2.4768642841441269e-06,0,1,nan,nan,nan,nan,nan,nan,nan,nan
SG-006a,SG-006a,rectangular,default,E_x_2_3,exact,E_x,2,3,16,1.089240506329114,2.5865797530412887e-06,2.5865797530412887e-06,0,1,nan,nan,nan,nan,nan,nan,nan,nan
SG-006a,SG-006a,rectangular,default,E_x_2_3,exact,E_x,2,3,17,1.1354430379746834,2.6962952219384492e-06,2.6962952219384492e-06,0,1,nan,nan,nan,nan,nan,nan,nan,nan
SG-006a,SG-006a,rectangular,default,E_x_2_3,exact,E_x,2,3,18,1.1816455696202532,2.8060106908356106e-06,2.8060106908356106e-06,0,1,nan,nan,nan,nan,nan,nan,nan,nan
SG-006a,SG-006a,rectangular,default,E_x_2_3,exact,E_x,2,3,19,1.2278481012658227,2.9157261597327712e-06,2.9157261597327712e-06,0,1,nan,nan,nan,nan,nan,nan,nan,nan
SG-006a,SG-006a,rectangular,default,E_x_2_3,exact,E_x,2,3,20,1.2740506329113923,3.0254416286299322e-06,3.0254416286299322e-06,0,1,nan,nan,nan,nan,nan,nan,nan,nan
SG-006a,SG-006a,rectangular,default,E_x_2_3,exact,E_x,2,3,21,1.320253164556962,3.1351570975270935e-06,3.1351570975270935e-06,0,1,nan,nan,nan,nan,nan,nan,nan,nan
SG-006a,SG-006a,rectangular,default,E_x_2_3,exact,E_x,2,3,22,1.3664556962025314,3.2448725664242541e-06,3.2448725664242541e-06,0,1,nan,nan,nan,nan,nan,nan,nan,nan
SG-006a,SG-006a,rectangular,default,E_x_2_3,exact,E_x,2,3,23,1.4126582278481012,3.3545880353214155e-06,3.3545880353214155e-06,0,1,nan,nan,nan,nan,nan,nan,nan,nan
SG-006a,SG-006a,rectangular,default,E_x_2_3,exact,E_x,2,3,24,1.4588607594936707,3.464303504218576e-06,3.464303504218576e-06,0,1,nan,nan,nan,nan,nan,nan,nan,nan
SG-006a,SG-006a,rectangular,default,E_x_2_3,exact,E_x,2,3,25,1.5050632911392405,3.5740189731157374e-06,3.5740189731157374e-06,0,1,nan,nan,nan,nan,nan,nan,nan,nan
SG-006a,SG-006a,rectangular,default,E_x_2_3,exact,E_x,2,3,26,1.55126582278481,3.683734442012898e-06,3.683734442012898e-06,0,1,nan,nan,nan,nan,nan,nan,nan,nan
SG-006a,SG-006a,rectangular,default,E_x_2_3,exact,E_x,2,3,27,1.5974683544303798,3.7934499109100598e-06,3.7934499109100598e-06,0,1,nan,nan,nan,nan,nan,nan,nan,nan
SG-006a,SG-006a,rectangular,default,E_x_2_3,exact,E_x,2,3,28,1.6436708860759492,3.9031653798072199e-06,3.9031653798072199e-06,0,1,nan,nan,nan,nan,nan,nan,nan,nan
SG-006a,SG-006a,rectangular,default,E_x_2_3,exact,E_x,2,3,29,1.6898734177215187,4.0128808487043809e-06,4.0128808487043809e-06,0,1,nan,nan,nan,nan,nan,nan,nan,nan
SG-006a,SG-006a,rectangular,default,E_x_2_3,exact,E_x,2,3,30,1.7360759493670885,4.1225963176015427e-06,4.1225963176015427e-06,0,1,nan,nan,nan,nan,nan,nan,nan,nan
SG-006a,SG-006a,rectangular,default,E_x_2_3,exact,E_x,2,3,31,1.782278481012658,4.2323117864987028e-06,4.2323117864987028e-06,0,1,nan,nan,nan,nan,nan,nan,nan,nan
SG-006a,SG-006a,rectangular,default,E_x_2_3,exact,E_x,2,3,32,1.8284810126582278,4.3420272553958646e-06,4.3420272553958646e-06,0,1,nan,nan,nan,nan,nan,nan,nan,nan
SG-006a,SG-006a,rectangular,default,E_x_2_3,exact,E_x,2,3,33,1.8746835443037972,4.4517427242930248e-06,4.4517427242930248e-06,0,1,nan,nan,nan,nan,nan,nan,nan,nan
SG-006a,SG-006a,rectangular,default,E_x_2_3,exact,E_x,2,3,34,1.9208860759493671,4.5614581931901866e-06,4.5614581931901866e-06,0,1,nan,nan,nan,nan,nan,nan,nan,nan
SG-006a,SG-006a,rectangular,default,E_x_2_3,exact,E_x,2,3,35,1.9670886075949365,4.6711736620873467e-06,4.6711736620873467e-06,0,1,nan,nan,nan,nan,nan,nan,nan,nan
SG-006a,SG-006a,rectangular,default,E_x_2_3,exact,E_x,2,3,36,2.0132911392405064,4.7808891309845085e-06,4.7808891309845085e-06,0,1,972787.35509552411,1322692.5378946527,9280657.7795848232,-0.54027073602409248,1.1153072316976373e-06,1.1153072316976373e-06,3.7365815496971294e-05,3.7365815496971294e-05
SG-006a,SG-006a,rectangular,default,E_x_2_3,exact,E_x,2,3,37,2.0594936708860758,4.8906045998816695e-06,4.8906045998816695e-06,0,1,957763.06733483262,1318467.9527798495,9282821.3261996023,-0.51732351674962496,1.0957157786577361e-06,1.0957157786577361e-06,9.1770022681554515e-06,9.1770022681554515e-06
SG-006a,SG-006a,rectangular,default,E_x_2_3,exact,E_x,2,3,38,2.1056962025316452,5.0003200687788296e-06,5.0003200687788296e-06,0,1,943116.88065410277,1310810.9995954661,9285404.9283038322,-0.48991405644752956,1.0778501203566498e-06,1.0778501203566498e-06,5.5896196753760192e-06,5.5896196753760192e-06
SG-006a,SG-006a,rectangular,default,E_x_2_3,exact,E_x,2,3,39,2.1518987341772151,5.1100355376759914e-06,5.1100355376759914e-06,0,1,928842.25711221527,1300997.7407022058,9288223.5411242507,-0.46000266528168304,1.0614994497404088e-06,1.0614994497404088e-06,4.1653414846632589e-06,4.1653414846632589e-06
SG-006a,SG-006a,rectangular,default,E_x_2_3,exact,E_x,2,3,40,2.1981012658227845,5.2197510065731515e-06,5.2197510065731515e-06,0,1,914931.69003559207,1289758.984816018,9291171.1518763471,-0.428712624573518,1.0464856346080249e-06,1.0464856346080249e-06,3.3951299446579969e-06,3.3951299446579969e-06
SG-006a,SG-006a,rectangular,default,E_x_2_3,exact,E_x,2,3,41,2.2443037974683544,5.3294664754703134e-06,5.3294664754703134e-06,0,1,901376.96567187551,1277556.6127363546,9294181.4204809908,-0.39674719915030632,1.0326571408858781e-06,1.0326571408858781e-06,2.9101154046799598e-06,2.9101154046799598e-06
SG-006a,SG-006a,rectangular,default,E_x_2_3,exact,E_x,2,3,42,2.2905063291139238,5.4391819443674735e-06,5.4391819443674735e-06,0,1,888169.37252423563,1264701.6452639634,9297210.5775862038,-0.36457074806939843,1.0198842621236995e-06,1.0198842621236995e-06,2.5754595768403745e-06,2.5754595768403745e-06
SG-006a,SG-006a,rectangular,default,E_x_2_3,exact,E_x,2,3,43,2.3367088607594937,5.5488974132646353e-06,5.5488974132646353e-06,0,1,875299.86866550159,1251412.8197327866,9300228.7984934468,-0.33250003545300361,1.0080553390872201e-06,1.0080553390872201e-06,2.3300104064702435e-06,2.3300104064702435e-06
SG-006a,SG-006a,rectangular,default,E_x_2_3,exact,E_x,2,3,44,2.3829113924050631,5.6586128821617963e-06,5.6586128821617963e-06,0,1,862759.21521209809,1237848.8067169734,9303215.383838011,-0.3007552262969635,9.9707373781607821e-07,9.9707373781607821e-07,2.1419508400928572e-06,2.1419508400928572e-06
SG-006a,SG-006a,rectangular,default,E_x_2_3,exact,E_x,2,3,45,2.429113924050633,5.7683283510589572e-06,5.7683283510589572e-06,0,1,850538.08249568986,1224127.3221639385,9306155.8593847211,-0.26949056650392089,9.8685541444100715e-07,9.8685541444100715e-07,1.9930599844686004e-06,1.9930599844686004e-06
SG-006a,SG-006a,rectangular,default,E_x_2_3,exact,E_x,2,3,46,2.4753164556962024,5.8780438199561182e-06,5.8780438199561182e-06,0,1,838627.13416130096,1210337.1414991161,9309040.130086476,-0.23881390693676552,9.7732693807279935e-07,9.7732693807279935e-07,1.8721347432569398e-06,1.8721347432569398e-06
SG-006a,SG-006a,rectangular,default,E_x_2_3,exact,E_x,2,3,47,2.5215189873417723,5.9877592888532792e-06,5.9877592888532792e-06,0,1,827017.09340201411,1196546.0045997663,9311861.2530418169,-0.20879968081055891,9.684238743507806e-07,9.684238743507806e-07,1.7718985317221763e-06,1.7718985317221763e-06
SG-006a,SG-006a,rectangular,default,E_x_2_3,exact,E_x,2,3,48,2.5677215189873417,6.0974747577504401e-06,6.0974747577504401e-06,0,1,815698.79471552535,1182806.012000347,9314614.5934268124,-0.17949783128436697,9.6008945520374604e-07,9.6008945520374604e-07,1.687414146646605e-06,1.687414146646605e-06
SG-006a,SG-006a,rectangular,default,E_x_2_3,exact,E_x,2,3,49,2.6139240506329111,6.2071902266476003e-06,6.2071902266476003e-06,0,1,804663.22392681823,1169157.4213756328,9317297.2277322058,-0.15094012454459288,9.5227347743715053e-07,9.5227347743715053e-07,1.6152102425436472e-06,1.6152102425436472e-06
SG-006a,SG-006a,rectangular,default,E_x_2_3,exact,E_x,2,3,50,2.660126582278481,6.3169056955447621e-06,6.3169056955447621e-06,0,1,793901.54869059543,1155631.3864206474,9319907.5123903695,-0.12314471468429579,9.4493138553346619e-07,9.4493138553346619e-07,1.5527727990444661e-06,1.5527727990444661e-06
SG-006a,SG-006a,rectangular,default,E_x_2_3,exact,E_x,2,3,51,2.7063291139240504,6.4266211644419231e-06,6.4266211644419231e-06,0,1,783405.14128192561,1142251.9749094513,9322444.7662741747,-0.096119505033644692,9.3802350372784544e-07,9.3802350372784544e-07,1.4982350270460227e-06,1.4982350270460227e-06
SG-006a,SG-006a,rectangular,default,E_x_2_3,exact,E_x,2,3,52,2.7525316455696203,6.536336633339084e-06,6.536336633339084e-06,0,1,773165.59513761825,1129037.6825455655,9324909.0335344244,-0.069864660360093894,9.3151438978599564e-07,9.3151438978599564e-07,1.4501807685046461e-06,1.4501807685046461e-06
SG-006a,SG-006a,rectangular,default,E_x_2_3,exact,E_x,2,3,53,2.7987341772151897,6.646052102236245e-06,6.646052102236245e-06,0,1,763174.73634464806,1116002.5861504935,9327300.9042978212,-0.044374507456723437,9.2537228858267377e-07,9.2537228858267377e-07,1.4075156421689552e-06,1.4075156421689552e-06
SG-006a,SG-006a,rectangular,default,E_x_2_3,exact,E_x,2,3,54,2.8449367088607596,6.7557675711334068e-06,6.7557675711334068e-06,0,1,753424.63105173712,1103157.2338202703,9329621.3777729925,-0.019638987371819308,9.1956866796860907e-07,9.1956866796860907e-07,1.3693801348564453e-06,1.3693801348564453e-06
SG-006a,SG-006a,rectangular,default,E_x_2_3,exact,E_x,2,3,55,2.891139240506329,6.8654830400305669e-06,6.8654830400305669e-06,1,1,743907.58960214281,1090509.3399706129,9331871.7569077983,0.0043552260324517854,9.1407782283822325e-07,9.1407782283822325e-07,1.3350894998578229e-06,1.3350894998578229e-06
SG-006a,SG-006a,rectangular,default,E_x_2_3,exact,E_x,2,3,56,2.9373417721518984,6.9751985089277271e-06,6.9751985089277271e-06,1,1,734616.16803769371,1078064.3334862676,9334053.5668232962,0.027623859066328756,9.0887653599808889e-07,9.0887653599808889e-07,1.3040912691895193e-06,1.3040912691895193e-06
SG-006a,SG-006a,rectangular,default,E_x_2_3,exact,E_x,2,3,57,2.9835443037974683,7.0849139778248889e-06,7.0849139778248889e-06,1,1,725543.1675098089,1065825.7938047028,9336168.4913643599,0.050184362953381377,9.0394378656388026e-07,9.0394378656388026e-07,1.2759346257596099e-06,1.2759346257596099e-06
SG-006a,SG-006a,rectangular,default,E_x_2_3,exact,E_x,2,3,58,3.0297468354430377,7.1946294467220498e-06,7.1946294467220498e-06,1,1,716681.63203668047,1053795.8005062072,9338218.3235851247,0.072055386145800884,8.9926049830319383e-07,8.9926049830319383e-07,1.2502479367689555e-06,1.2502479367689555e-06
SG-006a,SG-006a,rectangular,default,E_x_2_3,exact,E_x,2,3,59,3.0759493670886076,7.3043449156192108e-06,7.3043449156192108e-06,1,1,708024.84496036917,1041975.2154430444,9340204.9270412438,0.093256361161254991,8.9480932168944387e-07,8.9480932168944387e-07,1.2267220135583355e-06,1.2267220135583355e-06
SG-006a,SG-006a,rectangular,default,E_x_2_3,exact,E_x,2,3,60,3.122151898734177,7.4140603845163718e-06,7.4140603845163718e-06,1,1,699566.32440010668,1030363.9117656469,9342130.2055206113,0.1138071809091673,8.9057444452259131e-07,8.9057444452259131e-07,1.2050974605777402e-06,1.2050974605777402e-06
SG-006a,SG-006a,rectangular,default,E_x_2_3,exact,E_x,2,3,61,3.1683544303797468,7.5237758534135336e-06,7.5237758534135336e-06,1,1,691299.81794335111,1018960.9607905524,9343996.0794031024,0.1337279453756603,8.865414268493475e-07,8.865414268493475e-07,1.1851549910045611e-06,1.1851549910045611e-06
SG-006a,SG-006a,rectangular,default,E_x_2_3,exact,E_x,2,3,62,3.2145569620253163,7.6334913223106946e-06,7.6334913223106946e-06,1,1,683219.29676531139,1007764.7851516355,9345804.4672537446,0.15303876390571516,8.826970566250893e-07,8.826970566250893e-07,1.1667079259687565e-06,1.1667079259687565e-06
SG-006a,SG-006a,rectangular,default,E_x_2_3,exact,E_x,2,3,63,3.2607594936708861,7.7432067912078555e-06,7.7432067912078555e-06,1,1,675318.94934358518,996773.28479944356,9347557.2715641521,0.1717596015995157,8.7902922314756224e-07,8.7902922314756224e-07,1.1495963223600017e-06,1.1495963223600017e-06
SG-006a,SG-006a,rectangular,default,E_x_2_3,exact,E_x,2,3,64,3.3069620253164556,7.8529222601050165e-06,7.8529222601050165e-06,1,1,667593.17489184137,985983.94099935587,9349256.3677938301,0.18991016084045173,8.7552680576289882e-07,8.7552680576289882e-07,1.1336823300491119e-06,1.1336823300491119e-06
SG-006a,SG-006a,rectangular,default,E_x_2_3,exact,E_x,2,3,65,3.353164556962025,7.9626377290021758e-06,7.9626377290021758e-06,1,1,660036.57662294758,975393.90240796655,9350903.5960419085,0.20750979086273028,8.7217957574241687e-07,8.7217957574241687e-07,1.1188464875934115e-06,1.1188464875934115e-06
SG-006a,SG-006a,rectangular,default,E_x_2_3,exact,E_x,2,3,66,3.3993670886075948,8.0723531978993384e-06,8.0723531978993384e-06,1,1,652643.95492440881,965000.05647158157,9352500.7548203245,0.22457741975076584,8.6897810954962852e-07,8.6897810954962852e-07,1.1049847417397618e-06,1.1049847417397618e-06
SG-006a,SG-006a,rectangular,default,E_x_2_3,exact,E_x,2,3,67,3.4455696202531643,8.1820686667964977e-06,8.1820686667964977e-06,1,1,645410.30051651434,954799.08875258523,9354049.5965067819,0.24113150439690637,8.6591371198815035e-07,8.6591371198815035e-07,1.0920060305005227e-06,1.0920060305005227e-06
SG-006a,SG-006a,rectangular,default,E_x_2_3,exact,E_x,2,3,68,3.4917721518987341,8.2917841356936604e-06,8.2917841356936604e-06,1,1,638330.7876449218,944787.53228450101,9355551.8241410349,0.25718999484507543,8.6297834794338861e-07,8.6297834794338861e-07,1.0798303089457708e-06,1.0798303089457708e-06
SG-006a,SG-006a,rectangular,default,E_x_2_3,exact,E_x,2,3,69,3.5379746835443036,8.4014996045908214e-06,8.4014996045908214e-06,1,1,631400.76735581853,934961.80866057472,9357009.0892941263,0.27277031014724656,8.6016458162175383e-07,8.6016458162175383e-07,1.0683869256523586e-06,1.0683869256523586e-06
SG-006a,SG-006a,rectangular,default,E_x_2_3,exact,E_x,2,3,70,3.5841772151898734,8.5112150734879823e-06,8.5112150734879823e-06,1,1,624615.76088312757,925318.26224561059,9358422.990793664,0.28788932342523438,8.5746552234451172e-07,8.5746552234451172e-07,1.0576132790394275e-06,1.0576132790394275e-06
SG-006a,SG-006a,rectangular,default,E_x_2_3,exact,E_x,2,3,71,3.6303797468354428,8.6209305423851433e-06,8.6209305423851433e-06,1,1,617971.45317724743,915853.18865186838,9359795.074129479,0.30256335426744257,8.5487477608911384e-07,8.5487477608911384e-07,1.0474536987207538e-06,1.0474536987207538e-06
SG-006a,SG-006a,rectangular,default,E_x_2_3,exact,E_x,2,3,72,3.6765822784810127,8.7306460112823043e-06,8.7306460112823043e-06,1,1,611463.6865938222,906562.85841528035,9361126.8313981984,0.31680816695243852,8.5238640208073949e-07,8.5238640208073949e-07,1.0378585089849186e-06,1.0378585089849186e-06
SG-006a,SG-006a,rectangular,default,E_x_2_3,exact,E_x,2,3,73,3.7227848101265821,8.8403614801794652e-06,8.8403614801794652e-06,1,1,605088.45475742361,897443.53664807975,9362419.7016717922,0.33063897327249003,8.4999487383221617e-07,8.4999487383221617e-07,1.0287832406307043e-06,1.0287832406307043e-06
SG-006a,SG-006a,rectangular,default,E_x_2_3,exact,E_x,2,3,74,3.7689873417721516,8.9500769490766245e-06,8.9500769490766245e-06,1,1,598841.89661129354,888491.49930884712,9363675.0716971792,0.34407043896416895,8.4769504411117167e-07,8.4769504411117167e-07,1.0201879643697074e-06,1.0201879643697074e-06
SG-006a,SG-006a,rectangular,default,E_x_2_3,exact,E_x,2,3,75,3.8151898734177214,9.0597924179737872e-06,9.0597924179737872e-06,1,1,592720.29065899109,879703.04662828217,9364894.2768510915,0.35711669293441495,8.4548211338119512e-07,8.4548211338119512e-07,1.012036724413005e-06,1.012036724413005e-06
SG-006a,SG-006a,rectangular,default,E_x_2_3,exact,E_x,2,3,76,3.8613924050632908,9.1695078868709481e-06,9.1695078868709481e-06,1,1,586720.04940217035,871074.51413347945,9366078.6022892687,0.36979133862913705,8.4335160132288084e-07,8.4335160132288084e-07,1.0042970550547722e-06,1.0042970550547722e-06
SG-006a,SG-006a,rectangular,default,E_x_2_3,exact,E_x,2,3,77,3.9075949367088607,9.2792233557681091e-06,9.2792233557681091e-06,1,1,580837.71397779509,862602.28164807358,9367229.2842398621,0.38210746700590614,8.4129932109133066e-07,8.4129932109133066e-07,9.9693956636762256e-07,9.9693956636762256e-07
SG-006a,SG-006a,rectangular,default,E_x_2_3,exact,E_x,2,3,78,3.9537974683544301,9.3889388246652701e-06,9.3889388246652701e-06,1,1,575069.94899207726,854282.78058019257,9368347.511401074,0.39407767068065269,8.3932135600834414e-07,8.3932135600834414e-07,9.8993758771865146e-07,9.8993758771865146e-07
SG-006a,SG-006a,rectangular,default,E_x_2_3,exact,E_x,2,3,79,4,9.498654293562431e-06,9.498654293562431e-06,1,1,569413.53755189735,846112.49976533349,9369434.4264100473,0.40571405889259549,8.3741403842645887e-07,8.3741403842645887e-07,9.8326685988333501e-07,9.8326685988333501e-07
SG-006a,SG-006a,rectangular,default,E_y_3_2,exact,E_y,3,2,0,0.34999999999999998,8.3113225068671265e-07,8.3113225068671265e-07,0,1,nan,nan,nan,nan,nan,nan,nan,nan
SG-006a,SG-006a,rectangular,default,E_y_3_2,exact,E_y,3,2,1,0.39620253164556962,9.4084771958387373e-07,9.4084771958387373e-07,0,1,nan,nan,nan,nan,nan,nan,nan,nan
SG-006a,SG-006a,rectangular,default,E_y_3_2,exact,E_y,3,2,2,0.44240506329113921,1.0505631884810347e-06,1.0505631884810347e-06,0,1,nan,nan,nan,nan,nan,nan,nan,nan
SG-006a,SG-006a,rectangular,default,E_y_3_2,exact,E_y,3,2,3,0.4886075949367088,1.1602786573781955e-06,1.1602786573781955e-06,0,1,nan,nan,nan,nan,nan,nan,nan,nan
SG-006a,SG-006a,rectangular,default,E_y_3_2,exact,E_y,3,2,4,0.53481012658227844,1.2699941262753566e-06,1.2699941262753566e-06,0,1,nan,nan,nan,nan,nan,nan,nan,nan
SG-006a,SG-006a,rectangular,default,E_y_3_2,exact,E_y,3,2,5,0.58101265822784809,1.3797095951725176e-06,1.3797095951725176e-06,0,1,nan,nan,nan,nan,nan,nan,nan,nan
SG-006a,SG-006a,rectangular,default,E_y_3_2,exact,E_y,3,2,6,0.62721518987341773,1.4894250640696788e-06,1.4894250640696788e-06,0,1,nan,nan,nan,nan,nan,nan,nan,nan
SG-006a,SG-006a,rectangular,default,E_y_3_2,exact,E_y,3,2,7,0.67341772151898727,1.5991405329668395e-06,1.5991405329668395e-06,0,1,nan,nan,nan,nan,nan,nan,nan,nan
SG-006a,SG-006a,rectangular,default,E_y_3_2,exact,E_y,3,2,8,0.71962025316455691,1.7088560018640005e-06,1.7088560018640005e-06,0,1,nan,nan,nan,nan,nan,nan,nan,nan
SG-006a,SG-006a,rectangular,default,E_y_3_2,exact,E_y,3,2,9,0.76582278481012656,1.8185714707611615e-06,1.8185714707611615e-06,0,1,nan,nan,nan,nan,nan,nan,nan,nan
SG-006a,SG-006a,rectangular,default,E_y_3_2,exact,E_y,3,2,10,0.81202531645569609,1.9282869396583225e-06,1.9282869396583225e-06,0,1,nan,nan,nan,nan,nan,nan,nan,nan
SG-006a,SG-006a,rectangular,default,E_y_3_2,exact,E_y,3,2,11,0.85822784810126573,2.0380024085554834e-06,2.0380024085554834e-06,0,1,nan,nan,nan,nan,nan,nan,nan,nan
SG-006a,SG-006a,rectangular,default,E_y_3_2,exact,E_y,3,2,12,0.90443037974683538,2.1477178774526444e-06,2.1477178774526444e-06,0,1,nan,nan,nan,nan,nan,nan,nan,nan
SG-006a,SG-006a,rectangular,default,E_y_3_2,exact,E_y,3,2,13,0.95063291139240502,2.2574333463498054e-06,2.2574333463498054e-06,0,1,nan,nan,nan,nan,nan,nan,nan,nan
SG-006a,SG-006a,rectangular,default,E_y_3_2,exact,E_y,3,2,14,0.99683544303797456,2.3671488152469663e-06,2.3671488152469663e-06,0,1,nan,nan,nan,nan,nan,nan,nan,nan
SG-006a,SG-006a,rectangular,default,E_y_3_2,exact,E_y,3,2,15,1.0430379746835441,2.4768642841441269e-06,2.4768642841441269e-06,0,1,nan,nan,nan,nan,nan,nan,nan,nan
SG-006a,SG-006a,rectangular,default,E_y_3_2,exact,E_y,3,2,16,1.089240506329114,2.5865797530412887e-06,2.5865797530412887e-06,0,1,nan,nan,nan,nan,nan,nan,nan,nan
SG-006a,SG-006a,rectangular,default,E_y_3_2,exact,E_y,3,2,17,1.1354430379746834,2.6962952219384492e-06,2.6962952219384492e-06,0,1,nan,nan,nan,nan,nan,nan,nan,nan
SG-006a,SG-006a,rectangular,default,E_y_3_2,exact,E_y,3,2,18,1.1816455696202532,2.8060106908356106e-06,2.8060106908356106e-06,0,1,nan,nan,nan,nan,nan,nan,nan,nan
SG-006a,SG-006a,rectangular,default,E_y_3_2,exact,E_y,3,2,19,1.2278481012658227,2.9157261597327712e-06,2.9157261597327712e-06,0,1,nan,nan,nan,nan,nan,nan,nan,nan
SG-006a,SG-006a,rectangular,default,E_y_3_2,exact,E_y,3,2,20,1.2740506329113923,3.0254416286299322e-06,3.0254416286299322e-06,0,1,nan,nan,nan,nan,nan,nan,nan,nan
SG-006a,SG-006a,rectangular,default,E_y_3_2,exact,E_y,3,2,21,1.320253164556962,3.1351570975270935e-06,3.1351570975270935e-06,0,1,nan,nan,nan,nan,nan,nan,nan,nan
SG-006a,SG-006a,rectangular,default,E_y_3_2,exact,E_y,3,2,22,1.3664556962025314,3.2448725664242541e-06,3.2448725664242541e-06,0,1,nan,nan,nan,nan,nan,nan,nan,nan
SG-006a,SG-006a,rectangular,default,E_y_3_2,exact,E_y,3,2,23,1.4126582278481012,3.3545880353214155e-06,3.3545880353214155e-06,0,1,nan,nan,nan,nan,nan,nan,nan,nan
SG-006a,SG-006a,rectangular,default,E_y_3_2,exact,E_y,3,2,24,1.4588607594936707,3.464303504218576e-06,3.464303504218576e-06,0,1,nan,nan,nan,nan,nan,nan,nan,nan
SG-006a,SG-006a,rectangular,default,E_y_3_2,exact,E_y,3,2,25,1.5050632911392405,3.5740189731157374e-06,3.5740189731157374e-06,0,1,nan,nan,nan,nan,nan,nan,nan,nan
SG-006a,SG-006a,rectangular,default,E_y_3_2,exact,E_y,3,2,26,1.55126582278481,3.683734442012898e-06,3.683734442012898e-06,0,1,nan,nan,nan,nan,nan,nan,nan,nan
SG-006a,SG-006a,rectangular,default,E_y_3_2,exact,E_y,3,2,27,1.5974683544303798,3.7934499109100598e-06,3.7934499109100598e-06,0,1,nan,nan,nan,nan,nan,nan,nan,nan
SG-006a,SG-006a,rectangular,default,E_y_3_2,exact,E_y,3,2,28,1.6436708860759492,3.9031653798072199e-06,3.9031653798072199e-06,0,1,nan,nan,nan,nan,nan,nan,nan,nan
SG-006a,SG-006a,rectangular,default,E_y_3_2,exact,E_y,3,2,29,1.6898734177215187,4.0128808487043809e-06,4.0128808487043809e-06,0,1,nan,nan,nan,nan,nan,nan,nan,nan
SG-006a,SG-006a,rectangular,default,E_y_3_2,exact,E_y,3,2,30,1.7360759493670885,4.1225963176015427e-06,4.1225963176015427e-06,0,1,nan,nan,nan,nan,nan,nan,nan,nan
SG-006a,SG-006a,rectangular,default,E_y_3_2,exact,E_y,3,2,31,1.782278481012658,4.2323117864987028e-06,4.2323117864987028e-06,0,1,nan,nan,nan,nan,nan,nan,nan,nan
SG-006a,SG-006a,rectangular,default,E_y_3_2,exact,E_y,3,2,32,1.8284810126582278,4.3420272553958646e-06,4.3420272553958646e-06,0,1,nan,nan,nan,nan,nan,nan,nan,nan
SG-006a,SG-006a,rectangular,default,E_y_3_2,exact,E_y,3,2,33,1.8746835443037972,4.4517427242930248e-06,4.4517427242930248e-06,0,1,nan,nan,nan,nan,nan,nan,nan,nan
SG-006a,SG-006a,rectangular,default,E_y_3_2,exact,E_y,3,2,34,1.9208860759493671,4.5614581931901866e-06,4.5614581931901866e-06,0,1,nan,nan,nan,nan,nan,nan,nan,nan
SG-006a,SG-006a,rectangular,default,E_y_3_2,exact,E_y,3,2,35,1.9670886075949365,4.6711736620873467e-06,4.6711736620873467e-06,0,1,nan,nan,nan,nan,nan,nan,nan,nan
SG-006a,SG-006a,rectangular,default,E_y_3_2,exact,E_y,3,2,36,2.0132911392405064,4.7808891309845085e-06,4.7808891309845085e-06,0,1,1322692.5378946527,972787.35509552411,9280657.7795848232,-0.54027073602409248,3.7365815496971294e-05,3.7365815496971294e-05,1.1153072316976373e-06,1.1153072316976373e-06
SG-006a,SG-006a,rectangular,default,E_y_3_2,exact,E_y,3,2,37,2.0594936708860758,4.8906045998816695e-06,4.8906045998816695e-06,0,1,1318467.9527798495,957763.06733483262,9282821.3261996023,-0.51732351674962496,9.1770022681554515e-06,9.1770022681554515e-06,1.0957157786577361e-06,1.0957157786577361e-06
SG-006a,SG-006a,rectangular,default,E_y_3_2,exact,E_y,3,2,38,2.1056962025316452,5.0003200687788296e-06,5.0003200687788296e-06,0,1,1310810.9995954661,943116.88065410277,9285404.9283038322,-0.48991405644752956,5.5896196753760192e-06,5.5896196753760192e-06,1.0778501203566498e-06,1.0778501203566498e-06
SG-006a,SG-006a,rectangular,default,E_y_3_2,exact,E_y,3,2,39,2.1518987341772151,5.1100355376759914e-06,5.1100355376759914e-06,0,1,1300997.7407022058,928842.25711221527,9288223.5411242507,-0.46000266528168304,4.1653414846632589e-06,4.1653414846632589e-06,1.0614994497404088e-06,1.0614994497404088e-06
SG-006a,SG-006a,rectangular,default,E_y_3_2,exact,E_y,3,2,40,2.1981012658227845,5.2197510065731515e-06,5.2197510065731515e-06,0,1,1289758.984816018,914931.69003559207,9291171.1518763471,-0.428712624573518,3.3951299446579969e-06,3.3951299446579969e-06,1.0464856346080249e-06,1.0464856346080249e-06
SG-006a,SG-006a,rectangular,default,E_y_3_2,exact,E_y,3,2,41,2.2443037974683544,5.3294664754703134e-06,5.3294664754703134e-06,0,1,1277556.6127363546,901376.96567187551,9294181.4204809908,-0.39674719915030632,2.9101154046799598e-06,2.9101154046799598e-06,1.0326571408858781e-06,1.0326571408858781e-06
SG-006a,SG-006a,rectangular,default,E_y_3_2,exact,E_y,3,2,42,2.2905063291139238,5.4391819443674735e-06,5.4391819443674735e-06,0,1,1264701.6452639634,888169.37252423563,9297210.5775862038,-0.36457074806939843,2.5754595768403745e-06,2.5754595768403745e-06,1.0198842621236995e-06,1.0198842621236995e-06
SG-006a,SG-006a,rectangular,default,E_y_3_2,exact,E_y,3,2,43,2.3367088607594937,5.5488974132646353e-06,5.5488974132646353e-06,0,1,1251412.8197327866,875299.86866550159,9300228.7984934468,-0.33250003545300361,2.3300104064702435e-06,2.3300104064702435e-06,1.0080553390872201e-06,1.0080553390872201e-06
SG-006a,SG-006a,rectangular,default,E_y_3_2,exact,E_y,3,2,44,2.3829113924050631,5.6586128821617963e-06,5.6586128821617963e-06,0,1,1237848.8067169734,862759.21521209809,9303215.383838011,-0.3007552262969635,2.1419508400928572e-06,2.1419508400928572e-06,9.9707373781607821e-07,9.9707373781607821e-07
SG-006a,SG-006a,rectangular,default,E_y_3_2,exact,E_y,3,2,45,2.429113924050633,5.7683283510589572e-06,5.7683283510589572e-06,0,1,1224127.3221639385,850538.08249568986,9306155.8593847211,-0.26949056650392089,1.9930599844686004e-06,1.9930599844686004e-06,9.8685541444100715e-07,9.8685541444100715e-07
SG-006a,SG-006a,rectangular,default,E_y_3_2,exact,E_y,3,2,46,2.4753164556962024,5.8780438199561182e-06,5.8780438199561182e-06,0,1,1210337.1414991161,838627.13416130096,9309040.130086476,-0.23881390693676552,1.8721347432569398e-06,1.8721347432569398e-06,9.7732693807279935e-07,9.7732693807279935e-07
SG-006a,SG-006a,rectangular,default,E_y_3_2,exact,E_y,3,2,47,2.5215189873417723,5.9877592888532792e-06,5.9877592888532792e-06,0,1,1196546.0045997663,827017.09340201411,9311861.253041815,-0.20879968081057676,1.7718985317221763e-06,1.7718985317221763e-06,9.684238743507806e-07,9.684238743507806e-07
SG-006a,SG-006a,rectangular,default,E_y_3_2,exact,E_y,3,2,48,2.5677215189873417,6.0974747577504401e-06,6.0974747577504401e-06,0,1,1182806.012000347,815698.79471552535,9314614.5934268124,-0.17949783128436697,1.687414146646605e-06,1.687414146646605e-06,9.6008945520374604e-07,9.6008945520374604e-07
SG-006a,SG-006a,rectangular,default,E_y_3_2,exact,E_y,3,2,49,2.6139240506329111,6.2071902266476003e-06,6.2071902266476003e-06,0,1,1169157.4213756328,804663.22392681823,9317297.2277322058,-0.15094012454459288,1.6152102425436472e-06,1.6152102425436472e-06,9.5227347743715053e-07,9.5227347743715053e-07
SG-006a,SG-006a,rectangular,default,E_y_3_2,exact,E_y,3,2,50,2.660126582278481,6.3169056955447621e-06,6.3169056955447621e-06,0,1,1155631.3864206474,793901.54869059543,9319907.5123903695,-0.12314471468429579,1.5527727990444661e-06,1.5527727990444661e-06,9.4493138553346619e-07,9.4493138553346619e-07
SG-006a,SG-006a,rectangular,default,E_y_3_2,exact,E_y,3,2,51,2.7063291139240504,6.4266211644419231e-06,6.4266211644419231e-06,0,1,1142251.9749094513,783405.14128192561,9322444.7662741747,-0.096119505033644692,1.4982350270460227e-06,1.4982350270460227e-06,9.3802350372784544e-07,9.3802350372784544e-07
SG-006a,SG-006a,rectangular,default,E_y_3_2,exact,E_y,3,2,52,2.7525316455696203,6.536336633339084e-06,6.536336633339084e-06,0,1,1129037.6825455655,773165.59513761825,9324909.0335344244,-0.069864660360093894,1.4501807685046461e-06,1.4501807685046461e-06,9.3151438978599564e-07,9.3151438978599564e-07
SG-006a,SG-006a,rectangular,default,E_y_3_2,exact,E_y,3,2,53,2.7987341772151897,6.646052102236245e-06,6.646052102236245e-06,0,1,1116002.5861504935,763174.73634464806,9327300.9042978212,-0.044374507456723437,1.4075156421689552e-06,1.4075156421689552e-06,9.2537228858267377e-07,9.2537228858267377e-07
SG-006a,SG-006a,rectangular,default,E_y_3_2,exact,E_y,3,2,54,2.8449367088607596,6.7557675711334068e-06,6.7557675711334068e-06,0,1,1103157.2338202703,753424.63105173712,9329621.3777729925,-0.019638987371819308,1.3693801348564453e-06,1.3693801348564453e-06,9.1956866796860907e-07,9.1956866796860907e-07
SG-006a,SG-006a,rectangular,default,E_y_3_2,exact,E_y,3,2,55,2.891139240506329,6.8654830400305669e-06,6.8654830400305669e-06,1,1,1090509.3399706129,743907.58960214281,9331871.7569077983,0.0043552260324517854,1.3350894998578229e-06,1.3350894998578229e-06,9.1407782283822325e-07,9.1407782283822325e-07
SG-006a,SG-006a,rectangular,default,E_y_3_2,exact,E_y,3,2,56,2.9373417721518984,6.9751985089277271e-06,6.9751985089277271e-06,1,1,1078064.3334862676,734616.16803769371,9334053.5668232962,0.027623859066328756,1.3040912691895193e-06,1.3040912691895193e-06,9.0887653599808889e-07,9.0887653599808889e-07
SG-006a,SG-006a,rectangular,default,E_y_3_2,exact,E_y,3,2,57,2.9835443037974683,7.0849139778248889e-06,7.0849139778248889e-06,1,1,1065825.7938047028,725543.1675098089,9336168.4913643599,0.050184362953381377,1.2759346257596099e-06,1.2759346257596099e-06,9.0394378656388026e-07,9.0394378656388026e-07
SG-006a,SG-006a,rectangular,default,E_y_3_2,exact,E_y,3,2,58,3.0297468354430377,7.1946294467220498e-06,7.1946294467220498e-06,1,1,1053795.8005062072,716681.63203668047,9338218.3235851247,0.072055386145800884,1.2502479367689555e-06,1.2502479367689555e-06,8.9926049830319383e-07,8.9926049830319383e-07
SG-006a,SG-006a,rectangular,default,E_y_3_2,exact,E_y,3,2,59,3.0759493670886076,7.3043449156192108e-06,7.3043449156192108e-06,1,1,1041975.2154430444,708024.84496036917,9340204.9270412438,0.093256361161254991,1.2267220135583355e-06,1.2267220135583355e-06,8.9480932168944387e-07,8.9480932168944387e-07
SG-006a,SG-006a,rectangular,default,E_y_3_2,exact,E_y,3,2,60,3.122151898734177,7.4140603845163718e-06,7.4140603845163718e-06,1,1,1030363.9117656469,699566.32440010668,9342130.2055206113,0.1138071809091673,1.2050974605777402e-06,1.2050974605777402e-06,8.9057444452259131e-07,8.9057444452259131e-07
SG-006a,SG-006a,rectangular,default,E_y_3_2,exact,E_y,3,2,61,3.1683544303797468,7.5237758534135336e-06,7.5237758534135336e-06,1,1,1018960.9607905524,691299.81794335111,9343996.0794031024,0.1337279453756603,1.1851549910045611e-06,1.1851549910045611e-06,8.865414268493475e-07,8.865414268493475e-07
SG-006a,SG-006a,rectangular,default,E_y_3_2,exact,E_y,3,2,62,3.2145569620253163,7.6334913223106946e-06,7.6334913223106946e-06,1,1,1007764.7851516355,683219.29676531139,9345804.4672537446,0.15303876390571516,1.1667079259687565e-06,1.1667079259687565e-06,8.826970566250893e-07,8.826970566250893e-07
SG-006a,SG-006a,rectangular,default,E_y_3_2,exact,E_y,3,2,63,3.2607594936708861,7.7432067912078555e-06,7.7432067912078555e-06,1,1,996773.28479944356,675318.94934358518,9347557.2715641521,0.1717596015995157,1.1495963223600017e-06,1.1495963223600017e-06,8.7902922314756224e-07,8.7902922314756224e-07
SG-006a,SG-006a,rectangular,default,E_y_3_2,exact,E_y,3,2,64,3.3069620253164556,7.8529222601050165e-06,7.8529222601050165e-06,1,1,985983.94099935587,667593.17489184137,9349256.3677938301,0.18991016084045173,1.1336823300491119e-06,1.1336823300491119e-06,8.7552680576289882e-07,8.7552680576289882e-07
SG-006a,SG-006a,rectangular,default,E_y_3_2,exact,E_y,3,2,65,3.353164556962025,7.9626377290021758e-06,7.9626377290021758e-06,1,1,975393.90240796655,660036.57662294758,9350903.5960419085,0.20750979086273028,1.1188464875934115e-06,1.1188464875934115e-06,8.7217957574241687e-07,8.7217957574241687e-07
SG-006a,SG-006a,rectangular,default,E_y_3_2,exact,E_y,3,2,66,3.3993670886075948,8.0723531978993384e-06,8.0723531978993384e-06,1,1,965000.05647158157,652643.95492440881,9352500.7548203245,0.22457741975076584,1.1049847417397618e-06,1.1049847417397618e-06,8.6897810954962852e-07,8.6897810954962852e-07
SG-006a,SG-006a,rectangular,default,E_y_3_2,exact,E_y,3,2,67,3.4455696202531643,8.1820686667964977e-06,8.1820686667964977e-06,1,1,954799.08875258523,645410.30051651434,9354049.5965067819,0.24113150439690637,1.0920060305005227e-06,1.0920060305005227e-06,8.6591371198815035e-07,8.6591371198815035e-07
SG-006a,SG-006a,rectangular,default,E_y_3_2,exact,E_y,3,2,68,3.4917721518987341,8.2917841356936604e-06,8.2917841356936604e-06,1,1,944787.53228450101,638330.7876449218,9355551.8241410349,0.25718999484507543,1.0798303089457708e-06,1.0798303089457708e-06,8.6297834794338861e-07,8.6297834794338861e-07
SG-006a,SG-006a,rectangular,default,E_y_3_2,exact,E_y,3,2,69,3.5379746835443036,8.4014996045908214e-06,8.4014996045908214e-06,1,1,934961.80866057472,631400.76735581853,9357009.0892941263,0.27277031014724656,1.0683869256523586e-06,1.0683869256523586e-06,8.6016458162175383e-07,8.6016458162175383e-07
SG-006a,SG-006a,rectangular,default,E_y_3_2,exact,E_y,3,2,70,3.5841772151898734,8.5112150734879823e-06,8.5112150734879823e-06,1,1,925318.26224561059,624615.76088312757,9358422.990793664,0.28788932342523438,1.0576132790394275e-06,1.0576132790394275e-06,8.5746552234451172e-07,8.5746552234451172e-07
SG-006a,SG-006a,rectangular,default,E_y_3_2,exact,E_y,3,2,71,3.6303797468354428,8.6209305423851433e-06,8.6209305423851433e-06,1,1,915853.18865186838,617971.45317724743,9359795.074129479,0.30256335426744257,1.0474536987207538e-06,1.0474536987207538e-06,8.5487477608911384e-07,8.5487477608911384e-07
SG-006a,SG-006a,rectangular,default,E_y_3_2,exact,E_y,3,2,72,3.6765822784810127,8.7306460112823043e-06,8.7306460112823043e-06,1,1,906562.85841528035,611463.6865938222,9361126.8313981984,0.31680816695243852,1.0378585089849186e-06,1.0378585089849186e-06,8.5238640208073949e-07,8.5238640208073949e-07
SG-006a,SG-006a,rectangular,default,E_y_3_2,exact,E_y,3,2,73,3.7227848101265821,8.8403614801794652e-06,8.8403614801794652e-06,1,1,897443.53664807975,605088.45475742361,9362419.7016717922,0.33063897327249003,1.0287832406307043e-06,1.0287832406307043e-06,8.4999487383221617e-07,8.4999487383221617e-07
SG-006a,SG-006a,rectangular,default,E_y_3_2,exact,E_y,3,2,74,3.7689873417721516,8.9500769490766245e-06,8.9500769490766245e-06,1,1,888491.49930884712,598841.89661129354,9363675.0716971792,0.34407043896416895,1.0201879643697074e-06,1.0201879643697074e-06,8.4769504411117167e-07,8.4769504411117167e-07
SG-006a,SG-006a,rectangular,default,E_y_3_2,exact,E_y,3,2,75,3.8151898734177214,9.0597924179737872e-06,9.0597924179737872e-06,1,1,879703.04662828217,592720.29065899109,9364894.2768510915,0.35711669293441495,1.012036724413005e-06,1.012036724413005e-06,8.4548211338119512e-07,8.4548211338119512e-07
SG-006a,SG-006a,rectangular,default,E_y_3_2,exact,E_y,3,2,76,3.8613924050632908,9.1695078868709481e-06,9.1695078868709481e-06,1,1,871074.51413347945,586720.04940217035,9366078.6022892687,0.36979133862913705,1.0042970550547722e-06,1.0042970550547722e-06,8.4335160132288084e-07,8.4335160132288084e-07
SG-006a,SG-006a,rectangular,default,E_y_3_2,exact,E_y,3,2,77,3.9075949367088607,9.2792233557681091e-06,9.2792233557681091e-06,1,1,862602.28164807358,580837.71397779509,9367229.2842398621,0.38210746700590614,9.9693956636762256e-07,9.9693956636762256e-07,8.4129932109133066e-07,8.4129932109133066e-07
SG-006a,SG-006a,rectangular,default,E_y_3_2,exact,E_y,3,2,78,3.9537974683544301,9.3889388246652701e-06,9.3889388246652701e-06,1,1,854282.78058019257,575069.94899207726,9368347.511401074,0.39407767068065269,9.8993758771865146e-07,9.8993758771865146e-07,8.3932135600834414e-07,8.3932135600834414e-07
SG-006a,SG-006a,rectangular,default,E_y_3_2,exact,E_y,3,2,79,4,9.498654293562431e-06,9.498654293562431e-06,1,1,846112.49976533349,569413.53755189735,9369434.4264100473,0.40571405889259549,9.8326685988333501e-07,9.8326685988333501e-07,8.3741403842645887e-07,8.3741403842645887e-07
SG-006a,SG-006a,rectangular,default,E_x_3_2,exact,E_x,3,2,0,0.34999999999999998,8.3113225068671265e-07,8.3113225068671265e-07,0,1,nan,nan,nan,nan,nan,nan,nan,nan
SG-006a,SG-006a,rectangular,default,E_x_3_2,exact,E_x,3,2,1,0.39620253164556962,9.4084771958387373e-07,9.4084771958387373e-07,0,1,nan,nan,nan,nan,nan,nan,nan,nan
SG-006a,SG-006a,rectangular,default,E_x_3_2,exact,E_x,3,2,2,0.44240506329113921,1.0505631884810347e-06,1.0505631884810347e-06,0,1,nan,nan,nan,nan,nan,nan,nan,nan
SG-006a,SG-006a,rectangular,default,E_x_3_2,exact,E_x,3,2,3,0.4886075949367088,1.1602786573781955e-06,1.1602786573781955e-06,0,1,nan,nan,nan,nan,nan,nan,nan,nan
SG-006a,SG-006a,rectangular,default,E_x_3_2,exact,E_x,3,2,4,0.53481012658227844,1.2699941262753566e-06,1.2699941262753566e-06,0,1,nan,nan,nan,nan,nan,nan,nan,nan
SG-006a,SG-006a,rectangular,default,E_x_3_2,exact,E_x,3,2,5,0.58101265822784809,1.3797095951725176e-06,1.3797095951725176e-06,0,1,nan,nan,nan,nan,nan,nan,nan,nan
SG-006a,SG-006a,rectangular,default,E_x_3_2,exact,E_x,3,2,6,0.62721518987341773,1.4894250640696788e-06,1.4894250640696788e-06,0,1,nan,nan,nan,nan,nan,nan,nan,nan
SG-006a,SG-006a,rectangular,default,E_x_3_2,exact,E_x,3,2,7,0.67341772151898727,1.5991405329668395e-06,1.5991405329668395e-06,0,1,nan,nan,nan,nan,nan,nan,nan,nan
SG-006a,SG-006a,rectangular,default,E_x_3_2,exact,E_x,3,2,8,0.71962025316455691,1.7088560018640005e-06,1.7088560018640005e-06,0,1,nan,nan,nan,nan,nan,nan,nan,nan
SG-006a,SG-006a,rectangular,default,E_x_3_2,exact,E_x,3,2,9,0.76582278481012656,1.8185714707611615e-06,1.8185714707611615e-06,0,1,nan,nan,nan,nan,nan,nan,nan,nan
SG-006a,SG-006a,rectangular,default,E_x_3_2,exact,E_x,3,2,10,0.81202531645569609,1.9282869396583225e-06,1.9282869396583225e-06,0,1,nan,nan,nan,nan,nan,nan,nan,nan
SG-006a,SG-006a,rectangular,default,E_x_3_2,exact,E_x,3,2,11,0.85822784810126573,2.0380024085554834e-06,2.0380024085554834e-06,0,1,nan,nan,nan,nan,nan,nan,nan,nan
SG-006a,SG-006a,rectangular,default,E_x_3_2,exact,E_x,3,2,12,0.90443037974683538,2.1477178774526444e-06,2.1477178774526444e-06,0,1,nan,nan,nan,nan,nan,nan,nan,nan
SG-006a,SG-006a,rectangular,default,E_x_3_2,exact,E_x,3,2,13,0.95063291139240502,2.2574333463498054e-06,2.2574333463498054e-06,0,1,nan,nan,nan,nan,nan,nan,nan,nan
SG-006a,SG-006a,rectangular,default,E_x_3_2,exact,E_x,3,2,14,0.99683544303797456,2.3671488152469663e-06,2.3671488152469663e-06,0,1,nan,nan,nan,nan,nan,nan,nan,nan
SG-006a,SG-006a,rectangular,default,E_x_3_2,exact,E_x,3,2,15,1.0430379746835441,2.4768642841441269e-06,2.4768642841441269e-06,0,1,nan,nan,nan,nan,nan,nan,nan,nan
SG-006a,SG-006a,rectangular,default,E_x_3_2,exact,E_x,3,2,16,1.089240506329114,2.5865797530412887e-06,2.5865797530412887e-06,0,1,nan,nan,nan,nan,nan,nan,nan,nan
SG-006a,SG-006a,rectangular,default,E_x_3_2,exact,E_x,3,2,17,1.1354430379746834,2.6962952219384492e-06,2.6962952219384492e-06,0,1,nan,nan,nan,nan,nan,nan,nan,nan
SG-006a,SG-006a,rectangular,default,E_x_3_2,exact,E_x,3,2,18,1.1816455696202532,2.8060106908356106e-06,2.8060106908356106e-06,0,1,nan,nan,nan,nan,nan,nan,nan,nan
SG-006a,SG-006a,rectangular,default,E_x_3_2,exact,E_x,3,2,19,1.2278481012658227,2.9157261597327712e-06,2.9157261597327712e-06,0,1,nan,nan,nan,nan,nan,nan,nan,nan
SG-006a,SG-006a,rectangular,default,E_x_3_2,exact,E_x,3,2,20,1.2740506329113923,3.0254416286299322e-06,3.0254416286299322e-06,0,1,nan,nan,nan,nan,nan,nan,nan,nan
SG-006a,SG-006a,rectangular,default,E_x_3_2,exact,E_x,3,2,21,1.320253164556962,3.1351570975270935e-06,3.1351570975270935e-06,0,1,nan,nan,nan,nan,nan,nan,nan,nan
SG-006a,SG-006a,rectangular,default,E_x_3_2,exact,E_x,3,2,22,1.3664556962025314,3.2448725664242541e-06,3.2448725664242541e-06,0,1,nan,nan,nan,nan,nan,nan,nan,nan
SG-006a,SG-006a,rectangular,default,E_x_3_2,exact,E_x,3,2,23,1.4126582278481012,3.3545880353214155e-06,3.3545880353214155e-06,0,1,nan,nan,nan,nan,nan,nan,nan,nan
SG-006a,SG-006a,rectangular,default,E_x_3_2,exact,E_x,3,2,24,1.4588607594936707,3.464303504218576e-06,3.464303504218576e-06,0,1,nan,nan,nan,nan,nan,nan,nan,nan
SG-006a,SG-006a,rectangular,default,E_x_3_2,exact,E_x,3,2,25,1.5050632911392405,3.5740189731157374e-06,3.5740189731157374e-06,0,1,nan,nan,nan,nan,nan,nan,nan,nan
SG-006a,SG-006a,rectangular,default,E_x_3_2,exact,E_x,3,2,26,1.55126582278481,3.683734442012898e-06,3.683734442012898e-06,0,1,nan,nan,nan,nan,nan,nan,nan,nan
SG-006a,SG-006a,rectangular,default,E_x_3_2,exact,E_x,3,2,27,1.5974683544303798,3.7934499109100598e-06,3.7934499109100598e-06,0,1,nan,nan,nan,nan,nan,nan,nan,nan
SG-006a,SG-006a,rectangular,default,E_x_3_2,exact,E_x,3,2,28,1.6436708860759492,3.9031653798072199e-06,3.9031653798072199e-06,0,1,nan,nan,nan,nan,nan,nan,nan,nan
SG-006a,SG-006a,rectangular,default,E_x_3_2,exact,E_x,3,2,29,1.6898734177215187,4.0128808487043809e-06,4.0128808487043809e-06,0,1,nan,nan,nan,nan,nan,nan,nan,nan
SG-006a,SG-006a,rectangular,default,E_x_3_2,exact,E_x,3,2,30,1.7360759493670885,4.1225963176015427e-06,4.1225963176015427e-06,0,1,nan,nan,nan,nan,nan,nan,nan,nan
SG-006a,SG-006a,rectangular,default,E_x_3_2,exact,E_x,3,2,31,1.782278481012658,4.2323117864987028e-06,4.2323117864987028e-06,0,1,nan,nan,nan,nan,nan,nan,nan,nan
SG-006a,SG-006a,rectangular,default,E_x_3_2,exact,E_x,3,2,32,1.8284810126582278,4.3420272553958646e-06,4.3420272553958646e-06,0,1,nan,nan,nan,nan,nan,nan,nan,nan
SG-006a,SG-006a,rectangular,default,E_x_3_2,exact,E_x,3,2,33,1.8746835443037972,4.4517427242930248e-06,4.4517427242930248e-06,0,1,nan,nan,nan,nan,nan,nan,nan,nan
SG-006a,SG-006a,rectangular,default,E_x_3_2,exact,E_x,3,2,34,1.9208860759493671,4.5614581931901866e-06,4.5614581931901866e-06,0,1,nan,nan,nan,nan,nan,nan,nan,nan
SG-006a,SG-006a,rectangular,default,E_x_3_2,exact,E_x,3,2,35,1.9670886075949365,4.6711736620873467e-06,4.6711736620873467e-06,0,1,nan,nan,nan,nan,nan,nan,nan,nan
SG-006a,SG-006a,rectangular,default,E_x_3_2,exact,E_x,3,2,36,2.0132911392405064,4.7808891309845085e-06,4.7808891309845085e-06,0,1,1322702.4861453606,969954.83421551227,9280952.8262205441,-0.53714169858263316,3.8071816526046194e-05,3.8071816526046194e-05,1.1115095441038111e-06,1.1115095441038111e-06
SG-006a,SG-006a,rectangular,default,E_x_3_2,exact,E_x,3,2,37,2.0594936708860758,4.8906045998816695e-06,4.8906045998816695e-06,0,1,1318606.8467717827,954953.75556562282,9283091.0217546578,-0.51446267048893868,9.3219030472856375e-06,9.3219030472856375e-06,1.0921983990913101e-06,1.0921983990913101e-06
SG-006a,SG-006a,rectangular,default,E_x_3_2,exact,E_x,3,2,38,2.1056962025316452,5.0003200687788296e-06,5.0003200687788296e-06,0,1,1311137.8498931224,940334.74441838462,9285640.9427040368,-0.48740979712088423,5.6659892039324939e-06,5.6659892039324939e-06,1.0745842373138127e-06,1.0745842373138127e-06
SG-006a,SG-006a,rectangular,default,E_x_3_2,exact,E_x,3,2,39,2.1518987341772151,5.1100355376759914e-06,5.1100355376759914e-06,0,1,1301523.0341706974,926090.58446186595,9288424.7120110989,-0.45786747333057137,4.2156369830530809e-06,4.2156369830530809e-06,1.0584600635183971e-06,1.0584600635183971e-06
SG-006a,SG-006a,rectangular,default,E_x_3_2,exact,E_x,3,2,40,2.1981012658227845,5.2197510065731515e-06,5.2197510065731515e-06,0,1,1290475.2254903475,912213.18176552095,9291339.0000157207,-0.42693055216795966,3.4318805646933066e-06,3.4318805646933066e-06,1.0436509414390757e-06,1.0436509414390757e-06
SG-006a,SG-006a,rectangular,default,E_x_3_2,exact,E_x,3,2,41,2.2443037974683544,5.3294664754703134e-06,5.3294664754703134e-06,0,1,1278449.3389604171,898693.8148347477,9294318.4970547296,-0.3952913646074202,2.9386473588485908e-06,2.9386473588485908e-06,1.0300080341098911e-06,1.0300080341098911e-06
SG-006a,SG-006a,rectangular,default,E_x_3_2,exact,E_x,3,2,42,2.2905063291139238,5.4391819443674735e-06,5.4391819443674735e-06,0,1,1265754.0251778718,885523.33371595759,9297319.7634046581,-0.36341075369595194,2.5985114400757173e-06,2.5985114400757173e-06,1.0174039249598394e-06,1.0174039249598394e-06
SG-006a,SG-006a,rectangular,default,E_x_3_2,exact,E_x,3,2,43,2.3367088607594937,5.5488974132646353e-06,5.5488974132646353e-06,0,1,1252607.7229881031,872692.31832724856,9300312.9850369785,-0.33160534519496426,2.3491681762696543e-06,2.3491681762696543e-06,1.0057289097530312e-06,1.0057289097530312e-06
SG-006a,SG-006a,rectangular,default,E_x_3_2,exact,E_x,3,2,44,2.3829113924050631,5.6586128821617963e-06,5.6586128821617963e-06,0,1,1239169.7629815834,860191.20407060534,9303277.3258006237,-0.30009672912497326,2.1582115638532485e-06,2.1582115638532485e-06,9.9488803227768725e-07,9.9488803227768725e-07
SG-006a,SG-006a,rectangular,default,E_x_3_2,exact,E_x,3,2,45,2.429113924050633,5.7683283510589572e-06,5.7683283510589572e-06,0,1,1225558.9495590739,848010.38114092848,9306198.1101004481,-0.26904126299639769,2.0070893625845514e-06,2.0070893625845514e-06,9.8479869543496953e-07,9.8479869543496953e-07
SG-006a,SG-006a,rectangular,default,E_x_3_2,exact,E_x,3,2,46,2.4753164556962024,5.8780438199561182e-06,5.8780438199561182e-06,0,1,1211865.310182878,836140.27264321246,9309065.018799888,-0.23854915303999399,1.8843982341378905e-06,1.8843982341378905e-06,9.7538872155126161e-07,9.7538872155126161e-07
SG-006a,SG-006a,rectangular,default,E_x_3_2,exact,E_x,3,2,47,2.5215189873417723,5.9877592888532792e-06,5.9877592888532792e-06,0,1,1198157.8648600942,824571.39562102221,9311870.8836732563,-0.20869720392575586,1.7827336877622799e-06,1.7827336877622799e-06,9.6659476640072224e-07,9.6659476640072224e-07
SG-006a,SG-006a,rectangular,default,E_x_3_2,exact,E_x,3,2,48,2.5677215189873417,6.0974747577504401e-06,6.0974747577504401e-06,0,1,1184489.9532777327,813294.40828726045,9314610.8542352449,-0.1795376307232853,1.6970731228940004e-06,1.6970731228940004e-06,9.5836101394181353e-07,9.5836101394181353e-07
SG-006a,SG-006a,rectangular,default,E_x_3_2,exact,E_x,3,2,49,2.6139240506329111,6.2071902266476003e-06,6.2071902266476003e-06,0,1,1170902.9975622068,802300.14610897214,9317281.8061738163,-0.15110431665465873,1.6238860769281968e-06,1.6238860769281968e-06,9.5063809549200234e-07,9.5063809549200234e-07
SG-006a,SG-006a,rectangular,default,E_x_3_2,exact,E_x,3,2,50,2.660126582278481,6.3169056955447621e-06,6.3169056955447621e-06,0,1,1157429.2266677441,791579.64889261452,9319881.9120479543,-0.12341735571274781,1.5606163521209385e-06,1.5606163521209385e-06,9.4338218959967701e-07,9.4338218959967701e-07
SG-006a,SG-006a,rectangular,default,E_x_3_2,exact,E_x,3,2,51,2.7063291139240504,6.4266211644419231e-06,6.4266211644419231e-06,0,1,1144093.6904897816,781124.18060167274,9322410.3241417725,-0.096486409906428636,1.5053662896931334e-06,1.5053662896931334e-06,9.3655426834482995e-07,9.3655426834482995e-07
SG-006a,SG-006a,rectangular,default,E_x_3_2,exact,E_x,3,2,52,2.7525316455696203,6.536336633339084e-06,6.536336633339084e-06,0,1,1130915.7754927133,770925.24331530882,9324866.9367324077,-0.070313227193810265,1.4566966380303387e-06,1.4566966380303387e-06,9.301194630318644e-07,9.301194630318644e-07
SG-006a,SG-006a,rectangular,default,E_x_3_2,exact,E_x,3,2,53,2.7987341772151897,6.646052102236245e-06,6.646052102236245e-06,0,1,1117910.3626693552,760974.58647411643,9327252.2057453375,-0.044893552845683908,1.4134954086090387e-06,1.4134954086090387e-06,9.2404652779556783e-07,9.2404652779556783e-07
SG-006a,SG-006a,rectangular,default,E_x_3_2,exact,E_x,3,2,54,2.8449367088607596,6.7557675711334068e-06,6.7557675711334068e-06,0,1,1105088.7238912713,751264.21233916702,9329567.0106061753,-0.020218594724892527,1.3748894390499422e-06,1.3748894390499422e-06,9.1830738394151138e-07,9.1830738394151138e-07
SG-006a,SG-006a,rectangular,default,E_x_3_2,exact,E_x,3,2,55,2.891139240506329,6.8654830400305669e-06,6.8654830400305669e-06,1,1,1092459.2236757474,741786.37842794531,9331812.5475809257,0.003723844406958048,1.3401832455112318e-06,1.3401832455112318e-06,9.1287673120639721e-07,9.1287673120639721e-07
SG-006a,SG-006a,rectangular,default,E_x_3_2,exact,E_x,3,2,56,2.9373417721518984,6.9751985089277271e-06,6.9751985089277271e-06,1,1,1080027.874068711,732533.59754397813,9333990.2469152045,0.026948486333534416,1.3088158028645183e-06,1.3088158028645183e-06,9.0773171475649006e-07,9.0773171475649006e-07
SG-006a,SG-006a,rectangular,default,E_x_3_2,exact,E_x,3,2,57,2.9835443037974683,7.0849139778248889e-06,7.0849139778248889e-06,1,1,1067798.7771945675,723498.63590205484,9336101.7081581708,0.049471889275991887,1.2803293942799547e-06,1.2803293942799547e-06,9.0285163882620237e-07,9.0285163882620237e-07
SG-006a,SG-006a,rectangular,default,E_x_3_2,exact,E_x,3,2,58,3.0297468354430377,7.1946294467220498e-06,7.1946294467220498e-06,1,1,1055774.4808967295,714674.50976836332,9338148.649511788,0.071311908293941267,1.2543467649371532e-06,1.2543467649371532e-06,8.9821771956168824e-07,8.9821771956168824e-07
SG-006a,SG-006a,rectangular,default,E_x_3_2,exact,E_x,3,2,59,3.0759493670886076,7.3043449156192108e-06,7.3043449156192108e-06,1,1,1043956.2664399815,706054.48094282066,9340132.8680862729,0.092487271239914834,1.2305541015882686e-06,1.2305541015882686e-06,8.9381287095038729e-07,8.9381287095038729e-07
SG-006a,SG-006a,rectangular,default,E_x_3_2,exact,E_x,3,2,60,3.122151898734177,7.4140603845163718e-06,7.4140603845163718e-06,1,1,1032344.3826103769,697632.05136695551,9342056.2086942401,0.11301724524703806,1.208688171619137e-06,1.208688171619137e-06,8.8962151879281632e-07,8.8962151879281632e-07
SG-006a,SG-006a,rectangular,default,E_x_3_2,exact,E_x,3,2,61,3.1683544303797468,7.5237758534135336e-06,7.5237758534135336e-06,1,1,1020938.2371746958,689400.95707272482,9343920.5393702965,0.13292137458163356,1.1885264794088939e-06,1.1885264794088939e-06,8.8562943852475597e-07,8.8562943852475597e-07
SG-006a,SG-006a,rectangular,default,E_x_3_2,exact,E_x,3,2,62,3.2145569620253163,7.6334913223106946e-06,7.6334913223106946e-06,1,1,1009736.5541608564,681355.16166131757,9345727.732213961,0.15221927503262261,1.169879643266308e-06,1.169879643266308e-06,8.818236134053371e-07,8.818236134053371e-07
SG-006a,SG-006a,rectangular,default,E_x_3_2,exact,E_x,3,2,63,3.2607594936708861,7.7432067912078555e-06,7.7432067912078555e-06,1,1,998737.503559581,673488.84945408045,9347479.648464011,0.17093047328537056,1.152585428307318e-06,1.152585428307318e-06,8.7819211015071605e-07,8.7819211015071605e-07
SG-006a,SG-006a,rectangular,default,E_x_3_2,exact,E_x,3,2,64,3.3069620253164556,7.8529222601050165e-06,7.8529222601050165e-06,1,1,987938.80863714963,665796.41843874403,9349178.1269471496,0.1890742822069279,1.1365040292448621e-06,1.1365040292448621e-06,8.7472396956540379e-07,8.7472396956540379e-07
SG-006a,SG-006a,rectangular,default,E_x_3_2,exact,E_x,3,2,65,3.353164556962025,7.9626377290021758e-06,7.9626377290021758e-06,1,1,977337.83496976714,658272.47310434887,9350824.9752251245,0.20666970488411474,1.1215143071837271e-06,1.1215143071837271e-06,8.7140911010519053e-07,8.7140911010519053e-07
SG-006a,SG-006a,rectangular,default,E_x_3_2,exact,E_x,3,2,66,3.3993670886075948,8.0723531978993384e-06,8.0723531978993384e-06,1,1,966931.66448269691,650911.81724639423,9352421.9629031923,0.22373536172180133,1.1075107621006701e-06,1.1075107621006701e-06,8.6823824262722962e-07,8.6823824262722962e-07
SG-006a,SG-006a,rectangular,default,E_x_3_2,exact,E_x,3,2,67,3.4455696202531643,8.1820686667964977e-06,8.1820686667964977e-06,1,1,956717.1571322442,643709.44679905614,9353970.8166721743,0.24028943606459219,1.0944010780853146e-06,1.0944010780853146e-06,8.6520279484293465e-07,8.6520279484293465e-07
SG-006a,SG-006a,rectangular,default,E_x_3_2,exact,E_x,3,2,68,3.4917721518987341,8.2917841356936604e-06,8.2917841356936604e-06,1,1,946691.00236000097,636660.54274607101,9355473.2167413719,0.25634963470394972,1.0821041184612244e-06,1.0821041184612244e-06,8.6229484421291097e-07,8.6229484421291097e-07
SG-006a,SG-006a,rectangular,default,E_x_3_2,exact,E_x,3,2,69,3.5379746835443036,8.4014996045908214e-06,8.4014996045908214e-06,1,1,936849.7620541018,629760.46414937917,9356930.7943864688,0.27193316034001097,1.0705482772011748e-06,1.0705482772011748e-06,8.5950705820615794e-07,8.5950705820615794e-07
SG-006a,SG-006a,rectangular,default,E_x_3_2,exact,E_x,3,2,70,3.5841772151898734,8.5112150734879823e-06,8.5112150734879823e-06,1,1,927189.90643099206,623004.74132186244,9358345.1303906944,0.28705669364042818,1.0596701146962285e-06,1.0596701146962285e-06,8.5683264099851412e-07,8.5683264099851412e-07
SG-006a,SG-006a,rectangular,default,E_x_3_2,exact,E_x,3,2,71,3.6303797468354428,8.6209305423851433e-06,8.6209305423851433e-06,1,1,917707.84400121844,616389.06916927849,9359717.7541991901,0.30173638297964744,1.0494132221093765e-06,1.0494132221093765e-06,8.5426528581775915e-07,8.5426528581775915e-07
SG-006a,SG-006a,rectangular,default,E_x_3_2,exact,E_x,3,2,72,3.6765822784810127,8.7306460112823043e-06,8.7306460112823043e-06,1,1,908399.94657491753,609909.30071629328,9361050.1436412949,0.31598784031050897,1.0397272707250287e-06,1.0397272707250287e-06,8.5179913225071039e-07,8.5179913225071039e-07
SG-006a,SG-006a,rectangular,default,E_x_3_2,exact,E_x,3,2,73,3.7227848101265821,8.8403614801794652e-06,8.8403614801794652e-06,1,1,899262.57010187418,603561.44082954037,9362343.7251022663,0.32982614190427423,1.0305672119757113e-06,1.0305672119757113e-06,8.4942872792178444e-07,8.4942872792178444e-07
SG-006a,SG-006a,rectangular,default,E_x_3_2,exact,E_x,3,2,74,3.7689873417721516,8.9500769490766245e-06,8.9500769490766245e-06,1,1,890292.07200342161,597341.640144028,9363599.8740485571,0.34326583293474183,1.0218926009269301e-06,1.0218926009269301e-06,8.4714899403043566e-07,8.4714899403043566e-07
SG-006a,SG-006a,rectangular,default,E_x_3_2,exact,E_x,3,2,75,3.8151898734177214,9.0597924179737872e-06,9.0597924179737872e-06,1,1,881484.82554590283,591246.18919845391,9364819.9158283286,0.35632093506886731,1.0136670214921281e-06,1.0136670214921281e-06,8.4495519430315918e-07,8.4495519430315918e-07
SG-006a,SG-006a,rectangular,default,E_x_3_2,exact,E_x,3,2,76,3.8613924050632908,9.1695078868709481e-06,9.1695078868709481e-06,1,1,872837.23171337205,585271.51278153691,9366005.1266837139,0.36900495638362824,1.0058575959197653e-06,1.0058575959197653e-06,8.428429069729121e-07,8.428429069729121e-07
SG-006a,SG-006a,rectangular,default,E_x_3_2,exact,E_x,3,2,77,3.9075949367088607,9.2792233557681091e-06,9.2792233557681091e-06,1,1,864345.72896878491,579414.16448876448,9367156.7349226885,0.38133090304969997,9.9843456444815016e-07,9.9843456444815016e-07,8.4080799944788219e-07,8.4080799944788219e-07
SG-006a,SG-006a,rectangular,default,E_x_3_2,exact,E_x,3,2,78,3.9537974683544301,9.3889388246652701e-06,9.3889388246652701e-06,1,1,856006.80122162215,573670.82148804981,9368275.9222089425,0.39331129233454609,9.9137092365597199e-07,9.9137092365597199e-07,8.3884660537416822e-07,8.3884660537416822e-07
SG-006a,SG-006a,rectangular,default,E_x_3_2,exact,E_x,3,2,79,4,9.498654293562431e-06,9.498654293562431e-06,1,1,847816.98428110359,568038.27949219313,9369363.8249349836,0.40495816655049943,9.8464211414456899e-07,9.8464211414456899e-07,8.3695510383362883e-07,8.3695510383362883e-07
SG-006a,SG-006a,rectangular,default,E_y_3_3,exact,E_y,3,3,0,0.34999999999999998,8.3113225068671265e-07,8.3113225068671265e-07,0,1,nan,nan,nan,nan,nan,nan,nan,nan
SG-006a,SG-006a,rectangular,default,E_y_3_3,exact,E_y,3,3,1,0.39620253164556962,9.4084771958387373e-07,9.4084771958387373e-07,0,1,nan,nan,nan,nan,nan,nan,nan,nan
SG-006a,SG-006a,rectangular,default,E_y_3_3,exact,E_y,3,3,2,0.44240506329113921,1.0505631884810347e-06,1.0505631884810347e-06,0,1,nan,nan,nan,nan,nan,nan,nan,nan
SG-006a,SG-006a,rectangular,default,E_y_3_3,exact,E_y,3,3,3,0.4886075949367088,1.1602786573781955e-06,1.1602786573781955e-06,0,1,nan,nan,nan,nan,nan,nan,nan,nan
SG-006a,SG-006a,rectangular,default,E_y_3_3,exact,E_y,3,3,4,0.53481012658227844,1.2699941262753566e-06,1.2699941262753566e-06,0,1,nan,nan,nan,nan,nan,nan,nan,nan
SG-006a,SG-006a,rectangular,default,E_y_3_3,exact,E_y,3,3,5,0.58101265822784809,1.3797095951725176e-06,1.3797095951725176e-06,0,1,nan,nan,nan,nan,nan,nan,nan,nan
SG-006a,SG-006a,rectangular,default,E_y_3_3,exact,E_y,3,3,6,0.62721518987341773,1.4894250640696788e-06,1.4894250640696788e-06,0,1,nan,nan,nan,nan,nan,nan,nan,nan
SG-006a,SG-006a,rectangular,default,E_y_3_3,exact,E_y,3,3,7,0.67341772151898727,1.5991405329668395e-06,1.5991405329668395e-06,0,1,nan,nan,nan,nan,nan,nan,nan,nan
SG-006a,SG-006a,rectangular,default,E_y_3_3,exact,E_y,3,3,8,0.71962025316455691,1.7088560018640005e-06,1.7088560018640005e-06,0,1,nan,nan,nan,nan,nan,nan,nan,nan
SG-006a,SG-006a,rectangular,default,E_y_3_3,exact,E_y,3,3,9,0.76582278481012656,1.8185714707611615e-06,1.8185714707611615e-06,0,1,nan,nan,nan,nan,nan,nan,nan,nan
SG-006a,SG-006a,rectangular,default,E_y_3_3,exact,E_y,3,3,10,0.81202531645569609,1.9282869396583225e-06,1.9282869396583225e-06,0,1,nan,nan,nan,nan,nan,nan,nan,nan
SG-006a,SG-006a,rectangular,default,E_y_3_3,exact,E_y,3,3,11,0.85822784810126573,2.0380024085554834e-06,2.0380024085554834e-06,0,1,nan,nan,nan,nan,nan,nan,nan,nan
SG-006a,SG-006a,rectangular,default,E_y_3_3,exact,E_y,3,3,12,0.90443037974683538,2.1477178774526444e-06,2.1477178774526444e-06,0,1,nan,nan,nan,nan,nan,nan,nan,nan
SG-006a,SG-006a,rectangular,default,E_y_3_3,exact,E_y,3,3,13,0.95063291139240502,2.2574333463498054e-06,2.2574333463498054e-06,0,1,nan,nan,nan,nan,nan,nan,nan,nan
SG-006a,SG-006a,rectangular,default,E_y_3_3,exact,E_y,3,3,14,0.99683544303797456,2.3671488152469663e-06,2.3671488152469663e-06,0,1,nan,nan,nan,nan,nan,nan,nan,nan
SG-006a,SG-006a,rectangular,default,E_y_3_3,exact,E_y,3,3,15,1.0430379746835441,2.4768642841441269e-06,2.4768642841441269e-06,0,1,nan,nan,nan,nan,nan,nan,nan,nan
SG-006a,SG-006a,rectangular,default,E_y_3_3,exact,E_y,3,3,16,1.089240506329114,2.5865797530412887e-06,2.5865797530412887e-06,0,1,nan,nan,nan,nan,nan,nan,nan,nan
SG-006a,SG-006a,rectangular,default,E_y_3_3,exact,E_y,3,3,17,1.1354430379746834,2.6962952219384492e-06,2.6962952219384492e-06,0,1,nan,nan,nan,nan,nan,nan,nan,nan
SG-006a,SG-006a,rectangular,default,E_y_3_3,exact,E_y,3,3,18,1.1816455696202532,2.8060106908356106e-06,2.8060106908356106e-06,0,1,nan,nan,nan,nan,nan,nan,nan,nan
SG-006a,SG-006a,rectangular,default,E_y_3_3,exact,E_y,3,3,19,1.2278481012658227,2.9157261597327712e-06,2.9157261597327712e-06,0,1,nan,nan,nan,nan,nan,nan,nan,nan
SG-006a,SG-006a,rectangular,default,E_y_3_3,exact,E_y,3,3,20,1.2740506329113923,3.0254416286299322e-06,3.0254416286299322e-06,0,1,nan,nan,nan,nan,nan,nan,nan,nan
SG-006a,SG-006a,rectangular,default,E_y_3_3,exact,E_y,3,3,21,1.320253164556962,3.1351570975270935e-06,3.1351570975270935e-06,0,1,nan,nan,nan,nan,nan,nan,nan,nan
SG-006a,SG-006a,rectangular,default,E_y_3_3,exact,E_y,3,3,22,1.3664556962025314,3.2448725664242541e-06,3.2448725664242541e-06,0,1,nan,nan,nan,nan,nan,nan,nan,nan
SG-006a,SG-006a,rectangular,default,E_y_3_3,exact,E_y,3,3,23,1.4126582278481012,3.3545880353214155e-06,3.3545880353214155e-06,0,1,nan,nan,nan,nan,nan,nan,nan,nan
SG-006a,SG-006a,rectangular,default,E_y_3_3,exact,E_y,3,3,24,1.4588607594936707,3.464303504218576e-06,3.464303504218576e-06,0,1,nan,nan,nan,nan,nan,nan,nan,nan
SG-006a,SG-006a,rectangular,default,E_y_3_3,exact,E_y,3,3,25,1.5050632911392405,3.5740189731157374e-06,3.5740189731157374e-06,0,1,nan,nan,nan,nan,nan,nan,nan,nan
SG-006a,SG-006a,rectangular,default,E_y_3_3,exact,E_y,3,3,26,1.55126582278481,3.683734442012898e-06,3.683734442012898e-06,0,1,nan,nan,nan,nan,nan,nan,nan,nan
SG-006a,SG-006a,rectangular,default,E_y_3_3,exact,E_y,3,3,27,1.5974683544303798,3.7934499109100598e-06,3.7934499109100598e-06,0,1,nan,nan,nan,nan,nan,nan,nan,nan
SG-006a,SG-006a,rectangular,default,E_y_3_3,exact,E_y,3,3,28,1.6436708860759492,3.9031653798072199e-06,3.9031653798072199e-06,0,1,nan,nan,nan,nan,nan,nan,nan,nan
SG-006a,SG-006a,rectangular,default,E_y_3_3,exact,E_y,3,3,29,1.6898734177215187,4.0128808487043809e-06,4.0128808487043809e-06,0,1,nan,nan,nan,nan,nan,nan,nan,nan
SG-006a,SG-006a,rectangular,default,E_y_3_3,exact,E_y,3,3,30,1.7360759493670885,4.1225963176015427e-06,4.1225963176015427e-06,0,1,nan,nan,nan,nan,nan,nan,nan,nan
SG-006a,SG-006a,rectangular,default,E_y_3_3,exact,E_y,3,3,31,1.782278481012658,4.2323117864987028e-06,4.2323117864987028e-06,0,1,nan,nan,nan,nan,nan,nan,nan,nan
SG-006a,SG-006a,rectangular,default,E_y_3_3,exact,E_y,3,3,32,1.8284810126582278,4.3420272553958646e-06,4.3420272553958646e-06,0,1,nan,nan,nan,nan,nan,nan,nan,nan
SG-006a,SG-006a,rectangular,default,E_y_3_3,exact,E_y,3,3,33,1.8746835443037972,4.4517427242930248e-06,4.4517427242930248e-06,0,1,nan,nan,nan,nan,nan,nan,nan,nan
SG-006a,SG-006a,rectangular,default,E_y_3_3,exact,E_y,3,3,34,1.9208860759493671,4.5614581931901866e-06,4.5614581931901866e-06,0,1,nan,nan,nan,nan,nan,nan,nan,nan
SG-006a,SG-006a,rectangular,default,E_y_3_3,exact,E_y,3,3,35,1.9670886075949365,4.6711736620873467e-06,4.6711736620873467e-06,0,1,nan,nan,nan,nan,nan,nan,nan,nan
SG-006a,SG-006a,rectangular,default,E_y_3_3,exact,E_y,3,3,36,2.0132911392405064,4.7808891309845085e-06,4.7808891309845085e-06,0,1,1322692.5378946527,1322702.4861453606,9237282.1865063179,-0.99919659886065293,3.7365815496971294e-05,3.7365815496971294e-05,3.8071816526046194e-05,3.8071816526046194e-05
SG-006a,SG-006a,rectangular,default,E_y_3_3,exact,E_y,3,3,37,2.0594936708860758,4.8906045998816695e-06,4.8906045998816695e-06,0,1,1318467.9527798495,1318606.8467717827,9238471.6187767424,-0.98664074307069494,9.1770022681554515e-06,9.1770022681554515e-06,9.3219030472856375e-06,9.3219030472856375e-06
SG-006a,SG-006a,rectangular,default,E_y_3_3,exact,E_y,3,3,38,2.1056962025316452,5.0003200687788296e-06,5.0003200687788296e-06,0,1,1310810.9995954661,1311137.8498931224,9240623.9871407729,-0.96391585526385559,5.5896196753760192e-06,5.5896196753760192e-06,5.6659892039324939e-06,5.6659892039324939e-06
SG-006a,SG-006a,rectangular,default,E_y_3_3,exact,E_y,3,3,39,2.1518987341772151,5.1100355376759914e-06,5.1100355376759914e-06,0,1,1300997.7407022058,1301523.0341706974,9243369.6388284247,-0.93491934808799593,4.1653414846632589e-06,4.1653414846632589e-06,4.2156369830530809e-06,4.2156369830530809e-06
SG-006a,SG-006a,rectangular,default,E_y_3_3,exact,E_y,3,3,40,2.1981012658227845,5.2197510065731515e-06,5.2197510065731515e-06,0,1,1289758.984816018,1290475.2254903475,9246493.1224376224,-0.90192212793929982,3.3951299446579969e-06,3.3951299446579969e-06,3.4318805646933066e-06,3.4318805646933066e-06
SG-006a,SG-006a,rectangular,default,E_y_3_3,exact,E_y,3,3,41,2.2443037974683544,5.3294664754703134e-06,5.3294664754703134e-06,0,1,1277556.6127363546,1278449.3389604171,9249857.0799104534,-0.86637201607089631,2.9101154046799598e-06,2.9101154046799598e-06,2.9386473588485908e-06,2.9386473588485908e-06
SG-006a,SG-006a,rectangular,default,E_y_3_3,exact,E_y,3,3,42,2.2905063291139238,5.4391819443674735e-06,5.4391819443674735e-06,0,1,1264701.6452639634,1265754.0251778718,9253368.9057562649,-0.82924544341619777,2.5754595768403745e-06,2.5754595768403745e-06,2.5985114400757173e-06,2.5985114400757173e-06
SG-006a,SG-006a,rectangular,default,E_y_3_3,exact,E_y,3,3,43,2.3367088607594937,5.5488974132646353e-06,5.5488974132646353e-06,0,1,1251412.8197327866,1252607.7229881031,9256963.8357683606,-0.79122570707929152,2.3300104064702435e-06,2.3300104064702435e-06,2.3491681762696543e-06,2.3491681762696543e-06
SG-006a,SG-006a,rectangular,default,E_y_3_3,exact,E_y,3,3,44,2.3829113924050631,5.6586128821617963e-06,5.6586128821617963e-06,0,1,1237848.8067169734,1239169.7629815834,9260595.4581779353,-0.75280291978352287,2.1419508400928572e-06,2.1419508400928572e-06,2.1582115638532485e-06,2.1582115638532485e-06
SG-006a,SG-006a,rectangular,default,E_y_3_3,exact,E_y,3,3,45,2.429113924050633,5.7683283510589572e-06,5.7683283510589572e-06,0,1,1224127.3221639385,1225558.9495590739,9264229.9825777039,-0.71433434040215249,1.9930599844686004e-06,1.9930599844686004e-06,2.0070893625845514e-06,2.0070893625845514e-06
SG-006a,SG-006a,rectangular,default,E_y_3_3,exact,E_y,3,3,46,2.4753164556962024,5.8780438199561182e-06,5.8780438199561182e-06,0,1,1210337.1414991161,1211865.310182878,9267842.5797856208,-0.67608288453270071,1.8721347432569398e-06,1.8721347432569398e-06,1.8843982341378905e-06,1.8843982341378905e-06
SG-006a,SG-006a,rectangular,default,E_y_3_3,exact,E_y,3,3,47,2.5215189873417723,5.9877592888532792e-06,5.9877592888532792e-06,0,1,1196546.0045997663,1198157.8648600942,9271414.9405338615,-0.63824280145277223,1.7718985317221763e-06,1.7718985317221763e-06,1.7827336877622799e-06,1.7827336877622799e-06
SG-006a,SG-006a,rectangular,default,E_y_3_3,exact,E_y,3,3,48,2.5677215189873417,6.0974747577504401e-06,6.0974747577504401e-06,0,1,1182806.012000347,1184489.9532777327,9274933.5899705607,-0.60095739751302424,1.687414146646605e-06,1.687414146646605e-06,1.6970731228940004e-06,1.6970731228940004e-06
SG-006a,SG-006a,rectangular,default,E_y_3_3,exact,E_y,3,3,49,2.6139240506329111,6.2071902266476003e-06,6.2071902266476003e-06,0,1,1169157.4213756328,1170902.9975622068,9278388.6911546439,-0.56433161651143304,1.6152102425436472e-06,1.6152102425436472e-06,1.6238860769281968e-06,1.6238860769281968e-06
SG-006a,SG-006a,rectangular,default,E_y_3_3,exact,E_y,3,3,50,2.660126582278481,6.3169056955447621e-06,6.3169056955447621e-06,0,1,1155631.3864206474,1157429.2266677441,9281773.1761651598,-0.52844117591795914,1.5527727990444661e-06,1.5527727990444661e-06,1.5606163521209385e-06,1.5606163521209385e-06
SG-006a,SG-006a,rectangular,default,E_y_3_3,exact,E_y,3,3,51,2.7063291139240504,6.4266211644419231e-06,6.4266211644419231e-06,0,1,1142251.9749094513,1144093.6904897816,9285082.103191182,-0.49333932825736193,1.4982350270460227e-06,1.4982350270460227e-06,1.5053662896931334e-06,1.5053662896931334e-06
SG-006a,SG-006a,rectangular,default,E_y_3_3,exact,E_y,3,3,52,2.7525316455696203,6.536336633339084e-06,6.536336633339084e-06,0,1,1129037.6825455655,1130915.7754927133,9288312.1733681038,-0.45906194413570572,1.4501807685046461e-06,1.4501807685046461e-06,1.4566966380303387e-06,1.4566966380303387e-06
SG-006a,SG-006a,rectangular,default,E_y_3_3,exact,E_y,3,3,53,2.7987341772151897,6.646052102236245e-06,6.646052102236245e-06,0,1,1116002.5861504935,1117910.3626693552,9291461.3629152086,-0.4256313840450166,1.4075156421689552e-06,1.4075156421689552e-06,1.4134954086090387e-06,1.4134954086090387e-06
SG-006a,SG-006a,rectangular,default,E_y_3_3,exact,E_y,3,3,54,2.8449367088607596,6.7557675711334068e-06,6.7557675711334068e-06,0,1,1103157.2338202703,1105088.7238912713,9294528.6399904452,-0.39305948025968684,1.3693801348564453e-06,1.3693801348564453e-06,1.3748894390499422e-06,1.3748894390499422e-06
SG-006a,SG-006a,rectangular,default,E_y_3_3,exact,E_y,3,3,55,2.891139240506329,6.8654830400305669e-06,6.8654830400305669e-06,0,1,1090509.3399706129,1092459.2236757474,9297513.7447517067,-0.36134985473469694,1.3350894998578229e-06,1.3350894998578229e-06,1.3401832455112318e-06,1.3401832455112318e-06
SG-006a,SG-006a,rectangular,default,E_y_3_3,exact,E_y,3,3,56,2.9373417721518984,6.9751985089277271e-06,6.9751985089277271e-06,0,1,1078064.3334862676,1080027.874068711,9300417.0172043201,-0.33049973490881907,1.3040912691895193e-06,1.3040912691895193e-06,1.3088158028645183e-06,1.3088158028645183e-06
SG-006a,SG-006a,rectangular,default,E_y_3_3,exact,E_y,3,3,57,2.9835443037974683,7.0849139778248889e-06,7.0849139778248889e-06,0,1,1065825.7938047028,1067798.7771945675,9303239.2615952119,-0.3005013853987924,1.2759346257596099e-06,1.2759346257596099e-06,1.2803293942799547e-06,1.2803293942799547e-06
SG-006a,SG-006a,rectangular,default,E_y_3_3,exact,E_y,3,3,58,3.0297468354430377,7.1946294467220498e-06,7.1946294467220498e-06,0,1,1053795.8005062072,1055774.4808967295,9305981.6390387844,-0.27134324286107958,1.2502479367689555e-06,1.2502479367689555e-06,1.2543467649371532e-06,1.2543467649371532e-06
SG-006a,SG-006a,rectangular,default,E_y_3_3,exact,E_y,3,3,59,3.0759493670886076,7.3043449156192108e-06,7.3043449156192108e-06,0,1,1041975.2154430444,1043956.2664399815,9308645.5821439121,-0.24301081941874866,1.2267220135583355e-06,1.2267220135583355e-06,1.2305541015882686e-06,1.2305541015882686e-06
SG-006a,SG-006a,rectangular,default,E_y_3_3,exact,E_y,3,3,60,3.122151898734177,7.4140603845163718e-06,7.4140603845163718e-06,0,1,1030363.9117656469,1032344.3826103769,9311232.7269179597,-0.21548742424225217,1.2050974605777402e-06,1.2050974605777402e-06,1.208688171619137e-06,1.208688171619137e-06
SG-006a,SG-006a,rectangular,default,E_y_3_3,exact,E_y,3,3,61,3.1683544303797468,7.5237758534135336e-06,7.5237758534135336e-06,0,1,1018960.9607905524,1020938.2371746958,9313744.8583297413,-0.18875474126908118,1.1851549910045611e-06,1.1851549910045611e-06,1.1885264794088939e-06,1.1885264794088939e-06
SG-006a,SG-006a,rectangular,default,E_y_3_3,exact,E_y,3,3,62,3.2145569620253163,7.6334913223106946e-06,7.6334913223106946e-06,0,1,1007764.7851516355,1009736.5541608564,9316183.8667344861,-0.16279329243346657,1.1667079259687565e-06,1.1667079259687565e-06,1.169879643266308e-06,1.169879643266308e-06
SG-006a,SG-006a,rectangular,default,E_y_3_3,exact,E_y,3,3,63,3.2607594936708861,7.7432067912078555e-06,7.7432067912078555e-06,0,1,996773.28479944356,998737.503559581,9318551.712980831,-0.137582809306006,1.1495963223600017e-06,1.1495963223600017e-06,1.152585428307318e-06,1.152585428307318e-06
SG-006a,SG-006a,rectangular,default,E_y_3_3,exact,E_y,3,3,64,3.3069620253164556,7.8529222601050165e-06,7.8529222601050165e-06,0,1,985983.94099935587,987938.80863714963,9320850.4004883729,-0.11310253112869055,1.1336823300491119e-06,1.1336823300491119e-06,1.1365040292448621e-06,1.1365040292448621e-06
SG-006a,SG-006a,rectangular,default,E_y_3_3,exact,E_y,3,3,65,3.353164556962025,7.9626377290021758e-06,7.9626377290021758e-06,0,1,975393.90240796655,977337.83496976714,9323081.9529427197,-0.0893314434713499,1.1188464875934115e-06,1.1188464875934115e-06,1.1215143071837271e-06,1.1215143071837271e-06
SG-006a,SG-006a,rectangular,default,E_y_3_3,exact,E_y,3,3,66,3.3993670886075948,8.0723531978993384e-06,8.0723531978993384e-06,0,1,965000.05647158157,966931.66448269691,9325248.3965326529,-0.066248468822195261,1.1049847417397618e-06,1.1049847417397618e-06,1.1075107621006701e-06,1.1075107621006701e-06
SG-006a,SG-006a,rectangular,default,E_y_3_3,exact,E_y,3,3,67,3.4455696202531643,8.1820686667964977e-06,8.1820686667964977e-06,0,1,954799.08875258523,956717.1571322442,9327351.7458692584,-0.043832618166645521,1.0920060305005227e-06,1.0920060305005227e-06,1.0944010780853146e-06,1.0944010780853146e-06
SG-006a,SG-006a,rectangular,default,E_y_3_3,exact,E_y,3,3,68,3.4917721518987341,8.2917841356936604e-06,8.2917841356936604e-06,0,1,944787.53228450101,946691.00236000097,9329393.9928965718,-0.022063110827294306,1.0798303089457708e-06,1.0798303089457708e-06,1.0821041184612244e-06,1.0821041184612244e-06
SG-006a,SG-006a,rectangular,default,E_y_3_3,exact,E_y,3,3,69,3.5379746835443036,8.4014996045908214e-06,8.4014996045908214e-06,0,1,934961.80866057472,936849.7620541018,9331377.0982363354,-0.00091946844110619627,1.0683869256523586e-06,1.0683869256523586e-06,1.0705482772011748e-06,1.0705482772011748e-06
SG-006a,SG-006a,rectangular,default,E_y_3_3,exact,E_y,3,3,70,3.5841772151898734,8.5112150734879823e-06,8.5112150734879823e-06,1,1,925318.26224561059,927189.90643099206,9333302.9845157992,0.019618412167324257,1.0576132790394275e-06,1.0576132790394275e-06,1.0596701146962285e-06,1.0596701146962285e-06
SG-006a,SG-006a,rectangular,default,E_y_3_3,exact,E_y,3,3,71,3.6303797468354428,8.6209305423851433e-06,8.6209305423851433e-06,1,1,915853.18865186838,917707.84400121844,9335173.5313115157,0.039570203340285298,1.0474536987207538e-06,1.0474536987207538e-06,1.0494132221093765e-06,1.0494132221093765e-06
SG-006a,SG-006a,rectangular,default,E_y_3_3,exact,E_y,3,3,72,3.6765822784810127,8.7306460112823043e-06,8.7306460112823043e-06,1,1,906562.85841528035,908399.94657491753,9336990.5714105163,0.058955105012891702,1.0378585089849186e-06,1.0378585089849186e-06,1.0397272707250287e-06,1.0397272707250287e-06
SG-006a,SG-006a,rectangular,default,E_y_3_3,exact,E_y,3,3,73,3.7227848101265821,8.8403614801794652e-06,8.8403614801794652e-06,1,1,897443.53664807975,899262.57010187418,9338755.888144128,0.077791814620659663,1.0287832406307043e-06,1.0287832406307043e-06,1.0305672119757113e-06,1.0305672119757113e-06
SG-006a,SG-006a,rectangular,default,E_y_3_3,exact,E_y,3,3,74,3.7689873417721516,8.9500769490766245e-06,8.9500769490766245e-06,1,1,888491.49930884712,890292.07200342161,9340471.2135945279,0.096098506371189565,1.0201879643697074e-06,1.0201879643697074e-06,1.0218926009269301e-06,1.0218926009269301e-06
SG-006a,SG-006a,rectangular,default,E_y_3_3,exact,E_y,3,3,75,3.8151898734177214,9.0597924179737872e-06,9.0597924179737872e-06,1,1,879703.04662828217,881484.82554590283,9342138.2275092416,0.113892818132117,1.012036724413005e-06,1.012036724413005e-06,1.0136670214921281e-06,1.0136670214921281e-06
SG-006a,SG-006a,rectangular,default,E_y_3_3,exact,E_y,3,3,76,3.8613924050632908,9.1695078868709481e-06,9.1695078868709481e-06,1,1,871074.51413347945,872837.23171337205,9343758.5567889288,0.13119184450521748,1.0042970550547722e-06,1.0042970550547722e-06,1.0058575959197653e-06,1.0058575959197653e-06
SG-006a,SG-006a,rectangular,default,E_y_3_3,exact,E_y,3,3,77,3.9075949367088607,9.2792233557681091e-06,9.2792233557681091e-06,1,1,862602.28164807358,864345.72896878491,9345333.7754364461,0.14801213489561746,9.9693956636762256e-07,9.9693956636762256e-07,9.9843456444815016e-07,9.9843456444815016e-07
SG-006a,SG-006a,rectangular,default,E_y_3_3,exact,E_y,3,3,78,3.9537974683544301,9.3889388246652701e-06,9.3889388246652701e-06,1,1,854282.78058019257,856006.80122162215,9346865.4048761595,0.16436969560656173,9.8993758771865146e-07,9.8993758771865146e-07,9.9137092365597199e-07,9.9137092365597199e-07
SG-006a,SG-006a,rectangular,default,E_y_3_3,exact,E_y,3,3,79,4,9.498654293562431e-06,9.498654293562431e-06,1,1,846112.49976533349,847816.98428110359,9348354.9145670347,0.18027999514399637,9.8326685988333501e-07,9.8326685988333501e-07,9.8464211414456899e-07,9.8464211414456899e-07
SG-006a,SG-006a,rectangular,default,E_x_3_3,exact,E_x,3,3,0,0.34999999999999998,8.3113225068671265e-07,8.3113225068671265e-07,0,1,nan,nan,nan,nan,nan,nan,nan,nan
SG-006a,SG-006a,rectangular,default,E_x_3_3,exact,E_x,3,3,1,0.39620253164556962,9.4084771958387373e-07,9.4084771958387373e-07,0,1,nan,nan,nan,nan,nan,nan,nan,nan
SG-006a,SG-006a,rectangular,default,E_x_3_3,exact,E_x,3,3,2,0.44240506329113921,1.0505631884810347e-06,1.0505631884810347e-06,0,1,nan,nan,nan,nan,nan,nan,nan,nan
SG-006a,SG-006a,rectangular,default,E_x_3_3,exact,E_x,3,3,3,0.4886075949367088,1.1602786573781955e-06,1.1602786573781955e-06,0,1,nan,nan,nan,nan,nan,nan,nan,nan
SG-006a,SG-006a,rectangular,default,E_x_3_3,exact,E_x,3,3,4,0.53481012658227844,1.2699941262753566e-06,1.2699941262753566e-06,0,1,nan,nan,nan,nan,nan,nan,nan,nan
SG-006a,SG-006a,rectangular,default,E_x_3_3,exact,E_x,3,3,5,0.58101265822784809,1.3797095951725176e-06,1.3797095951725176e-06,0,1,nan,nan,nan,nan,nan,nan,nan,nan
SG-006a,SG-006a,rectangular,default,E_x_3_3,exact,E_x,3,3,6,0.62721518987341773,1.4894250640696788e-06,1.4894250640696788e-06,0,1,nan,nan,nan,nan,nan,nan,nan,nan
SG-006a,SG-006a,rectangular,default,E_x_3_3,exact,E_x,3,3,7,0.67341772151898727,1.5991405329668395e-06,1.5991405329668395e-06,0,1,nan,nan,nan,nan,nan,nan,nan,nan
SG-006a,SG-006a,rectangular,default,E_x_3_3,exact,E_x,3,3,8,0.71962025316455691,1.7088560018640005e-06,1.7088560018640005e-06,0,1,nan,nan,nan,nan,nan,nan,nan,nan
SG-006a,SG-006a,rectangular,default,E_x_3_3,exact,E_x,3,3,9,0.76582278481012656,1.8185714707611615e-06,1.8185714707611615e-06,0,1,nan,nan,nan,nan,nan,nan,nan,nan
SG-006a,SG-006a,rectangular,default,E_x_3_3,exact,E_x,3,3,10,0.81202531645569609,1.9282869396583225e-06,1.9282869396583225e-06,0,1,nan,nan,nan,nan,nan,nan,nan,nan
SG-006a,SG-006a,rectangular,default,E_x_3_3,exact,E_x,3,3,11,0.85822784810126573,2.0380024085554834e-06,2.0380024085554834e-06,0,1,nan,nan,nan,nan,nan,nan,nan,nan
SG-006a,SG-006a,rectangular,default,E_x_3_3,exact,E_x,3,3,12,0.90443037974683538,2.1477178774526444e-06,2.1477178774526444e-06,0,1,nan,nan,nan,nan,nan,nan,nan,nan
SG-006a,SG-006a,rectangular,default,E_x_3_3,exact,E_x,3,3,13,0.95063291139240502,2.2574333463498054e-06,2.2574333463498054e-06,0,1,nan,nan,nan,nan,nan,nan,nan,nan
SG-006a,SG-006a,rectangular,default,E_x_3_3,exact,E_x,3,3,14,0.99683544303797456,2.3671488152469663e-06,2.3671488152469663e-06,0,1,nan,nan,nan,nan,nan,nan,nan,nan
SG-006a,SG-006a,rectangular,default,E_x_3_3,exact,E_x,3,3,15,1.0430379746835441,2.4768642841441269e-06,2.4768642841441269e-06,0,1,nan,nan,nan,nan,nan,nan,nan,nan
SG-006a,SG-006a,rectangular,default,E_x_3_3,exact,E_x,3,3,16,1.089240506329114,2.5865797530412887e-06,2.5865797530412887e-06,0,1,nan,nan,nan,nan,nan,nan,nan,nan
SG-006a,SG-006a,rectangular,default,E_x_3_3,exact,E_x,3,3,17,1.1354430379746834,2.6962952219384492e-06,2.6962952219384492e-06,0,1,nan,nan,nan,nan,nan,nan,nan,nan
SG-006a,SG-006a,rectangular,default,E_x_3_3,exact,E_x,3,3,18,1.1816455696202532,2.8060106908356106e-06,2.8060106908356106e-06,0,1,nan,nan,nan,nan,nan,nan,nan,nan
SG-006a,SG-006a,rectangular,default,E_x_3_3,exact,E_x,3,3,19,1.2278481012658227,2.9157261597327712e-06,2.9157261597327712e-06,0,1,nan,nan,nan,nan,nan,nan,nan,nan
SG-006a,SG-006a,rectangular,default,E_x_3_3,exact,E_x,3,3,20,1.2740506329113923,3.0254416286299322e-06,3.0254416286299322e-06,0,1,nan,nan,nan,nan,nan,nan,nan,nan
SG-006a,SG-006a,rectangular,default,E_x_3_3,exact,E_x,3,3,21,1.320253164556962,3.1351570975270935e-06,3.1351570975270935e-06,0,1,nan,nan,nan,nan,nan,nan,nan,nan
SG-006a,SG-006a,rectangular,default,E_x_3_3,exact,E_x,3,3,22,1.3664556962025314,3.2448725664242541e-06,3.2448725664242541e-06,0,1,nan,nan,nan,nan,nan,nan,nan,nan
SG-006a,SG-006a,rectangular,default,E_x_3_3,exact,E_x,3,3,23,1.4126582278481012,3.3545880353214155e-06,3.3545880353214155e-06,0,1,nan,nan,nan,nan,nan,nan,nan,nan
SG-006a,SG-006a,rectangular,default,E_x_3_3,exact,E_x,3,3,24,1.4588607594936707,3.464303504218576e-06,3.464303504218576e-06,0,1,nan,nan,nan,nan,nan,nan,nan,nan
SG-006a,SG-006a,rectangular,default,E_x_3_3,exact,E_x,3,3,25,1.5050632911392405,3.5740189731157374e-06,3.5740189731157374e-06,0,1,nan,nan,nan,nan,nan,nan,nan,nan
SG-006a,SG-006a,rectangular,default,E_x_3_3,exact,E_x,3,3,26,1.55126582278481,3.683734442012898e-06,3.683734442012898e-06,0,1,nan,nan,nan,nan,nan,nan,nan,nan
SG-006a,SG-006a,rectangular,default,E_x_3_3,exact,E_x,3,3,27,1.5974683544303798,3.7934499109100598e-06,3.7934499109100598e-06,0,1,nan,nan,nan,nan,nan,nan,nan,nan
SG-006a,SG-006a,rectangular,default,E_x_3_3,exact,E_x,3,3,28,1.6436708860759492,3.9031653798072199e-06,3.9031653798072199e-06,0,1,nan,nan,nan,nan,nan,nan,nan,nan
SG-006a,SG-006a,rectangular,default,E_x_3_3,exact,E_x,3,3,29,1.6898734177215187,4.0128808487043809e-06,4.0128808487043809e-06,0,1,nan,nan,nan,nan,nan,nan,nan,nan
SG-006a,SG-006a,rectangular,default,E_x_3_3,exact,E_x,3,3,30,1.7360759493670885,4.1225963176015427e-06,4.1225963176015427e-06,0,1,nan,nan,nan,nan,nan,nan,nan,nan
SG-006a,SG-006a,rectangular,default,E_x_3_3,exact,E_x,3,3,31,1.782278481012658,4.2323117864987028e-06,4.2323117864987028e-06,0,1,nan,nan,nan,nan,nan,nan,nan,nan
SG-006a,SG-006a,rectangular,default,E_x_3_3,exact,E_x,3,3,32,1.8284810126582278,4.3420272553958646e-06,4.3420272553958646e-06,0,1,nan,nan,nan,nan,nan,nan,nan,nan
SG-006a,SG-006a,rectangular,default,E_x_3_3,exact,E_x,3,3,33,1.8746835443037972,4.4517427242930248e-06,4.4517427242930248e-06,0,1,nan,nan,nan,nan,nan,nan,nan,nan
SG-006a,SG-006a,rectangular,default,E_x_3_3,exact,E_x,3,3,34,1.9208860759493671,4.5614581931901866e-06,4.5614581931901866e-06,0,1,nan,nan,nan,nan,nan,nan,nan,nan
SG-006a,SG-006a,rectangular,default,E_x_3_3,exact,E_x,3,3,35,1.9670886075949365,4.6711736620873467e-06,4.6711736620873467e-06,0,1,nan,nan,nan,nan,nan,nan,nan,nan
SG-006a,SG-006a,rectangular,default,E_x_3_3,exact,E_x,3,3,36,2.0132911392405064,4.7808891309845085e-06,4.7808891309845085e-06,0,1,1322702.4861453606,1322692.5378946527,9237282.1865063179,-0.99919659886065293,3.8071816526046194e-05,3.8071816526046194e-05,3.7365815496971294e-05,3.7365815496971294e-05
SG-006a,SG-006a,rectangular,default,E_x_3_3,exact,E_x,3,3,37,2.0594936708860758,4.8906045998816695e-06,4.8906045998816695e-06,0,1,1318606.8467717827,1318467.9527798495,9238471.6187767424,-0.98664074307069494,9.3219030472856375e-06,9.3219030472856375e-06,9.1770022681554515e-06,9.1770022681554515e-06
SG-006a,SG-006a,rectangular,default,E_x_3_3,exact,E_x,3,3,38,2.1056962025316452,5.0003200687788296e-06,5.0003200687788296e-06,0,1,1311137.8498931224,1310810.9995954661,9240623.9871407729,-0.96391585526385559,5.6659892039324939e-06,5.6659892039324939e-06,5.5896196753760192e-06,5.5896196753760192e-06
SG-006a,SG-006a,rectangular,default,E_x_3_3,exact,E_x,3,3,39,2.1518987341772151,5.1100355376759914e-06,5.1100355376759914e-06,0,1,1301523.0341706974,1300997.7407022058,9243369.6388284247,-0.93491934808799593,4.2156369830530809e-06,4.2156369830530809e-06,4.1653414846632589e-06,4.1653414846632589e-06
SG-006a,SG-006a,rectangular,default,E_x_3_3,exact,E_x,3,3,40,2.1981012658227845,5.2197510065731515e-06,5.2197510065731515e-06,0,1,1290475.2254903475,1289758.984816018,9246493.1224376224,-0.90192212793929982,3.4318805646933066e-06,3.4318805646933066e-06,3.3951299446579969e-06,3.3951299446579969e-06
SG-006a,SG-006a,rectangular,default,E_x_3_3,exact,E_x,3,3,41,2.2443037974683544,5.3294664754703134e-06,5.3294664754703134e-06,0,1,1278449.3389604171,1277556.6127363546,9249857.0799104534,-0.86637201607089631,2.9386473588485908e-06,2.9386473588485908e-06,2.9101154046799598e-06,2.9101154046799598e-06
SG-006a,SG-006a,rectangular,default,E_x_3_3,exact,E_x,3,3,42,2.2905063291139238,5.4391819443674735e-06,5.4391819443674735e-06,0,1,1265754.0251778718,1264701.6452639634,9253368.9057562649,-0.82924544341619777,2.5985114400757173e-06,2.5985114400757173e-06,2.5754595768403745e-06,2.5754595768403745e-06
SG-006a,SG-006a,rectangular,default,E_x_3_3,exact,E_x,3,3,43,2.3367088607594937,5.5488974132646353e-06,5.5488974132646353e-06,0,1,1252607.7229881031,1251412.8197327866,9256963.8357683606,-0.79122570707929152,2.3491681762696543e-06,2.3491681762696543e-06,2.3300104064702435e-06,2.3300104064702435e-06
SG-006a,SG-006a,rectangular,default,E_x_3_3,exact,E_x,3,3,44,2.3829113924050631,5.6586128821617963e-06,5.6586128821617963e-06,0,1,1239169.7629815834,1237848.8067169734,9260595.4581779353,-0.75280291978352287,2.1582115638532485e-06,2.1582115638532485e-06,2.1419508400928572e-06,2.1419508400928572e-06
SG-006a,SG-006a,rectangular,default,E_x_3_3,exact,E_x,3,3,45,2.429113924050633,5.7683283510589572e-06,5.7683283510589572e-06,0,1,1225558.9495590739,1224127.3221639385,9264229.9825777039,-0.71433434040215249,2.0070893625845514e-06,2.0070893625845514e-06,1.9930599844686004e-06,1.9930599844686004e-06
SG-006a,SG-006a,rectangular,default,E_x_3_3,exact,E_x,3,3,46,2.4753164556962024,5.8780438199561182e-06,5.8780438199561182e-06,0,1,1211865.310182878,1210337.1414991161,9267842.5797856208,-0.67608288453270071,1.8843982341378905e-06,1.8843982341378905e-06,1.8721347432569398e-06,1.8721347432569398e-06
SG-006a,SG-006a,rectangular,default,E_x_3_3,exact,E_x,3,3,47,2.5215189873417723,5.9877592888532792e-06,5.9877592888532792e-06,0,1,1198157.8648600942,1196546.0045997663,9271414.9405338615,-0.63824280145277223,1.7827336877622799e-06,1.7827336877622799e-06,1.7718985317221763e-06,1.7718985317221763e-06
SG-006a,SG-006a,rectangular,default,E_x_3_3,exact,E_x,3,3,48,2.5677215189873417,6.0974747577504401e-06,6.0974747577504401e-06,0,1,1184489.9532777327,1182806.012000347,9274933.5899705607,-0.60095739751302424,1.6970731228940004e-06,1.6970731228940004e-06,1.687414146646605e-06,1.687414146646605e-06
SG-006a,SG-006a,rectangular,default,E_x_3_3,exact,E_x,3,3,49,2.6139240506329111,6.2071902266476003e-06,6.2071902266476003e-06,0,1,1170902.9975622068,1169157.4213756328,9278388.6911546439,-0.56433161651143304,1.6238860769281968e-06,1.6238860769281968e-06,1.6152102425436472e-06,1.6152102425436472e-06
SG-006a,SG-006a,rectangular,default,E_x_3_3,exact,E_x,3,3,50,2.660126582278481,6.3169056955447621e-06,6.3169056955447621e-06,0,1,1157429.2266677441,1155631.3864206474,9281773.1761651598,-0.52844117591795914,1.5606163521209385e-06,1.5606163521209385e-06,1.5527727990444661e-06,1.5527727990444661e-06
SG-006a,SG-006a,rectangular,default,E_x_3_3,exact,E_x,3,3,51,2.7063291139240504,6.4266211644419231e-06,6.4266211644419231e-06,0,1,1144093.6904897816,1142251.9749094513,9285082.103191182,-0.49333932825736193,1.5053662896931334e-06,1.5053662896931334e-06,1.4982350270460227e-06,1.4982350270460227e-06
SG-006a,SG-006a,rectangular,default,E_x_3_3,exact,E_x,3,3,52,2.7525316455696203,6.536336633339084e-06,6.536336633339084e-06,0,1,1130915.7754927133,1129037.6825455655,9288312.1733681038,-0.45906194413570572,1.4566966380303387e-06,1.4566966380303387e-06,1.4501807685046461e-06,1.4501807685046461e-06
SG-006a,SG-006a,rectangular,default,E_x_3_3,exact,E_x,3,3,53,2.7987341772151897,6.646052102236245e-06,6.646052102236245e-06,0,1,1117910.3626693552,1116002.5861504935,9291461.3629152086,-0.4256313840450166,1.4134954086090387e-06,1.4134954086090387e-06,1.4075156421689552e-06,1.4075156421689552e-06
SG-006a,SG-006a,rectangular,default,E_x_3_3,exact,E_x,3,3,54,2.8449367088607596,6.7557675711334068e-06,6.7557675711334068e-06,0,1,1105088.7238912713,1103157.2338202703,9294528.6399904452,-0.39305948025968684,1.3748894390499422e-06,1.3748894390499422e-06,1.3693801348564453e-06,1.3693801348564453e-06
SG-006a,SG-006a,rectangular,default,E_x_3_3,exact,E_x,3,3,55,2.891139240506329,6.8654830400305669e-06,6.8654830400305669e-06,0,1,1092459.2236757474,1090509.3399706129,9297513.7447517067,-0.36134985473469694,1.3401832455112318e-06,1.3401832455112318e-06,1.3350894998578229e-06,1.3350894998578229e-06
SG-006a,SG-006a,rectangular,default,E_x_3_3,exact,E_x,3,3,56,2.9373417721518984,6.9751985089277271e-06,6.9751985089277271e-06,0,1,1080027.874068711,1078064.3334862676,9300417.0172043201,-0.33049973490881907,1.3088158028645183e-06,1.3088158028645183e-06,1.3040912691895193e-06,1.3040912691895193e-06
SG-006a,SG-006a,rectangular,default,E_x_3_3,exact,E_x,3,3,57,2.9835443037974683,7.0849139778248889e-06,7.0849139778248889e-06,0,1,1067798.7771945675,1065825.7938047028,9303239.2615952119,-0.3005013853987924,1.2803293942799547e-06,1.2803293942799547e-06,1.2759346257596099e-06,1.2759346257596099e-06
SG-006a,SG-006a,rectangular,default,E_x_3_3,exact,E_x,3,3,58,3.0297468354430377,7.1946294467220498e-06,7.1946294467220498e-06,0,1,1055774.4808967295,1053795.8005062072,9305981.6390387844,-0.27134324286107958,1.2543467649371532e-06,1.2543467649371532e-06,1.2502479367689555e-06,1.2502479367689555e-06
SG-006a,SG-006a,rectangular,default,E_x_3_3,exact,E_x,3,3,59,3.0759493670886076,7.3043449156192108e-06,7.3043449156192108e-06,0,1,1043956.2664399815,1041975.2154430444,9308645.5821439121,-0.24301081941874866,1.2305541015882686e-06,1.2305541015882686e-06,1.2267220135583355e-06,1.2267220135583355e-06
SG-006a,SG-006a,rectangular,default,E_x_3_3,exact,E_x,3,3,60,3.122151898734177,7.4140603845163718e-06,7.4140603845163718e-06,0,1,1032344.3826103769,1030363.9117656469,9311232.7269179597,-0.21548742424225217,1.208688171619137e-06,1.208688171619137e-06,1.2050974605777402e-06,1.2050974605777402e-06
SG-006a,SG-006a,rectangular,default,E_x_3_3,exact,E_x,3,3,61,3.1683544303797468,7.5237758534135336e-06,7.5237758534135336e-06,0,1,1020938.2371746958,1018960.9607905524,9313744.8583297413,-0.18875474126908118,1.1885264794088939e-06,1.1885264794088939e-06,1.1851549910045611e-06,1.1851549910045611e-06
SG-006a,SG-006a,rectangular,default,E_x_3_3,exact,E_x,3,3,62,3.2145569620253163,7.6334913223106946e-06,7.6334913223106946e-06,0,1,1009736.5541608564,1007764.7851516355,9316183.8667344861,-0.16279329243346657,1.169879643266308e-06,1.169879643266308e-06,1.1667079259687565e-06,1.1667079259687565e-06
SG-006a,SG-006a,rectangular,default,E_x_3_3,exact,E_x,3,3,63,3.2607594936708861,7.7432067912078555e-06,7.7432067912078555e-06,0,1,998737.503559581,996773.28479944356,9318551.712980831,-0.137582809306006,1.152585428307318e-06,1.152585428307318e-06,1.1495963223600017e-06,1.1495963223600017e-06
SG-006a,SG-006a,rectangular,default,E_x_3_3,exact,E_x,3,3,64,3.3069620253164556,7.8529222601050165e-06,7.8529222601050165e-06,0,1,987938.80863714963,985983.94099935587,9320850.4004883729,-0.11310253112869055,1.1365040292448621e-06,1.1365040292448621e-06,1.1336823300491119e-06,1.1336823300491119e-06
SG-006a,SG-006a,rectangular,default,E_x_3_3,exact,E_x,3,3,65,3.353164556962025,7.9626377290021758e-06,7.9626377290021758e-06,0,1,977337.83496976714,975393.90240796655,9323081.9529427197,-0.0893314434713499,1.1215143071837271e-06,1.1215143071837271e-06,1.1188464875934115e-06,1.1188464875934115e-06
SG-006a,SG-006a,rectangular,default,E_x_3_3,exact,E_x,3,3,66,3.3993670886075948,8.0723531978993384e-06,8.0723531978993384e-06,0,1,966931.66448269691,965000.05647158157,9325248.3965326529,-0.066248468822195261,1.1075107621006701e-06,1.1075107621006701e-06,1.1049847417397618e-06,1.1049847417397618e-06
SG-006a,SG-006a,rectangular,default,E_x_3_3,exact,E_x,3,3,67,3.4455696202531643,8.1820686667964977e-06,8.1820686667964977e-06,0,1,956717.1571322442,954799.08875258523,9327351.7458692584,-0.043832618166645521,1.0944010780853146e-06,1.0944010780853146e-06,1.0920060305005227e-06,1.0920060305005227e-06
SG-006a,SG-006a,rectangular,default,E_x_3_3,exact,E_x,3,3,68,3.4917721518987341,8.2917841356936604e-06,8.2917841356936604e-06,0,1,946691.00236000097,944787.53228450101,9329393.9928965718,-0.022063110827294306,1.0821041184612244e-06,1.0821041184612244e-06,1.0798303089457708e-06,1.0798303089457708e-06
SG-006a,SG-006a,rectangular,default,E_x_3_3,exact,E_x,3,3,69,3.5379746835443036,8.4014996045908214e-06,8.4014996045908214e-06,0,1,936849.7620541018,934961.80866057472,9331377.0982363354,-0.00091946844110619627,1.0705482772011748e-06,1.0705482772011748e-06,1.0683869256523586e-06,1.0683869256523586e-06
SG-006a,SG-006a,rectangular,default,E_x_3_3,exact,E_x,3,3,70,3.5841772151898734,8.5112150734879823e-06,8.5112150734879823e-06,1,1,927189.90643099206,925318.26224561059,9333302.9845157992,0.019618412167324257,1.0596701146962285e-06,1.0596701146962285e-06,1.0576132790394275e-06,1.0576132790394275e-06
SG-006a,SG-006a,rectangular,default,E_x_3_3,exact,E_x,3,3,71,3.6303797468354428,8.6209305423851433e-06,8.6209305423851433e-06,1,1,917707.84400121844,915853.18865186838,9335173.5313115157,0.039570203340285298,1.0494132221093765e-06,1.0494132221093765e-06,1.0474536987207538e-06,1.0474536987207538e-06
SG-006a,SG-006a,rectangular,default,E_x_3_3,exact,E_x,3,3,72,3.6765822784810127,8.7306460112823043e-06,8.7306460112823043e-06,1,1,908399.94657491753,906562.85841528035,9336990.5714105163,0.058955105012891702,1.0397272707250287e-06,1.0397272707250287e-06,1.0378585089849186e-06,1.0378585089849186e-06
SG-006a,SG-006a,rectangular,default,E_x_3_3,exact,E_x,3,3,73,3.7227848101265821,8.8403614801794652e-06,8.8403614801794652e-06,1,1,899262.57010187418,897443.53664807975,9338755.888144128,0.077791814620659663,1.0305672119757113e-06,1.0305672119757113e-06,1.0287832406307043e-06,1.0287832406307043e-06
SG-006a,SG-006a,rectangular,default,E_x_3_3,exact,E_x,3,3,74,3.7689873417721516,8.9500769490766245e-06,8.9500769490766245e-06,1,1,890292.07200342161,888491.49930884712,9340471.2135945279,0.096098506371189565,1.0218926009269301e-06,1.0218926009269301e-06,1.0201879643697074e-06,1.0201879643697074e-06
SG-006a,SG-006a,rectangular,default,E_x_3_3,exact,E_x,3,3,75,3.8151898734177214,9.0597924179737872e-06,9.0597924179737872e-06,1,1,881484.82554590283,879703.04662828217,9342138.2275092416,0.113892818132117,1.0136670214921281e-06,1.0136670214921281e-06,1.012036724413005e-06,1.012036724413005e-06
SG-006a,SG-006a,rectangular,default,E_x_3_3,exact,E_x,3,3,76,3.8613924050632908,9.1695078868709481e-06,9.1695078868709481e-06,1,1,872837.23171337205,871074.51413347945,9343758.5567889288,0.13119184450521748,1.0058575959197653e-06,1.0058575959197653e-06,1.0042970550547722e-06,1.0042970550547722e-06
SG-006a,SG-006a,rectangular,default,E_x_3_3,exact,E_x,3,3,77,3.9075949367088607,9.2792233557681091e-06,9.2792233557681091e-06,1,1,864345.72896878491,862602.28164807358,9345333.7754364461,0.14801213489561746,9.9843456444815016e-07,9.9843456444815016e-07,9.9693956636762256e-07,9.9693956636762256e-07
SG-006a,SG-006a,rectangular,default,E_x_3_3,exact,E_x,3,3,78,3.9537974683544301,9.3889388246652701e-06,9.3889388246652701e-06,1,1,856006.80122162215,854282.78058019257,9346865.4048761595,0.16436969560656173,9.9137092365597199e-07,9.9137092365597199e-07,9.8993758771865146e-07,9.8993758771865146e-07
SG-006a,SG-006a,rectangular,default,E_x_3_3,exact,E_x,3,3,79,4,9.498654293562431e-06,9.498654293562431e-06,1,1,847816.98428110359,846112.49976533349,9348354.9145670347,0.18027999514399637,9.8464211414456899e-07,9.8464211414456899e-07,9.8326685988333501e-07,9.8326685988333501e-07
SG-006a,SG-006a,rectangular,default,E_y_1_1,closed_form,E_y,1,1,0,0.34999999999999998,8.3113225068671265e-07,8.3113225068671265e-07,0,0,1340904.8686421448,1358172.7328714607,nan,nan,nan,nan,nan,nan
SG-006a,SG-006a,rectangular,default,E_y_1_1,closed_form,E_y,1,1,1,0.39620253164556962,9.4084771958387373e-07,9.4084771958387373e-07,0,1,1280920.4943829807,1296668.9120190309,9246855.2508124243,-0.89809579689137553,3.0223418530601948e-06,3.0223418530601948e-06,3.8102078757410605e-06,3.8102078757410605e-06
SG-006a,SG-006a,rectangular,default,E_y_1_1,closed_form,E_y,1,1,2,0.44240506329113921,1.0505631884810347e-06,1.0505631884810347e-06,0,1,1226073.0360841556,1240494.0796175629,9261984.6122969463,-0.73810159923191176,2.0122040517395834e-06,2.0122040517395834e-06,2.1749091668981087e-06,2.1749091668981087e-06
SG-006a,SG-006a,rectangular,default,E_y_1_1,closed_form,E_y,1,1,3,0.4886075949367088,1.1602786573781955e-06,1.1602786573781955e-06,0,1,1175729.7189062517,1188984.400613666,9275258.2353798784,-0.59751657630538801,1.6486944611283771e-06,1.6486944611283771e-06,1.7237591132393325e-06,1.7237591132393325e-06
SG-006a,SG-006a,rectangular,default,E_y_1_1,closed_form,E_y,1,1,4,0.53481012658227844,1.2699941262753566e-06,1.2699941262753566e-06,0,1,1129357.5974561332,1141581.9032079333,9286968.38506197,-0.47332362371406439,1.4512837446531908e-06,1.4512837446531908e-06,1.4956683070805129e-06,1.4956683070805129e-06
SG-006a,SG-006a,rectangular,default,E_y_1_1,closed_form,E_y,1,1,5,0.58101265822784809,1.3797095951725176e-06,1.3797095951725176e-06,0,1,1086504.6158628985,1097814.1851158601,9297351.8457930423,-0.36306990656693405,1.3248351314360556e-06,1.3248351314360556e-06,1.3545264450291032e-06,1.3545264450291032e-06
SG-006a,SG-006a,rectangular,default,E_y_1_1,closed_form,E_y,1,1,6,0.62721518987341773,1.4894250640696788e-06,1.4894250640696788e-06,0,1,1046784.8222211314,1057278.6157714052,9306602.1229235027,-0.26474479777158472,1.2361012019032117e-06,1.2361012019032117e-06,1.2574948946701027e-06,1.2574948946701027e-06
SG-006a,SG-006a,rectangular,default,E_y_1_1,closed_form,E_y,1,1,7,0.67341772151898727,1.5991405329668395e-06,1.5991405329668395e-06,0,1,1009866.7117850025,1019629.9137990228,9314878.6182708256,-0.17668754689650698,1.170090140520588e-06,1.170090140520588e-06,1.1862916903204312e-06,1.1862916903204312e-06
SG-006a,SG-006a,rectangular,default,E_y_1_1,closed_form,E_y,1,1,8,0.71962025316455691,1.7088560018640005e-06,1.7088560018640005e-06,0,1,975463.95281116467,984570.28735199326,9322313.6096053906,-0.097516682499162496,1.1189422011611036e-06,1.1189422011611036e-06,1.1316583264002416e-06,1.1316583264002416e-06
SG-006a,SG-006a,rectangular,default,E_y_1_1,closed_form,E_y,1,1,9,0.76582278481012656,1.8185714707611615e-06,1.8185714707611615e-06,0,1,943327.94558704889,951841.54095961642,9329017.6159005295,-0.026075491931780541,1.0780994971408697e-06,1.0780994971408697e-06,1.0883529252244509e-06,1.0883529252244509e-06
SG-006a,SG-006a,rectangular,default,E_y_1_1,closed_form,E_y,1,1,10,0.81202531645569609,1.9282869396583225e-06,1.9282869396583225e-06,1,1,913241.80537617172,921218.70601487742,9335083.5620473064,0.038610473711934552,1.0447198245680364e-06,1.0447198245680364e-06,1.0531639124398122e-06,1.0531639124398122e-06
SG-006a,SG-006a,rectangular,default,E_y_1_1,closed_form,E_y,1,1,11,0.85822784810126573,2.0380024085554834e-06,2.0380024085554834e-06,1,1,885015.46120892069,892504.86246575916,9340590.040982442,0.097366807941854899,1.0169307657083451e-06,1.0169307657083451e-06,1.0240040096442557e-06,1.0240040096442557e-06
SG-006a,SG-006a,rectangular,default,E_y_1_1,closed_form,E_y,1,1,12,0.90443037974683538,2.1477178774526444e-06,2.1477178774526444e-06,1,1,858481.63633812079,865526.8996625772,9345603.8903772812,0.1508967251463792,9.9344450118955904e-07,9.9344450118955904e-07,9.9945296749885104e-07,9.9945296749885104e-07
SG-006a,SG-006a,rectangular,default,E_y_1_1,closed_form,E_y,1,1,13,0.95063291139240502,2.2574333463498054e-06,2.2574333463498054e-06,1,1,833492.53071185492,840132.02347506338,9350182.2439021748,0.19980220123949344,9.7334400778509804e-07,9.7334400778509804e-07,9.7850826316411649e-07,9.7850826316411649e-07
SG-006a,SG-006a,rectangular,default,E_y_1_1,closed_form,E_y,1,1,14,0.99683544303797456,2.3671488152469663e-06,2.3671488152469663e-06,1,1,809917.06646688061,816184.86077724129,9354374.1761962883,0.24460097310248027,9.55957363685968e-07,9.55957363685968e-07,9.6044063362855103e-07,9.6044063362855103e-07
SG-006a,SG-006a,rectangular,default,E_y_1_1,closed_form,E_y,1,1,15,1.0430379746835441,2.4768642841441269e-06,2.4768642841441269e-06,1,1,787638.58803315263,793565.0454115913,9358222.0310882945,0.28574029864029121,9.4078030090442003e-07,9.4078030090442003e-07,9.4470611240209339e-07,9.4470611240209339e-07
SG-006a,SG-006a,rectangular,default,E_y_1_1,closed_form,E_y,1,1,16,1.089240506329114,2.5865797530412887e-06,2.5865797530412887e-06,1,1,766552.93165756518,772165.19474506215,9361762.5009821616,0.32360816420192917,9.2742658287227705e-07,9.2742658287227705e-07,9.3089022774911993e-07,9.3089022774911993e-07
SG-006a,SG-006a,rectangular,default,E_y_1_1,closed_form,E_y,1,1,17,1.1354430379746834,2.6962952219384492e-06,2.6962952219384492e-06,1,1,746566.79692452366,751889.20502212388,9365027.5093512312,0.35854246656004479,9.15595140619172e-07,9.15595140619172e-07,9.1867135815518359e-07,9.1867135815518359e-07
SG-006a,SG-006a,rectangular,default,E_y_1_1,closed_form,E_y,1,1,18,1.1816455696202532,2.8060106908356106e-06,2.8060106908356106e-06,1,1,727596.36655668367,732650.80841600639,9368044.9363837466,0.39083857724020049,9.050476811963907e-07,9.050476811963907e-07,9.077959463670158e-07,9.077959463670158e-07
SG-006a,SG-006a,rectangular,default,E_y_1_1,closed_form,E_y,1,1,19,1.2278481012658227,2.9157261597327712e-06,2.9157261597327712e-06,1,1,709566.13142824185,714372.34607548336,9370839.2188798562,0.42075560689700237,8.9559305100252611e-07,8.9559305100252611e-07,8.9806130032887657e-07,8.9806130032887657e-07
SG-006a,SG-006a,rectangular,default,E_y_1_1,closed_form,E_y,1,1,20,1.2740506329113923,3.0254416286299322e-06,3.0254416286299322e-06,1,1,692407.8860545971,696983.72036417387,9373431.8487244025,0.44852161892512321,8.8707607818168188e-07,8.8707607818168188e-07,8.8930338910470483e-07,8.8930338910470483e-07
SG-006a,SG-006a,rectangular,default,E_y_1_1,closed_form,E_y,1,1,21,1.320253164556962,3.1351570975270935e-06,3.1351570975270935e-06,1,1,676059.86638329586,680421.49648566428,9375841.7890870087,0.47433798901505608,8.793694579398153e-07,8.793694579398153e-07,8.8138801093727167e-07,8.8138801093727167e-07
SG-006a,SG-006a,rectangular,default,E_y_1_1,closed_form,E_y,1,1,22,1.3664556962025314,3.2448725664242541e-06,3.2448725664242541e-06,1,1,660466.0069102071,664628.12922252796,9378085.8235231843,0.49838306688355016,8.7236774999519776e-07,8.7236774999519776e-07,8.7420428891950458e-07,8.7420428891950458e-07
SG-006a,SG-006a,rectangular,default,E_y_1_1,closed_form,E_y,1,1,23,1.4126582278481012,3.3545880353214155e-06,3.3545880353214155e-06,1,1,645575.29828898516,649551.29492211866,9380178.8500704169,0.52081526497761854,8.6598287045554571e-07,8.6598287045554571e-07,8.6765980534691585e-07,8.6765980534691585e-07
SG-006a,SG-006a,rectangular,default,E_y_1_1,closed_form,E_y,1,1,24,1.4588607594936707,3.464303504218576e-06,3.464303504218576e-06,1,1,631341.22992362489,635143.3123874634,9382134.1300331168,0.54177567439136143,8.6014065941281361e-07,8.6014065941281361e-07,8.6167691033600043e-07,8.6167691033600043e-07
SG-006a,SG-006a,rectangular,default,E_y_1_1,closed_form,E_y,1,1,25,1.5050632911392405,3.5740189731157374e-06,3.5740189731157374e-06,1,1,617721.30471072404,621360.63916850626,9383963.4992684647,0.56139028893171306,8.5477823497923794e-07,8.5477823497923794e-07,8.5618988544843999e-07,8.5618988544843999e-07
SG-006a,SG-006a,rectangular,default,E_y_1_1,closed_form,E_y,1,1,26,1.55126582278481,3.683734442012898e-06,3.683734442012898e-06,1,1,604676.61526614102,608163.4320435999,9385677.5483008958,0.57977190300793524,8.4984193043786188e-07,8.4984193043786188e-07,8.5114273892953196e-07,8.5114273892953196e-07
SG-006a,SG-006a,rectangular,default,E_y_1_1,closed_form,E_y,1,1,27,1.5974683544303798,3.7934499109100598e-06,3.7934499109100598e-06,1,1,592171.47273525433,595515.16234627389,9387285.7764158063,0.59702173689182458,8.4528566933801494e-07,8.4528566933801494e-07,8.4648747371945755e-07,8.4648747371945755e-07
SG-006a,SG-006a,rectangular,default,E_y_1_1,closed_form,E_y,1,1,28,1.6436708860759492,3.9031653798072199e-06,3.9031653798072199e-06,1,1,580173.0807288033,583382.27831544797,9388796.7239444163,0.61323083320508665,8.4106967339674947e-07,8.4106967339674947e-07,8.4218271362785071e-07,8.4218271362785071e-07
SG-006a,SG-006a,rectangular,default,E_y_1_1,closed_form,E_y,1,1,29,1.6898734177215187,4.0128808487043809e-06,4.0128808487043809e-06,1,1,568651.24811116583,571733.90789668122,9390218.0861994401,0.62848126070952526,8.371594260550762e-07,8.371594260550762e-07,8.3819260386049625e-07,8.3819260386049625e-07
SG-006a,SG-006a,rectangular,default,E_y_1_1,closed_form,E_y,1,1,30,1.7360759493670885,4.1225963176015427e-06,4.1225963176015427e-06,1,1,557578.13534517621,560541.596451352,9391556.8119155318,0.64284715520086122,8.3352483438878879e-07,8.3352483438878879e-07,8.3448592384896533e-07,8.3448592384896533e-07
SG-006a,SG-006a,rectangular,default,E_y_1_1,closed_form,E_y,1,1,31,1.782278481012658,4.2323117864987028e-06,4.2323117864987028e-06,1,1,546928.0299068169,549779.07468208391,9392819.18855826,0.65639562221934289,8.3013954634073297e-07,8.3013954634073297e-07,8.3103536592011106e-07,8.3103536592011106e-07
SG-006a,SG-006a,rectangular,default,E_y_1_1,closed_form,E_y,1,1,32,1.8284810126582278,4.3420272553958646e-06,4.3420272553958646e-06,1,1,536677.14695585694,539422.05278981535,9394010.9164671302,0.6691875221517195,8.269803906213462e-07,8.269803906213462e-07,8.2781694464547446e-07,8.2781694464547446e-07
SG-006a,SG-006a,rectangular,default,E_y_1_1,closed_form,E_y,1,1,33,1.8746835443037972,4.4517427242930248e-06,4.4517427242930248e-06,1,1,526803.45200986066,529448.03746731812,9395137.1734731346,0.68127815491592425,8.2402691426224286e-07,8.2402691426224286e-07,8.2480951000303821e-07,8.2480951000303821e-07
SG-006a,SG-006a,rectangular,default,E_y_1_1,closed_form,E_y,1,1,34,1.9208860759493671,4.5614581931901866e-06,4.5614581931901866e-06,1,1,517286.5028390509,519836.16882706835,9396202.6713648532,0.69271785864283653,8.2126099848741511e-07,8.2126099848741511e-07,8.2199434363305712e-07,8.2199434363305712e-07
SG-006a,SG-006a,rectangular,default,E_y_1_1,closed_form,E_y,1,1,35,1.9670886075949365,4.6711736620873467e-06,4.6711736620873467e-06,1,1,508107.30819452961,510567.07477535948,9397211.7053580787,0.70355253448372879,8.1866653783194003e-07,8.1866653783194003e-07,8.1935482207560855e-07,8.1935482207560855e-07
SG-006a,SG-006a,rectangular,default,E_y_1_1,closed_form,E_y,1,1,36,2.0132911392405064,4.7808891309845085e-06,4.7808891309845085e-06,1,1,499248.20131536404,501622.74069323385,9398168.1975429151,0.7138241077804649,8.1622917067069461e-07,8.1622917067069461e-07,8.168761343597765e-07,8.168761343597765e-07
SG-006a,SG-006a,rectangular,default,E_y_1_1,closed_form,E_y,1,1,37,2.0594936708860758,4.8906045998816695e-06,4.8906045998816695e-06,1,1,490692.72644171392,492986.39257949562,9399075.7351323068,0.72357093426701269,8.1393605179067557e-07,8.1393605179067557e-07,8.1454504397025836e-07,8.1454504397025836e-07
SG-006a,SG-006a,rectangular,default,E_y_1_1,closed_form,E_y,1,1,38,2.1056962025316452,5.0003200687788296e-06,5.0003200687788296e-06,1,1,482425.53680011653,484642.3920608433,9399937.6042112615,0.73282815866493289,8.117756595447522e-07,8.117756595447522e-07,8.1234968725944478e-07,8.1234968725944478e-07
SG-006a,SG-006a,rectangular,default,E_y_1_1,closed_form,E_y,1,1,39,2.1518987341772151,5.1100355376759914e-06,5.1100355376759914e-06,1,1,474432.30273036793,476576.14188652963,9400756.8195818551,0.741628031943663,8.0973763160328395e-07,8.0973763160328395e-07,8.1027940195560915e-07,8.1027940195560915e-07
SG-006a,SG-006a,rectangular,default,E_y_1_1,closed_form,E_y,1,1,40,2.1981012658227845,5.2197510065731515e-06,5.2197510065731515e-06,1,1,466699.62879693089,468774.00070604036,9401536.1512120515,0.75000019260336137,8.0781262447634472e-07,8.0781262447634472e-07,8.0832458065312399e-07,8.0832458065312399e-07
SG-006a,SG-006a,rectangular,default,E_y_1_1,closed_form,E_y,1,1,41,2.2443037974683544,5.3294664754703134e-06,5.3294664754703134e-06,1,1,459214.97887624812,461223.20608310035,9402278.1477230489,0.75797191656768526,8.0599219288969423e-07,8.0599219288969423e-07,8.0647654514145902e-07,8.0647654514145902e-07
SG-006a,SG-006a,rectangular,default,E_y_1_1,closed_form,E_y,1,1,42,2.2905063291139238,5.4391819443674735e-06,5.4391819443674735e-06,1,1,451966.6083387059,453911.8048320653,9402985.1572883576,0.76556833962789184,8.0426868581899942e-07,8.0426868581899942e-07,8.0472743819766202e-07,8.0472743819766202e-07
SG-006a,SG-006a,rectangular,default,E_y_1_1,closed_form,E_y,1,1,43,2.3367088607594937,5.5488974132646353e-06,5.5488974132646353e-06,1,1,444943.50255354139,446828.58987684193,9403659.3462655973,0.77281265583026881,8.0263515656183642e-07,8.0263515656183642e-07,8.0307013007820364e-07,8.0307013007820364e-07
SG-006a,SG-006a,rectangular,default,E_y_1_1,closed_form,E_y,1,1,44,2.3829113924050631,5.6586128821617963e-06,5.6586128821617963e-06,1,1,438135.32103945245,439963.04293080897,9404302.7158379462,0.77972629473495103,8.0108528468801959e-07,8.0108528468801959e-07,8.0149813743532495e-07,8.0149813743532495e-07
SG-006a,SG-006a,rectangular,default,E_y_1_1,closed_form,E_y,1,1,45,2.429113924050633,5.7683283510589572e-06,5.7683283510589572e-06,1,1,431532.34666531894,433305.28238112794,9404917.1169046666,0.78632908007940772,7.9961330808042168e-07,7.9961330808042168e-07,8.0000555277683201e-07,8.0000555277683201e-07
SG-006a,SG-006a,rectangular,default,E_y_1_1,closed_form,E_y,1,1,46,2.4753164556962024,5.8780438199561182e-06,5.8780438199561182e-06,1,1,425125.43937618827,426846.01583437488,9405504.263428187,0.79263937204292079,7.9821396357955019e-07,7.9821396357955019e-07,7.9858698290693243e-07,7.9858698290693243e-07
SG-006a,SG-006a,rectangular,default,E_y_1_1,closed_form,E_y,1,1,47,2.5215189873417723,5.9877592888532792e-06,5.9877592888532792e-06,1,1,418905.99398110301,420576.4968442347,9406065.744417971,0.79867419502100168,7.9688243499031923e-07,7.9688243499031923e-07,7.9723749504482247e-07,7.9723749504482247e-07
SG-006a,SG-006a,rectangular,default,E_y_1_1,closed_form,E_y,1,1,48,2.5677215189873417,6.0974747577504401e-06,6.0974747577504401e-06,1,1,412865.9015928022,414488.48539749708,9406603.0347080734,0.80444935257229211,7.9561430741002194e-07,7.9561430741002194e-07,7.9595256952944745e-07,7.9595256952944745e-07
SG-006a,SG-006a,rectangular,default,E_y_1_1,closed_form,E_y,1,1,49,2.6139240506329111,6.2071902266476003e-06,6.2071902266476003e-06,1,1,406997.51435595215,408574.21178296889,9407117.5046651922,0.80997953098862363,7.9440552700132169e-07,7.9440552700132169e-07,7.9472805819261288e-07,7.9472805819261288e-07
SG-006a,SG-006a,rectangular,default,E_y_1_1,closed_form,E_y,1,1,50,2.660126582278481,6.3169056955447621e-06,6.3169056955447621e-06,1,1,401293.6131412898,402826.34351016441,9407610.428946903,0.81527839275759462,7.9325236547008464e-07,7.9325236547008464e-07,7.9356014762586107e-07,7.9356014762586107e-07
SG-006a,SG-006a,rectangular,default,E_y_1_1,closed_form,E_y,1,1,51,2.7063291139240504,6.4266211644419231e-06,6.4266211644419231e-06,1,1,395747.37791874266,397237.95498160657,9408082.9944147877,0.82035866102882904,7.921513886205813e-07,7.921513886205813e-07,7.9244532668507847e-07,7.9244532668507847e-07
SG-006a,SG-006a,rectangular,default,E_y_1_1,closed_form,E_y,1,1,52,2.7525316455696203,6.536336633339084e-06,6.536336633339084e-06,1,1,390352.36055387359,391802.49965499394,9408536.3072944768,0.8252321960609682,7.9109942845432843e-07,7.9109942845432843e-07,7.9138035767531518e-07,7.9138035767531518e-07
SG-006a,SG-006a,rectangular,default,E_y_1_1,closed_form,E_y,1,1,53,2.7987341772151897,6.646052102236245e-06,6.646052102236245e-06,1,1,385102.45979951211,386513.78445996821,9408971.3996633589,0.8299100645068781,7.9009355835712486e-07,7.9009355835712486e-07,7.9036225074047795e-07,7.9036225074047795e-07
SG-006a,SG-006a,rectangular,default,E_y_1_1,closed_form,E_y,1,1,54,2.8449367088607596,6.7557675711334068e-06,6.7557675711334068e-06,1,1,379991.89827864995,381365.94625928579,9409389.2353372555,0.83440260229470464,7.8913107098442428e-07,7.8913107098442428e-07,7.8938824105134992e-07,7.8938824105134992e-07
SG-006a,SG-006a,rectangular,default,E_y_1_1,closed_form,E_y,1,1,55,2.891139240506329,6.8654830400305669e-06,6.8654830400305669e-06,1,1,375015.20127604593,376353.43016629614,9409790.715218816,0.83871947177167228,7.8820945851035157e-07,7.8820945851035157e-07,7.884557684431884e-07,7.884557684431884e-07
SG-006a,SG-006a,rectangular,default,E_y_1_1,closed_form,E_y,1,1,56,2.9373417721518984,6.9751985089277271e-06,6.9751985089277271e-06,1,1,370167.17717486445,371470.96955015429,9410176.6821632069,0.8428697137016693,7.8732639495219155e-07,7.8732639495219155e-07,7.8756245920286256e-07,7.8756245920286256e-07
SG-006a,SG-006a,rectangular,default,E_y_1_1,closed_form,E_y,1,1,57,2.9835443037974683,7.0849139778248889e-06,7.0849139778248889e-06,1,1,365442.89939138608,366713.56757746416,9410547.9254102577,0.84686179463932265,7.8647972032156984e-07,7.8647972032156984e-07,7.8670610974669157e-07,7.8670610974669157e-07
SG-006a,SG-006a,rectangular,default,E_y_1_1,closed_form,E_y,1,1,58,3.0297468354430377,7.1946294467220498e-06,7.1946294467220498e-06,1,1,360837.68967563927,362076.48015435546,9410905.1846266538,0.85070365014454152,7.8566742638697129e-07,7.8566742638697129e-07,7.8588467196507974e-07,7.8588467196507974e-07
SG-006a,SG-006a,rectangular,default,E_y_1_1,closed_form,E_y,1,1,59,3.0759493670886076,7.3043449156192108e-06,7.3043449156192108e-06,1,1,356347.10265896353,357555.20014658314,9411249.1535969321,0.85440272424982633,7.848876438607073e-07,7.848876438607073e-07,7.8509624003977775e-07,7.8509624003977775e-07
SG-006a,SG-006a,rectangular,default,E_y_1_1,closed_form,E_y,1,1,60,3.122151898734177,7.4140603845163718e-06,7.4140603845163718e-06,1,1,351966.91154121415,353145.44276731589,9411580.4835976977,0.85796600554692659,7.8413863084774952e-07,7.8413863084774952e-07,7.8433903856495583e-07,7.8433903856495583e-07
SG-006a,SG-006a,rectangular,default,E_y_1_1,closed_form,E_y,1,1,61,3.1683544303797468,7.5237758534135336e-06,7.5237758534135336e-06,1,1,347693.09482073947,348843.13203303289,9411899.7864858098,0.86140006022017102,7.8341876241465351e-07,7.8341876241465351e-07,7.8361141182497981e-07,7.8361141182497981e-07
SG-006a,SG-006a,rectangular,default,E_y_1_1,closed_form,E_y,1,1,62,3.2145569620253163,7.6334913223106946e-06,7.6334913223106946e-06,1,1,343521.82397956017,344644.38819753722,9412207.63752787,0.86471106231776218,7.8272652115466091e-07,7.8272652115466091e-07,7.8291181410038794e-07,7.8291181410038794e-07
SG-006a,SG-006a,rectangular,default,E_y_1_1,closed_form,E_y,1,1,63,3.2607594936708861,7.7432067912078555e-06,7.7432067912078555e-06,1,1,339449.4520444849,340545.5160826568,9412504.5779955387,0.86790482152216064,7.8206048864044037e-07,7.8206048864044037e-07,7.8223880088958358e-07,7.8223880088958358e-07
SG-006a,SG-006a,rectangular,default,E_y_1_1,closed_form,E_y,1,1,64,3.3069620253164556,7.8529222601050165e-06,7.8529222601050165e-06,1,1,335472.50295232527,336542.99423185945,9412791.1175485365,0.87098680865278777,7.8141933766919255e-07,7.8141933766919255e-07,7.8159102094755267e-07,7.8159102094755267e-07
SG-006a,SG-006a,rectangular,default,E_y_1_1,closed_form,E_y,1,1,65,3.353164556962025,7.9626377290021758e-06,7.9626377290021758e-06,1,1,331587.66165402951,332633.46481986518,9413067.7364249863,0.87396217911031382,7.8080182521631512e-07,7.8080182521631512e-07,7.809672090548516e-07,7.809672090548516e-07
SG-006a,SG-006a,rectangular,default,E_y_1_1,closed_form,E_y,1,1,66,3.3993670886075948,8.0723531978993384e-06,8.0723531978993384e-06,1,1,327791.76489852095,328813.72425748571,9413334.8874566723,0.87683579445015725,7.8020678602376108e-07,7.8020678602376108e-07,7.8036617944043818e-07,7.8036617944043818e-07
SG-006a,SG-006a,rectangular,default,E_y_1_1,closed_form,E_y,1,1,67,3.4455696202531643,8.1820686667964977e-06,8.1820686667964977e-06,1,1,324081.79264239338,325080.71443644265,9413592.997925045,0.87961224225391554,7.7963312675786982e-07,7.7963312675786982e-07,7.7978681979089465e-07,7.7978681979089465e-07
SG-006a,SG-006a,rectangular,default,E_y_1_1,closed_form,E_y,1,1,68,3.4917721518987341,8.2917841356936604e-06,8.2917841356936604e-06,1,1,320454.860036431,321431.51456387254,9413842.4712722097,0.88229585445065339,7.7907982067895858e-07,7.7907982067895858e-07,7.792280857863944e-07,7.792280857863944e-07
SG-006a,SG-006a,rectangular,default,E_y_1_1,closed_form,E_y,1,1,69,3.5379746835443036,8.4014996045908214e-06,8.4014996045908214e-06,1,1,316908.20994426648,317863.33354070026,9414083.6886796672,0.88489072422427895,7.7854590277153278e-07,7.7854590277153278e-07,7.7868899611057227e-07,7.7868899611057227e-07
SG-006a,SG-006a,rectangular,default,E_y_1_1,closed_form,E_y,1,1,70,3.5841772151898734,8.5112150734879823e-06,8.5112150734879823e-06,1,1,313439.20595240092,314373.50284207903,9414317.0105264131,0.88740072163094852,7.7803046528969954e-07,7.7803046528969954e-07,7.7816862788740353e-07,7.7816862788740353e-07
SG-006a,SG-006a,rectangular,default,E_y_1_1,closed_form,E_y,1,1,71,3.6303797468354428,8.6209305423851433e-06,8.6209305423851433e-06,1,1,310045.32583434484,310959.46986173379,9414542.7777367849,0.88982950803723537,7.7753265367739707e-07,7.7753265367739707e-07,7.7766611250340458e-07,7.7766611250340458e-07
SG-006a,SG-006a,rectangular,default,E_y_1_1,closed_form,E_y,1,1,72,3.6765822784810127,8.7306460112823043e-06,8.7306460112823043e-06,1,1,306724.15543482598,307618.79168531881,9414761.3130274918,0.89218054948005598,7.7705166282745858e-07,7.7705166282745858e-07,7.7718063177803215e-07,7.7718063177803215e-07
SG-006a,SG-006a,rectangular,default,E_y_1_1,closed_form,E_y,1,1,73,3.7227848101265821,8.8403614801794652e-06,8.8403614801794652e-06,1,1,303473.38294290227,304349.12926087237,9414972.9220623691,0.8944571290393265,7.7658673364740417e-07,7.7658673364740417e-07,7.7671141444917164e-07,7.7671141444917164e-07
SG-006a,SG-006a,rectangular,default,E_y_1_1,closed_form,E_y,1,1,74,3.7689873417721516,8.9500769490766245e-06,8.9500769490766245e-06,1,1,300290.79352542874,301148.24193713185,9415177.8945225626,0.89666235830579155,7.7613714990326847e-07,7.7613714990326847e-07,7.7625773294413783e-07,7.7625773294413783e-07
SG-006a,SG-006a,rectangular,default,E_y_1_1,closed_form,E_y,1,1,75,3.8151898734177214,9.0597924179737872e-06,9.0597924179737872e-06,1,1,297174.26429469959,298013.9823429102,9415376.5050991606,0.89879918801897329,7.757022353157832e-07,7.757022353157832e-07,7.7581890040972519e-07,7.7581890040972519e-07
SG-006a,SG-006a,rectangular,default,E_y_1_1,closed_form,E_y,1,1,76,3.8613924050632908,9.1695078868709481e-06,9.1695078868709481e-06,1,1,294121.75958623807,294944.29158294323,9415569.0144146252,0.90087041794306777,7.7528135088589463e-07,7.7528135088589463e-07,7.7539426797759924e-07,7.7539426797759924e-07
SG-006a,SG-006a,rectangular,default,E_y_1_1,closed_form,E_y,1,1,77,3.9075949367088607,9.2792233557681091e-06,9.2792233557681091e-06,1,1,291131.32652465953,291937.19472761883,9415755.6698788032,0.90287870604259657,7.7487389242895277e-07,7.7487389242895277e-07,7.7498322224375036e-07,7.7498322224375036e-07
SG-006a,SG-006a,rectangular,default,E_y_1_1,closed_form,E_y,1,1,78,3.9537974683544301,9.3889388246652701e-06,9.3889388246652701e-06,1,1,288201.09085731168,288990.79657582921,9415936.7064847779,0.90482657701405311,7.7447928829899754e-07,7.7447928829899754e-07,7.7458518294289717e-07,7.7458518294289717e-07
SG-006a,SG-006a,rectangular,default,E_y_1_1,closed_form,E_y,1,1,79,4,9.498654293562431e-06,9.498654293562431e-06,1,1,285329.25303701457,286103.27767184121,9416112.3475493342,0.90671643022451232,7.7409699728642392e-07,7.7409699728642392e-07,7.7419960080063509e-07,7.7419960080063509e-07
SG-006a,SG-006a,rectangular,default,E_x_1_1,closed_form,E_x,1,1,0,0.34999999999999998,8.3113225068671265e-07,8.3113225068671265e-07,0,0,1358172.7328714607,1340904.8686421448,nan,nan,nan,nan,nan,nan
SG-006a,SG-006a,rectangular,default,E_x_1_1,closed_form,E_x,1,1,1,0.39620253164556962,9.4084771958387373e-07,9.4084771958387373e-07,0,1,1296668.9120190309,1280920.4943829807,9246855.2508124243,-0.89809579689137553,3.8102078757410605e-06,3.8102078757410605e-06,3.0223418530601948e-06,3.0223418530601948e-06
SG-006a,SG-006a,rectangular,default,E_x_1_1,closed_form,E_x,1,1,2,0.44240506329113921,1.0505631884810347e-06,1.0505631884810347e-06,0,1,1240494.0796175629,1226073.0360841556,9261984.6122969463,-0.73810159923191176,2.1749091668981087e-06,2.1749091668981087e-06,2.0122040517395834e-06,2.0122040517395834e-06
SG-006a,SG-006a,rectangular,default,E_x_1_1,closed_form,E_x,1,1,3,0.4886075949367088,1.1602786573781955e-06,1.1602786573781955e-06,0,1,1188984.400613666,1175729.7189062517,9275258.2353798784,-0.59751657630538801,1.7237591132393325e-06,1.7237591132393325e-06,1.6486944611283771e-06,1.6486944611283771e-06
SG-006a,SG-006a,rectangular,default,E_x_1_1,closed_form,E_x,1,1,4,0.53481012658227844,1.2699941262753566e-06,1.2699941262753566e-06,0,1,1141581.9032079333,1129357.5974561332,9286968.38506197,-0.47332362371406439,1.4956683070805129e-06,1.4956683070805129e-06,1.4512837446531908e-06,1.4512837446531908e-06
SG-006a,SG-006a,rectangular,default,E_x_1_1,closed_form,E_x,1,1,5,0.58101265822784809,1.3797095951725176e-06,1.3797095951725176e-06,0,1,1097814.1851158601,1086504.6158628985,9297351.8457930423,-0.36306990656693405,1.3545264450291032e-06,1.3545264450291032e-06,1.3248351314360556e-06,1.3248351314360556e-06
SG-006a,SG-006a,rectangular,default,E_x_1_1,closed_form,E_x,1,1,6,0.62721518987341773,1.4894250640696788e-06,1.4894250640696788e-06,0,1,1057278.6157714052,1046784.8222211314,9306602.1229235027,-0.26474479777158472,1.2574948946701027e-06,1.2574948946701027e-06,1.2361012019032117e-06,1.2361012019032117e-06
SG-006a,SG-006a,rectangular,default,E_x_1_1,closed_form,E_x,1,1,7,0.67341772151898727,1.5991405329668395e-06,1.5991405329668395e-06,0,1,1019629.9137990228,1009866.7117850025,9314878.6182708256,-0.17668754689650698,1.1862916903204312e-06,1.1862916903204312e-06,1.170090140520588e-06,1.170090140520588e-06
SG-006a,SG-006a,rectangular,default,E_x_1_1,closed_form,E_x,1,1,8,0.71962025316455691,1.7088560018640005e-06,1.7088560018640005e-06,0,1,984570.28735199326,975463.95281116467,9322313.6096053906,-0.097516682499162496,1.1316583264002416e-06,1.1316583264002416e-06,1.1189422011611036e-06,1.1189422011611036e-06
SG-006a,SG-006a,rectangular,default,E_x_1_1,closed_form,E_x,1,1,9,0.76582278481012656,1.8185714707611615e-06,1.8185714707611615e-06,0,1,951841.54095961642,943327.94558704889,9329017.6159005295,-0.026075491931780541,1.0883529252244509e-06,1.0883529252244509e-06,1.0780994971408697e-06,1.0780994971408697e-06
SG-006a,SG-006a,rectangular,default,E_x_1_1,closed_form,E_x,1,1,10,0.81202531645569609,1.9282869396583225e-06,1.9282869396583225e-06,1,1,921218.70601487742,913241.80537617172,9335083.5620473064,0.038610473711934552,1.0531639124398122e-06,1.0531639124398122e-06,1.0447198245680364e-06,1.0447198245680364e-06
SG-006a,SG-006a,rectangular,default,E_x_1_1,closed_form,E_x,1,1,11,0.85822784810126573,2.0380024085554834e-06,2.0380024085554834e-06,1,1,892504.86246575916,885015.46120892069,9340590.040982442,0.097366807941854899,1.0240040096442557e-06,1.0240040096442557e-06,1.0169307657083451e-06,1.0169307657083451e-06
SG-006a,SG-006a,rectangular,default,E_x_1_1,closed_form,E_x,1,1,12,0.90443037974683538,2.1477178774526444e-06,2.1477178774526444e-06,1,1,865526.8996625772,858481.63633812079,9345603.8903772812,0.1508967251463792,9.9945296749885104e-07,9.9945296749885104e-07,9.9344450118955904e-07,9.9344450118955904e-07
SG-006a,SG-006a,rectangular,default,E_x_1_1,closed_form,E_x,1,1,13,0.95063291139240502,2.2574333463498054e-06,2.2574333463498054e-06,1,1,840132.02347506338,833492.53071185492,9350182.2439021748,0.19980220123949344,9.7850826316411649e-07,9.7850826316411649e-07,9.7334400778509804e-07,9.7334400778509804e-07
SG-006a,SG-006a,rectangular,default,E_x_1_1,closed_form,E_x,1,1,14,0.99683544303797456,2.3671488152469663e-06,2.3671488152469663e-06,1,1,816184.86077724129,809917.06646688061,9354374.1761962883,0.24460097310248027,9.6044063362855103e-07,9.6044063362855103e-07,9.55957363685968e-07,9.55957363685968e-07
SG-006a,SG-006a,rectangular,default,E_x_1_1,closed_form,E_x,1,1,15,1.0430379746835441,2.4768642841441269e-06,2.4768642841441269e-06,1,1,793565.0454115913,787638.58803315263,9358222.0310882945,0.28574029864029121,9.4470611240209339e-07,9.4470611240209339e-07,9.4078030090442003e-07,9.4078030090442003e-07
SG-006a,SG-006a,rectangular,default,E_x_1_1,closed_form,E_x,1,1,16,1.089240506329114,2.5865797530412887e-06,2.5865797530412887e-06,1,1,772165.19474506215,766552.93165756518,9361762.5009821616,0.32360816420192917,9.3089022774911993e-07,9.3089022774911993e-07,9.2742658287227705e-07,9.2742658287227705e-07
SG-006a,SG-006a,rectangular,default,E_x_1_1,closed_form,E_x,1,1,17,1.1354430379746834,2.6962952219384492e-06,2.6962952219384492e-06,1,1,751889.20502212388,746566.79692452366,9365027.5093512312,0.35854246656004479,9.1867135815518359e-07,9.1867135815518359e-07,9.15595140619172e-07,9.15595140619172e-07
SG-006a,SG-006a,rectangular,default,E_x_1_1,closed_form,E_x,1,1,18,1.1816455696202532,2.8060106908356106e-06,2.8060106908356106e-06,1,1,732650.80841600639,727596.36655668367,9368044.9363837466,0.39083857724020049,9.077959463670158e-07,9.077959463670158e-07,9.050476811963907e-07,9.050476811963907e-07
SG-006a,SG-006a,rectangular,default,E_x_1_1,closed_form,E_x,1,1,19,1.2278481012658227,2.9157261597327712e-06,2.9157261597327712e-06,1,1,714372.34607548336,709566.13142824185,9370839.2188798562,0.42075560689700237,8.9806130032887657e-07,8.9806130032887657e-07,8.9559305100252611e-07,8.9559305100252611e-07
SG-006a,SG-006a,rectangular,default,E_x_1_1,closed_form,E_x,1,1,20,1.2740506329113923,3.0254416286299322e-06,3.0254416286299322e-06,1,1,696983.72036417387,692407.8860545971,9373431.8487244025,0.44852161892512321,8.8930338910470483e-07,8.8930338910470483e-07,8.8707607818168188e-07,8.8707607818168188e-07
SG-006a,SG-006a,rectangular,default,E_x_1_1,closed_form,E_x,1,1,21,1.320253164556962,3.1351570975270935e-06,3.1351570975270935e-06,1,1,680421.49648566428,676059.86638329586,9375841.7890870087,0.47433798901505608,8.8138801093727167e-07,8.8138801093727167e-07,8.793694579398153e-07,8.793694579398153e-07
SG-006a,SG-006a,rectangular,default,E_x_1_1,closed_form,E_x,1,1,22,1.3664556962025314,3.2448725664242541e-06,3.2448725664242541e-06,1,1,664628.12922252796,660466.0069102071,9378085.8235231843,0.49838306688355016,8.7420428891950458e-07,8.7420428891950458e-07,8.7236774999519776e-07,8.7236774999519776e-07
SG-006a,SG-006a,rectangular,default,E_x_1_1,closed_form,E_x,1,1,23,1.4126582278481012,3.3545880353214155e-06,3.3545880353214155e-06,1,1,649551.29492211866,645575.29828898516,9380178.8500704169,0.52081526497761854,8.6765980534691585e-07,8.6765980534691585e-07,8.6598287045554571e-07,8.6598287045554571e-07
SG-006a,SG-006a,rectangular,default,E_x_1_1,closed_form,E_x,1,1,24,1.4588607594936707,3.464303504218576e-06,3.464303504218576e-06,1,1,635143.3123874634,631341.22992362489,9382134.1300331168,0.54177567439136143,8.6167691033600043e-07,8.6167691033600043e-07,8.6014065941281361e-07,8.6014065941281361e-07
SG-006a,SG-006a,rectangular,default,E_x_1_1,closed_form,E_x,1,1,25,1.5050632911392405,3.5740189731157374e-06,3.5740189731157374e-06,1,1,621360.63916850626,617721.30471072404,9383963.4992684647,0.56139028893171306,8.5618988544843999e-07,8.5618988544843999e-07,8.5477823497923794e-07,8.5477823497923794e-07
SG-006a,SG-006a,rectangular,default,E_x_1_1,closed_form,E_x,1,1,26,1.55126582278481,3.683734442012898e-06,3.683734442012898e-06,1,1,608163.4320435999,604676.61526614102,9385677.5483008958,0.57977190300793524,8.5114273892953196e-07,8.5114273892953196e-07,8.4984193043786188e-07,8.4984193043786188e-07
SG-006a,SG-006a,rectangular,default,E_x_1_1,closed_form,E_x,1,1,27,1.5974683544303798,3.7934499109100598e-06,3.7934499109100598e-06,1,1,595515.16234627389,592171.47273525433,9387285.7764158063,0.59702173689182458,8.4648747371945755e-07,8.4648747371945755e-07,8.4528566933801494e-07,8.4528566933801494e-07
SG-006a,SG-006a,rectangular,default,E_x_1_1,closed_form,E_x,1,1,28,1.6436708860759492,3.9031653798072199e-06,3.9031653798072199e-06,1,1,583382.27831544797,580173.0807288033,9388796.7239444163,0.61323083320508665,8.4218271362785071e-07,8.4218271362785071e-07,8.4106967339674947e-07,8.4106967339674947e-07
SG-006a,SG-006a,rectangular,default,E_x_1_1,closed_form,E_x,1,1,29,1.6898734177215187,4.0128808487043809e-06,4.0128808487043809e-06,1,1,571733.90789668122,568651.24811116583,9390218.0861994401,0.62848126070952526,8.3819260386049625e-07,8.3819260386049625e-07,8.371594260550762e-07,8.371594260550762e-07
SG-006a,SG-006a,rectangular,default,E_x_1_1,closed_form,E_x,1,1,30,1.7360759493670885,4.1225963176015427e-06,4.1225963176015427e-06,1,1,560541.596451352,557578.13534517621,9391556.8119155318,0.64284715520086122,8.3448592384896533e-07,8.3448592384896533e-07,8.3352483438878879e-07,8.3352483438878879e-07
SG-006a,SG-006a,rectangular,default,E_x_1_1,closed_form,E_x,1,1,31,1.782278481012658,4.2323117864987028e-06,4.2323117864987028e-06,1,1,549779.07468208391,546928.0299068169,9392819.18855826,0.65639562221934289,8.3103536592011106e-07,8.3103536592011106e-07,8.3013954634073297e-07,8.3013954634073297e-07
SG-006a,SG-006a,rectangular,default,E_x_1_1,closed_form,E_x,1,1,32,1.8284810126582278,4.3420272553958646e-06,4.3420272553958646e-06,1,1,539422.05278981535,536677.14695585694,9394010.9164671302,0.6691875221517195,8.2781694464547446e-07,8.2781694464547446e-07,8.269803906213462e-07,8.269803906213462e-07
SG-006a,SG-006a,rectangular,default,E_x_1_1,closed_form,E_x,1,1,33,1.8746835443037972,4.4517427242930248e-06,4.4517427242930248e-06,1,1,529448.03746731812,526803.45200986066,9395137.1734731346,0.68127815491592425,8.2480951000303821e-07,8.2480951000303821e-07,8.2402691426224286e-07,8.2402691426224286e-07
SG-006a,SG-006a,rectangular,default,E_x_1_1,closed_form,E_x,1,1,34,1.9208860759493671,4.5614581931901866e-06,4.5614581931901866e-06,1,1,519836.16882706835,517286.5028390509,9396202.6713648532,0.69271785864283653,8.2199434363305712e-07,8.2199434363305712e-07,8.2126099848741511e-07,8.2126099848741511e-07
SG-006a,SG-006a,rectangular,default,E_x_1_1,closed_form,E_x,1,1,35,1.9670886075949365,4.6711736620873467e-06,4.6711736620873467e-06,1,1,510567.07477535948,508107.30819452961,9397211.7053580787,0.70355253448372879,8.1935482207560855e-07,8.1935482207560855e-07,8.1866653783194003e-07,8.1866653783194003e-07
SG-006a,SG-006a,rectangular,default,E_x_1_1,closed_form,E_x,1,1,36,2.0132911392405064,4.7808891309845085e-06,4.7808891309845085e-06,1,1,501622.74069323385,499248.20131536404,9398168.1975429151,0.7138241077804649,8.168761343597765e-07,8.168761343597765e-07,8.1622917067069461e-07,8.1622917067069461e-07
SG-006a,SG-006a,rectangular,default,E_x_1_1,closed_form,E_x,1,1,37,2.0594936708860758,4.8906045998816695e-06,4.8906045998816695e-06,1,1,492986.39257949562,490692.72644171392,9399075.7351323068,0.72357093426701269,8.1454504397025836e-07,8.1454504397025836e-07,8.1393605179067557e-07,8.1393605179067557e-07
SG-006a,SG-006a,rectangular,default,E_x_1_1,closed_form,E_x,1,1,38,2.1056962025316452,5.0003200687788296e-06,5.0003200687788296e-06,1,1,484642.3920608433,482425.53680011653,9399937.6042112615,0.73282815866493289,8.1234968725944478e-07,8.1234968725944478e-07,8.117756595447522e-07,8.117756595447522e-07
SG-006a,SG-006a,rectangular,default,E_x_1_1,closed_form,E_x,1,1,39,2.1518987341772151,5.1100355376759914e-06,5.1100355376759914e-06,1,1,476576.14188652963,474432.30273036793,9400756.8195818551,0.741628031943663,8.1027940195560915e-07,8.1027940195560915e-07,8.0973763160328395e-07,8.0973763160328395e-07
SG-006a,SG-006a,rectangular,default,E_x_1_1,closed_form,E_x,1,1,40,2.1981012658227845,5.2197510065731515e-06,5.2197510065731515e-06,1,1,468774.00070604036,466699.62879693089,9401536.1512120515,0.75000019260336137,8.0832458065312399e-07,8.0832458065312399e-07,8.0781262447634472e-07,8.0781262447634472e-07
SG-006a,SG-006a,rectangular,default,E_x_1_1,closed_form,E_x,1,1,41,2.2443037974683544,5.3294664754703134e-06,5.3294664754703134e-06,1,1,461223.20608310035,459214.97887624812,9402278.1477230489,0.75797191656768526,8.0647654514145902e-07,8.0647654514145902e-07,8.0599219288969423e-07,8.0599219288969423e-07
SG-006a,SG-006a,rectangular,default,E_x_1_1,closed_form,E_x,1,1,42,2.2905063291139238,5.4391819443674735e-06,5.4391819443674735e-06,1,1,453911.8048320653,451966.6083387059,9402985.1572883576,0.76556833962789184,8.0472743819766202e-07,8.0472743819766202e-07,8.0426868581899942e-07,8.0426868581899942e-07
SG-006a,SG-006a,rectangular,default,E_x_1_1,closed_form,E_x,1,1,43,2.3367088607594937,5.5488974132646353e-06,5.5488974132646353e-06,1,1,446828.58987684193,444943.50255354139,9403659.3462655973,0.77281265583026881,8.0307013007820364e-07,8.0307013007820364e-07,8.0263515656183642e-07,8.0263515656183642e-07
SG-006a,SG-006a,rectangular,default,E_x_1_1,closed_form,E_x,1,1,44,2.3829113924050631,5.6586128821617963e-06,5.6586128821617963e-06,1,1,439963.04293080897,438135.32103945245,9404302.7158379462,0.77972629473495103,8.0149813743532495e-07,8.0149813743532495e-07,8.0108528468801959e-07,8.0108528468801959e-07
SG-006a,SG-006a,rectangular,default,E_x_1_1,closed_form,E_x,1,1,45,2.429113924050633,5.7683283510589572e-06,5.7683283510589572e-06,1,1,433305.28238112794,431532.34666531894,9404917.1169046666,0.78632908007940772,8.0000555277683201e-07,8.0000555277683201e-07,7.9961330808042168e-07,7.9961330808042168e-07
SG-006a,SG-006a,rectangular,default,E_x_1_1,closed_form,E_x,1,1,46,2.4753164556962024,5.8780438199561182e-06,5.8780438199561182e-06,1,1,426846.01583437488,425125.43937618827,9405504.263428187,0.79263937204292079,7.9858698290693243e-07,7.9858698290693243e-07,7.9821396357955019e-07,7.9821396357955019e-07
SG-006a,SG-006a,rectangular,default,E_x_1_1,closed_form,E_x,1,1,47,2.5215189873417723,5.9877592888532792e-06,5.9877592888532792e-06,1,1,420576.4968442347,418905.99398110301,9406065.744417971,0.79867419502100168,7.9723749504482247e-07,7.9723749504482247e-07,7.9688243499031923e-07,7.9688243499031923e-07
SG-006a,SG-006a,rectangular,default,E_x_1_1,closed_form,E_x,1,1,48,2.5677215189873417,6.0974747577504401e-06,6.0974747577504401e-06,1,1,414488.48539749708,412865.9015928022,9406603.0347080734,0.80444935257229211,7.9595256952944745e-07,7.9595256952944745e-07,7.9561430741002194e-07,7.9561430741002194e-07
SG-006a,SG-006a,rectangular,default,E_x_1_1,closed_form,E_x,1,1,49,2.6139240506329111,6.2071902266476003e-06,6.2071902266476003e-06,1,1,408574.21178296889,406997.51435595215,9407117.5046651922,0.80997953098862363,7.9472805819261288e-07,7.9472805819261288e-07,7.9440552700132169e-07,7.9440552700132169e-07
SG-006a,SG-006a,rectangular,default,E_x_1_1,closed_form,E_x,1,1,50,2.660126582278481,6.3169056955447621e-06,6.3169056955447621e-06,1,1,402826.34351016441,401293.6131412898,9407610.428946903,0.81527839275759462,7.9356014762586107e-07,7.9356014762586107e-07,7.9325236547008464e-07,7.9325236547008464e-07
SG-006a,SG-006a,rectangular,default,E_x_1_1,closed_form,E_x,1,1,51,2.7063291139240504,6.4266211644419231e-06,6.4266211644419231e-06,1,1,397237.95498160657,395747.37791874266,9408082.9944147877,0.82035866102882904,7.9244532668507847e-07,7.9244532668507847e-07,7.921513886205813e-07,7.921513886205813e-07
SG-006a,SG-006a,rectangular,default,E_x_1_1,closed_form,E_x,1,1,52,2.7525316455696203,6.536336633339084e-06,6.536336633339084e-06,1,1,391802.49965499394,390352.36055387359,9408536.3072944768,0.8252321960609682,7.9138035767531518e-07,7.9138035767531518e-07,7.9109942845432843e-07,7.9109942845432843e-07
SG-006a,SG-006a,rectangular,default,E_x_1_1,closed_form,E_x,1,1,53,2.7987341772151897,6.646052102236245e-06,6.646052102236245e-06,1,1,386513.78445996821,385102.45979951211,9408971.3996633589,0.8299100645068781,7.9036225074047795e-07,7.9036225074047795e-07,7.9009355835712486e-07,7.9009355835712486e-07
SG-006a,SG-006a,rectangular,default,E_x_1_1,closed_form,E_x,1,1,54,2.8449367088607596,6.7557675711334068e-06,6.7557675711334068e-06,1,1,381365.94625928579,379991.89827864995,9409389.2353372555,0.83440260229470464,7.8938824105134992e-07,7.8938824105134992e-07,7.8913107098442428e-07,7.8913107098442428e-07
SG-006a,SG-006a,rectangular,default,E_x_1_1,closed_form,E_x,1,1,55,2.891139240506329,6.8654830400305669e-06,6.8654830400305669e-06,1,1,376353.43016629614,375015.20127604593,9409790.715218816,0.83871947177167228,7.884557684431884e-07,7.884557684431884e-07,7.8820945851035157e-07,7.8820945851035157e-07
SG-006a,SG-006a,rectangular,default,E_x_1_1,closed_form,E_x,1,1,56,2.9373417721518984,6.9751985089277271e-06,6.9751985089277271e-06,1,1,371470.96955015429,370167.17717486445,9410176.6821632069,0.8428697137016693,7.8756245920286256e-07,7.8756245920286256e-07,7.8732639495219155e-07,7.8732639495219155e-07
SG-006a,SG-006a,rectangular,default,E_x_1_1,closed_form,E_x,1,1,57,2.9835443037974683,7.0849139778248889e-06,7.0849139778248889e-06,1,1,366713.56757746416,365442.89939138608,9410547.9254102577,0.84686179463932265,7.8670610974669157e-07,7.8670610974669157e-07,7.8647972032156984e-07,7.8647972032156984e-07
SG-006a,SG-006a,rectangular,default,E_x_1_1,closed_form,E_x,1,1,58,3.0297468354430377,7.1946294467220498e-06,7.1946294467220498e-06,1,1,362076.48015435546,360837.68967563927,9410905.1846266538,0.85070365014454152,7.8588467196507974e-07,7.8588467196507974e-07,7.8566742638697129e-07,7.8566742638697129e-07
SG-006a,SG-006a,rectangular,default,E_x_1_1,closed_form,E_x,1,1,59,3.0759493670886076,7.3043449156192108e-06,7.3043449156192108e-06,1,1,357555.20014658314,356347.10265896353,9411249.1535969321,0.85440272424982633,7.8509624003977775e-07,7.8509624003977775e-07,7.848876438607073e-07,7.848876438607073e-07
SG-006a,SG-006a,rectangular,default,E_x_1_1,closed_form,E_x,1,1,60,3.122151898734177,7.4140603845163718e-06,7.4140603845163718e-06,1,1,353145.44276731589,351966.91154121415,9411580.4835976977,0.85796600554692659,7.8433903856495583e-07,7.8433903856495583e-07,7.8413863084774952e-07,7.8413863084774952e-07
SG-006a,SG-006a,rectangular,default,E_x_1_1,closed_form,E_x,1,1,61,3.1683544303797468,7.5237758534135336e-06,7.5237758534135336e-06,1,1,348843.13203303289,347693.09482073947,9411899.7864858098,0.86140006022017102,7.8361141182497981e-07,7.8361141182497981e-07,7.8341876241465351e-07,7.8341876241465351e-07
SG-006a,SG-006a,rectangular,default,E_x_1_1,closed_form,E_x,1,1,62,3.2145569620253163,7.6334913223106946e-06,7.6334913223106946e-06,1,1,344644.38819753722,343521.82397956017,9412207.63752787,0.86471106231776218,7.8291181410038794e-07,7.8291181410038794e-07,7.8272652115466091e-07,7.8272652115466091e-07
SG-006a,SG-006a,rectangular,default,E_x_1_1,closed_form,E_x,1,1,63,3.2607594936708861,7.7432067912078555e-06,7.7432067912078555e-06,1,1,340545.5160826568,339449.4520444849,9412504.5779955387,0.86790482152216064,7.8223880088958358e-07,7.8223880088958358e-07,7.8206048864044037e-07,7.8206048864044037e-07
SG-006a,SG-006a,rectangular,default,E_x_1_1,closed_form,E_x,1,1,64,3.3069620253164556,7.8529222601050165e-06,7.8529222601050165e-06,1,1,336542.99423185945,335472.50295232527,9412791.1175485365,0.87098680865278777,7.8159102094755267e-07,7.8159102094755267e-07,7.8141933766919255e-07,7.8141933766919255e-07
SG-006a,SG-006a,rectangular,default,E_x_1_1,closed_form,E_x,1,1,65,3.353164556962025,7.9626377290021758e-06,7.9626377290021758e-06,1,1,332633.46481986518,331587.66165402951,9413067.7364249863,0.87396217911031382,7.809672090548516e-07,7.809672090548516e-07,7.8080182521631512e-07,7.8080182521631512e-07
SG-006a,SG-006a,rectangular,default,E_x_1_1,closed_form,E_x,1,1,66,3.3993670886075948,8.0723531978993384e-06,8.0723531978993384e-06,1,1,328813.72425748571,327791.76489852095,9413334.8874566723,0.87683579445015725,7.8036617944043818e-07,7.8036617944043818e-07,7.8020678602376108e-07,7.8020678602376108e-07
SG-006a,SG-006a,rectangular,default,E_x_1_1,closed_form,E_x,1,1,67,3.4455696202531643,8.1820686667964977e-06,8.1820686667964977e-06,1,1,325080.71443644265,324081.79264239338,9413592.997925045,0.87961224225391554,7.7978681979089465e-07,7.7978681979089465e-07,7.7963312675786982e-07,7.7963312675786982e-07
SG-006a,SG-006a,rectangular,default,E_x_1_1,closed_form,E_x,1,1,68,3.4917721518987341,8.2917841356936604e-06,8.2917841356936604e-06,1,1,321431.51456387254,320454.860036431,9413842.4712722097,0.88229585445065339,7.792280857863944e-07,7.792280857863944e-07,7.7907982067895858e-07,7.7907982067895858e-07
SG-006a,SG-006a,rectangular,default,E_x_1_1,closed_form,E_x,1,1,69,3.5379746835443036,8.4014996045908214e-06,8.4014996045908214e-06,1,1,317863.33354070026,316908.20994426648,9414083.6886796672,0.88489072422427895,7.7868899611057227e-07,7.7868899611057227e-07,7.7854590277153278e-07,7.7854590277153278e-07
SG-006a,SG-006a,rectangular,default,E_x_1_1,closed_form,E_x,1,1,70,3.5841772151898734,8.5112150734879823e-06,8.5112150734879823e-06,1,1,314373.50284207903,313439.20595240092,9414317.0105264131,0.88740072163094852,7.7816862788740353e-07,7.7816862788740353e-07,7.7803046528969954e-07,7.7803046528969954e-07
SG-006a,SG-006a,rectangular,default,E_x_1_1,closed_form,E_x,1,1,71,3.6303797468354428,8.6209305423851433e-06,8.6209305423851433e-06,1,1,310959.46986173379,310045.32583434484,9414542.7777367849,0.88982950803723537,7.7766611250340458e-07,7.7766611250340458e-07,7.7753265367739707e-07,7.7753265367739707e-07
SG-006a,SG-006a,rectangular,default,E_x_1_1,closed_form,E_x,1,1,72,3.6765822784810127,8.7306460112823043e-06,8.7306460112823043e-06,1,1,307618.79168531881,306724.15543482598,9414761.3130274918,0.89218054948005598,7.7718063177803215e-07,7.7718063177803215e-07,7.7705166282745858e-07,7.7705166282745858e-07
SG-006a,SG-006a,rectangular,default,E_x_1_1,closed_form,E_x,1,1,73,3.7227848101265821,8.8403614801794652e-06,8.8403614801794652e-06,1,1,304349.12926087237,303473.38294290227,9414972.9220623691,0.8944571290393265,7.7671141444917164e-07,7.7671141444917164e-07,7.7658673364740417e-07,7.7658673364740417e-07
SG-006a,SG-006a,rectangular,default,E_x_1_1,closed_form,E_x,1,1,74,3.7689873417721516,8.9500769490766245e-06,8.9500769490766245e-06,1,1,301148.24193713185,300290.79352542874,9415177.8945225626,0.89666235830579155,7.7625773294413783e-07,7.7625773294413783e-07,7.7613714990326847e-07,7.7613714990326847e-07
SG-006a,SG-006a,rectangular,default,E_x_1_1,closed_form,E_x,1,1,75,3.8151898734177214,9.0597924179737872e-06,9.0597924179737872e-06,1,1,298013.9823429102,297174.26429469959,9415376.5050991606,0.89879918801897329,7.7581890040972519e-07,7.7581890040972519e-07,7.757022353157832e-07,7.757022353157832e-07
SG-006a,SG-006a,rectangular,default,E_x_1_1,closed_form,E_x,1,1,76,3.8613924050632908,9.1695078868709481e-06,9.1695078868709481e-06,1,1,294944.29158294323,294121.75958623807,9415569.0144146252,0.90087041794306777,7.7539426797759924e-07,7.7539426797759924e-07,7.7528135088589463e-07,7.7528135088589463e-07
SG-006a,SG-006a,rectangular,default,E_x_1_1,closed_form,E_x,1,1,77,3.9075949367088607,9.2792233557681091e-06,9.2792233557681091e-06,1,1,291937.19472761883,291131.32652465953,9415755.6698788032,0.90287870604259657,7.7498322224375036e-07,7.7498322224375036e-07,7.7487389242895277e-07,7.7487389242895277e-07
SG-006a,SG-006a,rectangular,default,E_x_1_1,closed_form,E_x,1,1,78,3.9537974683544301,9.3889388246652701e-06,9.3889388246652701e-06,1,1,288990.79657582921,288201.09085731168,9415936.7064847779,0.90482657701405311,7.7458518294289717e-07,7.7458518294289717e-07,7.7447928829899754e-07,7.7447928829899754e-07
SG-006a,SG-006a,rectangular,default,E_x_1_1,closed_form,E_x,1,1,79,4,9.498654293562431e-06,9.498654293562431e-06,1,1,286103.27767184121,285329.25303701457,9416112.3475493342,0.90671643022451232,7.7419960080063509e-07,7.7419960080063509e-07,7.7409699728642392e-07,7.7409699728642392e-07
SG-006a,SG-006a,rectangular,default,E_y_2_1,closed_form,E_y,2,1,0,0.34999999999999998,8.3113225068671265e-07,8.3113225068671265e-07,0,0,2681809.7372842897,1358172.7328714607,nan,nan,nan,nan,nan,nan
SG-006a,SG-006a,rectangular,default,E_y_2_1,closed_form,E_y,2,1,1,0.39620253164556962,9.4084771958387373e-07,9.4084771958387373e-07,0,0,2561840.9887659615,1296668.9120190309,nan,nan,nan,nan,nan,nan
SG-006a,SG-006a,rectangular,default,E_y_2_1,closed_form,E_y,2,1,2,0.44240506329113921,1.0505631884810347e-06,1.0505631884810347e-06,0,0,2452146.0721683111,1240494.0796175629,nan,nan,nan,nan,nan,nan
SG-006a,SG-006a,rectangular,default,E_y_2_1,closed_form,E_y,2,1,3,0.4886075949367088,1.1602786573781955e-06,1.1602786573781955e-06,0,0,2351459.4378125034,1188984.400613666,nan,nan,nan,nan,nan,nan
SG-006a,SG-006a,rectangular,default,E_y_2_1,closed_form,E_y,2,1,4,0.53481012658227844,1.2699941262753566e-06,1.2699941262753566e-06,0,0,2258715.1949122665,1141581.9032079333,nan,nan,nan,nan,nan,nan
SG-006a,SG-006a,rectangular,default,E_y_2_1,closed_form,E_y,2,1,5,0.58101265822784809,1.3797095951725176e-06,1.3797095951725176e-06,0,0,2173009.2317257971,1097814.1851158601,nan,nan,nan,nan,nan,nan
SG-006a,SG-006a,rectangular,default,E_y_2_1,closed_form,E_y,2,1,6,0.62721518987341773,1.4894250640696788e-06,1.4894250640696788e-06,0,0,2093569.6444422628,1057278.6157714052,nan,nan,nan,nan,nan,nan
SG-006a,SG-006a,rectangular,default,E_y_2_1,closed_form,E_y,2,1,7,0.67341772151898727,1.5991405329668395e-06,1.5991405329668395e-06,0,0,2019733.423570005,1019629.9137990228,nan,nan,nan,nan,nan,nan
SG-006a,SG-006a,rectangular,default,E_y_2_1,closed_form,E_y,2,1,8,0.71962025316455691,1.7088560018640005e-06,1.7088560018640005e-06,0,0,1950927.9056223293,984570.28735199326,nan,nan,nan,nan,nan,nan
SG-006a,SG-006a,rectangular,default,E_y_2_1,closed_form,E_y,2,1,9,0.76582278481012656,1.8185714707611615e-06,1.8185714707611615e-06,0,0,1886655.8911740978,951841.54095961642,nan,nan,nan,nan,nan,nan
SG-006a,SG-006a,rectangular,default,E_y_2_1,closed_form,E_y,2,1,10,0.81202531645569609,1.9282869396583225e-06,1.9282869396583225e-06,0,0,1826483.6107523434,921218.70601487742,nan,nan,nan,nan,nan,nan
SG-006a,SG-006a,rectangular,default,E_y_2_1,closed_form,E_y,2,1,11,0.85822784810126573,2.0380024085554834e-06,2.0380024085554834e-06,0,0,1770030.9224178414,892504.86246575916,nan,nan,nan,nan,nan,nan
SG-006a,SG-006a,rectangular,default,E_y_2_1,closed_form,E_y,2,1,12,0.90443037974683538,2.1477178774526444e-06,2.1477178774526444e-06,0,0,1716963.2726762416,865526.8996625772,nan,nan,nan,nan,nan,nan
SG-006a,SG-006a,rectangular,default,E_y_2_1,closed_form,E_y,2,1,13,0.95063291139240502,2.2574333463498054e-06,2.2574333463498054e-06,0,0,1666985.0614237098,840132.02347506338,nan,nan,nan,nan,nan,nan
SG-006a,SG-006a,rectangular,default,E_y_2_1,closed_form,E_y,2,1,14,0.99683544303797456,2.3671488152469663e-06,2.3671488152469663e-06,0,0,1619834.1329337612,816184.86077724129,nan,nan,nan,nan,nan,nan
SG-006a,SG-006a,rectangular,default,E_y_2_1,closed_form,E_y,2,1,15,1.0430379746835441,2.4768642841441269e-06,2.4768642841441269e-06,0,0,1575277.1760663053,793565.0454115913,nan,nan,nan,nan,nan,nan
SG-006a,SG-006a,rectangular,default,E_y_2_1,closed_form,E_y,2,1,16,1.089240506329114,2.5865797530412887e-06,2.5865797530412887e-06,0,0,1533105.8633151304,772165.19474506215,nan,nan,nan,nan,nan,nan
SG-006a,SG-006a,rectangular,default,E_y_2_1,closed_form,E_y,2,1,17,1.1354430379746834,2.6962952219384492e-06,2.6962952219384492e-06,0,0,1493133.5938490473,751889.20502212388,nan,nan,nan,nan,nan,nan
SG-006a,SG-006a,rectangular,default,E_y_2_1,closed_form,E_y,2,1,18,1.1816455696202532,2.8060106908356106e-06,2.8060106908356106e-06,0,0,1455192.7331133673,732650.80841600639,nan,nan,nan,nan,nan,nan
SG-006a,SG-006a,rectangular,default,E_y_2_1,closed_form,E_y,2,1,19,1.2278481012658227,2.9157261597327712e-06,2.9157261597327712e-06,0,0,1419132.2628564837,714372.34607548336,nan,nan,nan,nan,nan,nan
SG-006a,SG-006a,rectangular,default,E_y_2_1,closed_form,E_y,2,1,20,1.2740506329113923,3.0254416286299322e-06,3.0254416286299322e-06,0,0,1384815.7721091942,696983.72036417387,nan,nan,nan,nan,nan,nan
SG-006a,SG-006a,rectangular,default,E_y_2_1,closed_form,E_y,2,1,21,1.320253164556962,3.1351570975270935e-06,3.1351570975270935e-06,0,0,1352119.7327665917,680421.49648566428,nan,nan,nan,nan,nan,nan
SG-006a,SG-006a,rectangular,default,E_y_2_1,closed_form,E_y,2,1,22,1.3664556962025314,3.2448725664242541e-06,3.2448725664242541e-06,0,1,1320932.0138204142,664628.12922252796,9308052.8401226196,-0.24931564121144187,1.3645736929891369e-05,1.3645736929891369e-05,8.7420428891950458e-07,8.7420428891950458e-07
SG-006a,SG-006a,rectangular,default,E_y_2_1,closed_form,E_y,2,1,23,1.4126582278481012,3.3545880353214155e-06,3.3545880353214155e-06,0,1,1291150.5965779703,649551.29492211866,9313294.4150835052,-0.1935486343672827,3.4676699971687346e-06,3.4676699971687346e-06,8.6765980534691585e-07,8.6765980534691585e-07
SG-006a,SG-006a,rectangular,default,E_y_2_1,closed_form,E_y,2,1,24,1.4588607594936707,3.464303504218576e-06,3.464303504218576e-06,0,1,1262682.4598472498,635143.3123874634,9318190.0382063389,-0.14143397888083531,2.532946403607433e-06,2.532946403607433e-06,8.6167691033600043e-07,8.6167691033600043e-07
SG-006a,SG-006a,rectangular,default,E_y_2_1,closed_form,E_y,2,1,25,1.5050632911392405,3.5740189731157374e-06,3.5740189731157374e-06,0,1,1235442.6094214481,621360.63916850626,9322769.5522694495,-0.092659560717896938,2.1132944844299688e-06,2.1132944844299688e-06,8.5618988544843999e-07,8.5618988544843999e-07
SG-006a,SG-006a,rectangular,default,E_y_2_1,closed_form,E_y,2,1,26,1.55126582278481,3.683734442012898e-06,3.683734442012898e-06,0,1,1209353.230532282,608163.4320435999,9327059.6445787977,-0.046945907337935043,1.8643724626412676e-06,1.8643724626412676e-06,8.5114273892953196e-07,8.5114273892953196e-07
SG-006a,SG-006a,rectangular,default,E_y_2_1,closed_form,E_y,2,1,27,1.5974683544303798,3.7934499109100598e-06,3.7934499109100598e-06,0,1,1184342.9454705087,595515.16234627389,9331084.2397191003,-0.0040421752882037485,1.6962227293250736e-06,1.6962227293250736e-06,8.4648747371945755e-07,8.4648747371945755e-07
SG-006a,SG-006a,rectangular,default,E_y_2_1,closed_form,E_y,2,1,28,1.6436708860759492,3.9031653798072199e-06,3.9031653798072199e-06,1,1,1160346.1614576066,583382.27831544797,9334864.8363402858,0.036277298348452718,1.5736258574929293e-06,1.5736258574929293e-06,8.4218271362785071e-07,8.4218271362785071e-07
SG-006a,SG-006a,rectangular,default,E_y_2_1,closed_form,E_y,2,1,29,1.6898734177215187,4.0128808487043809e-06,4.0128808487043809e-06,1,1,1137302.4962223317,571733.90789668122,9338420.7969255652,0.074215969423798878,1.4796156880962277e-06,1.4796156880962277e-06,8.3819260386049625e-07,8.3819260386049625e-07
SG-006a,SG-006a,rectangular,default,E_y_2_1,closed_form,E_y,2,1,30,1.7360759493670885,4.1225963176015427e-06,4.1225963176015427e-06,1,1,1115156.2706903524,560541.596451352,9341769.5979076698,0.10995765846566706,1.4048903594735547e-06,1.4048903594735547e-06,8.3448592384896533e-07,8.3448592384896533e-07
SG-006a,SG-006a,rectangular,default,E_y_2_1,closed_form,E_y,2,1,31,1.782278481012658,4.2323117864987028e-06,4.2323117864987028e-06,1,1,1093856.0598136338,549779.07468208391,9344927.0462243296,0.14366878154306362,1.3438739726421734e-06,1.3438739726421734e-06,8.3103536592011106e-07,8.3103536592011106e-07
SG-006a,SG-006a,rectangular,default,E_y_2_1,closed_form,E_y,2,1,32,1.8284810126582278,4.3420272553958646e-06,4.3420272553958646e-06,1,1,1073354.2939117139,539422.05278981535,9347907.4673698805,0.17550029093114791,1.29299762847729e-06,1.29299762847729e-06,8.2781694464547446e-07,8.2781694464547446e-07
SG-006a,SG-006a,rectangular,default,E_y_2_1,closed_form,E_y,2,1,33,1.8746835443037972,4.4517427242930248e-06,4.4517427242930248e-06,1,1,1053606.9040197213,529448.03746731812,9350723.8691573106,0.20558936793099236,1.2498591358922609e-06,1.2498591358922609e-06,8.2480951000303821e-07,8.2480951000303821e-07
SG-006a,SG-006a,rectangular,default,E_y_2_1,closed_form,E_y,2,1,34,1.9208860759493671,4.5614581931901866e-06,4.5614581931901866e-06,1,1,1034573.0056781018,519836.16882706835,9353388.084715914,0.2340609033698737,1.2127757991641203e-06,1.2127757991641203e-06,8.2199434363305712e-07,8.2199434363305712e-07
SG-006a,SG-006a,rectangular,default,E_y_2_1,closed_form,E_y,2,1,35,1.9670886075949365,4.6711736620873467e-06,4.6711736620873467e-06,1,1,1016214.6163890592,510567.07477535948,9355910.8976837117,0.26102879567982318,1.1805300695640872e-06,1.1805300695640872e-06,8.1935482207560855e-07,8.1935482207560855e-07
SG-006a,SG-006a,rectangular,default,E_y_2_1,closed_form,E_y,2,1,36,2.0132911392405064,4.7808891309845085e-06,4.7808891309845085e-06,1,1,998496.40263072809,501622.74069323385,9358302.1520870533,0.28659709179773524,1.1522169525750035e-06,1.1522169525750035e-06,8.168761343597765e-07,8.168761343597765e-07
SG-006a,SG-006a,rectangular,default,E_y_2_1,closed_form,E_y,2,1,37,2.0594936708860758,4.8906045998816695e-06,4.8906045998816695e-06,1,1,981385.45288342785,492986.39257949562,9360570.8490136713,0.31086099226792585,1.1271483492288729e-06,1.1271483492288729e-06,8.1454504397025836e-07,8.1454504397025836e-07
SG-006a,SG-006a,rectangular,default,E_y_2_1,closed_form,E_y,2,1,38,2.1056962025316452,5.0003200687788296e-06,5.0003200687788296e-06,1,1,964851.07360023307,484642.3920608433,9362725.2318646144,0.33390773871027124,1.104790838676802e-06,1.104790838676802e-06,8.1234968725944478e-07,8.1234968725944478e-07
SG-006a,SG-006a,rectangular,default,E_y_2_1,closed_form,E_y,2,1,39,2.1518987341772151,5.1100355376759914e-06,5.1100355376759914e-06,1,1,948864.60546073585,476576.14188652963,9364772.8617031947,0.35581739912943916,1.0847239228397632e-06,1.0847239228397632e-06,8.1027940195560915e-07,8.1027940195560915e-07
SG-006a,SG-006a,rectangular,default,E_y_2_1,closed_form,E_y,2,1,40,2.1981012658227845,5.2197510065731515e-06,5.2197510065731515e-06,1,1,933399.25759386178,468774.00070604036,9366720.6839955226,0.37666356428732806,1.0666112364191299e-06,1.0666112364191299e-06,8.0832458065312399e-07,8.0832458065312399e-07
SG-006a,SG-006a,rectangular,default,E_y_2_1,closed_form,E_y,2,1,41,2.2443037974683544,5.3294664754703134e-06,5.3294664754703134e-06,1,1,918429.95775249624,461223.20608310035,9368575.0878496692,0.39651396646599946,1.0501802239637241e-06,1.0501802239637241e-06,8.0647654514145902e-07,8.0647654514145902e-07
SG-006a,SG-006a,rectangular,default,E_y_2_1,closed_form,E_y,2,1,42,2.2905063291139238,5.4391819443674735e-06,5.4391819443674735e-06,1,1,903933.21667741181,453911.8048320653,9370341.9587027654,0.4154310303515289,1.0352074941527807e-06,1.0352074941527807e-06,8.0472743819766202e-07,8.0472743819766202e-07
SG-006a,SG-006a,rectangular,default,E_y_2_1,closed_form,E_y,2,1,43,2.3367088607594937,5.5488974132646353e-06,5.5488974132646353e-06,1,1,889887.00510708278,446828.58987684193,9372026.7252721004,0.43347236441715731,1.0215080702199852e-06,1.0215080702199852e-06,8.0307013007820364e-07,8.0307013007820364e-07
SG-006a,SG-006a,rectangular,default,E_y_2_1,closed_form,E_y,2,1,44,2.3829113924050631,5.6586128821617963e-06,5.6586128821617963e-06,1,1,876270.6420789049,439963.04293080897,9373634.4014736321,0.45069120003885604,1.0089273699970601e-06,1.0089273699970601e-06,8.0149813743532495e-07,8.0149813743532495e-07
SG-006a,SG-006a,rectangular,default,E_y_2_1,closed_form,E_y,2,1,45,2.429113924050633,5.7683283510589572e-06,5.7683283510589572e-06,1,1,863064.69333063788,433305.28238112794,9375169.623915663,0.46713678460210112,9.9733513396371643e-07,9.9733513396371643e-07,8.0000555277683201e-07,8.0000555277683201e-07
SG-006a,SG-006a,rectangular,default,E_y_2_1,closed_form,E_y,2,1,46,2.4753164556962024,5.8780438199561182e-06,5.8780438199561182e-06,1,1,850250.87875237653,426846.01583437488,9376636.685493974,0.48285473402754953,9.866207667976657e-07,9.866207667976657e-07,7.9858698290693243e-07,7.9858698290693243e-07
SG-006a,SG-006a,rectangular,default,E_y_2_1,closed_form,E_y,2,1,47,2.5215189873417723,5.9877592888532792e-06,5.9877592888532792e-06,1,1,837811.98796220601,420576.4968442347,9378039.5655453131,0.49788734943379548,9.76689720116483e-07,9.76689720116483e-07,7.9723749504482247e-07,7.9723749504482247e-07
SG-006a,SG-006a,rectangular,default,E_y_2_1,closed_form,E_y,2,1,48,2.5677215189873417,6.0974747577504401e-06,6.0974747577504401e-06,1,1,825731.8031856044,414488.48539749708,9379381.9569567051,0.51227390204719814,9.6746065272211215e-07,9.6746065272211215e-07,7.9595256952944745e-07,7.9595256952944745e-07
SG-006a,SG-006a,rectangular,default,E_y_2_1,closed_form,E_y,2,1,49,2.6139240506329111,6.2071902266476003e-06,6.2071902266476003e-06,1,1,813995.02871190431,408574.21178296889,9380667.2905770671,0.52605088994585947,9.5886317873215674e-07,9.5886317873215674e-07,7.9472805819261288e-07,7.9472805819261288e-07
SG-006a,SG-006a,rectangular,default,E_y_2_1,closed_form,E_y,2,1,50,2.660126582278481,6.3169056955447621e-06,6.3169056955447621e-06,1,1,802587.22628257959,402826.34351016441,9381898.7572338749,0.53925226977564944,9.5083606534131799e-07,9.5083606534131799e-07,7.9356014762586107e-07,7.9356014762586107e-07
SG-006a,SG-006a,rectangular,default,E_y_2_1,closed_form,E_y,2,1,51,2.7063291139240504,6.4266211644419231e-06,6.4266211644419231e-06,1,1,791494.75583748531,397237.95498160657,9383079.3276199084,0.55190966618863613,9.4332577811140924e-07,9.4332577811140924e-07,7.9244532668507847e-07,7.9244532668507847e-07
SG-006a,SG-006a,rectangular,default,E_y_2_1,closed_form,E_y,2,1,52,2.7525316455696203,6.536336633339084e-06,6.536336633339084e-06,1,1,780704.72110774717,391802.49965499394,9384211.7702824902,0.56405256141794247,9.362852974979395e-07,9.362852974979395e-07,7.9138035767531518e-07,7.9138035767531518e-07
SG-006a,SG-006a,rectangular,default,E_y_2_1,closed_form,E_y,2,1,53,2.7987341772151897,6.646052102236245e-06,6.646052102236245e-06,1,1,770204.91959902423,386513.78445996821,9385298.6679195333,0.57570846711387103,9.2967314898437984e-07,9.2967314898437984e-07,7.9036225074047795e-07,7.9036225074047795e-07
SG-006a,SG-006a,rectangular,default,E_y_2_1,closed_form,E_y,2,1,54,2.8449367088607596,6.7557675711334068e-06,6.7557675711334068e-06,1,1,759983.79655729991,381365.94625928579,9386342.432162188,0.58690308031245275,9.2345260285244924e-07,9.2345260285244924e-07,7.8938824105134992e-07,7.8938824105134992e-07
SG-006a,SG-006a,rectangular,default,E_y_2_1,closed_form,E_y,2,1,55,2.891139240506329,6.8654830400305669e-06,6.8654830400305669e-06,1,1,750030.40255209187,376353.43016629614,9387345.3170027714,0.59766042519001128,9.1759100972191539e-07,9.1759100972191539e-07,7.884557684431884e-07,7.884557684431884e-07
SG-006a,SG-006a,rectangular,default,E_y_2_1,closed_form,E_y,2,1,56,2.9373417721518984,6.9751985089277271e-06,6.9751985089277271e-06,1,1,740334.35434972891,371470.96955015429,9388309.4310080819,0.60800298206439873,9.120592455477241e-07,9.120592455477241e-07,7.8756245920286256e-07,7.8756245920286256e-07
SG-006a,SG-006a,rectangular,default,E_y_2_1,closed_form,E_y,2,1,57,2.9835443037974683,7.0849139778248889e-06,7.0849139778248889e-06,1,1,730885.79878277215,366713.56757746416,9389236.7484421507,0.61795180493790158,9.0683124546414059e-07,9.0683124546414059e-07,7.8670610974669157e-07,7.8670610974669157e-07
SG-006a,SG-006a,rectangular,default,E_y_2_1,closed_form,E_y,2,1,58,3.0297468354430377,7.1946294467220498e-06,7.1946294467220498e-06,1,1,721675.37935127853,362076.48015435546,9390129.1194083951,0.62752662873041298,9.0188361020810842e-07,9.0188361020810842e-07,7.8588467196507974e-07,7.8588467196507974e-07
SG-006a,SG-006a,rectangular,default,E_y_2_1,closed_form,E_y,2,1,59,3.0759493670886076,7.3043449156192108e-06,7.3043449156192108e-06,1,1,712694.20531792706,357555.20014658314,9390988.2791087888,0.63674596722331767,8.971952721892376e-07,8.971952721892376e-07,7.8509624003977775e-07,7.8509624003977775e-07
SG-006a,SG-006a,rectangular,default,E_y_2_1,closed_form,E_y,2,1,60,3.122151898734177,7.4140603845163718e-06,7.4140603845163718e-06,1,1,703933.82308242831,353145.44276731589,9391815.8563068882,0.64562720262269224,8.9274721085573419e-07,8.9274721085573419e-07,7.8433903856495583e-07,7.8433903856495583e-07
SG-006a,SG-006a,rectangular,default,E_y_2_1,closed_form,E_y,2,1,61,3.1683544303797468,7.5237758534135336e-06,7.5237758534135336e-06,1,1,695386.18964147894,348843.13203303289,9392613.3810720406,0.65418666755141974,8.8852220901925003e-07,8.8852220901925003e-07,7.8361141182497981e-07,7.8361141182497981e-07
SG-006a,SG-006a,rectangular,default,E_y_2_1,closed_form,E_y,2,1,62,3.2145569620253163,7.6334913223106946e-06,7.6334913223106946e-06,1,1,687043.64795912034,344644.38819753722,9393382.2918737438,0.66243972019276298,8.845046433831873e-07,8.845046433831873e-07,7.8291181410038794e-07,7.8291181410038794e-07
SG-006a,SG-006a,rectangular,default,E_y_2_1,closed_form,E_y,2,1,63,3.2607594936708861,7.7432067912078555e-06,7.7432067912078555e-06,1,1,678898.90408896981,340545.5160826568,9394123.9420877919,0.67040081323170775,8.8068030376942737e-07,8.8068030376942737e-07,7.8223880088958358e-07,7.8223880088958358e-07
SG-006a,SG-006a,rectangular,default,E_y_2_1,closed_form,E_y,2,1,64,3.3069620253164556,7.8529222601050165e-06,7.8529222601050165e-06,1,1,670945.00590465055,336542.99423185945,9394839.6059692968,0.67808355717204982,8.770362365332952e-07,8.770362365332952e-07,7.8159102094755267e-07,7.8159102094755267e-07
SG-006a,SG-006a,rectangular,default,E_y_2_1,closed_form,E_y,2,1,65,3.353164556962025,7.9626377290021758e-06,7.9626377290021758e-06,1,1,663175.32330805901,332633.46481986518,9395530.4841419924,0.68550077854783675,8.7356060845280584e-07,8.7356060845280584e-07,7.809672090548516e-07,7.809672090548516e-07
SG-006a,SG-006a,rectangular,default,E_y_2_1,closed_form,E_y,2,1,66,3.3993670886075948,8.0723531978993384e-06,8.0723531978993384e-06,1,1,655583.52979704191,328813.72425748571,9396197.7086480595,0.69266457349388899,8.7024258801908287e-07,8.7024258801908287e-07,7.8036617944043818e-07,7.8036617944043818e-07
SG-006a,SG-006a,rectangular,default,E_y_2_1,closed_form,E_y,2,1,67,3.4455696202531643,8.1820686667964977e-06,8.1820686667964977e-06,1,1,648163.58528478676,325080.71443644265,9396842.3475982882,0.69958635709403183,8.6707224157342005e-07,8.6707224157342005e-07,7.7978681979089465e-07,7.7978681979089465e-07
SG-006a,SG-006a,rectangular,default,E_y_2_1,closed_form,E_y,2,1,68,3.4917721518987341,8.2917841356936604e-06,8.2917841356936604e-06,1,1,640909.72007286199,321431.51456387254,9397465.4094583169,0.70627690888269401,8.6404044215821788e-07,8.6404044215821788e-07,7.792280857863944e-07,7.792280857863944e-07
SG-006a,SG-006a,rectangular,default,E_y_2_1,closed_form,E_y,2,1,69,3.5379746835443036,8.4014996045908214e-06,8.4014996045908214e-06,1,1,633816.41988853295,317863.33354070026,9398067.8470031451,0.71274641483885481,8.6113878929372593e-07,8.6113878929372593e-07,7.7868899611057227e-07,7.7868899611057227e-07
SG-006a,SG-006a,rectangular,default,E_y_2_1,closed_form,E_y,2,1,70,3.5841772151898734,8.5112150734879823e-06,8.5112150734879823e-06,1,1,626878.41190480185,314373.50284207903,9398650.5609689932,0.71900450617834377,8.5835953817553951e-07,8.5835953817553951e-07,7.7816862788740353e-07,7.7816862788740353e-07
SG-006a,SG-006a,rectangular,default,E_y_2_1,closed_form,E_y,2,1,71,3.6303797468354428,8.6209305423851433e-06,8.6209305423851433e-06,1,1,620090.65166868968,310959.46986173379,9399214.4034286551,0.7250602952198848,8.5569553702120857e-07,8.5569553702120857e-07,7.7766611250340458e-07,7.7766611250340458e-07
SG-006a,SG-006a,rectangular,default,E_y_2_1,closed_form,E_y,2,1,72,3.6765822784810127,8.7306460112823043e-06,8.7306460112823043e-06,1,1,613448.31086965196,307618.79168531881,9399760.1809140593,0.73092240857488833,8.5314017148760581e-07,8.5314017148760581e-07,7.7718063177803215e-07,7.7718063177803215e-07
SG-006a,SG-006a,rectangular,default,E_y_2_1,closed_form,E_y,2,1,73,3.7227848101265821,8.8403614801794652e-06,8.8403614801794652e-06,1,1,606946.76588580455,304349.12926087237,9400288.6573074553,0.73659901788675453,8.5068731524145267e-07,8.5068731524145267e-07,7.7671141444917164e-07,7.7671141444917164e-07
SG-006a,SG-006a,rectangular,default,E_y_2_1,closed_form,E_y,2,1,74,3.7689873417721516,8.9500769490766245e-06,8.9500769490766245e-06,1,1,600581.58705085749,301148.24193713185,9400800.5565205943,0.74209786832406455,8.4833128589956125e-07,8.4833128589956125e-07,7.7625773294413783e-07,7.7625773294413783e-07
SG-006a,SG-006a,rectangular,default,E_y_2_1,closed_form,E_y,2,1,75,3.8151898734177214,9.0597924179737872e-06,9.0597924179737872e-06,1,1,594348.52858939918,298013.9823429102,9401296.5649795346,0.74742630501361451,8.4606680566777802e-07,8.4606680566777802e-07,7.7581890040972519e-07,7.7581890040972519e-07
SG-006a,SG-006a,rectangular,default,E_y_2_1,closed_form,E_y,2,1,76,3.8613924050632908,9.1695078868709481e-06,9.1695078868709481e-06,1,1,588243.51917247614,294944.29158294323,9401777.3339309879,0.75259129758147836,8.4388896610213479e-07,8.4388896610213479e-07,7.7539426797759924e-07,7.7539426797759924e-07
SG-006a,SG-006a,rectangular,default,E_y_2_1,closed_form,E_y,2,1,77,3.9075949367088607,9.2792233557681091e-06,9.2792233557681091e-06,1,1,582262.65304931905,291937.19472761883,9402243.4815847427,0.75759946295554093,8.4179319649546189e-07,8.4179319649546189e-07,7.7498322224375036e-07,7.7498322224375036e-07
SG-006a,SG-006a,rectangular,default,E_y_2_1,closed_form,E_y,2,1,78,3.9537974683544301,9.3889388246652701e-06,9.3889388246652701e-06,1,1,576402.18171462335,288990.79657582921,9402695.5951053388,0.76245708656870781,8.3977523546022555e-07,8.3977523546022555e-07,7.7458518294289717e-07,7.7458518294289717e-07
SG-006a,SG-006a,rectangular,default,E_y_2_1,closed_form,E_y,2,1,79,4,9.498654293562431e-06,9.498654293562431e-06,1,1,570658.50607402914,286103.27767184121,9403134.2324649952,0.76717014208974743,8.3783110533567473e-07,8.3783110533567473e-07,7.7419960080063509e-07,7.7419960080063509e-07
SG-006a,SG-006a,rectangular,default,E_x_2_1,closed_form,E_x,2,1,0,0.34999999999999998,8.3113225068671265e-07,8.3113225068671265e-07,0,0,2716345.4657429215,1340904.8686421448,nan,nan,nan,nan,nan,nan
SG-006a,SG-006a,rectangular,default,E_x_2_1,closed_form,E_x,2,1,1,0.39620253164556962,9.4084771958387373e-07,9.4084771958387373e-07,0,0,2593337.8240380618,1280920.4943829807,nan,nan,nan,nan,nan,nan
SG-006a,SG-006a,rectangular,default,E_x_2_1,closed_form,E_x,2,1,2,0.44240506329113921,1.0505631884810347e-06,1.0505631884810347e-06,0,0,2480988.1592351259,1226073.0360841556,nan,nan,nan,nan,nan,nan
SG-006a,SG-006a,rectangular,default,E_x_2_1,closed_form,E_x,2,1,3,0.4886075949367088,1.1602786573781955e-06,1.1602786573781955e-06,0,0,2377968.8012273321,1175729.7189062517,nan,nan,nan,nan,nan,nan
SG-006a,SG-006a,rectangular,default,E_x_2_1,closed_form,E_x,2,1,4,0.53481012658227844,1.2699941262753566e-06,1.2699941262753566e-06,0,0,2283163.8064158666,1129357.5974561332,nan,nan,nan,nan,nan,nan
SG-006a,SG-006a,rectangular,default,E_x_2_1,closed_form,E_x,2,1,5,0.58101265822784809,1.3797095951725176e-06,1.3797095951725176e-06,0,0,2195628.3702317202,1086504.6158628985,nan,nan,nan,nan,nan,nan
SG-006a,SG-006a,rectangular,default,E_x_2_1,closed_form,E_x,2,1,6,0.62721518987341773,1.4894250640696788e-06,1.4894250640696788e-06,0,0,2114557.2315428103,1046784.8222211314,nan,nan,nan,nan,nan,nan
SG-006a,SG-006a,rectangular,default,E_x_2_1,closed_form,E_x,2,1,7,0.67341772151898727,1.5991405329668395e-06,1.5991405329668395e-06,0,0,2039259.8275980456,1009866.7117850025,nan,nan,nan,nan,nan,nan
SG-006a,SG-006a,rectangular,default,E_x_2_1,closed_form,E_x,2,1,8,0.71962025316455691,1.7088560018640005e-06,1.7088560018640005e-06,0,0,1969140.5747039865,975463.95281116467,nan,nan,nan,nan,nan,nan
SG-006a,SG-006a,rectangular,default,E_x_2_1,closed_form,E_x,2,1,9,0.76582278481012656,1.8185714707611615e-06,1.8185714707611615e-06,0,0,1903683.0819192328,943327.94558704889,nan,nan,nan,nan,nan,nan
SG-006a,SG-006a,rectangular,default,E_x_2_1,closed_form,E_x,2,1,10,0.81202531645569609,1.9282869396583225e-06,1.9282869396583225e-06,0,0,1842437.4120297548,913241.80537617172,nan,nan,nan,nan,nan,nan
SG-006a,SG-006a,rectangular,default,E_x_2_1,closed_form,E_x,2,1,11,0.85822784810126573,2.0380024085554834e-06,2.0380024085554834e-06,0,0,1785009.7249315183,885015.46120892069,nan,nan,nan,nan,nan,nan
SG-006a,SG-006a,rectangular,default,E_x_2_1,closed_form,E_x,2,1,12,0.90443037974683538,2.1477178774526444e-06,2.1477178774526444e-06,0,0,1731053.7993251544,858481.63633812079,nan,nan,nan,nan,nan,nan
SG-006a,SG-006a,rectangular,default,E_x_2_1,closed_form,E_x,2,1,13,0.95063291139240502,2.2574333463498054e-06,2.2574333463498054e-06,0,0,1680264.0469501268,833492.53071185492,nan,nan,nan,nan,nan,nan
SG-006a,SG-006a,rectangular,default,E_x_2_1,closed_form,E_x,2,1,14,0.99683544303797456,2.3671488152469663e-06,2.3671488152469663e-06,0,0,1632369.7215544826,809917.06646688061,nan,nan,nan,nan,nan,nan
SG-006a,SG-006a,rectangular,default,E_x_2_1,closed_form,E_x,2,1,15,1.0430379746835441,2.4768642841441269e-06,2.4768642841441269e-06,0,0,1587130.0908231826,787638.58803315263,nan,nan,nan,nan,nan,nan
SG-006a,SG-006a,rectangular,default,E_x_2_1,closed_form,E_x,2,1,16,1.089240506329114,2.5865797530412887e-06,2.5865797530412887e-06,0,0,1544330.3894901243,766552.93165756518,nan,nan,nan,nan,nan,nan
SG-006a,SG-006a,rectangular,default,E_x_2_1,closed_form,E_x,2,1,17,1.1354430379746834,2.6962952219384492e-06,2.6962952219384492e-06,0,0,1503778.4100442478,746566.79692452366,nan,nan,nan,nan,nan,nan
SG-006a,SG-006a,rectangular,default,E_x_2_1,closed_form,E_x,2,1,18,1.1816455696202532,2.8060106908356106e-06,2.8060106908356106e-06,0,0,1465301.6168320128,727596.36655668367,nan,nan,nan,nan,nan,nan
SG-006a,SG-006a,rectangular,default,E_x_2_1,closed_form,E_x,2,1,19,1.2278481012658227,2.9157261597327712e-06,2.9157261597327712e-06,0,0,1428744.6921509667,709566.13142824185,nan,nan,nan,nan,nan,nan
SG-006a,SG-006a,rectangular,default,E_x_2_1,closed_form,E_x,2,1,20,1.2740506329113923,3.0254416286299322e-06,3.0254416286299322e-06,0,0,1393967.4407283477,692407.8860545971,nan,nan,nan,nan,nan,nan
SG-006a,SG-006a,rectangular,default,E_x_2_1,closed_form,E_x,2,1,21,1.320253164556962,3.1351570975270935e-06,3.1351570975270935e-06,0,0,1360842.9929713286,676059.86638329586,nan,nan,nan,nan,nan,nan
SG-006a,SG-006a,rectangular,default,E_x_2_1,closed_form,E_x,2,1,22,1.3664556962025314,3.2448725664242541e-06,3.2448725664242541e-06,0,0,1329256.2584450559,660466.0069102071,nan,nan,nan,nan,nan,nan
SG-006a,SG-006a,rectangular,default,E_x_2_1,closed_form,E_x,2,1,23,1.4126582278481012,3.3545880353214155e-06,3.3545880353214155e-06,0,1,1299102.5898442373,645575.29828898516,9312465.0122888163,-0.20237504074469584,3.9979459515493235e-06,3.9979459515493235e-06,8.6598287045554571e-07,8.6598287045554571e-07
SG-006a,SG-006a,rectangular,default,E_x_2_1,closed_form,E_x,2,1,24,1.4588607594936707,3.464303504218576e-06,3.464303504218576e-06,0,1,1270286.6247749268,631341.22992362489,9317414.8642271329,-0.14968764916233998,2.7056325745465139e-06,2.7056325745465139e-06,8.6014065941281361e-07,8.6014065941281361e-07
SG-006a,SG-006a,rectangular,default,E_x_2_1,closed_form,E_x,2,1,25,1.5050632911392405,3.5740189731157374e-06,3.5740189731157374e-06,0,1,1242721.2783370125,617721.30471072404,9322043.9724278916,-0.1003889946234932,2.2039287951761237e-06,2.2039287951761237e-06,8.5477823497923794e-07,8.5477823497923794e-07
SG-006a,SG-006a,rectangular,default,E_x_2_1,closed_form,E_x,2,1,26,1.55126582278481,3.683734442012898e-06,3.683734442012898e-06,0,1,1216326.8640871998,604676.61526614102,9326379.5097805429,-0.054194577622415592,1.9217244554769389e-06,1.9217244554769389e-06,8.4984193043786188e-07,8.4984193043786188e-07
SG-006a,SG-006a,rectangular,default,E_x_2_1,closed_form,E_x,2,1,27,1.5974683544303798,3.7934499109100598e-06,3.7934499109100598e-06,0,1,1191030.3246925478,592171.47273525433,9330445.8265586421,-0.010849140252637422,1.7363661526187985e-06,1.7363661526187985e-06,8.4528566933801494e-07,8.4528566933801494e-07
SG-006a,SG-006a,rectangular,default,E_x_2_1,closed_form,E_x,2,1,28,1.6436708860759492,3.9031653798072199e-06,3.9031653798072199e-06,1,1,1166764.5566308959,580173.0807288033,9334264.7956650462,0.029876867676944665,1.6035605283721892e-06,1.6035605283721892e-06,8.4106967339674947e-07,8.4106967339674947e-07
SG-006a,SG-006a,rectangular,default,E_x_2_1,closed_form,E_x,2,1,29,1.6898734177215187,4.0128808487043809e-06,4.0128808487043809e-06,1,1,1143467.8157933624,568651.24811116583,9337856.1095184274,0.068190334123791468,1.5029301537909372e-06,1.5029301537909372e-06,8.371594260550762e-07,8.371594260550762e-07
SG-006a,SG-006a,rectangular,default,E_x_2_1,closed_form,E_x,2,1,30,1.7360759493670885,4.1225963176015427e-06,4.1225963176015427e-06,1,1,1121083.192902704,557578.13534517621,9341237.5361822564,0.10427811753865669,1.4236346706468066e-06,1.4236346706468066e-06,8.3352483438878879e-07,8.3352483438878879e-07
SG-006a,SG-006a,rectangular,default,E_x_2_1,closed_form,E_x,2,1,31,1.782278481012658,4.2323117864987028e-06,4.2323117864987028e-06,1,1,1099558.1493641678,546928.0299068169,9344425.1410171483,0.13830932955357059,1.3593135312673114e-06,1.3593135312673114e-06,8.3013954634073297e-07,8.3013954634073297e-07
SG-006a,SG-006a,rectangular,default,E_x_2_1,closed_form,E_x,2,1,32,1.8284810126582278,4.3420272553958646e-06,4.3420272553958646e-06,1,1,1078844.1055796307,536677.14695585694,9347433.4790677,0.17043731982745852,1.3059603421542962e-06,1.3059603421542962e-06,8.269803906213462e-07,8.269803906213462e-07
SG-006a,SG-006a,rectangular,default,E_x_2_1,closed_form,E_x,2,1,33,1.8746835443037972,4.4517427242930248e-06,4.4517427242930248e-06,1,1,1058896.0749346362,526803.45200986066,9350275.7625239473,0.20080140664863808,1.2609118624743623e-06,1.2609118624743623e-06,8.2402691426224286e-07,8.2402691426224286e-07
SG-006a,SG-006a,rectangular,default,E_x_2_1,closed_form,E_x,2,1,34,1.9208860759493671,4.5614581931901866e-06,4.5614581931901866e-06,1,1,1039672.3376541367,517286.5028390509,9352964.0068858173,0.22952838984433563,1.2223210822868324e-06,1.2223210822868324e-06,8.2126099848741511e-07,8.2126099848741511e-07
SG-006a,SG-006a,rectangular,default,E_x_2_1,closed_form,E_x,2,1,35,1.9670886075949365,4.6711736620873467e-06,4.6711736620873467e-06,1,1,1021134.149550719,508107.30819452961,9355509.1588745136,0.25673387673887449,1.1888624596348999e-06,1.1888624596348999e-06,8.1866653783194003e-07,8.1866653783194003e-07
SG-006a,SG-006a,rectangular,default,E_x_2_1,closed_form,E_x,2,1,36,2.0132911392405064,4.7808891309845085e-06,4.7808891309845085e-06,1,1,1003245.4813864677,499248.20131536404,9357921.208653409,0.28252344710459809,1.159557442649636e-06,1.159557442649636e-06,8.1622917067069461e-07,8.1622917067069461e-07
SG-006a,SG-006a,rectangular,default,E_x_2_1,closed_form,E_x,2,1,37,2.0594936708860758,4.8906045998816695e-06,4.8906045998816695e-06,1,1,985972.78515899123,490692.72644171392,9360209.2885227352,0.30699367906718222,1.1336663036999873e-06,1.1336663036999873e-06,8.1393605179067557e-07,8.1393605179067557e-07
SG-006a,SG-006a,rectangular,default,E_x_2_1,closed_form,E_x,2,1,38,2.1056962025316452,5.0003200687788296e-06,5.0003200687788296e-06,1,1,969284.78412168659,482425.53680011653,9362381.7599218618,0.33023305461433961,1.1106184453543161e-06,1.1106184453543161e-06,8.117756595447522e-07,8.117756595447522e-07
SG-006a,SG-006a,rectangular,default,E_x_2_1,closed_form,E_x,2,1,39,2.1518987341772151,5.1100355376759914e-06,5.1100355376759914e-06,1,1,953152.28377305926,474432.30273036793,9364446.2902975976,0.35232276058894718,1.0899660018330759e-06,1.0899660018330759e-06,8.0973763160328395e-07,8.0973763160328395e-07
SG-006a,SG-006a,rectangular,default,E_x_2_1,closed_form,E_x,2,1,40,2.1981012658227845,5.2197510065731515e-06,5.2197510065731515e-06,1,1,937548.00141208072,466699.62879693089,9366409.9211668763,0.37333739872953214,1.0713520693521028e-06,1.0713520693521028e-06,8.0781262447634472e-07,8.0781262447634472e-07
SG-006a,SG-006a,rectangular,default,E_x_2_1,closed_form,E_x,2,1,41,2.2443037974683544,5.3294664754703134e-06,5.3294664754703134e-06,1,1,922446.41216620069,459214.97887624812,9368279.128509229,0.39334561637242654,1.0544884157953968e-06,1.0544884157953968e-06,8.0599219288969423e-07,8.0599219288969423e-07
SG-006a,SG-006a,rectangular,default,E_x_2_1,closed_form,E_x,2,1,42,2.2905063291139238,5.4391819443674735e-06,5.4391819443674735e-06,1,1,907823.60966413061,451966.6083387059,9370059.8764622342,0.41241066778795732,1.0391395031005597e-06,1.0391395031005597e-06,8.0426868581899942e-07,8.0426868581899942e-07
SG-006a,SG-006a,rectangular,default,E_x_2_1,closed_form,E_x,2,1,43,2.3367088607594937,5.5488974132646353e-06,5.5488974132646353e-06,1,1,893657.17975368386,444943.50255354139,9371757.6651562192,0.43059091473422223,1.0251108158457441e-06,1.0251108158457441e-06,8.0263515656183642e-07,8.0263515656183642e-07
SG-006a,SG-006a,rectangular,default,E_x_2_1,closed_form,E_x,2,1,44,2.3829113924050631,5.6586128821617963e-06,5.6586128821617963e-06,1,1,879926.08586161793,438135.32103945245,9373377.5734087527,0.44794027363592603,1.0122401905702852e-06,1.0122401905702852e-06,8.0108528468801959e-07,8.0108528468801959e-07
SG-006a,SG-006a,rectangular,default,E_x_2_1,closed_form,E_x,2,1,45,2.429113924050633,5.7683283510589572e-06,5.7683283510589572e-06,1,1,866610.56476225588,431532.34666531894,9374924.2969011869,0.4645086157949464,1.0003912762893735e-06,1.0003912762893735e-06,7.9961330808042168e-07,7.9961330808042168e-07
SG-006a,SG-006a,rectangular,default,E_x_2_1,closed_form,E_x,2,1,46,2.4753164556962024,5.8780438199561182e-06,5.8780438199561182e-06,1,1,853692.03166874975,425125.43937618827,9376402.1823759638,0.48034212618703653,9.8944853472758445e-07,9.8944853472758445e-07,7.9821396357955019e-07,7.9821396357955019e-07
SG-006a,SG-006a,rectangular,default,E_x_2_1,closed_form,E_x,2,1,47,2.5215189873417723,5.9877592888532792e-06,5.9877592888532792e-06,1,1,841152.9936884694,418905.99398110301,9377815.2583221588,0.49548362567122178,9.793133702596445e-07,9.793133702596445e-07,7.9688243499031923e-07,7.9688243499031923e-07
SG-006a,SG-006a,rectangular,default,E_x_2_1,closed_form,E_x,2,1,48,2.5677215189873417,6.0974747577504401e-06,6.0974747577504401e-06,1,1,828976.97079499415,412865.9015928022,9379167.262555765,0.50997286081419102,9.6990110043173882e-07,9.6990110043173882e-07,7.9561430741002194e-07,7.9561430741002194e-07
SG-006a,SG-006a,rectangular,default,E_x_2_1,closed_form,E_x,2,1,49,2.6139240506329111,6.2071902266476003e-06,6.2071902266476003e-06,1,1,817148.42356593779,406997.51435595215,9380461.6670490187,0.52384676499726779,9.6113855998268252e-07,9.6113855998268252e-07,7.9440552700132169e-07,7.9440552700132169e-07
SG-006a,SG-006a,rectangular,default,E_x_2_1,closed_form,E_x,2,1,50,2.660126582278481,6.3169056955447621e-06,6.3169056955447621e-06,1,1,805652.68702032883,401293.6131412898,9381701.7003181893,0.53713969401225203,9.5296218792417549e-07,9.5296218792417549e-07,7.9325236547008464e-07,7.9325236547008464e-07
SG-006a,SG-006a,rectangular,default,E_x_2_1,closed_form,E_x,2,1,51,2.7063291139240504,6.4266211644419231e-06,6.4266211644419231e-06,1,1,794475.90996321314,395747.37791874266,9382890.3676406033,0.54988363895556247,9.4531648695287803e-07,9.4531648695287803e-07,7.921513886205813e-07,7.921513886205813e-07
SG-006a,SG-006a,rectangular,default,E_x_2_1,closed_form,E_x,2,1,52,2.7525316455696203,6.536336633339084e-06,6.536336633339084e-06,1,1,783604.99930998788,390352.36055387359,9384030.4693383574,0.56210841888686292,9.3815277271281186e-07,9.3815277271281186e-07,7.9109942845432843e-07,7.9109942845432843e-07
SG-006a,SG-006a,rectangular,default,E_x_2_1,closed_form,E_x,2,1,53,2.7987341772151897,6.646052102236245e-06,6.646052102236245e-06,1,1,773027.56891993643,385102.45979951211,9385124.6173372865,0.57384185542051924,9.3142815078209975e-07,9.3142815078209975e-07,7.9009355835712486e-07,7.9009355835712486e-07
SG-006a,SG-006a,rectangular,default,E_x_2_1,closed_form,E_x,2,1,54,2.8449367088607596,6.7557675711334068e-06,6.7557675711334068e-06,1,1,762731.89251857158,379991.89827864995,9386175.2501848098,0.58510993116102605,9.2510467410693575e-07,9.2510467410693575e-07,7.8913107098442428e-07,7.8913107098442428e-07
SG-006a,SG-006a,rectangular,default,E_x_2_1,closed_form,E_x,2,1,55,2.891139240506329,6.8654830400305669e-06,6.8654830400305669e-06,1,1,752706.86033259227,375015.20127604593,9387184.646688506,0.59593693366828759,9.1914864456049512e-07,9.1914864456049512e-07,7.8820945851035157e-07,7.8820945851035157e-07
SG-006a,SG-006a,rectangular,default,E_x_2_1,closed_form,E_x,2,1,56,2.9373417721518984,6.9751985089277271e-06,6.9751985089277271e-06,1,1,742941.93910030858,370167.17717486445,9388154.9383184202,0.60634558644391223,9.1353003047170619e-07,9.1353003047170619e-07,7.8732639495219155e-07,7.8732639495219155e-07
SG-006a,SG-006a,rectangular,default,E_x_2_1,closed_form,E_x,2,1,57,2.9835443037974683,7.0849139778248889e-06,7.0849139778248889e-06,1,1,733427.13515492831,365442.89939138608,9389088.1204996221,0.61635716825869369,9.0822197811763026e-07,9.0822197811763026e-07,7.8647972032156984e-07,7.8647972032156984e-07
SG-006a,SG-006a,rectangular,default,E_x_2_1,closed_form,E_x,2,1,58,3.0297468354430377,7.1946294467220498e-06,7.1946294467220498e-06,1,1,724152.96030871093,360837.68967563927,9389986.0629071184,0.62599162199233038,9.0320039984497038e-07,9.0320039984497038e-07,7.8566742638697129e-07,7.8566742638697129e-07
SG-006a,SG-006a,rectangular,default,E_x_2_1,closed_form,E_x,2,1,59,3.0759493670886076,7.3043449156192108e-06,7.3043449156192108e-06,1,1,715110.40029316628,356347.10265896353,9390850.5188626759,0.6352676540258142,8.9844362506631136e-07,8.9844362506631136e-07,7.848876438607073e-07,7.848876438607073e-07
SG-006a,SG-006a,rectangular,default,E_x_2_1,closed_form,E_x,2,1,60,3.122151898734177,7.4140603845163718e-06,7.4140603845163718e-06,1,1,706290.88553463179,351966.91154121415,9391683.1339220088,0.64420282511194971,8.9393210314235534e-07,8.9393210314235534e-07,7.8413863084774952e-07,7.8413863084774952e-07
SG-006a,SG-006a,rectangular,default,E_x_2_1,closed_form,E_x,2,1,61,3.1683544303797468,7.5237758534135336e-06,7.5237758534135336e-06,1,1,697686.26406606578,347693.09482073947,9392485.4537311774,0.65281363354942656,8.8964814931412088e-07,8.8964814931412088e-07,7.8341876241465351e-07,7.8341876241465351e-07
SG-006a,SG-006a,rectangular,default,E_x_2_1,closed_form,E_x,2,1,62,3.2145569620253163,7.6334913223106946e-06,7.6334913223106946e-06,1,1,689288.77639507444,343521.82397956017,9393258.931222422,0.66111559139603893,8.8557572653671022e-07,8.8557572653671022e-07,7.8272652115466091e-07,7.8272652115466091e-07
SG-006a,SG-006a,rectangular,default,E_x_2_1,closed_form,E_x,2,1,63,3.2607594936708861,7.7432067912078555e-06,7.7432067912078555e-06,1,1,681091.03216531361,339449.4520444849,9394004.933212189,0.66912329437907736,8.8170025739817213e-07,8.8170025739817213e-07,7.8206048864044037e-07,7.8206048864044037e-07
SG-006a,SG-006a,rectangular,default,E_x_2_1,closed_form,E_x,2,1,64,3.3069620253164556,7.8529222601050165e-06,7.8529222601050165e-06,1,1,673085.98846371891,335472.50295232527,9394724.7464575022,0.67685048609188025,8.7800846136492772e-07,8.7800846136492772e-07,7.8141933766919255e-07,7.8141933766919255e-07
SG-006a,SG-006a,rectangular,default,E_x_2_1,closed_form,E_x,2,1,65,3.353164556962025,7.9626377290021758e-06,7.9626377290021758e-06,1,1,665266.92963973037,331587.66165402951,9395419.583220901,0.68431011700373234,8.7448821344059305e-07,8.7448821344059305e-07,7.8080182521631512e-07,7.8080182521631512e-07
SG-006a,SG-006a,rectangular,default,E_x_2_1,closed_form,E_x,2,1,66,3.3993670886075948,8.0723531978993384e-06,8.0723531978993384e-06,1,1,657627.44851497142,327791.76489852095,9396090.5863890368,0.69151439875684351,8.7112842100442668e-07,8.7112842100442668e-07,7.8020678602376108e-07,7.8020678602376108e-07
SG-006a,SG-006a,rectangular,default,E_x_2_1,closed_form,E_x,2,1,67,3.4455696202531643,8.1820686667964977e-06,8.1820686667964977e-06,1,1,650161.4288728853,324081.79264239338,9396738.8341853973,0.69847485417558175,8.6791891614460419e-07,8.6791891614460419e-07,7.7963312675786982e-07,7.7963312675786982e-07
SG-006a,SG-006a,rectangular,default,E_x_2_1,closed_form,E_x,2,1,68,3.4917721518987341,8.2917841356936604e-06,8.2917841356936604e-06,1,1,642863.02912774507,320454.860036431,9397365.3445135355,0.70520236337059106,8.6485036124739927e-07,8.6485036124739927e-07,7.7907982067895858e-07,7.7907982067895858e-07
SG-006a,SG-006a,rectangular,default,E_x_2_1,closed_form,E_x,2,1,69,3.5379746835443036,8.4014996045908214e-06,8.4014996045908214e-06,1,1,635726.66708140052,316908.20994426648,9397971.078963574,0.71170720628258433,8.6191416596730145e-07,8.6191416596730145e-07,7.7854590277153278e-07,7.7854590277153278e-07
SG-006a,SG-006a,rectangular,default,E_x_2_1,closed_form,E_x,2,1,70,3.5841772151898734,8.5112150734879823e-06,8.5112150734879823e-06,1,1,628747.00568415807,313439.20595240092,9398556.9465114903,0.7179991019764167,8.5910241400153486e-07,8.5910241400153486e-07,7.7803046528969954e-07,7.7803046528969954e-07
SG-006a,SG-006a,rectangular,default,E_x_2_1,closed_form,E_x,2,1,71,3.6303797468354428,8.6209305423851433e-06,8.6209305423851433e-06,1,1,621918.93972346757,310045.32583434484,9399123.8069378454,0.72408724496627419,8.5640779833829192e-07,8.5640779833829192e-07,7.7753265367739707e-07,7.7753265367739707e-07
SG-006a,SG-006a,rectangular,default,E_x_2_1,closed_form,E_x,2,1,72,3.6765822784810127,8.7306460112823043e-06,8.7306460112823043e-06,1,1,615237.58337063761,306724.15543482598,9399672.4739900008,0.72998033882533819,8.5382356385135727e-07,8.5382356385135727e-07,7.7705166282745858e-07,7.7705166282745858e-07
SG-006a,SG-006a,rectangular,default,E_x_2_1,closed_form,E_x,2,1,73,3.7227848101265821,8.8403614801794652e-06,8.8403614801794652e-06,1,1,608698.25852174475,303473.38294290227,9400203.7183096223,0.73568662730983314,8.5134345628273059e-07,8.5134345628273059e-07,7.7658673364740417e-07,7.7658673364740417e-07
SG-006a,SG-006a,rectangular,default,E_x_2_1,closed_form,E_x,2,1,74,3.7689873417721516,8.9500769490766245e-06,8.9500769490766245e-06,1,1,602296.48387426371,300290.79352542874,9400718.2701451518,0.74121392320490231,8.4896167679571688e-07,8.4896167679571688e-07,7.7613714990326847e-07,7.7613714990326847e-07
SG-006a,SG-006a,rectangular,default,E_x_2_1,closed_form,E_x,2,1,75,3.8151898734177214,9.0597924179737872e-06,9.0597924179737872e-06,1,1,596027.96468582039,297174.26429469959,9401216.8218671381,0.7465696350812786,8.4667284139886118e-07,8.4667284139886118e-07,7.757022353157832e-07,7.757022353157832e-07
SG-006a,SG-006a,rectangular,default,E_x_2_1,closed_form,E_x,2,1,76,3.8613924050632908,9.1695078868709481e-06,9.1695078868709481e-06,1,1,589888.58316588646,294121.75958623807,9401700.0303026419,0.75176079213385161,8.4447194464015288e-07,8.4447194464015288e-07,7.7528135088589463e-07,7.7528135088589463e-07
SG-006a,SG-006a,rectangular,default,E_x_2_1,closed_form,E_x,2,1,77,3.9075949367088607,9.2792233557681091e-06,9.2792233557681091e-06,1,1,583874.38945523766,291131.32652465953,9402168.5189034194,0.75679406725741527,8.4235432705440916e-07,8.4235432705440916e-07,7.7487389242895277e-07,7.7487389242895277e-07
SG-006a,SG-006a,rectangular,default,E_x_2_1,closed_form,E_x,2,1,78,3.9537974683544301,9.3889388246652701e-06,9.3889388246652701e-06,1,1,577981.59315165842,288201.09085731168,9402622.8797613066,0.76167579850151335,8.403156459173582e-07,8.403156459173582e-07,7.7447928829899754e-07,7.7447928829899754e-07
SG-006a,SG-006a,rectangular,default,E_x_2_1,closed_form,E_x,2,1,79,4,9.498654293562431e-06,9.498654293562431e-06,1,1,572206.55534368241,285329.25303701457,9403063.6754829716,0.7664120090328318,8.3835184891984921e-07,8.3835184891984921e-07,7.7409699728642392e-07,7.7409699728642392e-07
SG-006a,SG-006a,rectangular,default,E_y_1_2,closed_form,E_y,1,2,0,0.34999999999999998,8.3113225068671265e-07,8.3113225068671265e-07,0,0,1340904.8686421448,2716345.4657429215,nan,nan,nan,nan,nan,nan
SG-006a,SG-006a,rectangular,default,E_y_1_2,closed_form,E_y,1,2,1,0.39620253164556962,9.4084771958387373e-07,9.4084771958387373e-07,0,0,1280920.4943829807,2593337.8240380618,nan,nan,nan,nan,nan,nan
SG-006a,SG-006a,rectangular,default,E_y_1_2,closed_form,E_y,1,2,2,0.44240506329113921,1.0505631884810347e-06,1.0505631884810347e-06,0,0,1226073.0360841556,2480988.1592351259,nan,nan,nan,nan,nan,nan
SG-006a,SG-006a,rectangular,default,E_y_1_2,closed_form,E_y,1,2,3,0.4886075949367088,1.1602786573781955e-06,1.1602786573781955e-06,0,0,1175729.7189062517,2377968.8012273321,nan,nan,nan,nan,nan,nan
SG-006a,SG-006a,rectangular,default,E_y_1_2,closed_form,E_y,1,2,4,0.53481012658227844,1.2699941262753566e-06,1.2699941262753566e-06,0,0,1129357.5974561332,2283163.8064158666,nan,nan,nan,nan,nan,nan
SG-006a,SG-006a,rectangular,default,E_y_1_2,closed_form,E_y,1,2,5,0.58101265822784809,1.3797095951725176e-06,1.3797095951725176e-06,0,0,1086504.6158628985,2195628.3702317202,nan,nan,nan,nan,nan,nan
SG-006a,SG-006a,rectangular,default,E_y_1_2,closed_form,E_y,1,2,6,0.62721518987341773,1.4894250640696788e-06,1.4894250640696788e-06,0,0,1046784.8222211314,2114557.2315428103,nan,nan,nan,nan,nan,nan
SG-006a,SG-006a,rectangular,default,E_y_1_2,closed_form,E_y,1,2,7,0.67341772151898727,1.5991405329668395e-06,1.5991405329668395e-06,0,0,1009866.7117850025,2039259.8275980456,nan,nan,nan,nan,nan,nan
SG-006a,SG-006a,rectangular,default,E_y_1_2,closed_form,E_y,1,2,8,0.71962025316455691,1.7088560018640005e-06,1.7088560018640005e-06,0,0,975463.95281116467,1969140.5747039865,nan,nan,nan,nan,nan,nan
SG-006a,SG-006a,rectangular,default,E_y_1_2,closed_form,E_y,1,2,9,0.76582278481012656,1.8185714707611615e-06,1.8185714707611615e-06,0,0,943327.94558704889,1903683.0819192328,nan,nan,nan,nan,nan,nan
SG-006a,SG-006a,rectangular,default,E_y_1_2,closed_form,E_y,1,2,10,0.81202531645569609,1.9282869396583225e-06,1.9282869396583225e-06,0,0,913241.80537617172,1842437.4120297548,nan,nan,nan,nan,nan,nan
SG-006a,SG-006a,rectangular,default,E_y_1_2,closed_form,E_y,1,2,11,0.85822784810126573,2.0380024085554834e-06,2.0380024085554834e-06,0,0,885015.46120892069,1785009.7249315183,nan,nan,nan,nan,nan,nan
SG-006a,SG-006a,rectangular,default,E_y_1_2,closed_form,E_y,1,2,12,0.90443037974683538,2.1477178774526444e-06,2.1477178774526444e-06,0,0,858481.63633812079,1731053.7993251544,nan,nan,nan,nan,nan,nan
SG-006a,SG-006a,rectangular,default,E_y_1_2,closed_form,E_y,1,2,13,0.95063291139240502,2.2574333463498054e-06,2.2574333463498054e-06,0,0,833492.53071185492,1680264.0469501268,nan,nan,nan,nan,nan,nan
SG-006a,SG-006a,rectangular,default,E_y_1_2,closed_form,E_y,1,2,14,0.99683544303797456,2.3671488152469663e-06,2.3671488152469663e-06,0,0,809917.06646688061,1632369.7215544826,nan,nan,nan,nan,nan,nan
SG-006a,SG-006a,rectangular,default,E_y_1_2,closed_form,E_y,1,2,15,1.0430379746835441,2.4768642841441269e-06,2.4768642841441269e-06,0,0,787638.58803315263,1587130.0908231826,nan,nan,nan,nan,nan,nan
SG-006a,SG-006a,rectangular,default,E_y_1_2,closed_form,E_y,1,2,16,1.089240506329114,2.5865797530412887e-06,2.5865797530412887e-06,0,0,766552.93165756518,1544330.3894901243,nan,nan,nan,nan,nan,nan
SG-006a,SG-006a,rectangular,default,E_y_1_2,closed_form,E_y,1,2,17,1.1354430379746834,2.6962952219384492e-06,2.6962952219384492e-06,0,0,746566.79692452366,1503778.4100442478,nan,nan,nan,nan,nan,nan
SG-006a,SG-006a,rectangular,default,E_y_1_2,closed_form,E_y,1,2,18,1.1816455696202532,2.8060106908356106e-06,2.8060106908356106e-06,0,0,727596.36655668367,1465301.6168320128,nan,nan,nan,nan,nan,nan
SG-006a,SG-006a,rectangular,default,E_y_1_2,closed_form,E_y,1,2,19,1.2278481012658227,2.9157261597327712e-06,2.9157261597327712e-06,0,0,709566.13142824185,1428744.6921509667,nan,nan,nan,nan,nan,nan
SG-006a,SG-006a,rectangular,default,E_y_1_2,closed_form,E_y,1,2,20,1.2740506329113923,3.0254416286299322e-06,3.0254416286299322e-06,0,0,692407.8860545971,1393967.4407283477,nan,nan,nan,nan,nan,nan
SG-006a,SG-006a,rectangular,default,E_y_1_2,closed_form,E_y,1,2,21,1.320253164556962,3.1351570975270935e-06,3.1351570975270935e-06,0,0,676059.86638329586,1360842.9929713286,nan,nan,nan,nan,nan,nan
SG-006a,SG-006a,rectangular,default,E_y_1_2,closed_form,E_y,1,2,22,1.3664556962025314,3.2448725664242541e-06,3.2448725664242541e-06,0,0,660466.0069102071,1329256.2584450559,nan,nan,nan,nan,nan,nan
SG-006a,SG-006a,rectangular,default,E_y_1_2,closed_form,E_y,1,2,23,1.4126582278481012,3.3545880353214155e-06,3.3545880353214155e-06,0,1,645575.29828898516,1299102.5898442373,9312465.0122888163,-0.20237504074469584,8.6598287045554571e-07,8.6598287045554571e-07,3.9979459515493235e-06,3.9979459515493235e-06
SG-006a,SG-006a,rectangular,default,E_y_1_2,closed_form,E_y,1,2,24,1.4588607594936707,3.464303504218576e-06,3.464303504218576e-06,0,1,631341.22992362489,1270286.6247749268,9317414.8642271329,-0.14968764916233998,8.6014065941281361e-07,8.6014065941281361e-07,2.7056325745465139e-06,2.7056325745465139e-06
SG-006a,SG-006a,rectangular,default,E_y_1_2,closed_form,E_y,1,2,25,1.5050632911392405,3.5740189731157374e-06,3.5740189731157374e-06,0,1,617721.30471072404,1242721.2783370125,9322043.9724278916,-0.1003889946234932,8.5477823497923794e-07,8.5477823497923794e-07,2.2039287951761237e-06,2.2039287951761237e-06
SG-006a,SG-006a,rectangular,default,E_y_1_2,closed_form,E_y,1,2,26,1.55126582278481,3.683734442012898e-06,3.683734442012898e-06,0,1,604676.61526614102,1216326.8640871998,9326379.5097805429,-0.054194577622415592,8.4984193043786188e-07,8.4984193043786188e-07,1.9217244554769389e-06,1.9217244554769389e-06
SG-006a,SG-006a,rectangular,default,E_y_1_2,closed_form,E_y,1,2,27,1.5974683544303798,3.7934499109100598e-06,3.7934499109100598e-06,0,1,592171.47273525433,1191030.3246925478,9330445.8265586421,-0.010849140252637422,8.4528566933801494e-07,8.4528566933801494e-07,1.7363661526187985e-06,1.7363661526187985e-06
SG-006a,SG-006a,rectangular,default,E_y_1_2,closed_form,E_y,1,2,28,1.6436708860759492,3.9031653798072199e-06,3.9031653798072199e-06,1,1,580173.0807288033,1166764.5566308959,9334264.7956650462,0.029876867676944665,8.4106967339674947e-07,8.4106967339674947e-07,1.6035605283721892e-06,1.6035605283721892e-06
SG-006a,SG-006a,rectangular,default,E_y_1_2,closed_form,E_y,1,2,29,1.6898734177215187,4.0128808487043809e-06,4.0128808487043809e-06,1,1,568651.24811116583,1143467.8157933624,9337856.1095184274,0.068190334123791468,8.371594260550762e-07,8.371594260550762e-07,1.5029301537909372e-06,1.5029301537909372e-06
SG-006a,SG-006a,rectangular,default,E_y_1_2,closed_form,E_y,1,2,30,1.7360759493670885,4.1225963176015427e-06,4.1225963176015427e-06,1,1,557578.13534517621,1121083.192902704,9341237.5361822564,0.10427811753865669,8.3352483438878879e-07,8.3352483438878879e-07,1.4236346706468066e-06,1.4236346706468066e-06
SG-006a,SG-006a,rectangular,default,E_y_1_2,closed_form,E_y,1,2,31,1.782278481012658,4.2323117864987028e-06,4.2323117864987028e-06,1,1,546928.0299068169,1099558.1493641678,9344425.1410171483,0.13830932955357059,8.3013954634073297e-07,8.3013954634073297e-07,1.3593135312673114e-06,1.3593135312673114e-06
SG-006a,SG-006a,rectangular,default,E_y_1_2,closed_form,E_y,1,2,32,1.8284810126582278,4.3420272553958646e-06,4.3420272553958646e-06,1,1,536677.14695585694,1078844.1055796307,9347433.4790677,0.17043731982745852,8.269803906213462e-07,8.269803906213462e-07,1.3059603421542962e-06,1.3059603421542962e-06
SG-006a,SG-006a,rectangular,default,E_y_1_2,closed_form,E_y,1,2,33,1.8746835443037972,4.4517427242930248e-06,4.4517427242930248e-06,1,1,526803.45200986066,1058896.0749346362,9350275.7625239473,0.20080140664863808,8.2402691426224286e-07,8.2402691426224286e-07,1.2609118624743623e-06,1.2609118624743623e-06
SG-006a,SG-006a,rectangular,default,E_y_1_2,closed_form,E_y,1,2,34,1.9208860759493671,4.5614581931901866e-06,4.5614581931901866e-06,1,1,517286.5028390509,1039672.3376541367,9352964.0068858173,0.22952838984433563,8.2126099848741511e-07,8.2126099848741511e-07,1.2223210822868324e-06,1.2223210822868324e-06
SG-006a,SG-006a,rectangular,default,E_y_1_2,closed_form,E_y,1,2,35,1.9670886075949365,4.6711736620873467e-06,4.6711736620873467e-06,1,1,508107.30819452961,1021134.149550719,9355509.1588745136,0.25673387673887449,8.1866653783194003e-07,8.1866653783194003e-07,1.1888624596348999e-06,1.1888624596348999e-06
SG-006a,SG-006a,rectangular,default,E_y_1_2,closed_form,E_y,1,2,36,2.0132911392405064,4.7808891309845085e-06,4.7808891309845085e-06,1,1,499248.20131536404,1003245.4813864677,9357921.208653409,0.28252344710459809,8.1622917067069461e-07,8.1622917067069461e-07,1.159557442649636e-06,1.159557442649636e-06
SG-006a,SG-006a,rectangular,default,E_y_1_2,closed_form,E_y,1,2,37,2.0594936708860758,4.8906045998816695e-06,4.8906045998816695e-06,1,1,490692.72644171392,985972.78515899123,9360209.2885227352,0.30699367906718222,8.1393605179067557e-07,8.1393605179067557e-07,1.1336663036999873e-06,1.1336663036999873e-06
SG-006a,SG-006a,rectangular,default,E_y_1_2,closed_form,E_y,1,2,38,2.1056962025316452,5.0003200687788296e-06,5.0003200687788296e-06,1,1,482425.53680011653,969284.78412168659,9362381.7599218618,0.33023305461433961,8.117756595447522e-07,8.117756595447522e-07,1.1106184453543161e-06,1.1106184453543161e-06
SG-006a,SG-006a,rectangular,default,E_y_1_2,closed_form,E_y,1,2,39,2.1518987341772151,5.1100355376759914e-06,5.1100355376759914e-06,1,1,474432.30273036793,953152.28377305926,9364446.2902975976,0.35232276058894718,8.0973763160328395e-07,8.0973763160328395e-07,1.0899660018330759e-06,1.0899660018330759e-06
SG-006a,SG-006a,rectangular,default,E_y_1_2,closed_form,E_y,1,2,40,2.1981012658227845,5.2197510065731515e-06,5.2197510065731515e-06,1,1,466699.62879693089,937548.00141208072,9366409.9211668763,0.37333739872953214,8.0781262447634472e-07,8.0781262447634472e-07,1.0713520693521028e-06,1.0713520693521028e-06
SG-006a,SG-006a,rectangular,default,E_y_1_2,closed_form,E_y,1,2,41,2.2443037974683544,5.3294664754703134e-06,5.3294664754703134e-06,1,1,459214.97887624812,922446.41216620069,9368279.128509229,0.39334561637242654,8.0599219288969423e-07,8.0599219288969423e-07,1.0544884157953968e-06,1.0544884157953968e-06
SG-006a,SG-006a,rectangular,default,E_y_1_2,closed_form,E_y,1,2,42,2.2905063291139238,5.4391819443674735e-06,5.4391819443674735e-06,1,1,451966.6083387059,907823.60966413061,9370059.8764622342,0.41241066778795732,8.0426868581899942e-07,8.0426868581899942e-07,1.0391395031005597e-06,1.0391395031005597e-06
SG-006a,SG-006a,rectangular,default,E_y_1_2,closed_form,E_y,1,2,43,2.3367088607594937,5.5488974132646353e-06,5.5488974132646353e-06,1,1,444943.50255354139,893657.17975368386,9371757.6651562192,0.43059091473422223,8.0263515656183642e-07,8.0263515656183642e-07,1.0251108158457441e-06,1.0251108158457441e-06
SG-006a,SG-006a,rectangular,default,E_y_1_2,closed_form,E_y,1,2,44,2.3829113924050631,5.6586128821617963e-06,5.6586128821617963e-06,1,1,438135.32103945245,879926.08586161793,9373377.5734087527,0.44794027363592603,8.0108528468801959e-07,8.0108528468801959e-07,1.0122401905702852e-06,1.0122401905702852e-06
SG-006a,SG-006a,rectangular,default,E_y_1_2,closed_form,E_y,1,2,45,2.429113924050633,5.7683283510589572e-06,5.7683283510589572e-06,1,1,431532.34666531894,866610.56476225588,9374924.2969011869,0.4645086157949464,7.9961330808042168e-07,7.9961330808042168e-07,1.0003912762893735e-06,1.0003912762893735e-06
SG-006a,SG-006a,rectangular,default,E_y_1_2,closed_form,E_y,1,2,46,2.4753164556962024,5.8780438199561182e-06,5.8780438199561182e-06,1,1,425125.43937618827,853692.03166874975,9376402.1823759638,0.48034212618703653,7.9821396357955019e-07,7.9821396357955019e-07,9.8944853472758445e-07,9.8944853472758445e-07
SG-006a,SG-006a,rectangular,default,E_y_1_2,closed_form,E_y,1,2,47,2.5215189873417723,5.9877592888532792e-06,5.9877592888532792e-06,1,1,418905.99398110301,841152.9936884694,9377815.2583221588,0.49548362567122178,7.9688243499031923e-07,7.9688243499031923e-07,9.793133702596445e-07,9.793133702596445e-07
SG-006a,SG-006a,rectangular,default,E_y_1_2,closed_form,E_y,1,2,48,2.5677215189873417,6.0974747577504401e-06,6.0974747577504401e-06,1,1,412865.9015928022,828976.97079499415,9379167.262555765,0.50997286081419102,7.9561430741002194e-07,7.9561430741002194e-07,9.6990110043173882e-07,9.6990110043173882e-07
SG-006a,SG-006a,rectangular,default,E_y_1_2,closed_form,E_y,1,2,49,2.6139240506329111,6.2071902266476003e-06,6.2071902266476003e-06,1,1,406997.51435595215,817148.42356593779,9380461.6670490187,0.52384676499726779,7.9440552700132169e-07,7.9440552700132169e-07,9.6113855998268252e-07,9.6113855998268252e-07
SG-006a,SG-006a,rectangular,default,E_y_1_2,closed_form,E_y,1,2,50,2.660126582278481,6.3169056955447621e-06,6.3169056955447621e-06,1,1,401293.6131412898,805652.68702032883,9381701.7003181893,0.53713969401225203,7.9325236547008464e-07,7.9325236547008464e-07,9.5296218792417549e-07,9.5296218792417549e-07
SG-006a,SG-006a,rectangular,default,E_y_1_2,closed_form,E_y,1,2,51,2.7063291139240504,6.4266211644419231e-06,6.4266211644419231e-06,1,1,395747.37791874266,794475.90996321314,9382890.3676406033,0.54988363895556247,7.921513886205813e-07,7.921513886205813e-07,9.4531648695287803e-07,9.4531648695287803e-07
SG-006a,SG-006a,rectangular,default,E_y_1_2,closed_form,E_y,1,2,52,2.7525316455696203,6.536336633339084e-06,6.536336633339084e-06,1,1,390352.36055387359,783604.99930998788,9384030.4693383574,0.56210841888686292,7.9109942845432843e-07,7.9109942845432843e-07,9.3815277271281186e-07,9.3815277271281186e-07
SG-006a,SG-006a,rectangular,default,E_y_1_2,closed_form,E_y,1,2,53,2.7987341772151897,6.646052102236245e-06,6.646052102236245e-06,1,1,385102.45979951211,773027.56891993643,9385124.6173372865,0.57384185542051924,7.9009355835712486e-07,7.9009355835712486e-07,9.3142815078209975e-07,9.3142815078209975e-07
SG-006a,SG-006a,rectangular,default,E_y_1_2,closed_form,E_y,1,2,54,2.8449367088607596,6.7557675711334068e-06,6.7557675711334068e-06,1,1,379991.89827864995,762731.89251857158,9386175.2501848098,0.58510993116102605,7.8913107098442428e-07,7.8913107098442428e-07,9.2510467410693575e-07,9.2510467410693575e-07
SG-006a,SG-006a,rectangular,default,E_y_1_2,closed_form,E_y,1,2,55,2.891139240506329,6.8654830400305669e-06,6.8654830400305669e-06,1,1,375015.20127604593,752706.86033259227,9387184.646688506,0.59593693366828759,7.8820945851035157e-07,7.8820945851035157e-07,9.1914864456049512e-07,9.1914864456049512e-07
SG-006a,SG-006a,rectangular,default,E_y_1_2,closed_form,E_y,1,2,56,2.9373417721518984,6.9751985089277271e-06,6.9751985089277271e-06,1,1,370167.17717486445,742941.93910030858,9388154.9383184202,0.60634558644391223,7.8732639495219155e-07,7.8732639495219155e-07,9.1353003047170619e-07,9.1353003047170619e-07
SG-006a,SG-006a,rectangular,default,E_y_1_2,closed_form,E_y,1,2,57,2.9835443037974683,7.0849139778248889e-06,7.0849139778248889e-06,1,1,365442.89939138608,733427.13515492831,9389088.1204996221,0.61635716825869369,7.8647972032156984e-07,7.8647972032156984e-07,9.0822197811763026e-07,9.0822197811763026e-07
SG-006a,SG-006a,rectangular,default,E_y_1_2,closed_form,E_y,1,2,58,3.0297468354430377,7.1946294467220498e-06,7.1946294467220498e-06,1,1,360837.68967563927,724152.96030871093,9389986.0629071184,0.62599162199233038,7.8566742638697129e-07,7.8566742638697129e-07,9.0320039984497038e-07,9.0320039984497038e-07
SG-006a,SG-006a,rectangular,default,E_y_1_2,closed_form,E_y,1,2,59,3.0759493670886076,7.3043449156192108e-06,7.3043449156192108e-06,1,1,356347.10265896353,715110.40029316628,9390850.5188626759,0.6352676540258142,7.848876438607073e-07,7.848876438607073e-07,8.9844362506631136e-07,8.9844362506631136e-07
SG-006a,SG-006a,rectangular,default,E_y_1_2,closed_form,E_y,1,2,60,3.122151898734177,7.4140603845163718e-06,7.4140603845163718e-06,1,1,351966.91154121415,706290.88553463179,9391683.1339220088,0.64420282511194971,7.8413863084774952e-07,7.8413863084774952e-07,8.9393210314235534e-07,8.9393210314235534e-07
SG-006a,SG-006a,rectangular,default,E_y_1_2,closed_form,E_y,1,2,61,3.1683544303797468,7.5237758534135336e-06,7.5237758534135336e-06,1,1,347693.09482073947,697686.26406606578,9392485.4537311774,0.65281363354942656,7.8341876241465351e-07,7.8341876241465351e-07,8.8964814931412088e-07,8.8964814931412088e-07
SG-006a,SG-006a,rectangular,default,E_y_1_2,closed_form,E_y,1,2,62,3.2145569620253163,7.6334913223106946e-06,7.6334913223106946e-06,1,1,343521.82397956017,689288.77639507444,9393258.931222422,0.66111559139603893,7.8272652115466091e-07,7.8272652115466091e-07,8.8557572653671022e-07,8.8557572653671022e-07
SG-006a,SG-006a,rectangular,default,E_y_1_2,closed_form,E_y,1,2,63,3.2607594936708861,7.7432067912078555e-06,7.7432067912078555e-06,1,1,339449.4520444849,681091.03216531361,9394004.933212189,0.66912329437907736,7.8206048864044037e-07,7.8206048864044037e-07,8.8170025739817213e-07,8.8170025739817213e-07
SG-006a,SG-006a,rectangular,default,E_y_1_2,closed_form,E_y,1,2,64,3.3069620253164556,7.8529222601050165e-06,7.8529222601050165e-06,1,1,335472.50295232527,673085.98846371891,9394724.7464575022,0.67685048609188025,7.8141933766919255e-07,7.8141933766919255e-07,8.7800846136492772e-07,8.7800846136492772e-07
SG-006a,SG-006a,rectangular,default,E_y_1_2,closed_form,E_y,1,2,65,3.353164556962025,7.9626377290021758e-06,7.9626377290021758e-06,1,1,331587.66165402951,665266.92963973037,9395419.583220901,0.68431011700373234,7.8080182521631512e-07,7.8080182521631512e-07,8.7448821344059305e-07,8.7448821344059305e-07
SG-006a,SG-006a,rectangular,default,E_y_1_2,closed_form,E_y,1,2,66,3.3993670886075948,8.0723531978993384e-06,8.0723531978993384e-06,1,1,327791.76489852095,657627.44851497142,9396090.5863890368,0.69151439875684351,7.8020678602376108e-07,7.8020678602376108e-07,8.7112842100442668e-07,8.7112842100442668e-07
SG-006a,SG-006a,rectangular,default,E_y_1_2,closed_form,E_y,1,2,67,3.4455696202531643,8.1820686667964977e-06,8.1820686667964977e-06,1,1,324081.79264239338,650161.4288728853,9396738.8341853973,0.69847485417558175,7.7963312675786982e-07,7.7963312675786982e-07,8.6791891614460419e-07,8.6791891614460419e-07
SG-006a,SG-006a,rectangular,default,E_y_1_2,closed_form,E_y,1,2,68,3.4917721518987341,8.2917841356936604e-06,8.2917841356936604e-06,1,1,320454.860036431,642863.02912774507,9397365.3445135355,0.70520236337059106,7.7907982067895858e-07,7.7907982067895858e-07,8.6485036124739927e-07,8.6485036124739927e-07
SG-006a,SG-006a,rectangular,default,E_y_1_2,closed_form,E_y,1,2,69,3.5379746835443036,8.4014996045908214e-06,8.4014996045908214e-06,1,1,316908.20994426648,635726.66708140052,9397971.078963574,0.71170720628258433,7.7854590277153278e-07,7.7854590277153278e-07,8.6191416596730145e-07,8.6191416596730145e-07
SG-006a,SG-006a,rectangular,default,E_y_1_2,closed_form,E_y,1,2,70,3.5841772151898734,8.5112150734879823e-06,8.5112150734879823e-06,1,1,313439.20595240092,628747.00568415807,9398556.9465114903,0.7179991019764167,7.7803046528969954e-07,7.7803046528969954e-07,8.5910241400153486e-07,8.5910241400153486e-07
SG-006a,SG-006a,rectangular,default,E_y_1_2,closed_form,E_y,1,2,71,3.6303797468354428,8.6209305423851433e-06,8.6209305423851433e-06,1,1,310045.32583434484,621918.93972346757,9399123.8069378454,0.72408724496627419,7.7753265367739707e-07,7.7753265367739707e-07,8.5640779833829192e-07,8.5640779833829192e-07
SG-006a,SG-006a,rectangular,default,E_y_1_2,closed_form,E_y,1,2,72,3.6765822784810127,8.7306460112823043e-06,8.7306460112823043e-06,1,1,306724.15543482598,615237.58337063761,9399672.4739900008,0.72998033882533819,7.7705166282745858e-07,7.7705166282745858e-07,8.5382356385135727e-07,8.5382356385135727e-07
SG-006a,SG-006a,rectangular,default,E_y_1_2,closed_form,E_y,1,2,73,3.7227848101265821,8.8403614801794652e-06,8.8403614801794652e-06,1,1,303473.38294290227,608698.25852174475,9400203.7183096223,0.73568662730983314,7.7658673364740417e-07,7.7658673364740417e-07,8.5134345628273059e-07,8.5134345628273059e-07
SG-006a,SG-006a,rectangular,default,E_y_1_2,closed_form,E_y,1,2,74,3.7689873417721516,8.9500769490766245e-06,8.9500769490766245e-06,1,1,300290.79352542874,602296.48387426371,9400718.2701451518,0.74121392320490231,7.7613714990326847e-07,7.7613714990326847e-07,8.4896167679571688e-07,8.4896167679571688e-07
SG-006a,SG-006a,rectangular,default,E_y_1_2,closed_form,E_y,1,2,75,3.8151898734177214,9.0597924179737872e-06,9.0597924179737872e-06,1,1,297174.26429469959,596027.96468582039,9401216.8218671381,0.7465696350812786,7.757022353157832e-07,7.757022353157832e-07,8.4667284139886118e-07,8.4667284139886118e-07
SG-006a,SG-006a,rectangular,default,E_y_1_2,closed_form,E_y,1,2,76,3.8613924050632908,9.1695078868709481e-06,9.1695078868709481e-06,1,1,294121.75958623807,589888.58316588646,9401700.0303026419,0.75176079213385161,7.7528135088589463e-07,7.7528135088589463e-07,8.4447194464015288e-07,8.4447194464015288e-07
SG-006a,SG-006a,rectangular,default,E_y_1_2,closed_form,E_y,1,2,77,3.9075949367088607,9.2792233557681091e-06,9.2792233557681091e-06,1,1,291131.32652465953,583874.38945523766,9402168.5189034194,0.75679406725741527,7.7487389242895277e-07,7.7487389242895277e-07,8.4235432705440916e-07,8.4235432705440916e-07
SG-006a,SG-006a,rectangular,default,E_y_1_2,closed_form,E_y,1,2,78,3.9537974683544301,9.3889388246652701e-06,9.3889388246652701e-06,1,1,288201.09085731168,577981.59315165842,9402622.8797613066,0.76167579850151335,7.7447928829899754e-07,7.7447928829899754e-07,8.403156459173582e-07,8.403156459173582e-07
SG-006a,SG-006a,rectangular,default,E_y_1_2,closed_form,E_y,1,2,79,4,9.498654293562431e-06,9.498654293562431e-06,1,1,285329.25303701457,572206.55534368241,9403063.6754829716,0.7664120090328318,7.7409699728642392e-07,7.7409699728642392e-07,8.3835184891984921e-07,8.3835184891984921e-07
SG-006a,SG-006a,rectangular,default,E_x_1_2,closed_form,E_x,1,2,0,0.34999999999999998,8.3113225068671265e-07,8.3113225068671265e-07,0,0,1358172.7328714607,2681809.7372842897,nan,nan,nan,nan,nan,nan
SG-006a,SG-006a,rectangular,default,E_x_1_2,closed_form,E_x,1,2,1,0.39620253164556962,9.4084771958387373e-07,9.4084771958387373e-07,0,0,1296668.9120190309,2561840.9887659615,nan,nan,nan,nan,nan,nan
SG-006a,SG-006a,rectangular,default,E_x_1_2,closed_form,E_x,1,2,2,0.44240506329113921,1.0505631884810347e-06,1.0505631884810347e-06,0,0,1240494.0796175629,2452146.0721683111,nan,nan,nan,nan,nan,nan
SG-006a,SG-006a,rectangular,default,E_x_1_2,closed_form,E_x,1,2,3,0.4886075949367088,1.1602786573781955e-06,1.1602786573781955e-06,0,0,1188984.400613666,2351459.4378125034,nan,nan,nan,nan,nan,nan
SG-006a,SG-006a,rectangular,default,E_x_1_2,closed_form,E_x,1,2,4,0.53481012658227844,1.2699941262753566e-06,1.2699941262753566e-06,0,0,1141581.9032079333,2258715.1949122665,nan,nan,nan,nan,nan,nan
SG-006a,SG-006a,rectangular,default,E_x_1_2,closed_form,E_x,1,2,5,0.58101265822784809,1.3797095951725176e-06,1.3797095951725176e-06,0,0,1097814.1851158601,2173009.2317257971,nan,nan,nan,nan,nan,nan
SG-006a,SG-006a,rectangular,default,E_x_1_2,closed_form,E_x,1,2,6,0.62721518987341773,1.4894250640696788e-06,1.4894250640696788e-06,0,0,1057278.6157714052,2093569.6444422628,nan,nan,nan,nan,nan,nan
SG-006a,SG-006a,rectangular,default,E_x_1_2,closed_form,E_x,1,2,7,0.67341772151898727,1.5991405329668395e-06,1.5991405329668395e-06,0,0,1019629.9137990228,2019733.423570005,nan,nan,nan,nan,nan,nan
SG-006a,SG-006a,rectangular,default,E_x_1_2,closed_form,E_x,1,2,8,0.71962025316455691,1.7088560018640005e-06,1.7088560018640005e-06,0,0,984570.28735199326,1950927.9056223293,nan,nan,nan,nan,nan,nan
SG-006a,SG-006a,rectangular,default,E_x_1_2,closed_form,E_x,1,2,9,0.76582278481012656,1.8185714707611615e-06,1.8185714707611615e-06,0,0,951841.54095961642,1886655.8911740978,nan,nan,nan,nan,nan,nan
SG-006a,SG-006a,rectangular,default,E_x_1_2,closed_form,E_x,1,2,10,0.81202531645569609,1.9282869396583225e-06,1.9282869396583225e-06,0,0,921218.70601487742,1826483.6107523434,nan,nan,nan,nan,nan,nan
SG-006a,SG-006a,rectangular,default,E_x_1_2,closed_form,E_x,1,2,11,0.85822784810126573,2.0380024085554834e-06,2.0380024085554834e-06,0,0,892504.86246575916,1770030.9224178414,nan,nan,nan,nan,nan,nan
SG-006a,SG-006a,rectangular,default,E_x_1_2,closed_form,E_x,1,2,12,0.90443037974683538,2.1477178774526444e-06,2.1477178774526444e-06,0,0,865526.8996625772,1716963.2726762416,nan,nan,nan,nan,nan,nan
SG-006a,SG-006a,rectangular,default,E_x_1_2,closed_form,E_x,1,2,13,0.95063291139240502,2.2574333463498054e-06,2.2574333463498054e-06,0,0,840132.02347506338,1666985.0614237098,nan,nan,nan,nan,nan,nan
SG-006a,SG-006a,rectangular,default,E_x_1_2,closed_form,E_x,1,2,14,0.99683544303797456,2.3671488152469663e-06,2.3671488152469663e-06,0,0,816184.86077724129,1619834.1329337612,nan,nan,nan,nan,nan,nan
SG-006a,SG-006a,rectangular,default,E_x_1_2,closed_form,E_x,1,2,15,1.0430379746835441,2.4768642841441269e-06,2.4768642841441269e-06,0,0,793565.0454115913,1575277.1760663053,nan,nan,nan,nan,nan,nan
SG-006a,SG-006a,rectangular,default,E_x_1_2,closed_form,E_x,1,2,16,1.089240506329114,2.5865797530412887e-06,2.5865797530412887e-06,0,0,772165.19474506215,1533105.8633151304,nan,nan,nan,nan,nan,nan
SG-006a,SG-006a,rectangular,default,E_x_1_2,closed_form,E_x,1,2,17,1.1354430379746834,2.6962952219384492e-06,2.6962952219384492e-06,0,0,751889.20502212388,1493133.5938490473,nan,nan,nan,nan,nan,nan
SG-006a,SG-006a,rectangular,default,E_x_1_2,closed_form,E_x,1,2,18,1.1816455696202532,2.8060106908356106e-06,2.8060106908356106e-06,0,0,732650.80841600639,1455192.7331133673,nan,nan,nan,nan,nan,nan
SG-006a,SG-006a,rectangular,default,E_x_1_2,closed_form,E_x,1,2,19,1.2278481012658227,2.9157261597327712e-06,2.9157261597327712e-06,0,0,714372.34607548336,1419132.2628564837,nan,nan,nan,nan,nan,nan
SG-006a,SG-006a,rectangular,default,E_x_1_2,closed_form,E_x,1,2,20,1.2740506329113923,3.0254416286299322e-06,3.0254416286299322e-06,0,0,696983.72036417387,1384815.7721091942,nan,nan,nan,nan,nan,nan
SG-006a,SG-006a,rectangular,default,E_x_1_2,closed_form,E_x,1,2,21,1.320253164556962,3.1351570975270935e-06,3.1351570975270935e-06,0,0,680421.49648566428,1352119.7327665917,nan,nan,nan,nan,nan,nan
SG-006a,SG-006a,rectangular,default,E_x_1_2,closed_form,E_x,1,2,22,1.3664556962025314,3.2448725664242541e-06,3.2448725664242541e-06,0,1,664628.12922252796,1320932.0138204142,9308052.8401226196,-0.24931564121144187,8.7420428891950458e-07,8.7420428891950458e-07,1.3645736929891369e-05,1.3645736929891369e-05
SG-006a,SG-006a,rectangular,default,E_x_1_2,closed_form,E_x,1,2,23,1.4126582278481012,3.3545880353214155e-06,3.3545880353214155e-06,0,1,649551.29492211866,1291150.5965779703,9313294.4150835052,-0.1935486343672827,8.6765980534691585e-07,8.6765980534691585e-07,3.4676699971687346e-06,3.4676699971687346e-06
SG-006a,SG-006a,rectangular,default,E_x_1_2,closed_form,E_x,1,2,24,1.4588607594936707,3.464303504218576e-06,3.464303504218576e-06,0,1,635143.3123874634,1262682.4598472498,9318190.0382063389,-0.14143397888083531,8.6167691033600043e-07,8.6167691033600043e-07,2.532946403607433e-06,2.532946403607433e-06
SG-006a,SG-006a,rectangular,default,E_x_1_2,closed_form,E_x,1,2,25,1.5050632911392405,3.5740189731157374e-06,3.5740189731157374e-06,0,1,621360.63916850626,1235442.6094214481,9322769.5522694495,-0.092659560717896938,8.5618988544843999e-07,8.5618988544843999e-07,2.1132944844299688e-06,2.1132944844299688e-06
SG-006a,SG-006a,rectangular,default,E_x_1_2,closed_form,E_x,1,2,26,1.55126582278481,3.683734442012898e-06,3.683734442012898e-06,0,1,608163.4320435999,1209353.230532282,9327059.6445787977,-0.046945907337935043,8.5114273892953196e-07,8.5114273892953196e-07,1.8643724626412676e-06,1.8643724626412676e-06
SG-006a,SG-006a,rectangular,default,E_x_1_2,closed_form,E_x,1,2,27,1.5974683544303798,3.7934499109100598e-06,3.7934499109100598e-06,0,1,595515.16234627389,1184342.9454705087,9331084.2397191003,-0.0040421752882037485,8.4648747371945755e-07,8.4648747371945755e-07,1.6962227293250736e-06,1.6962227293250736e-06
SG-006a,SG-006a,rectangular,default,E_x_1_2,closed_form,E_x,1,2,28,1.6436708860759492,3.9031653798072199e-06,3.9031653798072199e-06,1,1,583382.27831544797,1160346.1614576066,9334864.8363402858,0.036277298348452718,8.4218271362785071e-07,8.4218271362785071e-07,1.5736258574929293e-06,1.5736258574929293e-06
SG-006a,SG-006a,rectangular,default,E_x_1_2,closed_form,E_x,1,2,29,1.6898734177215187,4.0128808487043809e-06,4.0128808487043809e-06,1,1,571733.90789668122,1137302.4962223317,9338420.7969255652,0.074215969423798878,8.3819260386049625e-07,8.3819260386049625e-07,1.4796156880962277e-06,1.4796156880962277e-06
SG-006a,SG-006a,rectangular,default,E_x_1_2,closed_form,E_x,1,2,30,1.7360759493670885,4.1225963176015427e-06,4.1225963176015427e-06,1,1,560541.596451352,1115156.2706903524,9341769.5979076698,0.10995765846566706,8.3448592384896533e-07,8.3448592384896533e-07,1.4048903594735547e-06,1.4048903594735547e-06
SG-006a,SG-006a,rectangular,default,E_x_1_2,closed_form,E_x,1,2,31,1.782278481012658,4.2323117864987028e-06,4.2323117864987028e-06,1,1,549779.07468208391,1093856.0598136338,9344927.0462243296,0.14366878154306362,8.3103536592011106e-07,8.3103536592011106e-07,1.3438739726421734e-06,1.3438739726421734e-06
SG-006a,SG-006a,rectangular,default,E_x_1_2,closed_form,E_x,1,2,32,1.8284810126582278,4.3420272553958646e-06,4.3420272553958646e-06,1,1,539422.05278981535,1073354.2939117139,9347907.4673698805,0.17550029093114791,8.2781694464547446e-07,8.2781694464547446e-07,1.29299762847729e-06,1.29299762847729e-06
SG-006a,SG-006a,rectangular,default,E_x_1_2,closed_form,E_x,1,2,33,1.8746835443037972,4.4517427242930248e-06,4.4517427242930248e-06,1,1,529448.03746731812,1053606.9040197213,9350723.8691573106,0.20558936793099236,8.2480951000303821e-07,8.2480951000303821e-07,1.2498591358922609e-06,1.2498591358922609e-06
SG-006a,SG-006a,rectangular,default,E_x_1_2,closed_form,E_x,1,2,34,1.9208860759493671,4.5614581931901866e-06,4.5614581931901866e-06,1,1,519836.16882706835,1034573.0056781018,9353388.084715914,0.2340609033698737,8.2199434363305712e-07,8.2199434363305712e-07,1.2127757991641203e-06,1.2127757991641203e-06
SG-006a,SG-006a,rectangular,default,E_x_1_2,closed_form,E_x,1,2,35,1.9670886075949365,4.6711736620873467e-06,4.6711736620873467e-06,1,1,510567.07477535948,1016214.6163890592,9355910.8976837117,0.26102879567982318,8.1935482207560855e-07,8.1935482207560855e-07,1.1805300695640872e-06,1.1805300695640872e-06
SG-006a,SG-006a,rectangular,default,E_x_1_2,closed_form,E_x,1,2,36,2.0132911392405064,4.7808891309845085e-06,4.7808891309845085e-06,1,1,501622.74069323385,998496.40263072809,9358302.1520870533,0.28659709179773524,8.168761343597765e-07,8.168761343597765e-07,1.1522169525750035e-06,1.1522169525750035e-06
SG-006a,SG-006a,rectangular,default,E_x_1_2,closed_form,E_x,1,2,37,2.0594936708860758,4.8906045998816695e-06,4.8906045998816695e-06,1,1,492986.39257949562,981385.45288342785,9360570.8490136713,0.31086099226792585,8.1454504397025836e-07,8.1454504397025836e-07,1.1271483492288729e-06,1.1271483492288729e-06
SG-006a,SG-006a,rectangular,default,E_x_1_2,closed_form,E_x,1,2,38,2.1056962025316452,5.0003200687788296e-06,5.0003200687788296e-06,1,1,484642.3920608433,964851.07360023307,9362725.2318646144,0.33390773871027124,8.1234968725944478e-07,8.1234968725944478e-07,1.104790838676802e-06,1.104790838676802e-06
SG-006a,SG-006a,rectangular,default,E_x_1_2,closed_form,E_x,1,2,39,2.1518987341772151,5.1100355376759914e-06,5.1100355376759914e-06,1,1,476576.14188652963,948864.60546073585,9364772.8617031947,0.35581739912943916,8.1027940195560915e-07,8.1027940195560915e-07,1.0847239228397632e-06,1.0847239228397632e-06
SG-006a,SG-006a,rectangular,default,E_x_1_2,closed_form,E_x,1,2,40,2.1981012658227845,5.2197510065731515e-06,5.2197510065731515e-06,1,1,468774.00070604036,933399.25759386178,9366720.6839955226,0.37666356428732806,8.0832458065312399e-07,8.0832458065312399e-07,1.0666112364191299e-06,1.0666112364191299e-06
SG-006a,SG-006a,rectangular,default,E_x_1_2,closed_form,E_x,1,2,41,2.2443037974683544,5.3294664754703134e-06,5.3294664754703134e-06,1,1,461223.20608310035,918429.95775249624,9368575.0878496692,0.39651396646599946,8.0647654514145902e-07,8.0647654514145902e-07,1.0501802239637241e-06,1.0501802239637241e-06
SG-006a,SG-006a,rectangular,default,E_x_1_2,closed_form,E_x,1,2,42,2.2905063291139238,5.4391819443674735e-06,5.4391819443674735e-06,1,1,453911.8048320653,903933.21667741181,9370341.9587027654,0.4154310303515289,8.0472743819766202e-07,8.0472743819766202e-07,1.0352074941527807e-06,1.0352074941527807e-06
SG-006a,SG-006a,rectangular,default,E_x_1_2,closed_form,E_x,1,2,43,2.3367088607594937,5.5488974132646353e-06,5.5488974132646353e-06,1,1,446828.58987684193,889887.00510708278,9372026.7252721004,0.43347236441715731,8.0307013007820364e-07,8.0307013007820364e-07,1.0215080702199852e-06,1.0215080702199852e-06
SG-006a,SG-006a,rectangular,default,E_x_1_2,closed_form,E_x,1,2,44,2.3829113924050631,5.6586128821617963e-06,5.6586128821617963e-06,1,1,439963.04293080897,876270.6420789049,9373634.4014736321,0.45069120003885604,8.0149813743532495e-07,8.0149813743532495e-07,1.0089273699970601e-06,1.0089273699970601e-06
SG-006a,SG-006a,rectangular,default,E_x_1_2,closed_form,E_x,1,2,45,2.429113924050633,5.7683283510589572e-06,5.7683283510589572e-06,1,1,433305.28238112794,863064.69333063788,9375169.623915663,0.46713678460210112,8.0000555277683201e-07,8.0000555277683201e-07,9.9733513396371643e-07,9.9733513396371643e-07
SG-006a,SG-006a,rectangular,default,E_x_1_2,closed_form,E_x,1,2,46,2.4753164556962024,5.8780438199561182e-06,5.8780438199561182e-06,1,1,426846.01583437488,850250.87875237653,9376636.685493974,0.48285473402754953,7.9858698290693243e-07,7.9858698290693243e-07,9.866207667976657e-07,9.866207667976657e-07
SG-006a,SG-006a,rectangular,default,E_x_1_2,closed_form,E_x,1,2,47,2.5215189873417723,5.9877592888532792e-06,5.9877592888532792e-06,1,1,420576.4968442347,837811.98796220601,9378039.5655453131,0.49788734943379548,7.9723749504482247e-07,7.9723749504482247e-07,9.76689720116483e-07,9.76689720116483e-07
SG-006a,SG-006a,rectangular,default,E_x_1_2,closed_form,E_x,1,2,48,2.5677215189873417,6.0974747577504401e-06,6.0974747577504401e-06,1,1,414488.48539749708,825731.8031856044,9379381.9569567051,0.51227390204719814,7.9595256952944745e-07,7.9595256952944745e-07,9.6746065272211215e-07,9.6746065272211215e-07
SG-006a,SG-006a,rectangular,default,E_x_1_2,closed_form,E_x,1,2,49,2.6139240506329111,6.2071902266476003e-06,6.2071902266476003e-06,1,1,408574.21178296889,813995.02871190431,9380667.2905770671,0.52605088994585947,7.9472805819261288e-07,7.9472805819261288e-07,9.5886317873215674e-07,9.5886317873215674e-07
SG-006a,SG-006a,rectangular,default,E_x_1_2,closed_form,E_x,1,2,50,2.660126582278481,6.3169056955447621e-06,6.3169056955447621e-06,1,1,402826.34351016441,802587.22628257959,9381898.7572338749,0.53925226977564944,7.9356014762586107e-07,7.9356014762586107e-07,9.5083606534131799e-07,9.5083606534131799e-07
SG-006a,SG-006a,rectangular,default,E_x_1_2,closed_form,E_x,1,2,51,2.7063291139240504,6.4266211644419231e-06,6.4266211644419231e-06,1,1,397237.95498160657,791494.75583748531,9383079.3276199084,0.55190966618863613,7.9244532668507847e-07,7.9244532668507847e-07,9.4332577811140924e-07,9.4332577811140924e-07
SG-006a,SG-006a,rectangular,default,E_x_1_2,closed_form,E_x,1,2,52,2.7525316455696203,6.536336633339084e-06,6.536336633339084e-06,1,1,391802.49965499394,780704.72110774717,9384211.7702824902,0.56405256141794247,7.9138035767531518e-07,7.9138035767531518e-07,9.362852974979395e-07,9.362852974979395e-07
SG-006a,SG-006a,rectangular,default,E_x_1_2,closed_form,E_x,1,2,53,2.7987341772151897,6.646052102236245e-06,6.646052102236245e-06,1,1,386513.78445996821,770204.91959902423,9385298.6679195333,0.57570846711387103,7.9036225074047795e-07,7.9036225074047795e-07,9.2967314898437984e-07,9.2967314898437984e-07
SG-006a,SG-006a,rectangular,default,E_x_1_2,closed_form,E_x,1,2,54,2.8449367088607596,6.7557675711334068e-06,6.7557675711334068e-06,1,1,381365.94625928579,759983.79655729991,9386342.432162188,0.58690308031245275,7.8938824105134992e-07,7.8938824105134992e-07,9.2345260285244924e-07,9.2345260285244924e-07
SG-006a,SG-006a,rectangular,default,E_x_1_2,closed_form,E_x,1,2,55,2.891139240506329,6.8654830400305669e-06,6.8654830400305669e-06,1,1,376353.43016629614,750030.40255209187,9387345.3170027714,0.59766042519001128,7.884557684431884e-07,7.884557684431884e-07,9.1759100972191539e-07,9.1759100972191539e-07
SG-006a,SG-006a,rectangular,default,E_x_1_2,closed_form,E_x,1,2,56,2.9373417721518984,6.9751985089277271e-06,6.9751985089277271e-06,1,1,371470.96955015429,740334.35434972891,9388309.4310080819,0.60800298206439873,7.8756245920286256e-07,7.8756245920286256e-07,9.120592455477241e-07,9.120592455477241e-07
SG-006a,SG-006a,rectangular,default,E_x_1_2,closed_form,E_x,1,2,57,2.9835443037974683,7.0849139778248889e-06,7.0849139778248889e-06,1,1,366713.56757746416,730885.79878277215,9389236.7484421507,0.61795180493790158,7.8670610974669157e-07,7.8670610974669157e-07,9.0683124546414059e-07,9.0683124546414059e-07
SG-006a,SG-006a,rectangular,default,E_x_1_2,closed_form,E_x,1,2,58,3.0297468354430377,7.1946294467220498e-06,7.1946294467220498e-06,1,1,362076.48015435546,721675.37935127853,9390129.1194083951,0.62752662873041298,7.8588467196507974e-07,7.8588467196507974e-07,9.0188361020810842e-07,9.0188361020810842e-07
SG-006a,SG-006a,rectangular,default,E_x_1_2,closed_form,E_x,1,2,59,3.0759493670886076,7.3043449156192108e-06,7.3043449156192108e-06,1,1,357555.20014658314,712694.20531792706,9390988.2791087888,0.63674596722331767,7.8509624003977775e-07,7.8509624003977775e-07,8.971952721892376e-07,8.971952721892376e-07
SG-006a,SG-006a,rectangular,default,E_x_1_2,closed_form,E_x,1,2,60,3.122151898734177,7.4140603845163718e-06,7.4140603845163718e-06,1,1,353145.44276731589,703933.82308242831,9391815.8563068882,0.64562720262269224,7.8433903856495583e-07,7.8433903856495583e-07,8.9274721085573419e-07,8.9274721085573419e-07
SG-006a,SG-006a,rectangular,default,E_x_1_2,closed_form,E_x,1,2,61,3.1683544303797468,7.5237758534135336e-06,7.5237758534135336e-06,1,1,348843.13203303289,695386.18964147894,9392613.3810720406,0.65418666755141974,7.8361141182497981e-07,7.8361141182497981e-07,8.8852220901925003e-07,8.8852220901925003e-07
SG-006a,SG-006a,rectangular,default,E_x_1_2,closed_form,E_x,1,2,62,3.2145569620253163,7.6334913223106946e-06,7.6334913223106946e-06,1,1,344644.38819753722,687043.64795912034,9393382.2918737438,0.66243972019276298,7.8291181410038794e-07,7.8291181410038794e-07,8.845046433831873e-07,8.845046433831873e-07
SG-006a,SG-006a,rectangular,default,E_x_1_2,closed_form,E_x,1,2,63,3.2607594936708861,7.7432067912078555e-06,7.7432067912078555e-06,1,1,340545.5160826568,678898.90408896981,9394123.9420877919,0.67040081323170775,7.8223880088958358e-07,7.8223880088958358e-07,8.8068030376942737e-07,8.8068030376942737e-07
SG-006a,SG-006a,rectangular,default,E_x_1_2,closed_form,E_x,1,2,64,3.3069620253164556,7.8529222601050165e-06,7.8529222601050165e-06,1,1,336542.99423185945,670945.00590465055,9394839.6059692968,0.67808355717204982,7.8159102094755267e-07,7.8159102094755267e-07,8.770362365332952e-07,8.770362365332952e-07
SG-006a,SG-006a,rectangular,default,E_x_1_2,closed_form,E_x,1,2,65,3.353164556962025,7.9626377290021758e-06,7.9626377290021758e-06,1,1,332633.46481986518,663175.32330805901,9395530.4841419924,0.68550077854783675,7.809672090548516e-07,7.809672090548516e-07,8.7356060845280584e-07,8.7356060845280584e-07
SG-006a,SG-006a,rectangular,default,E_x_1_2,closed_form,E_x,1,2,66,3.3993670886075948,8.0723531978993384e-06,8.0723531978993384e-06,1,1,328813.72425748571,655583.52979704191,9396197.7086480595,0.69266457349388899,7.8036617944043818e-07,7.8036617944043818e-07,8.7024258801908287e-07,8.7024258801908287e-07
SG-006a,SG-006a,rectangular,default,E_x_1_2,closed_form,E_x,1,2,67,3.4455696202531643,8.1820686667964977e-06,8.1820686667964977e-06,1,1,325080.71443644265,648163.58528478676,9396842.3475982882,0.69958635709403183,7.7978681979089465e-07,7.7978681979089465e-07,8.6707224157342005e-07,8.6707224157342005e-07
SG-006a,SG-006a,rectangular,default,E_x_1_2,closed_form,E_x,1,2,68,3.4917721518987341,8.2917841356936604e-06,8.2917841356936604e-06,1,1,321431.51456387254,640909.72007286199,9397465.4094583169,0.70627690888269401,7.792280857863944e-07,7.792280857863944e-07,8.6404044215821788e-07,8.6404044215821788e-07
SG-006a,SG-006a,rectangular,default,E_x_1_2,closed_form,E_x,1,2,69,3.5379746835443036,8.4014996045908214e-06,8.4014996045908214e-06,1,1,317863.33354070026,633816.41988853295,9398067.8470031451,0.71274641483885481,7.7868899611057227e-07,7.7868899611057227e-07,8.6113878929372593e-07,8.6113878929372593e-07
SG-006a,SG-006a,rectangular,default,E_x_1_2,closed_form,E_x,1,2,70,3.5841772151898734,8.5112150734879823e-06,8.5112150734879823e-06,1,1,314373.50284207903,626878.41190480185,9398650.5609689932,0.71900450617834377,7.7816862788740353e-07,7.7816862788740353e-07,8.5835953817553951e-07,8.5835953817553951e-07
SG-006a,SG-006a,rectangular,default,E_x_1_2,closed_form,E_x,1,2,71,3.6303797468354428,8.6209305423851433e-06,8.6209305423851433e-06,1,1,310959.46986173379,620090.65166868968,9399214.4034286551,0.7250602952198848,7.7766611250340458e-07,7.7766611250340458e-07,8.5569553702120857e-07,8.5569553702120857e-07
SG-006a,SG-006a,rectangular,default,E_x_1_2,closed_form,E_x,1,2,72,3.6765822784810127,8.7306460112823043e-06,8.7306460112823043e-06,1,1,307618.79168531881,613448.31086965196,9399760.1809140593,0.73092240857488833,7.7718063177803215e-07,7.7718063177803215e-07,8.5314017148760581e-07,8.5314017148760581e-07
SG-006a,SG-006a,rectangular,default,E_x_1_2,closed_form,E_x,1,2,73,3.7227848101265821,8.8403614801794652e-06,8.8403614801794652e-06,1,1,304349.12926087237,606946.76588580455,9400288.6573074553,0.73659901788675453,7.7671141444917164e-07,7.7671141444917164e-07,8.5068731524145267e-07,8.5068731524145267e-07
SG-006a,SG-006a,rectangular,default,E_x_1_2,closed_form,E_x,1,2,74,3.7689873417721516,8.9500769490766245e-06,8.9500769490766245e-06,1,1,301148.24193713185,600581.58705085749,9400800.5565205943,0.74209786832406455,7.7625773294413783e-07,7.7625773294413783e-07,8.4833128589956125e-07,8.4833128589956125e-07
SG-006a,SG-006a,rectangular,default,E_x_1_2,closed_form,E_x,1,2,75,3.8151898734177214,9.0597924179737872e-06,9.0597924179737872e-06,1,1,298013.9823429102,594348.52858939918,9401296.5649795346,0.74742630501361451,7.7581890040972519e-07,7.7581890040972519e-07,8.4606680566777802e-07,8.4606680566777802e-07
SG-006a,SG-006a,rectangular,default,E_x_1_2,closed_form,E_x,1,2,76,3.8613924050632908,9.1695078868709481e-06,9.1695078868709481e-06,1,1,294944.29158294323,588243.51917247614,9401777.3339309879,0.75259129758147836,7.7539426797759924e-07,7.7539426797759924e-07,8.4388896610213479e-07,8.4388896610213479e-07
SG-006a,SG-006a,rectangular,default,E_x_1_2,closed_form,E_x,1,2,77,3.9075949367088607,9.2792233557681091e-06,9.2792233557681091e-06,1,1,291937.19472761883,582262.65304931905,9402243.4815847427,0.75759946295554093,7.7498322224375036e-07,7.7498322224375036e-07,8.4179319649546189e-07,8.4179319649546189e-07
SG-006a,SG-006a,rectangular,default,E_x_1_2,closed_form,E_x,1,2,78,3.9537974683544301,9.3889388246652701e-06,9.3889388246652701e-06,1,1,288990.79657582921,576402.18171462335,9402695.5951053388,0.76245708656870781,7.7458518294289717e-07,7.7458518294289717e-07,8.3977523546022555e-07,8.3977523546022555e-07
SG-006a,SG-006a,rectangular,default,E_x_1_2,closed_form,E_x,1,2,79,4,9.498654293562431e-06,9.498654293562431e-06,1,1,286103.27767184121,570658.50607402914,9403134.2324649952,0.76717014208974743,7.7419960080063509e-07,7.7419960080063509e-07,8.3783110533567473e-07,8.3783110533567473e-07
SG-006a,SG-006a,rectangular,default,E_y_2_2,closed_form,E_y,2,2,0,0.34999999999999998,8.3113225068671265e-07,8.3113225068671265e-07,0,0,2681809.7372842897,2716345.4657429215,nan,nan,nan,nan,nan,nan
SG-006a,SG-006a,rectangular,default,E_y_2_2,closed_form,E_y,2,2,1,0.39620253164556962,9.4084771958387373e-07,9.4084771958387373e-07,0,0,2561840.9887659615,2593337.8240380618,nan,nan,nan,nan,nan,nan
SG-006a,SG-006a,rectangular,default,E_y_2_2,closed_form,E_y,2,2,2,0.44240506329113921,1.0505631884810347e-06,1.0505631884810347e-06,0,0,2452146.0721683111,2480988.1592351259,nan,nan,nan,nan,nan,nan
SG-006a,SG-006a,rectangular,default,E_y_2_2,closed_form,E_y,2,2,3,0.4886075949367088,1.1602786573781955e-06,1.1602786573781955e-06,0,0,2351459.4378125034,2377968.8012273321,nan,nan,nan,nan,nan,nan
SG-006a,SG-006a,rectangular,default,E_y_2_2,closed_form,E_y,2,2,4,0.53481012658227844,1.2699941262753566e-06,1.2699941262753566e-06,0,0,2258715.1949122665,2283163.8064158666,nan,nan,nan,nan,nan,nan
SG-006a,SG-006a,rectangular,default,E_y_2_2,closed_form,E_y,2,2,5,0.58101265822784809,1.3797095951725176e-06,1.3797095951725176e-06,0,0,2173009.2317257971,2195628.3702317202,nan,nan,nan,nan,nan,nan
SG-006a,SG-006a,rectangular,default,E_y_2_2,closed_form,E_y,2,2,6,0.62721518987341773,1.4894250640696788e-06,1.4894250640696788e-06,0,0,2093569.6444422628,2114557.2315428103,nan,nan,nan,nan,nan,nan
SG-006a,SG-006a,rectangular,default,E_y_2_2,closed_form,E_y,2,2,7,0.67341772151898727,1.5991405329668395e-06,1.5991405329668395e-06,0,0,2019733.423570005,2039259.8275980456,nan,nan,nan,nan,nan,nan
SG-006a,SG-006a,rectangular,default,E_y_2_2,closed_form,E_y,2,2,8,0.71962025316455691,1.7088560018640005e-06,1.7088560018640005e-06,0,0,1950927.9056223293,1969140.5747039865,nan,nan,nan,nan,nan,nan
SG-006a,SG-006a,rectangular,default,E_y_2_2,closed_form,E_y,2,2,9,0.76582278481012656,1.8185714707611615e-06,1.8185714707611615e-06,0,0,1886655.8911740978,1903683.0819192328,nan,nan,nan,nan,nan,nan
SG-006a,SG-006a,rectangular,default,E_y_2_2,closed_form,E_y,2,2,10,0.81202531645569609,1.9282869396583225e-06,1.9282869396583225e-06,0,0,1826483.6107523434,1842437.4120297548,nan,nan,nan,nan,nan,nan
SG-006a,SG-006a,rectangular,default,E_y_2_2,closed_form,E_y,2,2,11,0.85822784810126573,2.0380024085554834e-06,2.0380024085554834e-06,0,0,1770030.9224178414,1785009.7249315183,nan,nan,nan,nan,nan,nan
SG-006a,SG-006a,rectangular,default,E_y_2_2,closed_form,E_y,2,2,12,0.90443037974683538,2.1477178774526444e-06,2.1477178774526444e-06,0,0,1716963.2726762416,1731053.7993251544,nan,nan,nan,nan,nan,nan
SG-006a,SG-006a,rectangular,default,E_y_2_2,closed_form,E_y,2,2,13,0.95063291139240502,2.2574333463498054e-06,2.2574333463498054e-06,0,0,1666985.0614237098,1680264.0469501268,nan,nan,nan,nan,nan,nan
SG-006a,SG-006a,rectangular,default,E_y_2_2,closed_form,E_y,2,2,14,0.99683544303797456,2.3671488152469663e-06,2.3671488152469663e-06,0,0,1619834.1329337612,1632369.7215544826,nan,nan,nan,nan,nan,nan
SG-006a,SG-006a,rectangular,default,E_y_2_2,closed_form,E_y,2,2,15,1.0430379746835441,2.4768642841441269e-06,2.4768642841441269e-06,0,0,1575277.1760663053,1587130.0908231826,nan,nan,nan,nan,nan,nan
SG-006a,SG-006a,rectangular,default,E_y_2_2,closed_form,E_y,2,2,16,1.089240506329114,2.5865797530412887e-06,2.5865797530412887e-06,0,0,1533105.8633151304,1544330.3894901243,nan,nan,nan,nan,nan,nan
SG-006a,SG-006a,rectangular,default,E_y_2_2,closed_form,E_y,2,2,17,1.1354430379746834,2.6962952219384492e-06,2.6962952219384492e-06,0,0,1493133.5938490473,1503778.4100442478,nan,nan,nan,nan,nan,nan
SG-006a,SG-006a,rectangular,default,E_y_2_2,closed_form,E_y,2,2,18,1.1816455696202532,2.8060106908356106e-06,2.8060106908356106e-06,0,0,1455192.7331133673,1465301.6168320128,nan,nan,nan,nan,nan,nan
SG-006a,SG-006a,rectangular,default,E_y_2_2,closed_form,E_y,2,2,19,1.2278481012658227,2.9157261597327712e-06,2.9157261597327712e-06,0,0,1419132.2628564837,1428744.6921509667,nan,nan,nan,nan,nan,nan
SG-006a,SG-006a,rectangular,default,E_y_2_2,closed_form,E_y,2,2,20,1.2740506329113923,3.0254416286299322e-06,3.0254416286299322e-06,0,0,1384815.7721091942,1393967.4407283477,nan,nan,nan,nan,nan,nan
SG-006a,SG-006a,rectangular,default,E_y_2_2,closed_form,E_y,2,2,21,1.320253164556962,3.1351570975270935e-06,3.1351570975270935e-06,0,0,1352119.7327665917,1360842.9929713286,nan,nan,nan,nan,nan,nan
SG-006a,SG-006a,rectangular,default,E_y_2_2,closed_form,E_y,2,2,22,1.3664556962025314,3.2448725664242541e-06,3.2448725664242541e-06,0,0,1320932.0138204142,1329256.2584450559,nan,nan,nan,nan,nan,nan
SG-006a,SG-006a,rectangular,default,E_y_2_2,closed_form,E_y,2,2,23,1.4126582278481012,3.3545880353214155e-06,3.3545880353214155e-06,0,1,1291150.5965779703,1299102.5898442373,9245090.7084690426,-0.91673894008957035,3.4676699971687346e-06,3.4676699971687346e-06,3.9979459515493235e-06,3.9979459515493235e-06
SG-006a,SG-006a,rectangular,default,E_y_2_2,closed_form,E_y,2,2,24,1.4588607594936707,3.464303504218576e-06,3.464303504218576e-06,0,1,1262682.4598472498,1270286.6247749268,9253023.5332196299,-0.83289730243454563,2.532946403607433e-06,2.532946403607433e-06,2.7056325745465139e-06,2.7056325745465139e-06
SG-006a,SG-006a,rectangular,default,E_y_2_2,closed_form,E_y,2,2,25,1.5050632911392405,3.5740189731157374e-06,3.5740189731157374e-06,0,1,1235442.6094214481,1242721.2783370125,9260440.8638573252,-0.75443884427313002,2.1132944844299688e-06,2.1132944844299688e-06,2.2039287951761237e-06,2.2039287951761237e-06
SG-006a,SG-006a,rectangular,default,E_y_2_2,closed_form,E_y,2,2,26,1.55126582278481,3.683734442012898e-06,3.683734442012898e-06,0,1,1209353.230532282,1216326.8640871998,9267386.5427802894,-0.68091238796829479,1.8643724626412676e-06,1.8643724626412676e-06,1.9217244554769389e-06,1.9217244554769389e-06
SG-006a,SG-006a,rectangular,default,E_y_2_2,closed_form,E_y,2,2,27,1.5974683544303798,3.7934499109100598e-06,3.7934499109100598e-06,0,1,1184342.9454705087,1191030.3246925478,9273899.8357207458,-0.61191305243265681,1.6962227293250736e-06,1.6962227293250736e-06,1.7363661526187985e-06,1.7363661526187985e-06
SG-006a,SG-006a,rectangular,default,E_y_2_2,closed_form,E_y,2,2,28,1.6436708860759492,3.9031653798072199e-06,3.9031653798072199e-06,0,1,1160346.1614576066,1166764.5566308959,9280015.9948560838,-0.54707666717969816,1.5736258574929293e-06,1.5736258574929293e-06,1.6035605283721892e-06,1.6035605283721892e-06
SG-006a,SG-006a,rectangular,default,E_y_2_2,closed_form,E_y,2,2,29,1.6898734177215187,4.0128808487043809e-06,4.0128808487043809e-06,0,1,1137302.4962223317,1143467.8157933624,9285766.7425008826,-0.48607495716193488,1.4796156880962277e-06,1.4796156880962277e-06,1.5029301537909372e-06,1.5029301537909372e-06
SG-006a,SG-006a,rectangular,default,E_y_2_2,closed_form,E_y,2,2,30,1.7360759493670885,4.1225963176015427e-06,4.1225963176015427e-06,0,1,1115156.2706903524,1121083.192902704,9291180.6879607793,-0.42861137919654635,1.4048903594735547e-06,1.4048903594735547e-06,1.4236346706468066e-06,1.4236346706468066e-06
SG-006a,SG-006a,rectangular,default,E_y_2_2,closed_form,E_y,2,2,31,1.782278481012658,4.2323117864987028e-06,4.2323117864987028e-06,0,1,1093856.0598136338,1099558.1493641678,9296283.6879249811,-0.37441751112269084,1.3438739726421734e-06,1.3438739726421734e-06,1.3593135312673114e-06,1.3593135312673114e-06
SG-006a,SG-006a,rectangular,default,E_y_2_2,closed_form,E_y,2,2,32,1.8284810126582278,4.3420272553958646e-06,4.3420272553958646e-06,0,1,1073354.2939117139,1078844.1055796307,9301099.1589919981,-0.32324991139311304,1.29299762847729e-06,1.29299762847729e-06,1.3059603421542962e-06,1.3059603421542962e-06
SG-006a,SG-006a,rectangular,default,E_y_2_2,closed_form,E_y,2,2,33,1.8746835443037972,4.4517427242930248e-06,4.4517427242930248e-06,0,1,1053606.9040197213,1058896.0749346362,9305648.3494754024,-0.2748873803362939,1.2498591358922609e-06,1.2498591358922609e-06,1.2609118624743623e-06,1.2609118624743623e-06
SG-006a,SG-006a,rectangular,default,E_y_2_2,closed_form,E_y,2,2,34,1.9208860759493671,4.5614581931901866e-06,4.5614581931901866e-06,0,1,1034573.0056781018,1039672.3376541367,9309950.5764554534,-0.22912856542863611,1.2127757991641203e-06,1.2127757991641203e-06,1.2223210822868324e-06,1.2223210822868324e-06
SG-006a,SG-006a,rectangular,default,E_y_2_2,closed_form,E_y,2,2,35,1.9670886075949365,4.6711736620873467e-06,4.6711736620873467e-06,0,1,1016214.6163890592,1021134.149550719,9314023.4330746029,-0.1857898620650579,1.1805300695640872e-06,1.1805300695640872e-06,1.1888624596348999e-06,1.1888624596348999e-06
SG-006a,SG-006a,rectangular,default,E_y_2_2,closed_form,E_y,2,2,36,2.0132911392405064,4.7808891309845085e-06,4.7808891309845085e-06,0,1,998496.40263072809,1003245.4813864677,9317882.9702790007,-0.14470356887813154,1.1522169525750035e-06,1.1522169525750035e-06,1.159557442649636e-06,1.159557442649636e-06
SG-006a,SG-006a,rectangular,default,E_y_2_2,closed_form,E_y,2,2,37,2.0594936708860758,4.8906045998816695e-06,4.8906045998816695e-06,0,1,981385.45288342785,985972.78515899123,9321543.8565507419,-0.10571626293192248,1.1271483492288729e-06,1.1271483492288729e-06,1.1336663036999873e-06,1.1336663036999873e-06
SG-006a,SG-006a,rectangular,default,E_y_2_2,closed_form,E_y,2,2,38,2.1056962025316452,5.0003200687788296e-06,5.0003200687788296e-06,0,1,964851.07360023307,969284.78412168659,9325019.5186308809,-0.068687365340330972,1.104790838676802e-06,1.104790838676802e-06,1.1106184453543161e-06,1.1106184453543161e-06
SG-006a,SG-006a,rectangular,default,E_y_2_2,closed_form,E_y,2,2,39,2.1518987341772151,5.1100355376759914e-06,5.1100355376759914e-06,0,1,948864.60546073585,953152.28377305926,9328322.2657799684,-0.033487872225276653,1.0847239228397632e-06,1.0847239228397632e-06,1.0899660018330759e-06,1.0899660018330759e-06
SG-006a,SG-006a,rectangular,default,E_y_2_2,closed_form,E_y,2,2,40,2.1981012658227845,5.2197510065731515e-06,5.2197510065731515e-06,1,1,933399.25759386178,937548.00141208072,9331463.3997447435,7.7041348995183314e-07,1.0666112364191299e-06,1.0666112364191299e-06,1.0713520693521028e-06,1.0713520693521028e-06
SG-006a,SG-006a,rectangular,default,E_y_2_2,closed_form,E_y,2,2,41,2.2443037974683544,5.3294664754703134e-06,5.3294664754703134e-06,1,1,918429.95775249624,922446.41216620069,9334453.3122828733,0.0318876662707408,1.0501802239637241e-06,1.0501802239637241e-06,1.0544884157953968e-06,1.0544884157953968e-06
SG-006a,SG-006a,rectangular,default,E_y_2_2,closed_form,E_y,2,2,42,2.2905063291139238,5.4391819443674735e-06,5.4391819443674735e-06,1,1,903933.21667741181,907823.60966413061,9337301.5718315486,0.062273358511612184,1.0352074941527807e-06,1.0352074941527807e-06,1.0391395031005597e-06,1.0391395031005597e-06
SG-006a,SG-006a,rectangular,default,E_y_2_2,closed_form,E_y,2,2,43,2.3367088607594937,5.5488974132646353e-06,5.5488974132646353e-06,1,1,889887.00510708278,893657.17975368386,9340017.0006815568,0.09125062332110187,1.0215080702199852e-06,1.0215080702199852e-06,1.0251108158457441e-06,1.0251108158457441e-06
SG-006a,SG-006a,rectangular,default,E_y_2_2,closed_form,E_y,2,2,44,2.3829113924050631,5.6586128821617963e-06,5.6586128821617963e-06,1,1,876270.6420789049,879926.08586161793,9342607.7438290827,0.11890517893983996,1.0089273699970601e-06,1.0089273699970601e-06,1.0122401905702852e-06,1.0122401905702852e-06
SG-006a,SG-006a,rectangular,default,E_y_2_2,closed_form,E_y,2,2,45,2.429113924050633,5.7683283510589572e-06,5.7683283510589572e-06,1,1,863064.69333063788,866610.56476225588,9345081.3305167537,0.1453163203176398,9.9733513396371643e-07,9.9733513396371643e-07,1.0003912762893735e-06,1.0003912762893735e-06
SG-006a,SG-006a,rectangular,default,E_y_2_2,closed_form,E_y,2,2,46,2.4753164556962024,5.8780438199561182e-06,5.8780438199561182e-06,1,1,850250.87875237653,853692.03166874975,9347444.7293391563,0.17055748817167421,9.866207667976657e-07,9.866207667976657e-07,9.8944853472758445e-07,9.8944853472758445e-07
SG-006a,SG-006a,rectangular,default,E_y_2_2,closed_form,E_y,2,2,47,2.5215189873417723,5.9877592888532792e-06,5.9877592888532792e-06,1,1,837811.98796220601,841152.9936884694,9349704.3976716176,0.1946967800839888,9.76689720116483e-07,9.76689720116483e-07,9.793133702596445e-07,9.793133702596445e-07
SG-006a,SG-006a,rectangular,default,E_y_2_2,closed_form,E_y,2,2,48,2.5677215189873417,6.0974747577504401e-06,6.0974747577504401e-06,1,1,825731.8031856044,828976.97079499415,9351866.3260818515,0.21779741028911484,9.6746065272211215e-07,9.6746065272211215e-07,9.6990110043173882e-07,9.6990110043173882e-07
SG-006a,SG-006a,rectangular,default,E_y_2_2,closed_form,E_y,2,2,49,2.6139240506329111,6.2071902266476003e-06,6.2071902266476003e-06,1,1,813995.02871190431,817148.42356593779,9353936.0782988183,0.23991812395450363,9.5886317873215674e-07,9.5886317873215674e-07,9.6113855998268252e-07,9.6113855998268252e-07
SG-006a,SG-006a,rectangular,default,E_y_2_2,closed_form,E_y,2,2,50,2.660126582278481,6.3169056955447621e-06,6.3169056955447621e-06,1,1,802587.22628257959,805652.68702032883,9355918.8272402845,0.26111357103031579,9.5083606534131799e-07,9.5083606534131799e-07,9.5296218792417549e-07,9.5296218792417549e-07
SG-006a,SG-006a,rectangular,default,E_y_2_2,closed_form,E_y,2,2,51,2.7063291139240504,6.4266211644419231e-06,6.4266211644419231e-06,1,1,791494.75583748531,794475.90996321314,9357819.3875375763,0.28143464411535168,9.4332577811140924e-07,9.4332577811140924e-07,9.4531648695287803e-07,9.4531648695287803e-07
SG-006a,SG-006a,rectangular,default,E_y_2_2,closed_form,E_y,2,2,52,2.7525316455696203,6.536336633339084e-06,6.536336633339084e-06,1,1,780704.72110774717,783604.99930998788,9359642.2449418828,0.30092878424385494,9.362852974979395e-07,9.362852974979395e-07,9.3815277271281186e-07,9.3815277271281186e-07
SG-006a,SG-006a,rectangular,default,E_y_2_2,closed_form,E_y,2,2,53,2.7987341772151897,6.646052102236245e-06,6.646052102236245e-06,1,1,770204.91959902423,773027.56891993643,9361391.5829495918,0.31964025802752111,9.2967314898437984e-07,9.2967314898437984e-07,9.3142815078209975e-07,9.3142815078209975e-07
SG-006a,SG-006a,rectangular,default,E_y_2_2,closed_form,E_y,2,2,54,2.8449367088607596,6.7557675711334068e-06,6.7557675711334068e-06,1,1,759983.79655729991,762731.89251857158,9363071.3069435526,0.3376104091787831,9.2345260285244924e-07,9.2345260285244924e-07,9.2510467410693575e-07,9.2510467410693575e-07
SG-006a,SG-006a,rectangular,default,E_y_2_2,closed_form,E_y,2,2,55,2.891139240506329,6.8654830400305669e-06,6.8654830400305669e-06,1,1,750030.40255209187,752706.86033259227,9364685.0661119446,0.35487788708665335,9.1759100972191539e-07,9.1759100972191539e-07,9.1914864456049512e-07,9.1914864456049512e-07
SG-006a,SG-006a,rectangular,default,E_y_2_2,closed_form,E_y,2,2,56,2.9373417721518984,6.9751985089277271e-06,6.9751985089277271e-06,1,1,740334.35434972891,742941.93910030858,9366236.2733757533,0.37147885480665055,9.120592455477241e-07,9.120592455477241e-07,9.1353003047170619e-07,9.1353003047170619e-07
SG-006a,SG-006a,rectangular,default,E_y_2_2,closed_form,E_y,2,2,57,2.9835443037974683,7.0849139778248889e-06,7.0849139778248889e-06,1,1,730885.79878277215,733427.13515492831,9367728.1235292256,0.38744717855729061,9.0683124546414059e-07,9.0683124546414059e-07,9.0822197811763026e-07,9.0822197811763026e-07
SG-006a,SG-006a,rectangular,default,E_y_2_2,closed_form,E_y,2,2,58,3.0297468354430377,7.1946294467220498e-06,7.1946294467220498e-06,1,1,721675.37935127853,724152.96030871093,9369163.6097742785,0.40281460057821078,9.0188361020810842e-07,9.0188361020810842e-07,9.0320039984497038e-07,9.0320039984497038e-07
SG-006a,SG-006a,rectangular,default,E_y_2_2,closed_form,E_y,2,2,59,3.0759493670886076,7.3043449156192108e-06,7.3043449156192108e-06,1,1,712694.20531792706,715110.40029316628,9370545.538809523,0.41761089699928761,8.971952721892376e-07,8.971952721892376e-07,8.9844362506631136e-07,8.9844362506631136e-07
SG-006a,SG-006a,rectangular,default,E_y_2_2,closed_form,E_y,2,2,60,3.122151898734177,7.4140603845163718e-06,7.4140603845163718e-06,1,1,703933.82308242831,706290.88553463179,9371876.5446166396,0.43186402218771536,8.9274721085573419e-07,8.9274721085573419e-07,8.9393210314235534e-07,8.9393210314235534e-07
SG-006a,SG-006a,rectangular,default,E_y_2_2,closed_form,E_y,2,2,61,3.1683544303797468,7.5237758534135336e-06,7.5237758534135336e-06,1,1,695386.18964147894,697686.26406606578,9373159.101071192,0.44560024088069305,8.8852220901925003e-07,8.8852220901925003e-07,8.8964814931412088e-07,8.8964814931412088e-07
SG-006a,SG-006a,rectangular,default,E_y_2_2,closed_form,E_y,2,2,62,3.2145569620253163,7.6334913223106946e-06,7.6334913223106946e-06,1,1,687043.64795912034,689288.77639507444,9374395.5334911644,0.45884424927105755,8.845046433831873e-07,8.845046433831873e-07,8.8557572653671022e-07,8.8557572653671022e-07
SG-006a,SG-006a,rectangular,default,E_y_2_2,closed_form,E_y,2,2,63,3.2607594936708861,7.7432067912078555e-06,7.7432067912078555e-06,1,1,678898.90408896981,681091.03216531361,9375588.0292243566,0.47161928608863346,8.8068030376942737e-07,8.8068030376942737e-07,8.8170025739817213e-07,8.8170025739817213e-07
SG-006a,SG-006a,rectangular,default,E_y_2_2,closed_form,E_y,2,2,64,3.3069620253164556,7.8529222601050165e-06,7.8529222601050165e-06,1,1,670945.00590465055,673085.98846371891,9376738.647365069,0.48394723461115124,8.770362365332952e-07,8.770362365332952e-07,8.7800846136492772e-07,8.7800846136492772e-07
SG-006a,SG-006a,rectangular,default,E_y_2_2,closed_form,E_y,2,2,65,3.353164556962025,7.9626377290021758e-06,7.9626377290021758e-06,1,1,663175.32330805901,665266.92963973037,9377849.3276810125,0.49584871644122852,8.7356060845280584e-07,8.7356060845280584e-07,8.7448821344059305e-07,8.7448821344059305e-07
SG-006a,SG-006a,rectangular,default,E_y_2_2,closed_form,E_y,2,2,66,3.3993670886075948,8.0723531978993384e-06,8.0723531978993384e-06,1,1,655583.52979704191,657627.44851497142,9378921.898823062,0.50734317780057525,8.7024258801908287e-07,8.7024258801908287e-07,8.7112842100442668e-07,8.7112842100442668e-07
SG-006a,SG-006a,rectangular,default,E_y_2_2,closed_form,E_y,2,2,67,3.4455696202531643,8.1820686667964977e-06,8.1820686667964977e-06,1,1,648163.58528478676,650161.4288728853,9379958.0858829543,0.51844896901569804,8.6707224157342005e-07,8.6707224157342005e-07,8.6791891614460419e-07,8.6791891614460419e-07
SG-006a,SG-006a,rectangular,default,E_y_2_2,closed_form,E_y,2,2,68,3.4917721518987341,8.2917841356936604e-06,8.2917841356936604e-06,1,1,640909.72007286199,642863.02912774507,9380959.517357545,0.52918341780263156,8.6404044215821788e-07,8.6404044215821788e-07,8.6485036124739927e-07,8.6485036124739927e-07
SG-006a,SG-006a,rectangular,default,E_y_2_2,closed_form,E_y,2,2,69,3.5379746835443036,8.4014996045908214e-06,8.4014996045908214e-06,1,1,633816.41988853295,635726.66708140052,9381927.7315723095,0.53956289689716919,8.6113878929372593e-07,8.6113878929372593e-07,8.6191416596730145e-07,8.6191416596730145e-07
SG-006a,SG-006a,rectangular,default,E_y_2_2,closed_form,E_y,2,2,70,3.5841772151898734,8.5112150734879823e-06,8.5112150734879823e-06,1,1,626878.41190480185,628747.00568415807,9382864.1826115754,0.54960288652382083,8.5835953817553951e-07,8.5835953817553951e-07,8.5910241400153486e-07,8.5910241400153486e-07
SG-006a,SG-006a,rectangular,default,E_y_2_2,closed_form,E_y,2,2,71,3.6303797468354428,8.6209305423851433e-06,8.6209305423851433e-06,1,1,620090.65166868968,621918.93972346757,9383770.2457983587,0.55931803214891473,8.5569553702120857e-07,8.5569553702120857e-07,8.5640779833829192e-07,8.5640779833829192e-07
SG-006a,SG-006a,rectangular,default,E_y_2_2,closed_form,E_y,2,2,72,3.6765822784810127,8.7306460112823043e-06,8.7306460112823043e-06,1,1,613448.31086965196,615237.58337063761,9384647.2227624878,0.56872219792017054,8.5314017148760581e-07,8.5314017148760581e-07,8.5382356385135727e-07,8.5382356385135727e-07
SG-006a,SG-006a,rectangular,default,E_y_2_2,closed_form,E_y,2,2,73,3.7227848101265821,8.8403614801794652e-06,8.8403614801794652e-06,1,1,606946.76588580455,608698.25852174475,9385496.346132027,0.57782851615726127,8.5068731524145267e-07,8.5068731524145267e-07,8.5134345628273059e-07,8.5134345628273059e-07
SG-006a,SG-006a,rectangular,default,E_y_2_2,closed_form,E_y,2,2,74,3.7689873417721516,8.9500769490766245e-06,8.9500769490766245e-06,1,1,600581.58705085749,602296.48387426371,9386318.783879675,0.58664943322314855,8.4833128589956125e-07,8.4833128589956125e-07,8.4896167679571688e-07,8.4896167679571688e-07
SG-006a,SG-006a,rectangular,default,E_y_2_2,closed_form,E_y,2,2,75,3.8151898734177214,9.0597924179737872e-06,9.0597924179737872e-06,1,1,594348.52858939918,596027.96468582039,9387115.6433528811,0.59519675207591993,8.4606680566777802e-07,8.4606680566777802e-07,8.4667284139886118e-07,8.4667284139886118e-07
SG-006a,SG-006a,rectangular,default,E_y_2_2,closed_form,E_y,2,2,76,3.8613924050632908,9.1695078868709481e-06,9.1695078868709481e-06,1,1,588243.51917247614,589888.58316588646,9387887.975013677,0.60348167177227119,8.4388896610213479e-07,8.4388896610213479e-07,8.4447194464015288e-07,8.4447194464015288e-07
SG-006a,SG-006a,rectangular,default,E_y_2_2,closed_form,E_y,2,2,77,3.9075949367088607,9.2792233557681091e-06,9.2792233557681091e-06,1,1,582262.65304931905,583874.38945523766,9388636.7759119589,0.61151482417037739,8.4179319649546189e-07,8.4179319649546189e-07,8.4235432705440916e-07,8.4235432705440916e-07
SG-006a,SG-006a,rectangular,default,E_y_2_2,closed_form,E_y,2,2,78,3.9537974683544301,9.3889388246652701e-06,9.3889388246652701e-06,1,1,576402.18171462335,577981.59315165842,9389362.9929136708,0.61930630805617692,8.3977523546022555e-07,8.3977523546022555e-07,8.403156459173582e-07,8.403156459173582e-07
SG-006a,SG-006a,rectangular,default,E_y_2_2,closed_form,E_y,2,2,79,4,9.498654293562431e-06,9.498654293562431e-06,1,1,570658.50607402914,572206.55534368241,9390067.5257034935,0.62686572089804904,8.3783110533567473e-07,8.3783110533567473e-07,8.3835184891984921e-07,8.3835184891984921e-07
SG-006a,SG-006a,rectangular,default,E_x_2_2,closed_form,E_x,2,2,0,0.34999999999999998,8.3113225068671265e-07,8.3113225068671265e-07,0,0,2716345.4657429215,2681809.7372842897,nan,nan,nan,nan,nan,nan
SG-006a,SG-006a,rectangular,default,E_x_2_2,closed_form,E_x,2,2,1,0.39620253164556962,9.4084771958387373e-07,9.4084771958387373e-07,0,0,2593337.8240380618,2561840.9887659615,nan,nan,nan,nan,nan,nan
SG-006a,SG-006a,rectangular,default,E_x_2_2,closed_form,E_x,2,2,2,0.44240506329113921,1.0505631884810347e-06,1.0505631884810347e-06,0,0,2480988.1592351259,2452146.0721683111,nan,nan,nan,nan,nan,nan
SG-006a,SG-006a,rectangular,default,E_x_2_2,closed_form,E_x,2,2,3,0.4886075949367088,1.1602786573781955e-06,1.1602786573781955e-06,0,0,2377968.8012273321,2351459.4378125034,nan,nan,nan,nan,nan,nan
SG-006a,SG-006a,rectangular,default,E_x_2_2,closed_form,E_x,2,2,4,0.53481012658227844,1.2699941262753566e-06,1.2699941262753566e-06,0,0,2283163.8064158666,2258715.1949122665,nan,nan,nan,nan,nan,nan
SG-006a,SG-006a,rectangular,default,E_x_2_2,closed_form,E_x,2,2,5,0.58101265822784809,1.3797095951725176e-06,1.3797095951725176e-06,0,0,2195628.3702317202,2173009.2317257971,nan,nan,nan,nan,nan,nan
SG-006a,SG-006a,rectangular,default,E_x_2_2,closed_form,E_x,2,2,6,0.62721518987341773,1.4894250640696788e-06,1.4894250640696788e-06,0,0,2114557.2315428103,2093569.6444422628,nan,nan,nan,nan,nan,nan
SG-006a,SG-006a,rectangular,default,E_x_2_2,closed_form,E_x,2,2,7,0.67341772151898727,1.5991405329668395e-06,1.5991405329668395e-06,0,0,2039259.8275980456,2019733.423570005,nan,nan,nan,nan,nan,nan
SG-006a,SG-006a,rectangular,default,E_x_2_2,closed_form,E_x,2,2,8,0.71962025316455691,1.7088560018640005e-06,1.7088560018640005e-06,0,0,1969140.5747039865,1950927.9056223293,nan,nan,nan,nan,nan,nan
SG-006a,SG-006a,rectangular,default,E_x_2_2,closed_form,E_x,2,2,9,0.76582278481012656,1.8185714707611615e-06,1.8185714707611615e-06,0,0,1903683.0819192328,1886655.8911740978,nan,nan,nan,nan,nan,nan
SG-006a,SG-006a,rectangular,default,E_x_2_2,closed_form,E_x,2,2,10,0.81202531645569609,1.9282869396583225e-06,1.9282869396583225e-06,0,0,1842437.4120297548,1826483.6107523434,nan,nan,nan,nan,nan,nan
SG-006a,SG-006a,rectangular,default,E_x_2_2,closed_form,E_x,2,2,11,0.85822784810126573,2.0380024085554834e-06,2.0380024085554834e-06,0,0,1785009.7249315183,1770030.9224178414,nan,nan,nan,nan,nan,nan
SG-006a,SG-006a,rectangular,default,E_x_2_2,closed_form,E_x,2,2,12,0.90443037974683538,2.1477178774526444e-06,2.1477178774526444e-06,0,0,1731053.7993251544,1716963.2726762416,nan,nan,nan,nan,nan,nan
SG-006a,SG-006a,rectangular,default,E_x_2_2,closed_form,E_x,2,2,13,0.95063291139240502,2.2574333463498054e-06,2.2574333463498054e-06,0,0,1680264.0469501268,1666985.0614237098,nan,nan,nan,nan,nan,nan
SG-006a,SG-006a,rectangular,default,E_x_2_2,closed_form,E_x,2,2,14,0.99683544303797456,2.3671488152469663e-06,2.3671488152469663e-06,0,0,1632369.7215544826,1619834.1329337612,nan,nan,nan,nan,nan,nan
SG-006a,SG-006a,rectangular,default,E_x_2_2,closed_form,E_x,2,2,15,1.0430379746835441,2.4768642841441269e-06,2.4768642841441269e-06,0,0,1587130.0908231826,1575277.1760663053,nan,nan,nan,nan,nan,nan
SG-006a,SG-006a,rectangular,default,E_x_2_2,closed_form,E_x,2,2,16,1.089240506329114,2.5865797530412887e-06,2.5865797530412887e-06,0,0,1544330.3894901243,1533105.8633151304,nan,nan,nan,nan,nan,nan
SG-006a,SG-006a,rectangular,default,E_x_2_2,closed_form,E_x,2,2,17,1.1354430379746834,2.6962952219384492e-06,2.6962952219384492e-06,0,0,1503778.4100442478,1493133.5938490473,nan,nan,nan,nan,nan,nan
SG-006a,SG-006a,rectangular,default,E_x_2_2,closed_form,E_x,2,2,18,1.1816455696202532,2.8060106908356106e-06,2.8060106908356106e-06,0,0,1465301.6168320128,1455192.7331133673,nan,nan,nan,nan,nan,nan
SG-006a,SG-006a,rectangular,default,E_x_2_2,closed_form,E_x,2,2,19,1.2278481012658227,2.9157261597327712e-06,2.9157261597327712e-06,0,0,1428744.6921509667,1419132.2628564837,nan,nan,nan,nan,nan,nan
SG-006a,SG-006a,rectangular,default,E_x_2_2,closed_form,E_x,2,2,20,1.2740506329113923,3.0254416286299322e-06,3.0254416286299322e-06,0,0,1393967.4407283477,1384815.7721091942,nan,nan,nan,nan,nan,nan
SG-006a,SG-006a,rectangular,default,E_x_2_2,closed_form,E_x,2,2,21,1.320253164556962,3.1351570975270935e-06,3.1351570975270935e-06,0,0,1360842.9929713286,1352119.7327665917,nan,nan,nan,nan,nan,nan
SG-006a,SG-006a,rectangular,default,E_x_2_2,closed_form,E_x,2,2,22,1.3664556962025314,3.2448725664242541e-06,3.2448725664242541e-06,0,0,1329256.2584450559,1320932.0138204142,nan,nan,nan,nan,nan,nan
SG-006a,SG-006a,rectangular,default,E_x_2_2,closed_form,E_x,2,2,23,1.4126582278481012,3.3545880353214155e-06,3.3545880353214155e-06,0,1,1299102.5898442373,1291150.5965779703,9245090.7084690426,-0.91673894008957035,3.9979459515493235e-06,3.9979459515493235e-06,3.4676699971687346e-06,3.4676699971687346e-06
SG-006a,SG-006a,rectangular,default,E_x_2_2,closed_form,E_x,2,2,24,1.4588607594936707,3.464303504218576e-06,3.464303504218576e-06,0,1,1270286.6247749268,1262682.4598472498,9253023.5332196299,-0.83289730243454563,2.7056325745465139e-06,2.7056325745465139e-06,2.532946403607433e-06,2.532946403607433e-06
SG-006a,SG-006a,rectangular,default,E_x_2_2,closed_form,E_x,2,2,25,1.5050632911392405,3.5740189731157374e-06,3.5740189731157374e-06,0,1,1242721.2783370125,1235442.6094214481,9260440.8638573252,-0.75443884427313002,2.2039287951761237e-06,2.2039287951761237e-06,2.1132944844299688e-06,2.1132944844299688e-06
SG-006a,SG-006a,rectangular,default,E_x_2_2,closed_form,E_x,2,2,26,1.55126582278481,3.683734442012898e-06,3.683734442012898e-06,0,1,1216326.8640871998,1209353.230532282,9267386.5427802894,-0.68091238796829479,1.9217244554769389e-06,1.9217244554769389e-06,1.8643724626412676e-06,1.8643724626412676e-06
SG-006a,SG-006a,rectangular,default,E_x_2_2,closed_form,E_x,2,2,27,1.5974683544303798,3.7934499109100598e-06,3.7934499109100598e-06,0,1,1191030.3246925478,1184342.9454705087,9273899.8357207458,-0.61191305243265681,1.7363661526187985e-06,1.7363661526187985e-06,1.6962227293250736e-06,1.6962227293250736e-06
SG-006a,SG-006a,rectangular,default,E_x_2_2,closed_form,E_x,2,2,28,1.6436708860759492,3.9031653798072199e-06,3.9031653798072199e-06,0,1,1166764.5566308959,1160346.1614576066,9280015.9948560838,-0.54707666717969816,1.6035605283721892e-06,1.6035605283721892e-06,1.5736258574929293e-06,1.5736258574929293e-06
SG-006a,SG-006a,rectangular,default,E_x_2_2,closed_form,E_x,2,2,29,1.6898734177215187,4.0128808487043809e-06,4.0128808487043809e-06,0,1,1143467.8157933624,1137302.4962223317,9285766.7425008826,-0.48607495716193488,1.5029301537909372e-06,1.5029301537909372e-06,1.4796156880962277e-06,1.4796156880962277e-06
SG-006a,SG-006a,rectangular,default,E_x_2_2,closed_form,E_x,2,2,30,1.7360759493670885,4.1225963176015427e-06,4.1225963176015427e-06,0,1,1121083.192902704,1115156.2706903524,9291180.6879607793,-0.42861137919654635,1.4236346706468066e-06,1.4236346706468066e-06,1.4048903594735547e-06,1.4048903594735547e-06
SG-006a,SG-006a,rectangular,default,E_x_2_2,closed_form,E_x,2,2,31,1.782278481012658,4.2323117864987028e-06,4.2323117864987028e-06,0,1,1099558.1493641678,1093856.0598136338,9296283.6879249811,-0.37441751112269084,1.3593135312673114e-06,1.3593135312673114e-06,1.3438739726421734e-06,1.3438739726421734e-06
SG-006a,SG-006a,rectangular,default,E_x_2_2,closed_form,E_x,2,2,32,1.8284810126582278,4.3420272553958646e-06,4.3420272553958646e-06,0,1,1078844.1055796307,1073354.2939117139,9301099.1589919981,-0.32324991139311304,1.3059603421542962e-06,1.3059603421542962e-06,1.29299762847729e-06,1.29299762847729e-06
SG-006a,SG-006a,rectangular,default,E_x_2_2,closed_form,E_x,2,2,33,1.8746835443037972,4.4517427242930248e-06,4.4517427242930248e-06,0,1,1058896.0749346362,1053606.9040197213,9305648.3494754024,-0.2748873803362939,1.2609118624743623e-06,1.2609118624743623e-06,1.2498591358922609e-06,1.2498591358922609e-06
SG-006a,SG-006a,rectangular,default,E_x_2_2,closed_form,E_x,2,2,34,1.9208860759493671,4.5614581931901866e-06,4.5614581931901866e-06,0,1,1039672.3376541367,1034573.0056781018,9309950.5764554534,-0.22912856542863611,1.2223210822868324e-06,1.2223210822868324e-06,1.2127757991641203e-06,1.2127757991641203e-06
SG-006a,SG-006a,rectangular,default,E_x_2_2,closed_form,E_x,2,2,35,1.9670886075949365,4.6711736620873467e-06,4.6711736620873467e-06,0,1,1021134.149550719,1016214.6163890592,9314023.4330746029,-0.1857898620650579,1.1888624596348999e-06,1.1888624596348999e-06,1.1805300695640872e-06,1.1805300695640872e-06
SG-006a,SG-006a,rectangular,default,E_x_2_2,closed_form,E_x,2,2,36,2.0132911392405064,4.7808891309845085e-06,4.7808891309845085e-06,0,1,1003245.4813864677,998496.40263072809,9317882.9702790007,-0.14470356887813154,1.159557442649636e-06,1.159557442649636e-06,1.1522169525750035e-06,1.1522169525750035e-06
SG-006a,SG-006a,rectangular,default,E_x_2_2,closed_form,E_x,2,2,37,2.0594936708860758,4.8906045998816695e-06,4.8906045998816695e-06,0,1,985972.78515899123,981385.45288342785,9321543.8565507419,-0.10571626293192248,1.1336663036999873e-06,1.1336663036999873e-06,1.1271483492288729e-06,1.1271483492288729e-06
SG-006a,SG-006a,rectangular,default,E_x_2_2,closed_form,E_x,2,2,38,2.1056962025316452,5.0003200687788296e-06,5.0003200687788296e-06,0,1,969284.78412168659,964851.07360023307,9325019.5186308809,-0.068687365340330972,1.1106184453543161e-06,1.1106184453543161e-06,1.104790838676802e-06,1.104790838676802e-06
SG-006a,SG-006a,rectangular,default,E_x_2_2,closed_form,E_x,2,2,39,2.1518987341772151,5.1100355376759914e-06,5.1100355376759914e-06,0,1,953152.28377305926,948864.60546073585,9328322.2657799684,-0.033487872225276653,1.0899660018330759e-06,1.0899660018330759e-06,1.0847239228397632e-06,1.0847239228397632e-06
SG-006a,SG-006a,rectangular,default,E_x_2_2,closed_form,E_x,2,2,40,2.1981012658227845,5.2197510065731515e-06,5.2197510065731515e-06,1,1,937548.00141208072,933399.25759386178,9331463.3997447435,7.7041348995183314e-07,1.0713520693521028e-06,1.0713520693521028e-06,1.0666112364191299e-06,1.0666112364191299e-06
SG-006a,SG-006a,rectangular,default,E_x_2_2,closed_form,E_x,2,2,41,2.2443037974683544,5.3294664754703134e-06,5.3294664754703134e-06,1,1,922446.41216620069,918429.95775249624,9334453.3122828733,0.0318876662707408,1.0544884157953968e-06,1.0544884157953968e-06,1.0501802239637241e-06,1.0501802239637241e-06
SG-006a,SG-006a,rectangular,default,E_x_2_2,closed_form,E_x,2,2,42,2.2905063291139238,5.4391819443674735e-06,5.4391819443674735e-06,1,1,907823.60966413061,903933.21667741181,9337301.5718315486,0.062273358511612184,1.0391395031005597e-06,1.0391395031005597e-06,1.0352074941527807e-06,1.0352074941527807e-06
SG-006a,SG-006a,rectangular,default,E_x_2_2,closed_form,E_x,2,2,43,2.3367088607594937,5.5488974132646353e-06,5.5488974132646353e-06,1,1,893657.17975368386,889887.00510708278,9340017.0006815568,0.09125062332110187,1.0251108158457441e-06,1.0251108158457441e-06,1.0215080702199852e-06,1.0215080702199852e-06
SG-006a,SG-006a,rectangular,default,E_x_2_2,closed_form,E_x,2,2,44,2.3829113924050631,5.6586128821617963e-06,5.6586128821617963e-06,1,1,879926.08586161793,876270.6420789049,9342607.7438290827,0.11890517893983996,1.0122401905702852e-06,1.0122401905702852e-06,1.0089273699970601e-06,1.0089273699970601e-06
SG-006a,SG-006a,rectangular,default,E_x_2_2,closed_form,E_x,2,2,45,2.429113924050633,5.7683283510589572e-06,5.7683283510589572e-06,1,1,866610.56476225588,863064.69333063788,9345081.3305167537,0.1453163203176398,1.0003912762893735e-06,1.0003912762893735e-06,9.9733513396371643e-07,9.9733513396371643e-07
SG-006a,SG-006a,rectangular,default,E_x_2_2,closed_form,E_x,2,2,46,2.4753164556962024,5.8780438199561182e-06,5.8780438199561182e-06,1,1,853692.03166874975,850250.87875237653,9347444.7293391563,0.17055748817167421,9.8944853472758445e-07,9.8944853472758445e-07,9.866207667976657e-07,9.866207667976657e-07
SG-006a,SG-006a,rectangular,default,E_x_2_2,closed_form,E_x,2,2,47,2.5215189873417723,5.9877592888532792e-06,5.9877592888532792e-06,1,1,841152.9936884694,837811.98796220601,9349704.3976716176,0.1946967800839888,9.793133702596445e-07,9.793133702596445e-07,9.76689720116483e-07,9.76689720116483e-07
SG-006a,SG-006a,rectangular,default,E_x_2_2,closed_form,E_x,2,2,48,2.5677215189873417,6.0974747577504401e-06,6.0974747577504401e-06,1,1,828976.97079499415,825731.8031856044,9351866.3260818515,0.21779741028911484,9.6990110043173882e-07,9.6990110043173882e-07,9.6746065272211215e-07,9.6746065272211215e-07
SG-006a,SG-006a,rectangular,default,E_x_2_2,closed_form,E_x,2,2,49,2.6139240506329111,6.2071902266476003e-06,6.2071902266476003e-06,1,1,817148.42356593779,813995.02871190431,9353936.0782988183,0.23991812395450363,9.6113855998268252e-07,9.6113855998268252e-07,9.5886317873215674e-07,9.5886317873215674e-07
SG-006a,SG-006a,rectangular,default,E_x_2_2,closed_form,E_x,2,2,50,2.660126582278481,6.3169056955447621e-06,6.3169056955447621e-06,1,1,805652.68702032883,802587.22628257959,9355918.8272402845,0.26111357103031579,9.5296218792417549e-07,9.5296218792417549e-07,9.5083606534131799e-07,9.5083606534131799e-07
SG-006a,SG-006a,rectangular,default,E_x_2_2,closed_form,E_x,2,2,51,2.7063291139240504,6.4266211644419231e-06,6.4266211644419231e-06,1,1,794475.90996321314,791494.75583748531,9357819.3875375763,0.28143464411535168,9.4531648695287803e-07,9.4531648695287803e-07,9.4332577811140924e-07,9.4332577811140924e-07
SG-006a,SG-006a,rectangular,default,E_x_2_2,closed_form,E_x,2,2,52,2.7525316455696203,6.536336633339084e-06,6.536336633339084e-06,1,1,783604.99930998788,780704.72110774717,9359642.2449418828,0.30092878424385494,9.3815277271281186e-07,9.3815277271281186e-07,9.362852974979395e-07,9.362852974979395e-07
SG-006a,SG-006a,rectangular,default,E_x_2_2,closed_form,E_x,2,2,53,2.7987341772151897,6.646052102236245e-06,6.646052102236245e-06,1,1,773027.56891993643,770204.91959902423,9361391.5829495918,0.31964025802752111,9.3142815078209975e-07,9.3142815078209975e-07,9.2967314898437984e-07,9.2967314898437984e-07
SG-006a,SG-006a,rectangular,default,E_x_2_2,closed_form,E_x,2,2,54,2.8449367088607596,6.7557675711334068e-06,6.7557675711334068e-06,1,1,762731.89251857158,759983.79655729991,9363071.3069435526,0.3376104091787831,9.2510467410693575e-07,9.2510467410693575e-07,9.2345260285244924e-07,9.2345260285244924e-07
SG-006a,SG-006a,rectangular,default,E_x_2_2,closed_form,E_x,2,2,55,2.891139240506329,6.8654830400305669e-06,6.8654830400305669e-06,1,1,752706.86033259227,750030.40255209187,9364685.0661119446,0.35487788708665335,9.1914864456049512e-07,9.1914864456049512e-07,9.1759100972191539e-07,9.1759100972191539e-07
SG-006a,SG-006a,rectangular,default,E_x_2_2,closed_form,E_x,2,2,56,2.9373417721518984,6.9751985089277271e-06,6.9751985089277271e-06,1,1,742941.93910030858,740334.35434972891,9366236.2733757533,0.37147885480665055,9.1353003047170619e-07,9.1353003047170619e-07,9.120592455477241e-07,9.120592455477241e-07
SG-006a,SG-006a,rectangular,default,E_x_2_2,closed_form,E_x,2,2,57,2.9835443037974683,7.0849139778248889e-06,7.0849139778248889e-06,1,1,733427.13515492831,730885.79878277215,9367728.1235292256,0.38744717855729061,9.0822197811763026e-07,9.0822197811763026e-07,9.0683124546414059e-07,9.0683124546414059e-07
SG-006a,SG-006a,rectangular,default,E_x_2_2,closed_form,E_x,2,2,58,3.0297468354430377,7.1946294467220498e-06,7.1946294467220498e-06,1,1,724152.96030871093,721675.37935127853,9369163.6097742785,0.40281460057821078,9.0320039984497038e-07,9.0320039984497038e-07,9.0188361020810842e-07,9.0188361020810842e-07
SG-006a,SG-006a,rectangular,default,E_x_2_2,closed_form,E_x,2,2,59,3.0759493670886076,7.3043449156192108e-06,7.3043449156192108e-06,1,1,715110.40029316628,712694.20531792706,9370545.538809523,0.41761089699928761,8.9844362506631136e-07,8.9844362506631136e-07,8.971952721892376e-07,8.971952721892376e-07
SG-006a,SG-006a,rectangular,default,E_x_2_2,closed_form,E_x,2,2,60,3.122151898734177,7.4140603845163718e-06,7.4140603845163718e-06,1,1,706290.88553463179,703933.82308242831,9371876.5446166396,0.43186402218771536,8.9393210314235534e-07,8.9393210314235534e-07,8.9274721085573419e-07,8.9274721085573419e-07
SG-006a,SG-006a,rectangular,default,E_x_2_2,closed_form,E_x,2,2,61,3.1683544303797468,7.5237758534135336e-06,7.5237758534135336e-06,1,1,697686.26406606578,695386.18964147894,9373159.101071192,0.44560024088069305,8.8964814931412088e-07,8.8964814931412088e-07,8.8852220901925003e-07,8.8852220901925003e-07
SG-006a,SG-006a,rectangular,default,E_x_2_2,closed_form,E_x,2,2,62,3.2145569620253163,7.6334913223106946e-06,7.6334913223106946e-06,1,1,689288.77639507444,687043.64795912034,9374395.5334911644,0.45884424927105755,8.8557572653671022e-07,8.8557572653671022e-07,8.845046433831873e-07,8.845046433831873e-07
SG-006a,SG-006a,rectangular,default,E_x_2_2,closed_form,E_x,2,2,63,3.2607594936708861,7.7432067912078555e-06,7.7432067912078555e-06,1,1,681091.03216531361,678898.90408896981,9375588.0292243566,0.47161928608863346,8.8170025739817213e-07,8.8170025739817213e-07,8.8068030376942737e-07,8.8068030376942737e-07
SG-006a,SG-006a,rectangular,default,E_x_2_2,closed_form,E_x,2,2,64,3.3069620253164556,7.8529222601050165e-06,7.8529222601050165e-06,1,1,673085.98846371891,670945.00590465055,9376738.647365069,0.48394723461115124,8.7800846136492772e-07,8.7800846136492772e-07,8.770362365332952e-07,8.770362365332952e-07
SG-006a,SG-006a,rectangular,default,E_x_2_2,closed_form,E_x,2,2,65,3.353164556962025,7.9626377290021758e-06,7.9626377290021758e-06,1,1,665266.92963973037,663175.32330805901,9377849.3276810125,0.49584871644122852,8.7448821344059305e-07,8.7448821344059305e-07,8.7356060845280584e-07,8.7356060845280584e-07
SG-006a,SG-006a,rectangular,default,E_x_2_2,closed_form,E_x,2,2,66,3.3993670886075948,8.0723531978993384e-06,8.0723531978993384e-06,1,1,657627.44851497142,655583.52979704191,9378921.898823062,0.50734317780057525,8.7112842100442668e-07,8.7112842100442668e-07,8.7024258801908287e-07,8.7024258801908287e-07
SG-006a,SG-006a,rectangular,default,E_x_2_2,closed_form,E_x,2,2,67,3.4455696202531643,8.1820686667964977e-06,8.1820686667964977e-06,1,1,650161.4288728853,648163.58528478676,9379958.0858829543,0.51844896901569804,8.6791891614460419e-07,8.6791891614460419e-07,8.6707224157342005e-07,8.6707224157342005e-07
SG-006a,SG-006a,rectangular,default,E_x_2_2,closed_form,E_x,2,2,68,3.4917721518987341,8.2917841356936604e-06,8.2917841356936604e-06,1,1,642863.02912774507,640909.72007286199,9380959.517357545,0.52918341780263156,8.6485036124739927e-07,8.6485036124739927e-07,8.6404044215821788e-07,8.6404044215821788e-07
SG-006a,SG-006a,rectangular,default,E_x_2_2,closed_form,E_x,2,2,69,3.5379746835443036,8.4014996045908214e-06,8.4014996045908214e-06,1,1,635726.66708140052,633816.41988853295,9381927.7315723095,0.53956289689716919,8.6191416596730145e-07,8.6191416596730145e-07,8.6113878929372593e-07,8.6113878929372593e-07
SG-006a,SG-006a,rectangular,default,E_x_2_2,closed_form,E_x,2,2,70,3.5841772151898734,8.5112150734879823e-06,8.5112150734879823e-06,1,1,628747.00568415807,626878.41190480185,9382864.1826115754,0.54960288652382083,8.5910241400153486e-07,8.5910241400153486e-07,8.5835953817553951e-07,8.5835953817553951e-07
SG-006a,SG-006a,rectangular,default,E_x_2_2,closed_form,E_x,2,2,71,3.6303797468354428,8.6209305423851433e-06,8.6209305423851433e-06,1,1,621918.93972346757,620090.65166868968,9383770.2457983587,0.55931803214891473,8.5640779833829192e-07,8.5640779833829192e-07,8.5569553702120857e-07,8.5569553702120857e-07
SG-006a,SG-006a,rectangular,default,E_x_2_2,closed_form,E_x,2,2,72,3.6765822784810127,8.7306460112823043e-06,8.7306460112823043e-06,1,1,615237.58337063761,613448.31086965196,9384647.2227624878,0.56872219792017054,8.5382356385135727e-07,8.5382356385135727e-07,8.5314017148760581e-07,8.5314017148760581e-07
SG-006a,SG-006a,rectangular,default,E_x_2_2,closed_form,E_x,2,2,73,3.7227848101265821,8.8403614801794652e-06,8.8403614801794652e-06,1,1,608698.25852174475,606946.76588580455,9385496.346132027,0.57782851615726127,8.5134345628273059e-07,8.5134345628273059e-07,8.5068731524145267e-07,8.5068731524145267e-07
SG-006a,SG-006a,rectangular,default,E_x_2_2,closed_form,E_x,2,2,74,3.7689873417721516,8.9500769490766245e-06,8.9500769490766245e-06,1,1,602296.48387426371,600581.58705085749,9386318.783879675,0.58664943322314855,8.4896167679571688e-07,8.4896167679571688e-07,8.4833128589956125e-07,8.4833128589956125e-07
SG-006a,SG-006a,rectangular,default,E_x_2_2,closed_form,E_x,2,2,75,3.8151898734177214,9.0597924179737872e-06,9.0597924179737872e-06,1,1,596027.96468582039,594348.52858939918,9387115.6433528811,0.59519675207591993,8.4667284139886118e-07,8.4667284139886118e-07,8.4606680566777802e-07,8.4606680566777802e-07
SG-006a,SG-006a,rectangular,default,E_x_2_2,closed_form,E_x,2,2,76,3.8613924050632908,9.1695078868709481e-06,9.1695078868709481e-06,1,1,589888.58316588646,588243.51917247614,9387887.975013677,0.60348167177227119,8.4447194464015288e-07,8.4447194464015288e-07,8.4388896610213479e-07,8.4388896610213479e-07
SG-006a,SG-006a,rectangular,default,E_x_2_2,closed_form,E_x,2,2,77,3.9075949367088607,9.2792233557681091e-06,9.2792233557681091e-06,1,1,583874.38945523766,582262.65304931905,9388636.7759119589,0.61151482417037739,8.4235432705440916e-07,8.4235432705440916e-07,8.4179319649546189e-07,8.4179319649546189e-07
SG-006a,SG-006a,rectangular,default,E_x_2_2,closed_form,E_x,2,2,78,3.9537974683544301,9.3889388246652701e-06,9.3889388246652701e-06,1,1,577981.59315165842,576402.18171462335,9389362.9929136708,0.61930630805617692,8.403156459173582e-07,8.403156459173582e-07,8.3977523546022555e-07,8.3977523546022555e-07
SG-006a,SG-006a,rectangular,default,E_x_2_2,closed_form,E_x,2,2,79,4,9.498654293562431e-06,9.498654293562431e-06,1,1,572206.55534368241,570658.50607402914,9390067.5257034935,0.62686572089804904,8.3835184891984921e-07,8.3835184891984921e-07,8.3783110533567473e-07,8.3783110533567473e-07
SG-006a,SG-006a,rectangular,default,E_y_3_1,closed_form,E_y,3,1,0,0.34999999999999998,8.3113225068671265e-07,8.3113225068671265e-07,0,0,4022714.6059264345,1358172.7328714607,nan,nan,nan,nan,nan,nan
SG-006a,SG-006a,rectangular,default,E_y_3_1,closed_form,E_y,3,1,1,0.39620253164556962,9.4084771958387373e-07,9.4084771958387373e-07,0,0,3842761.4831489422,1296668.9120190309,nan,nan,nan,nan,nan,nan
SG-006a,SG-006a,rectangular,default,E_y_3_1,closed_form,E_y,3,1,2,0.44240506329113921,1.0505631884810347e-06,1.0505631884810347e-06,0,0,3678219.1082524671,1240494.0796175629,nan,nan,nan,nan,nan,nan
SG-006a,SG-006a,rectangular,default,E_y_3_1,closed_form,E_y,3,1,3,0.4886075949367088,1.1602786573781955e-06,1.1602786573781955e-06,0,0,3527189.1567187551,1188984.400613666,nan,nan,nan,nan,nan,nan
SG-006a,SG-006a,rectangular,default,E_y_3_1,closed_form,E_y,3,1,4,0.53481012658227844,1.2699941262753566e-06,1.2699941262753566e-06,0,0,3388072.792368399,1141581.9032079333,nan,nan,nan,nan,nan,nan
SG-006a,SG-006a,rectangular,default,E_y_3_1,closed_form,E_y,3,1,5,0.58101265822784809,1.3797095951725176e-06,1.3797095951725176e-06,0,0,3259513.8475886956,1097814.1851158601,nan,nan,nan,nan,nan,nan
SG-006a,SG-006a,rectangular,default,E_y_3_1,closed_form,E_y,3,1,6,0.62721518987341773,1.4894250640696788e-06,1.4894250640696788e-06,0,0,3140354.4666633946,1057278.6157714052,nan,nan,nan,nan,nan,nan
SG-006a,SG-006a,rectangular,default,E_y_3_1,closed_form,E_y,3,1,7,0.67341772151898727,1.5991405329668395e-06,1.5991405329668395e-06,0,0,3029600.1353550078,1019629.9137990228,nan,nan,nan,nan,nan,nan
SG-006a,SG-006a,rectangular,default,E_y_3_1,closed_form,E_y,3,1,8,0.71962025316455691,1.7088560018640005e-06,1.7088560018640005e-06,0,0,2926391.8584334939,984570.28735199326,nan,nan,nan,nan,nan,nan
SG-006a,SG-006a,rectangular,default,E_y_3_1,closed_form,E_y,3,1,9,0.76582278481012656,1.8185714707611615e-06,1.8185714707611615e-06,0,0,2829983.8367611468,951841.54095961642,nan,nan,nan,nan,nan,nan
SG-006a,SG-006a,rectangular,default,E_y_3_1,closed_form,E_y,3,1,10,0.81202531645569609,1.9282869396583225e-06,1.9282869396583225e-06,0,0,2739725.4161285148,921218.70601487742,nan,nan,nan,nan,nan,nan
SG-006a,SG-006a,rectangular,default,E_y_3_1,closed_form,E_y,3,1,11,0.85822784810126573,2.0380024085554834e-06,2.0380024085554834e-06,0,0,2655046.3836267623,892504.86246575916,nan,nan,nan,nan,nan,nan
SG-006a,SG-006a,rectangular,default,E_y_3_1,closed_form,E_y,3,1,12,0.90443037974683538,2.1477178774526444e-06,2.1477178774526444e-06,0,0,2575444.9090143628,865526.8996625772,nan,nan,nan,nan,nan,nan
SG-006a,SG-006a,rectangular,default,E_y_3_1,closed_form,E_y,3,1,13,0.95063291139240502,2.2574333463498054e-06,2.2574333463498054e-06,0,0,2500477.5921355644,840132.02347506338,nan,nan,nan,nan,nan,nan
SG-006a,SG-006a,rectangular,default,E_y_3_1,closed_form,E_y,3,1,14,0.99683544303797456,2.3671488152469663e-06,2.3671488152469663e-06,0,0,2429751.199400642,816184.86077724129,nan,nan,nan,nan,nan,nan
SG-006a,SG-006a,rectangular,default,E_y_3_1,closed_form,E_y,3,1,15,1.0430379746835441,2.4768642841441269e-06,2.4768642841441269e-06,0,0,2362915.7640994573,793565.0454115913,nan,nan,nan,nan,nan,nan
SG-006a,SG-006a,rectangular,default,E_y_3_1,closed_form,E_y,3,1,16,1.089240506329114,2.5865797530412887e-06,2.5865797530412887e-06,0,0,2299658.7949726954,772165.19474506215,nan,nan,nan,nan,nan,nan
SG-006a,SG-006a,rectangular,default,E_y_3_1,closed_form,E_y,3,1,17,1.1354430379746834,2.6962952219384492e-06,2.6962952219384492e-06,0,0,2239700.3907735711,751889.20502212388,nan,nan,nan,nan,nan,nan
SG-006a,SG-006a,rectangular,default,E_y_3_1,closed_form,E_y,3,1,18,1.1816455696202532,2.8060106908356106e-06,2.8060106908356106e-06,0,0,2182789.0996700511,732650.80841600639,nan,nan,nan,nan,nan,nan
SG-006a,SG-006a,rectangular,default,E_y_3_1,closed_form,E_y,3,1,19,1.2278481012658227,2.9157261597327712e-06,2.9157261597327712e-06,0,0,2128698.3942847257,714372.34607548336,nan,nan,nan,nan,nan,nan
SG-006a,SG-006a,rectangular,default,E_y_3_1,closed_form,E_y,3,1,20,1.2740506329113923,3.0254416286299322e-06,3.0254416286299322e-06,0,0,2077223.6581637913,696983.72036417387,nan,nan,nan,nan,nan,nan
SG-006a,SG-006a,rectangular,default,E_y_3_1,closed_form,E_y,3,1,21,1.320253164556962,3.1351570975270935e-06,3.1351570975270935e-06,0,0,2028179.5991498875,680421.49648566428,nan,nan,nan,nan,nan,nan
SG-006a,SG-006a,rectangular,default,E_y_3_1,closed_form,E_y,3,1,22,1.3664556962025314,3.2448725664242541e-06,3.2448725664242541e-06,0,0,1981398.0207306209,664628.12922252796,nan,nan,nan,nan,nan,nan
SG-006a,SG-006a,rectangular,default,E_y_3_1,closed_form,E_y,3,1,23,1.4126582278481012,3.3545880353214155e-06,3.3545880353214155e-06,0,0,1936725.8948669555,649551.29492211866,nan,nan,nan,nan,nan,nan
SG-006a,SG-006a,rectangular,default,E_y_3_1,closed_form,E_y,3,1,24,1.4588607594936707,3.464303504218576e-06,3.464303504218576e-06,0,0,1894023.6897708746,635143.3123874634,nan,nan,nan,nan,nan,nan
SG-006a,SG-006a,rectangular,default,E_y_3_1,closed_form,E_y,3,1,25,1.5050632911392405,3.5740189731157374e-06,3.5740189731157374e-06,0,0,1853163.914132172,621360.63916850626,nan,nan,nan,nan,nan,nan
SG-006a,SG-006a,rectangular,default,E_y_3_1,closed_form,E_y,3,1,26,1.55126582278481,3.683734442012898e-06,3.683734442012898e-06,0,0,1814029.8457984233,608163.4320435999,nan,nan,nan,nan,nan,nan
SG-006a,SG-006a,rectangular,default,E_y_3_1,closed_form,E_y,3,1,27,1.5974683544303798,3.7934499109100598e-06,3.7934499109100598e-06,0,0,1776514.4182057632,595515.16234627389,nan,nan,nan,nan,nan,nan
SG-006a,SG-006a,rectangular,default,E_y_3_1,closed_form,E_y,3,1,28,1.6436708860759492,3.9031653798072199e-06,3.9031653798072199e-06,0,0,1740519.2421864099,583382.27831544797,nan,nan,nan,nan,nan,nan
SG-006a,SG-006a,rectangular,default,E_y_3_1,closed_form,E_y,3,1,29,1.6898734177215187,4.0128808487043809e-06,4.0128808487043809e-06,0,0,1705953.7443334975,571733.90789668122,nan,nan,nan,nan,nan,nan
SG-006a,SG-006a,rectangular,default,E_y_3_1,closed_form,E_y,3,1,30,1.7360759493670885,4.1225963176015427e-06,4.1225963176015427e-06,0,0,1672734.4060355288,560541.596451352,nan,nan,nan,nan,nan,nan
SG-006a,SG-006a,rectangular,default,E_y_3_1,closed_form,E_y,3,1,31,1.782278481012658,4.2323117864987028e-06,4.2323117864987028e-06,0,0,1640784.0897204503,549779.07468208391,nan,nan,nan,nan,nan,nan
SG-006a,SG-006a,rectangular,default,E_y_3_1,closed_form,E_y,3,1,32,1.8284810126582278,4.3420272553958646e-06,4.3420272553958646e-06,0,0,1610031.4408675707,539422.05278981535,nan,nan,nan,nan,nan,nan
SG-006a,SG-006a,rectangular,default,E_y_3_1,closed_form,E_y,3,1,33,1.8746835443037972,4.4517427242930248e-06,4.4517427242930248e-06,0,0,1580410.356029582,529448.03746731812,nan,nan,nan,nan,nan,nan
SG-006a,SG-006a,rectangular,default,E_y_3_1,closed_form,E_y,3,1,34,1.9208860759493671,4.5614581931901866e-06,4.5614581931901866e-06,0,0,1551859.5085171526,519836.16882706835,nan,nan,nan,nan,nan,nan
SG-006a,SG-006a,rectangular,default,E_y_3_1,closed_form,E_y,3,1,35,1.9670886075949365,4.6711736620873467e-06,4.6711736620873467e-06,0,0,1524321.924583589,510567.07477535948,nan,nan,nan,nan,nan,nan
SG-006a,SG-006a,rectangular,default,E_y_3_1,closed_form,E_y,3,1,36,2.0132911392405064,4.7808891309845085e-06,4.7808891309845085e-06,0,0,1497744.6039460921,501622.74069323385,nan,nan,nan,nan,nan,nan
SG-006a,SG-006a,rectangular,default,E_y_3_1,closed_form,E_y,3,1,37,2.0594936708860758,4.8906045998816695e-06,4.8906045998816695e-06,0,0,1472078.1793251419,492986.39257949562,nan,nan,nan,nan,nan,nan
SG-006a,SG-006a,rectangular,default,E_y_3_1,closed_form,E_y,3,1,38,2.1056962025316452,5.0003200687788296e-06,5.0003200687788296e-06,0,0,1447276.6104003496,484642.3920608433,nan,nan,nan,nan,nan,nan
SG-006a,SG-006a,rectangular,default,E_y_3_1,closed_form,E_y,3,1,39,2.1518987341772151,5.1100355376759914e-06,5.1100355376759914e-06,0,0,1423296.9081911037,476576.14188652963,nan,nan,nan,nan,nan,nan
SG-006a,SG-006a,rectangular,default,E_y_3_1,closed_form,E_y,3,1,40,2.1981012658227845,5.2197510065731515e-06,5.2197510065731515e-06,0,0,1400098.8863907929,468774.00070604036,nan,nan,nan,nan,nan,nan
SG-006a,SG-006a,rectangular,default,E_y_3_1,closed_form,E_y,3,1,41,2.2443037974683544,5.3294664754703134e-06,5.3294664754703134e-06,0,0,1377644.9366287442,461223.20608310035,nan,nan,nan,nan,nan,nan
SG-006a,SG-006a,rectangular,default,E_y_3_1,closed_form,E_y,3,1,42,2.2905063291139238,5.4391819443674735e-06,5.4391819443674735e-06,0,0,1355899.8250161177,453911.8048320653,nan,nan,nan,nan,nan,nan
SG-006a,SG-006a,rectangular,default,E_y_3_1,closed_form,E_y,3,1,43,2.3367088607594937,5.5488974132646353e-06,5.5488974132646353e-06,0,0,1334830.5076606241,446828.58987684193,nan,nan,nan,nan,nan,nan
SG-006a,SG-006a,rectangular,default,E_y_3_1,closed_form,E_y,3,1,44,2.3829113924050631,5.6586128821617963e-06,5.6586128821617963e-06,0,1,1314405.9631183574,439963.04293080897,9322296.3423599787,-0.097700624454626739,6.6565060094484385e-06,6.6565060094484385e-06,8.0149813743532495e-07,8.0149813743532495e-07
SG-006a,SG-006a,rectangular,default,E_y_3_1,closed_form,E_y,3,1,45,2.429113924050633,5.7683283510589572e-06,5.7683283510589572e-06,0,1,1294597.0399959569,433305.28238112794,9325379.5979626793,-0.064850374526731314,3.6698722612797668e-06,3.6698722612797668e-06,8.0000555277683201e-07,8.0000555277683201e-07
SG-006a,SG-006a,rectangular,default,E_y_3_1,closed_form,E_y,3,1,46,2.4753164556962024,5.8780438199561182e-06,5.8780438199561182e-06,0,1,1275376.3181285649,426846.01583437488,9328325.5376153886,-0.033452995998092983,2.8438596870486569e-06,2.8438596870486569e-06,7.9858698290693243e-07,7.9858698290693243e-07
SG-006a,SG-006a,rectangular,default,E_y_3_1,closed_form,E_y,3,1,47,2.5215189873417723,5.9877592888532792e-06,5.9877592888532792e-06,0,1,1256717.9819433088,420576.4968442347,9331142.2095029093,-0.0034240598782296697,2.4190203730962074e-06,2.4190203730962074e-06,7.9723749504482247e-07,7.9723749504482247e-07
SG-006a,SG-006a,rectangular,default,E_y_3_1,closed_form,E_y,3,1,48,2.5677215189873417,6.0974747577504401e-06,6.0974747577504401e-06,1,1,1238597.7047784065,414488.48539749708,9333837.0797327943,0.025314817838758767,2.1511221746524617e-06,2.1511221746524617e-06,7.9595256952944745e-07,7.9595256952944745e-07
SG-006a,SG-006a,rectangular,default,E_y_3_1,closed_form,E_y,3,1,49,2.6139240506329111,6.2071902266476003e-06,6.2071902266476003e-06,1,1,1220992.5430678565,408574.21178296889,9336417.082213223,0.052836488207910343,1.9633941422321889e-06,1.9633941422321889e-06,7.9472805819261288e-07,7.9472805819261288e-07
SG-006a,SG-006a,rectangular,default,E_y_3_1,closed_form,E_y,3,1,50,2.660126582278481,6.3169056955447621e-06,6.3169056955447621e-06,1,1,1203880.8394238693,402826.34351016441,9338888.6636069585,0.079208731472425409,1.8230012073753512e-06,1.8230012073753512e-06,7.9356014762586107e-07,7.9356014762586107e-07
SG-006a,SG-006a,rectangular,default,E_y_3_1,closed_form,E_y,3,1,51,2.7063291139240504,6.4266211644419231e-06,6.4266211644419231e-06,1,1,1187242.133756228,397237.95498160657,9341257.823910024,0.10449467478825217,1.7132535865761429e-06,1.7132535865761429e-06,7.9244532668507847e-07,7.9244532668507847e-07
SG-006a,SG-006a,rectangular,default,E_y_3_1,closed_form,E_y,3,1,52,2.7525316455696203,6.536336633339084e-06,6.536336633339084e-06,1,1,1171057.0816616209,391802.49965499394,9343530.1531358343,0.12875317034627443,1.6246592630999455e-06,1.6246592630999455e-06,7.9138035767531518e-07,7.9138035767531518e-07
SG-006a,SG-006a,rectangular,default,E_y_3_1,closed_form,E_y,3,1,53,2.7987341772151897,6.646052102236245e-06,6.646052102236245e-06,1,1,1155307.3793985364,386513.78445996821,9345710.864526784,0.15203913812549627,1.5513730536143609e-06,1.5513730536143609e-06,7.9036225074047795e-07,7.9036225074047795e-07
SG-006a,SG-006a,rectangular,default,E_y_3_1,closed_form,E_y,3,1,54,2.8449367088607596,6.7557675711334068e-06,6.7557675711334068e-06,1,1,1139975.6948359499,381365.94625928579,9347804.824664522,0.17440387700871152,1.4895750577967854e-06,1.4895750577967854e-06,7.8938824105134992e-07,7.8938824105134992e-07
SG-006a,SG-006a,rectangular,default,E_y_3_1,closed_form,E_y,3,1,55,2.891139240506329,6.8654830400305669e-06,6.8654830400305669e-06,1,1,1125045.6038281377,376353.43016629614,9349816.5808059201,0.19589534755395419,1.4366508754273452e-06,1.4366508754273452e-06,7.884557684431884e-07,7.884557684431884e-07
SG-006a,SG-006a,rectangular,default,E_y_3_1,closed_form,E_y,3,1,56,2.9373417721518984,6.9751985089277271e-06,6.9751985089277271e-06,1,1,1110501.5315245935,371470.96955015429,9351750.3857335318,0.21655842933563821,1.3907437453594406e-06,1.3907437453594406e-06,7.8756245920286256e-07,7.8756245920286256e-07
SG-006a,SG-006a,rectangular,default,E_y_3_1,closed_form,E_y,3,1,57,2.9835443037974683,7.0849139778248889e-06,7.0849139778248889e-06,1,1,1096328.6981741583,366713.56757746416,9353610.2203758005,0.2364351554355541,1.3504944156536886e-06,1.3504944156536886e-06,7.8670610974669157e-07,7.8670610974669157e-07
SG-006a,SG-006a,rectangular,default,E_y_3_1,closed_form,E_y,3,1,58,3.0297468354430377,7.1946294467220498e-06,7.1946294467220498e-06,1,1,1082513.0690269177,362076.48015435546,9355399.8144231774,0.25556492637351724,1.3148823529317439e-06,1.3148823529317439e-06,7.8588467196507974e-07,7.8588467196507974e-07
SG-006a,SG-006a,rectangular,default,E_y_3_1,closed_form,E_y,3,1,59,3.0759493670886076,7.3043449156192108e-06,7.3043449156192108e-06,1,1,1069041.3079768906,357555.20014658314,9357122.665140789,0.27398470551246967,1.2831247354125932e-06,1.2831247354125932e-06,7.8509624003977775e-07,7.8509624003977775e-07
SG-006a,SG-006a,rectangular,default,E_y_3_1,closed_form,E_y,3,1,60,3.122151898734177,7.4140603845163718e-06,7.4140603845163718e-06,1,1,1055900.7346236424,353145.44276731589,9358782.0545559339,0.29172919774898326,1.2546099315764406e-06,1.2546099315764406e-06,7.8433903856495583e-07,7.8433903856495583e-07
SG-006a,SG-006a,rectangular,default,E_y_3_1,closed_form,E_y,3,1,61,3.1683544303797468,7.5237758534135336e-06,7.5237758534135336e-06,1,1,1043079.2844622183,348843.13203303289,9360381.0651791003,0.30883101310350375,1.2288523700351324e-06,1.2288523700351324e-06,7.8361141182497981e-07,7.8361141182497981e-07
SG-006a,SG-006a,rectangular,default,E_y_3_1,closed_form,E_y,3,1,62,3.2145569620253163,7.6334913223106946e-06,7.6334913223106946e-06,1,1,1030565.4719386805,344644.38819753722,9361922.5943999346,0.32532081665109164,1.2054611250741722e-06,1.2054611250741722e-06,7.8291181410038794e-07,7.8291181410038794e-07
SG-006a,SG-006a,rectangular,default,E_y_3_1,closed_form,E_y,3,1,63,3.2607594936708861,7.7432067912078555e-06,7.7432067912078555e-06,1,1,1018348.3561334546,340545.5160826568,9363409.3676844314,0.34122746608093529,1.1841175529338415e-06,1.1841175529338415e-06,7.8223880088958358e-07,7.8223880088958358e-07
SG-006a,SG-006a,rectangular,default,E_y_3_1,closed_form,E_y,3,1,64,3.3069620253164556,7.8529222601050165e-06,7.8529222601050165e-06,1,1,1006417.5088569759,336542.99423185945,9364843.9506861959,0.35657813803749261,1.1645590529236125e-06,1.1645590529236125e-06,7.8159102094755267e-07,7.8159102094755267e-07
SG-006a,SG-006a,rectangular,default,E_y_3_1,closed_form,E_y,3,1,65,3.353164556962025,7.9626377290021758e-06,7.9626377290021758e-06,1,1,994762.98496208852,332633.46481986518,9366228.7603728492,0.3713984442770179,1.1465670667030733e-06,1.1465670667030733e-06,7.809672090548516e-07,7.809672090548516e-07
SG-006a,SG-006a,rectangular,default,E_y_3_1,closed_form,E_y,3,1,66,3.3993670886075948,8.0723531978993384e-06,8.0723531978993384e-06,1,1,983375.29469556268,328813.72425748571,9367566.0752581097,0.38571253856679605,1.1299580689773201e-06,1.1299580689773201e-06,7.8036617944043818e-07,7.8036617944043818e-07
SG-006a,SG-006a,rectangular,default,E_y_3_1,closed_form,E_y,3,1,67,3.4455696202531643,8.1820686667964977e-06,8.1820686667964977e-06,1,1,972245.37792718026,325080.71443644265,9368858.0448208842,0.39954321516090402,1.1145767074953133e-06,1.1145767074953133e-06,7.7978681979089465e-07,7.7978681979089465e-07
SG-006a,SG-006a,rectangular,default,E_y_3_1,closed_form,E_y,3,1,68,3.4917721518987341,8.2917841356936604e-06,8.2917841356936604e-06,1,1,961364.58010929299,321431.51456387254,9370106.6981844306,0.41291199960274666,1.1002905122606136e-06,1.1002905122606136e-06,7.792280857863944e-07,7.792280857863944e-07
SG-006a,SG-006a,rectangular,default,E_y_3_1,closed_form,E_y,3,1,69,3.5379746835443036,8.4014996045908214e-06,8.4014996045908214e-06,1,1,950724.62983279931,317863.33354070026,9371313.9521213323,0.42583923252981465,1.086985767199518e-06,1.086985767199518e-06,7.7868899611057227e-07,7.7868899611057227e-07
SG-006a,SG-006a,rectangular,default,E_y_3_1,closed_form,E_y,3,1,70,3.5841772151898734,8.5112150734879823e-06,8.5112150734879823e-06,1,1,940317.61785720277,314373.50284207903,9372481.6184435599,0.43834414709067204,1.0745642544383613e-06,1.0745642544383613e-06,7.7816862788740353e-07,7.7816862788740353e-07
SG-006a,SG-006a,rectangular,default,E_y_3_1,closed_form,E_y,3,1,71,3.6303797468354428,8.6209305423851433e-06,8.6209305423851433e-06,1,1,930135.97750303452,310959.46986173379,9373611.4108310491,0.45044494052428857,1.0629406615890598e-06,1.0629406615890598e-06,7.7766611250340458e-07,7.7766611250340458e-07
SG-006a,SG-006a,rectangular,default,E_y_3_1,closed_form,E_y,3,1,72,3.6765822784810127,8.7306460112823043e-06,8.7306460112823043e-06,1,1,920172.466304478,307618.79168531881,9374704.9511470739,0.46215884039959682,1.0520404984172904e-06,1.0520404984172904e-06,7.7718063177803215e-07,7.7718063177803215e-07
SG-006a,SG-006a,rectangular,default,E_y_3_1,closed_form,E_y,3,1,73,3.7227848101265821,8.8403614801794652e-06,8.8403614801794652e-06,1,1,910420.1488287067,304349.12926087237,9375763.775284078,0.47350216596578654,1.0417984088919878e-06,1.0417984088919878e-06,7.7671141444917164e-07,7.7671141444917164e-07
SG-006a,SG-006a,rectangular,default,E_y_3_1,closed_form,E_y,3,1,74,3.7689873417721516,8.9500769490766245e-06,8.9500769490766245e-06,1,1,900872.38057628623,301148.24193713185,9376789.3385794498,0.48449038502116537,1.032156793047287e-06,1.032156793047287e-06,7.7625773294413783e-07,7.7625773294413783e-07
SG-006a,SG-006a,rectangular,default,E_y_3_1,closed_form,E_y,3,1,75,3.8151898734177214,9.0597924179737872e-06,9.0597924179737872e-06,1,1,891522.79288409872,298013.9823429102,9377783.0208370965,0.49513816667135002,1.0230646737468851e-06,1.0230646737468851e-06,7.7581890040972519e-07,7.7581890040972519e-07
SG-006a,SG-006a,rectangular,default,E_y_3_1,closed_form,E_y,3,1,76,3.8613924050632908,9.1695078868709481e-06,9.1695078868709481e-06,1,1,882365.27875871432,294944.29158294323,9378746.1309872326,0.50545943031219842,1.0144767586265858e-06,1.0144767586265858e-06,7.7539426797759924e-07,7.7539426797759924e-07
SG-006a,SG-006a,rectangular,default,E_y_3_1,closed_form,E_y,3,1,77,3.9075949367088607,9.2792233557681091e-06,9.2792233557681091e-06,1,1,873393.97957397869,291937.19472761883,9379679.9114139676,0.51546739114379936,1.0063526587744257e-06,1.0063526587744257e-06,7.7498322224375036e-07,7.7498322224375036e-07
SG-006a,SG-006a,rectangular,default,E_y_3_1,closed_form,E_y,3,1,78,3.9537974683544301,9.3889388246652701e-06,9.3889388246652701e-06,1,1,864603.27257193509,288990.79657582921,9380585.5419774652,0.52517460249317982,9.986562341766317e-07,9.986562341766317e-07,7.7458518294289717e-07,7.7458518294289717e-07
SG-006a,SG-006a,rectangular,default,E_y_3_1,closed_form,E_y,3,1,79,4,9.498654293562431e-06,9.498654293562431e-06,1,1,855987.75911104376,286103.27767184121,9381464.1437550541,0.53459299519845471,9.9135504237376612e-07,9.9135504237376612e-07,7.7419960080063509e-07,7.7419960080063509e-07
SG-006a,SG-006a,rectangular,default,E_x_3_1,closed_form,E_x,3,1,0,0.34999999999999998,8.3113225068671265e-07,8.3113225068671265e-07,0,0,4074518.1986143822,1340904.8686421448,nan,nan,nan,nan,nan,nan
SG-006a,SG-006a,rectangular,default,E_x_3_1,closed_form,E_x,3,1,1,0.39620253164556962,9.4084771958387373e-07,9.4084771958387373e-07,0,0,3890006.7360570924,1280920.4943829807,nan,nan,nan,nan,nan,nan
SG-006a,SG-006a,rectangular,default,E_x_3_1,closed_form,E_x,3,1,2,0.44240506329113921,1.0505631884810347e-06,1.0505631884810347e-06,0,0,3721482.238852689,1226073.0360841556,nan,nan,nan,nan,nan,nan
SG-006a,SG-006a,rectangular,default,E_x_3_1,closed_form,E_x,3,1,3,0.4886075949367088,1.1602786573781955e-06,1.1602786573781955e-06,0,0,3566953.2018409977,1175729.7189062517,nan,nan,nan,nan,nan,nan
SG-006a,SG-006a,rectangular,default,E_x_3_1,closed_form,E_x,3,1,4,0.53481012658227844,1.2699941262753566e-06,1.2699941262753566e-06,0,0,3424745.7096237997,1129357.5974561332,nan,nan,nan,nan,nan,nan
SG-006a,SG-006a,rectangular,default,E_x_3_1,closed_form,E_x,3,1,5,0.58101265822784809,1.3797095951725176e-06,1.3797095951725176e-06,0,0,3293442.5553475805,1086504.6158628985,nan,nan,nan,nan,nan,nan
SG-006a,SG-006a,rectangular,default,E_x_3_1,closed_form,E_x,3,1,6,0.62721518987341773,1.4894250640696788e-06,1.4894250640696788e-06,0,0,3171835.8473142157,1046784.8222211314,nan,nan,nan,nan,nan,nan
SG-006a,SG-006a,rectangular,default,E_x_3_1,closed_form,E_x,3,1,7,0.67341772151898727,1.5991405329668395e-06,1.5991405329668395e-06,0,0,3058889.7413970688,1009866.7117850025,nan,nan,nan,nan,nan,nan
SG-006a,SG-006a,rectangular,default,E_x_3_1,closed_form,E_x,3,1,8,0.71962025316455691,1.7088560018640005e-06,1.7088560018640005e-06,0,0,2953710.8620559801,975463.95281116467,nan,nan,nan,nan,nan,nan
SG-006a,SG-006a,rectangular,default,E_x_3_1,closed_form,E_x,3,1,9,0.76582278481012656,1.8185714707611615e-06,1.8185714707611615e-06,0,0,2855524.6228788495,943327.94558704889,nan,nan,nan,nan,nan,nan
SG-006a,SG-006a,rectangular,default,E_x_3_1,closed_form,E_x,3,1,10,0.81202531645569609,1.9282869396583225e-06,1.9282869396583225e-06,0,0,2763656.118044632,913241.80537617172,nan,nan,nan,nan,nan,nan
SG-006a,SG-006a,rectangular,default,E_x_3_1,closed_form,E_x,3,1,11,0.85822784810126573,2.0380024085554834e-06,2.0380024085554834e-06,0,0,2677514.5873972778,885015.46120892069,nan,nan,nan,nan,nan,nan
SG-006a,SG-006a,rectangular,default,E_x_3_1,closed_form,E_x,3,1,12,0.90443037974683538,2.1477178774526444e-06,2.1477178774526444e-06,0,0,2596580.6989877322,858481.63633812079,nan,nan,nan,nan,nan,nan
SG-006a,SG-006a,rectangular,default,E_x_3_1,closed_form,E_x,3,1,13,0.95063291139240502,2.2574333463498054e-06,2.2574333463498054e-06,0,0,2520396.07042519,833492.53071185492,nan,nan,nan,nan,nan,nan
SG-006a,SG-006a,rectangular,default,E_x_3_1,closed_form,E_x,3,1,14,0.99683544303797456,2.3671488152469663e-06,2.3671488152469663e-06,0,0,2448554.5823317235,809917.06646688061,nan,nan,nan,nan,nan,nan
SG-006a,SG-006a,rectangular,default,E_x_3_1,closed_form,E_x,3,1,15,1.0430379746835441,2.4768642841441269e-06,2.4768642841441269e-06,0,0,2380695.1362347738,787638.58803315263,nan,nan,nan,nan,nan,nan
SG-006a,SG-006a,rectangular,default,E_x_3_1,closed_form,E_x,3,1,16,1.089240506329114,2.5865797530412887e-06,2.5865797530412887e-06,0,0,2316495.5842351862,766552.93165756518,nan,nan,nan,nan,nan,nan
SG-006a,SG-006a,rectangular,default,E_x_3_1,closed_form,E_x,3,1,17,1.1354430379746834,2.6962952219384492e-06,2.6962952219384492e-06,0,0,2255667.6150663719,746566.79692452366,nan,nan,nan,nan,nan,nan
SG-006a,SG-006a,rectangular,default,E_x_3_1,closed_form,E_x,3,1,18,1.1816455696202532,2.8060106908356106e-06,2.8060106908356106e-06,0,0,2197952.4252480194,727596.36655668367,nan,nan,nan,nan,nan,nan
SG-006a,SG-006a,rectangular,default,E_x_3_1,closed_form,E_x,3,1,19,1.2278481012658227,2.9157261597327712e-06,2.9157261597327712e-06,0,0,2143117.0382264499,709566.13142824185,nan,nan,nan,nan,nan,nan
SG-006a,SG-006a,rectangular,default,E_x_3_1,closed_form,E_x,3,1,20,1.2740506329113923,3.0254416286299322e-06,3.0254416286299322e-06,0,0,2090951.1610925216,692407.8860545971,nan,nan,nan,nan,nan,nan
SG-006a,SG-006a,rectangular,default,E_x_3_1,closed_form,E_x,3,1,21,1.320253164556962,3.1351570975270935e-06,3.1351570975270935e-06,0,0,2041264.4894569928,676059.86638329586,nan,nan,nan,nan,nan,nan
SG-006a,SG-006a,rectangular,default,E_x_3_1,closed_form,E_x,3,1,22,1.3664556962025314,3.2448725664242541e-06,3.2448725664242541e-06,0,0,1993884.3876675838,660466.0069102071,nan,nan,nan,nan,nan,nan
SG-006a,SG-006a,rectangular,default,E_x_3_1,closed_form,E_x,3,1,23,1.4126582278481012,3.3545880353214155e-06,3.3545880353214155e-06,0,0,1948653.8847663561,645575.29828898516,nan,nan,nan,nan,nan,nan
SG-006a,SG-006a,rectangular,default,E_x_3_1,closed_form,E_x,3,1,24,1.4588607594936707,3.464303504218576e-06,3.464303504218576e-06,0,0,1905429.9371623904,631341.22992362489,nan,nan,nan,nan,nan,nan
SG-006a,SG-006a,rectangular,default,E_x_3_1,closed_form,E_x,3,1,25,1.5050632911392405,3.5740189731157374e-06,3.5740189731157374e-06,0,0,1864081.9175055185,617721.30471072404,nan,nan,nan,nan,nan,nan
SG-006a,SG-006a,rectangular,default,E_x_3_1,closed_form,E_x,3,1,26,1.55126582278481,3.683734442012898e-06,3.683734442012898e-06,0,0,1824490.2961307999,604676.61526614102,nan,nan,nan,nan,nan,nan
SG-006a,SG-006a,rectangular,default,E_x_3_1,closed_form,E_x,3,1,27,1.5974683544303798,3.7934499109100598e-06,3.7934499109100598e-06,0,0,1786545.4870388219,592171.47273525433,nan,nan,nan,nan,nan,nan
SG-006a,SG-006a,rectangular,default,E_x_3_1,closed_form,E_x,3,1,28,1.6436708860759492,3.9031653798072199e-06,3.9031653798072199e-06,0,0,1750146.8349463439,580173.0807288033,nan,nan,nan,nan,nan,nan
SG-006a,SG-006a,rectangular,default,E_x_3_1,closed_form,E_x,3,1,29,1.6898734177215187,4.0128808487043809e-06,4.0128808487043809e-06,0,0,1715201.7236900437,568651.24811116583,nan,nan,nan,nan,nan,nan
SG-006a,SG-006a,rectangular,default,E_x_3_1,closed_form,E_x,3,1,30,1.7360759493670885,4.1225963176015427e-06,4.1225963176015427e-06,0,0,1681624.7893540559,557578.13534517621,nan,nan,nan,nan,nan,nan
SG-006a,SG-006a,rectangular,default,E_x_3_1,closed_form,E_x,3,1,31,1.782278481012658,4.2323117864987028e-06,4.2323117864987028e-06,0,0,1649337.2240462515,546928.0299068169,nan,nan,nan,nan,nan,nan
SG-006a,SG-006a,rectangular,default,E_x_3_1,closed_form,E_x,3,1,32,1.8284810126582278,4.3420272553958646e-06,4.3420272553958646e-06,0,0,1618266.1583694459,536677.14695585694,nan,nan,nan,nan,nan,nan
SG-006a,SG-006a,rectangular,default,E_x_3_1,closed_form,E_x,3,1,33,1.8746835443037972,4.4517427242930248e-06,4.4517427242930248e-06,0,0,1588344.1124019541,526803.45200986066,nan,nan,nan,nan,nan,nan
SG-006a,SG-006a,rectangular,default,E_x_3_1,closed_form,E_x,3,1,34,1.9208860759493671,4.5614581931901866e-06,4.5614581931901866e-06,0,0,1559508.5064812051,517286.5028390509,nan,nan,nan,nan,nan,nan
SG-006a,SG-006a,rectangular,default,E_x_3_1,closed_form,E_x,3,1,35,1.9670886075949365,4.6711736620873467e-06,4.6711736620873467e-06,0,0,1531701.2243260785,508107.30819452961,nan,nan,nan,nan,nan,nan
SG-006a,SG-006a,rectangular,default,E_x_3_1,closed_form,E_x,3,1,36,2.0132911392405064,4.7808891309845085e-06,4.7808891309845085e-06,0,0,1504868.2220797015,499248.20131536404,nan,nan,nan,nan,nan,nan
SG-006a,SG-006a,rectangular,default,E_x_3_1,closed_form,E_x,3,1,37,2.0594936708860758,4.8906045998816695e-06,4.8906045998816695e-06,0,0,1478959.177738487,490692.72644171392,nan,nan,nan,nan,nan,nan
SG-006a,SG-006a,rectangular,default,E_x_3_1,closed_form,E_x,3,1,38,2.1056962025316452,5.0003200687788296e-06,5.0003200687788296e-06,0,0,1453927.1761825299,482425.53680011653,nan,nan,nan,nan,nan,nan
SG-006a,SG-006a,rectangular,default,E_x_3_1,closed_form,E_x,3,1,39,2.1518987341772151,5.1100355376759914e-06,5.1100355376759914e-06,0,0,1429728.4256595888,474432.30273036793,nan,nan,nan,nan,nan,nan
SG-006a,SG-006a,rectangular,default,E_x_3_1,closed_form,E_x,3,1,40,2.1981012658227845,5.2197510065731515e-06,5.2197510065731515e-06,0,0,1406322.0021181214,466699.62879693089,nan,nan,nan,nan,nan,nan
SG-006a,SG-006a,rectangular,default,E_x_3_1,closed_form,E_x,3,1,41,2.2443037974683544,5.3294664754703134e-06,5.3294664754703134e-06,0,0,1383669.6182493011,459214.97887624812,nan,nan,nan,nan,nan,nan
SG-006a,SG-006a,rectangular,default,E_x_3_1,closed_form,E_x,3,1,42,2.2905063291139238,5.4391819443674735e-06,5.4391819443674735e-06,0,0,1361735.414496196,451966.6083387059,nan,nan,nan,nan,nan,nan
SG-006a,SG-006a,rectangular,default,E_x_3_1,closed_form,E_x,3,1,43,2.3367088607594937,5.5488974132646353e-06,5.5488974132646353e-06,0,0,1340485.7696305257,444943.50255354139,nan,nan,nan,nan,nan,nan
SG-006a,SG-006a,rectangular,default,E_x_3_1,closed_form,E_x,3,1,44,2.3829113924050631,5.6586128821617963e-06,5.6586128821617963e-06,0,1,1319889.128792427,438135.32103945245,9321607.6798992939,-0.10503642819576445,1.1094369105063538e-05,1.1094369105063538e-05,8.0108528468801959e-07,8.0108528468801959e-07
SG-006a,SG-006a,rectangular,default,E_x_3_1,closed_form,E_x,3,1,45,2.429113924050633,5.7683283510589572e-06,5.7683283510589572e-06,0,1,1299915.8471433839,431532.34666531894,9324721.8850714937,-0.071858824679155803,4.0672400731928472e-06,4.0672400731928472e-06,7.9961330808042168e-07,7.9961330808042168e-07
SG-006a,SG-006a,rectangular,default,E_x_3_1,closed_form,E_x,3,1,46,2.4753164556962024,5.8780438199561182e-06,5.8780438199561182e-06,0,1,1280538.0475031247,425125.43937618827,9327696.9440208748,-0.040153283572734906,3.0089093664086896e-06,3.0089093664086896e-06,7.9821396357955019e-07,7.9821396357955019e-07
SG-006a,SG-006a,rectangular,default,E_x_3_1,closed_form,E_x,3,1,47,2.5215189873417723,5.9877592888532792e-06,5.9877592888532792e-06,0,1,1261729.4905327042,418905.99398110301,9330541.0384784788,-0.0098339899117625921,2.5136224918452312e-06,2.5136224918452312e-06,7.9688243499031923e-07,7.9688243499031923e-07
SG-006a,SG-006a,rectangular,default,E_x_3_1,closed_form,E_x,3,1,48,2.5677215189873417,6.0974747577504401e-06,6.0974747577504401e-06,1,1,1243465.4561924911,412865.9015928022,9333261.7565544695,0.019178707884019434,2.2138991930050073e-06,2.2138991930050073e-06,7.9561430741002194e-07,7.9561430741002194e-07
SG-006a,SG-006a,rectangular,default,E_x_3_1,closed_form,E_x,3,1,49,2.6139240506329111,6.2071902266476003e-06,6.2071902266476003e-06,1,1,1225722.6353489067,406997.51435595215,9335866.1437654346,0.046958821678344254,2.0087134192750015e-06,2.0087134192750015e-06,7.9440552700132169e-07,7.9440552700132169e-07
SG-006a,SG-006a,rectangular,default,E_x_3_1,closed_form,E_x,3,1,50,2.660126582278481,6.3169056955447621e-06,6.3169056955447621e-06,1,1,1208479.0305304932,401293.6131412898,9338360.7490085941,0.073575196103359664,1.8575613195173965e-06,1.8575613195173965e-06,7.9325236547008464e-07,7.9325236547008464e-07
SG-006a,SG-006a,rectangular,default,E_x_3_1,closed_form,E_x,3,1,51,2.7063291139240504,6.4266211644419231e-06,6.4266211644419231e-06,1,1,1191713.8649448198,395747.37791874266,9340751.6660477053,0.099091935500127043,1.7406451154078461e-06,1.7406451154078461e-06,7.921513886205813e-07,7.921513886205813e-07
SG-006a,SG-006a,rectangular,default,E_x_3_1,closed_form,E_x,3,1,52,2.7525316455696203,6.536336633339084e-06,6.536336633339084e-06,1,1,1175407.4989649819,390352.36055387359,9343044.5710052773,0.12356879026338077,1.6469995348211848e-06,1.6469995348211848e-06,7.9109942845432843e-07,7.9109942845432843e-07
SG-006a,SG-006a,rectangular,default,E_x_3_1,closed_form,E_x,3,1,53,2.7987341772151897,6.646052102236245e-06,6.646052102236245e-06,1,1,1159541.3533799045,385102.45979951211,9345244.7562951781,0.14706150694327533,1.5700006660213684e-06,1.5700006660213684e-06,7.9009355835712486e-07,7.9009355835712486e-07
SG-006a,SG-006a,rectangular,default,E_x_3_1,closed_form,E_x,3,1,54,2.8449367088607596,6.7557675711334068e-06,6.7557675711334068e-06,1,1,1144097.8387778571,379991.89827864995,9347357.1613772567,0.16962214593826402,1.5053824803642805e-06,1.5053824803642805e-06,7.8913107098442428e-07,7.8913107098442428e-07
SG-006a,SG-006a,rectangular,default,E_x_3_1,closed_form,E_x,3,1,55,2.891139240506329,6.8654830400305669e-06,6.8654830400305669e-06,1,1,1129060.2904988884,375015.20127604593,9349386.4006700851,0.19129937016267035,1.4502586215183861e-06,1.4502586215183861e-06,7.8820945851035157e-07,7.8820945851035157e-07
SG-006a,SG-006a,rectangular,default,E_x_3_1,closed_form,E_x,3,1,56,2.9373417721518984,6.9751985089277271e-06,6.9751985089277271e-06,1,1,1114412.908650463,370167.17717486445,9351336.7889184635,0.21213870768097476,1.4025981477375894e-06,1.4025981477375894e-06,7.8732639495219155e-07,7.8732639495219155e-07
SG-006a,SG-006a,rectangular,default,E_x_3_1,closed_form,E_x,3,1,57,2.9835443037974683,7.0849139778248889e-06,7.0849139778248889e-06,1,1,1100140.7027323926,365442.89939138608,9353212.3642778564,0.23218279095764555,1.3609256608168077e-06,1.3609256608168077e-06,7.8647972032156984e-07,7.8647972032156984e-07
SG-006a,SG-006a,rectangular,default,E_x_3_1,closed_form,E_x,3,1,58,3.0297468354430377,7.1946294467220498e-06,7.1946294467220498e-06,1,1,1086229.4404630663,360837.68967563927,9355016.9093478993,0.25147157507200524,1.3241405390088182e-06,1.3241405390088182e-06,7.8566742638697129e-07,7.8566742638697129e-07
SG-006a,SG-006a,rectangular,default,E_x_3_1,closed_form,E_x,3,1,59,3.0759493670886076,7.3043449156192108e-06,7.3043449156192108e-06,1,1,1072665.6004397494,356347.10265896353,9356753.9703608789,0.27004253698577618,1.2914031488090497e-06,1.2914031488090497e-06,7.848876438607073e-07,7.848876438607073e-07
SG-006a,SG-006a,rectangular,default,E_x_3_1,closed_form,E_x,3,1,60,3.122151898734177,7.4140603845163718e-06,7.4140603845163718e-06,1,1,1059436.3283019478,351966.91154121415,9358426.8747080825,0.2879308577202917,1.2620605686186119e-06,1.2620605686186119e-06,7.8413863084774952e-07,7.8413863084774952e-07
SG-006a,SG-006a,rectangular,default,E_x_3_1,closed_form,E_x,3,1,61,3.1683544303797468,7.5237758534135336e-06,7.5237758534135336e-06,1,1,1046529.3960990986,347693.09482073947,9360038.7469667401,0.30516958909820663,1.2355965803244983e-06,1.2355965803244983e-06,7.8341876241465351e-07,7.8341876241465351e-07
SG-006a,SG-006a,rectangular,default,E_x_3_1,closed_form,E_x,3,1,62,3.2145569620253163,7.6334913223106946e-06,7.6334913223106946e-06,1,1,1033933.1645926116,343521.82397956017,9361592.5235725529,0.32178980652650319,1.2115970890441337e-06,1.2115970890441337e-06,7.8272652115466091e-07,7.8272652115466091e-07
SG-006a,SG-006a,rectangular,default,E_x_3_1,closed_form,E_x,3,1,63,3.2607594936708861,7.7432067912078555e-06,7.7432067912078555e-06,1,1,1021636.5482479703,339449.4520444849,9363090.9662672263,0.33782074914063503,1.18972564835573e-06,1.18972564835573e-06,7.8206048864044037e-07,7.8206048864044037e-07
SG-006a,SG-006a,rectangular,default,E_x_3_1,closed_form,E_x,3,1,64,3.3069620253164556,7.8529222601050165e-06,7.8529222601050165e-06,1,1,1009628.9826955785,335472.50295232527,9364536.6744366083,0.3532899484903676,1.1697057796304469e-06,1.1697057796304469e-06,7.8141933766919255e-07,7.8141933766919255e-07
SG-006a,SG-006a,rectangular,default,E_x_3_1,closed_form,E_x,3,1,65,3.353164556962025,7.9626377290021758e-06,7.9626377290021758e-06,1,1,997900.39445959544,331587.66165402951,9365932.0964429621,0.36822334682608471,1.1513079655083291e-06,1.1513079655083291e-06,7.8080182521631512e-07,7.8080182521631512e-07
SG-006a,SG-006a,rectangular,default,E_x_3_1,closed_form,E_x,3,1,66,3.3993670886075948,8.0723531978993384e-06,8.0723531978993384e-06,1,1,986441.17277245701,327791.76489852095,9367279.5400440712,0.38264540593465995,1.1343399255079165e-06,1.1343399255079165e-06,7.8020678602376108e-07,7.8020678602376108e-07
SG-006a,SG-006a,rectangular,default,E_x_3_1,closed_form,E_x,3,1,67,3.4455696202531643,8.1820686667964977e-06,8.1820686667964977e-06,1,1,975242.14330932801,324081.79264239338,9368581.1819824334,0.39657920737832314,1.118639238893848e-06,1.118639238893848e-06,7.7963312675786982e-07,7.7963312675786982e-07
SG-006a,SG-006a,rectangular,default,E_x_3_1,closed_form,E_x,3,1,68,3.4917721518987341,8.2917841356936604e-06,8.2917841356936604e-06,1,1,964294.54369161755,320454.860036431,9369839.0768192951,0.41004654490380549,1.1040676741102678e-06,1.1040676741102678e-06,7.7907982067895858e-07,7.7907982067895858e-07
SG-006a,SG-006a,rectangular,default,E_x_3_1,closed_form,E_x,3,1,69,3.5379746835443036,8.4014996045908214e-06,8.4014996045908214e-06,1,1,953590.00062210055,316908.20994426648,9371055.16508081,0.42306800971306358,1.0905067776151531e-06,1.0905067776151531e-06,7.7854590277153278e-07,7.7854590277153278e-07
SG-006a,SG-006a,rectangular,default,E_x_3_1,closed_form,E_x,3,1,70,3.5841772151898734,8.5112150734879823e-06,8.5112150734879823e-06,1,1,943120.5085262371,313439.20595240092,9372231.2807769217,0.43566306921887565,1.0778544048161163e-06,1.0778544048161163e-06,7.7803046528969954e-07,7.7803046528969954e-07
SG-006a,SG-006a,rectangular,default,E_x_3_1,closed_form,E_x,3,1,71,3.6303797468354428,8.6209305423851433e-06,8.6209305423851433e-06,1,1,932878.4095852013,310045.32583434484,9373369.1583476178,0.44785013984801159,1.066021964540142e-06,1.066021964540142e-06,7.7753265367739707e-07,7.7753265367739707e-07
SG-006a,SG-006a,rectangular,default,E_x_3_1,closed_form,E_x,3,1,72,3.6765822784810127,8.7306460112823043e-06,8.7306460112823043e-06,1,1,922856.37505595642,306724.15543482598,9374470.4390859138,0.45964665440085617,1.0549322101026293e-06,1.0549322101026293e-06,7.7705166282745858e-07,7.7705166282745858e-07
SG-006a,SG-006a,rectangular,default,E_x_3_1,closed_form,E_x,3,1,73,3.7227848101265821,8.8403614801794652e-06,8.8403614801794652e-06,1,1,913047.38778261701,303473.38294290227,9375536.6770821605,0.47106912442737103,1.0445174535014492e-06,1.0445174535014492e-06,7.7658673364740417e-07,7.7658673364740417e-07
SG-006a,SG-006a,rectangular,default,E_x_3_1,closed_form,E_x,3,1,74,3.7689873417721516,8.9500769490766245e-06,8.9500769490766245e-06,1,1,903444.72581139556,300290.79352542874,9376569.3447300717,0.48213319803673277,1.03471811033552e-06,1.03471811033552e-06,7.7613714990326847e-07,7.7613714990326847e-07
SG-006a,SG-006a,rectangular,default,E_x_3_1,closed_form,E_x,3,1,75,3.8151898734177214,9.0597924179737872e-06,9.0597924179737872e-06,1,1,894041.94702873065,297174.26429469959,9377569.8378310278,0.49285371351843638,1.0254815055509523e-06,1.0254815055509523e-06,7.757022353157832e-07,7.757022353157832e-07
SG-006a,SG-006a,rectangular,default,E_x_3_1,closed_form,E_x,3,1,76,3.8613924050632908,9.1695078868709481e-06,9.1695078868709481e-06,1,1,884832.87474882964,294121.75958623807,9378539.48032986,0.50324474911848838,1.0167608866089707e-06,1.0167608866089707e-06,7.7528135088589463e-07,7.7528135088589463e-07
SG-006a,SG-006a,rectangular,default,E_x_3_1,closed_form,E_x,3,1,77,3.9075949367088607,9.2792233557681091e-06,9.2792233557681091e-06,1,1,875811.58418285649,291131.32652465953,9379479.5287122075,0.51331966928213968,1.0085146028885026e-06,1.0085146028885026e-06,7.7487389242895277e-07,7.7487389242895277e-07
SG-006a,SG-006a,rectangular,default,E_x_3_1,closed_form,E_x,3,1,78,3.9537974683544301,9.3889388246652701e-06,9.3889388246652701e-06,1,1,866972.38972748769,288201.09085731168,9380391.1760908533,0.52309116764727126,1.0007054192826457e-06,1.0007054192826457e-06,7.7447928829899754e-07,7.7447928829899754e-07
SG-006a,SG-006a,rectangular,default,E_x_3_1,closed_form,E_x,3,1,79,4,9.498654293562431e-06,9.498654293562431e-06,1,1,858309.8330155235,285329.25303701457,9381275.5560059361,0.53257130704669464,9.9329993886037781e-07,9.9329993886037781e-07,7.7409699728642392e-07,7.7409699728642392e-07
SG-006a,SG-006a,rectangular,default,E_y_1_3,closed_form,E_y,1,3,0,0.34999999999999998,8.3113225068671265e-07,8.3113225068671265e-07,0,0,1340904.8686421448,4074518.1986143822,nan,nan,nan,nan,nan,nan
SG-006a,SG-006a,rectangular,default,E_y_1_3,closed_form,E_y,1,3,1,0.39620253164556962,9.4084771958387373e-07,9.4084771958387373e-07,0,0,1280920.4943829807,3890006.7360570924,nan,nan,nan,nan,nan,nan
SG-006a,SG-006a,rectangular,default,E_y_1_3,closed_form,E_y,1,3,2,0.44240506329113921,1.0505631884810347e-06,1.0505631884810347e-06,0,0,1226073.0360841556,3721482.238852689,nan,nan,nan,nan,nan,nan
SG-006a,SG-006a,rectangular,default,E_y_1_3,closed_form,E_y,1,3,3,0.4886075949367088,1.1602786573781955e-06,1.1602786573781955e-06,0,0,1175729.7189062517,3566953.2018409977,nan,nan,nan,nan,nan,nan
SG-006a,SG-006a,rectangular,default,E_y_1_3,closed_form,E_y,1,3,4,0.53481012658227844,1.2699941262753566e-06,1.2699941262753566e-06,0,0,1129357.5974561332,3424745.7096237997,nan,nan,nan,nan,nan,nan
SG-006a,SG-006a,rectangular,default,E_y_1_3,closed_form,E_y,1,3,5,0.58101265822784809,1.3797095951725176e-06,1.3797095951725176e-06,0,0,1086504.6158628985,3293442.5553475805,nan,nan,nan,nan,nan,nan
SG-006a,SG-006a,rectangular,default,E_y_1_3,closed_form,E_y,1,3,6,0.62721518987341773,1.4894250640696788e-06,1.4894250640696788e-06,0,0,1046784.8222211314,3171835.8473142157,nan,nan,nan,nan,nan,nan
SG-006a,SG-006a,rectangular,default,E_y_1_3,closed_form,E_y,1,3,7,0.67341772151898727,1.5991405329668395e-06,1.5991405329668395e-06,0,0,1009866.7117850025,3058889.7413970688,nan,nan,nan,nan,nan,nan
SG-006a,SG-006a,rectangular,default,E_y_1_3,closed_form,E_y,1,3,8,0.71962025316455691,1.7088560018640005e-06,1.7088560018640005e-06,0,0,975463.95281116467,2953710.8620559801,nan,nan,nan,nan,nan,nan
SG-006a,SG-006a,rectangular,default,E_y_1_3,closed_form,E_y,1,3,9,0.76582278481012656,1.8185714707611615e-06,1.8185714707611615e-06,0,0,943327.94558704889,2855524.6228788495,nan,nan,nan,nan,nan,nan
SG-006a,SG-006a,rectangular,default,E_y_1_3,closed_form,E_y,1,3,10,0.81202531645569609,1.9282869396583225e-06,1.9282869396583225e-06,0,0,913241.80537617172,2763656.118044632,nan,nan,nan,nan,nan,nan
SG-006a,SG-006a,rectangular,default,E_y_1_3,closed_form,E_y,1,3,11,0.85822784810126573,2.0380024085554834e-06,2.0380024085554834e-06,0,0,885015.46120892069,2677514.5873972778,nan,nan,nan,nan,nan,nan
SG-006a,SG-006a,rectangular,default,E_y_1_3,closed_form,E_y,1,3,12,0.90443037974683538,2.1477178774526444e-06,2.1477178774526444e-06,0,0,858481.63633812079,2596580.6989877322,nan,nan,nan,nan,nan,nan
SG-006a,SG-006a,rectangular,default,E_y_1_3,closed_form,E_y,1,3,13,0.95063291139240502,2.2574333463498054e-06,2.2574333463498054e-06,0,0,833492.53071185492,2520396.07042519,nan,nan,nan,nan,nan,nan
SG-006a,SG-006a,rectangular,default,E_y_1_3,closed_form,E_y,1,3,14,0.99683544303797456,2.3671488152469663e-06,2.3671488152469663e-06,0,0,809917.06646688061,2448554.5823317235,nan,nan,nan,nan,nan,nan
SG-006a,SG-006a,rectangular,default,E_y_1_3,closed_form,E_y,1,3,15,1.0430379746835441,2.4768642841441269e-06,2.4768642841441269e-06,0,0,787638.58803315263,2380695.1362347738,nan,nan,nan,nan,nan,nan
SG-006a,SG-006a,rectangular,default,E_y_1_3,closed_form,E_y,1,3,16,1.089240506329114,2.5865797530412887e-06,2.5865797530412887e-06,0,0,766552.93165756518,2316495.5842351862,nan,nan,nan,nan,nan,nan
SG-006a,SG-006a,rectangular,default,E_y_1_3,closed_form,E_y,1,3,17,1.1354430379746834,2.6962952219384492e-06,2.6962952219384492e-06,0,0,746566.79692452366,2255667.6150663719,nan,nan,nan,nan,nan,nan
SG-006a,SG-006a,rectangular,default,E_y_1_3,closed_form,E_y,1,3,18,1.1816455696202532,2.8060106908356106e-06,2.8060106908356106e-06,0,0,727596.36655668367,2197952.4252480194,nan,nan,nan,nan,nan,nan
SG-006a,SG-006a,rectangular,default,E_y_1_3,closed_form,E_y,1,3,19,1.2278481012658227,2.9157261597327712e-06,2.9157261597327712e-06,0,0,709566.13142824185,2143117.0382264499,nan,nan,nan,nan,nan,nan
SG-006a,SG-006a,rectangular,default,E_y_1_3,closed_form,E_y,1,3,20,1.2740506329113923,3.0254416286299322e-06,3.0254416286299322e-06,0,0,692407.8860545971,2090951.1610925216,nan,nan,nan,nan,nan,nan
SG-006a,SG-006a,rectangular,default,E_y_1_3,closed_form,E_y,1,3,21,1.320253164556962,3.1351570975270935e-06,3.1351570975270935e-06,0,0,676059.86638329586,2041264.4894569928,nan,nan,nan,nan,nan,nan
SG-006a,SG-006a,rectangular,default,E_y_1_3,closed_form,E_y,1,3,22,1.3664556962025314,3.2448725664242541e-06,3.2448725664242541e-06,0,0,660466.0069102071,1993884.3876675838,nan,nan,nan,nan,nan,nan
SG-006a,SG-006a,rectangular,default,E_y_1_3,closed_form,E_y,1,3,23,1.4126582278481012,3.3545880353214155e-06,3.3545880353214155e-06,0,0,645575.29828898516,1948653.8847663561,nan,nan,nan,nan,nan,nan
SG-006a,SG-006a,rectangular,default,E_y_1_3,closed_form,E_y,1,3,24,1.4588607594936707,3.464303504218576e-06,3.464303504218576e-06,0,0,631341.22992362489,1905429.9371623904,nan,nan,nan,nan,nan,nan
SG-006a,SG-006a,rectangular,default,E_y_1_3,closed_form,E_y,1,3,25,1.5050632911392405,3.5740189731157374e-06,3.5740189731157374e-06,0,0,617721.30471072404,1864081.9175055185,nan,nan,nan,nan,nan,nan
SG-006a,SG-006a,rectangular,default,E_y_1_3,closed_form,E_y,1,3,26,1.55126582278481,3.683734442012898e-06,3.683734442012898e-06,0,0,604676.61526614102,1824490.2961307999,nan,nan,nan,nan,nan,nan
SG-006a,SG-006a,rectangular,default,E_y_1_3,closed_form,E_y,1,3,27,1.5974683544303798,3.7934499109100598e-06,3.7934499109100598e-06,0,0,592171.47273525433,1786545.4870388219,nan,nan,nan,nan,nan,nan
SG-006a,SG-006a,rectangular,default,E_y_1_3,closed_form,E_y,1,3,28,1.6436708860759492,3.9031653798072199e-06,3.9031653798072199e-06,0,0,580173.0807288033,1750146.8349463439,nan,nan,nan,nan,nan,nan
SG-006a,SG-006a,rectangular,default,E_y_1_3,closed_form,E_y,1,3,29,1.6898734177215187,4.0128808487043809e-06,4.0128808487043809e-06,0,0,568651.24811116583,1715201.7236900437,nan,nan,nan,nan,nan,nan
SG-006a,SG-006a,rectangular,default,E_y_1_3,closed_form,E_y,1,3,30,1.7360759493670885,4.1225963176015427e-06,4.1225963176015427e-06,0,0,557578.13534517621,1681624.7893540559,nan,nan,nan,nan,nan,nan
SG-006a,SG-006a,rectangular,default,E_y_1_3,closed_form,E_y,1,3,31,1.782278481012658,4.2323117864987028e-06,4.2323117864987028e-06,0,0,546928.0299068169,1649337.2240462515,nan,nan,nan,nan,nan,nan
SG-006a,SG-006a,rectangular,default,E_y_1_3,closed_form,E_y,1,3,32,1.8284810126582278,4.3420272553958646e-06,4.3420272553958646e-06,0,0,536677.14695585694,1618266.1583694459,nan,nan,nan,nan,nan,nan
SG-006a,SG-006a,rectangular,default,E_y_1_3,closed_form,E_y,1,3,33,1.8746835443037972,4.4517427242930248e-06,4.4517427242930248e-06,0,0,526803.45200986066,1588344.1124019541,nan,nan,nan,nan,nan,nan
SG-006a,SG-006a,rectangular,default,E_y_1_3,closed_form,E_y,1,3,34,1.9208860759493671,4.5614581931901866e-06,4.5614581931901866e-06,0,0,517286.5028390509,1559508.5064812051,nan,nan,nan,nan,nan,nan
SG-006a,SG-006a,rectangular,default,E_y_1_3,closed_form,E_y,1,3,35,1.9670886075949365,4.6711736620873467e-06,4.6711736620873467e-06,0,0,508107.30819452961,1531701.2243260785,nan,nan,nan,nan,nan,nan
SG-006a,SG-006a,rectangular,default,E_y_1_3,closed_form,E_y,1,3,36,2.0132911392405064,4.7808891309845085e-06,4.7808891309845085e-06,0,0,499248.20131536404,1504868.2220797015,nan,nan,nan,nan,nan,nan
SG-006a,SG-006a,rectangular,default,E_y_1_3,closed_form,E_y,1,3,37,2.0594936708860758,4.8906045998816695e-06,4.8906045998816695e-06,0,0,490692.72644171392,1478959.177738487,nan,nan,nan,nan,nan,nan
SG-006a,SG-006a,rectangular,default,E_y_1_3,closed_form,E_y,1,3,38,2.1056962025316452,5.0003200687788296e-06,5.0003200687788296e-06,0,0,482425.53680011653,1453927.1761825299,nan,nan,nan,nan,nan,nan
SG-006a,SG-006a,rectangular,default,E_y_1_3,closed_form,E_y,1,3,39,2.1518987341772151,5.1100355376759914e-06,5.1100355376759914e-06,0,0,474432.30273036793,1429728.4256595888,nan,nan,nan,nan,nan,nan
SG-006a,SG-006a,rectangular,default,E_y_1_3,closed_form,E_y,1,3,40,2.1981012658227845,5.2197510065731515e-06,5.2197510065731515e-06,0,0,466699.62879693089,1406322.0021181214,nan,nan,nan,nan,nan,nan
SG-006a,SG-006a,rectangular,default,E_y_1_3,closed_form,E_y,1,3,41,2.2443037974683544,5.3294664754703134e-06,5.3294664754703134e-06,0,0,459214.97887624812,1383669.6182493011,nan,nan,nan,nan,nan,nan
SG-006a,SG-006a,rectangular,default,E_y_1_3,closed_form,E_y,1,3,42,2.2905063291139238,5.4391819443674735e-06,5.4391819443674735e-06,0,0,451966.6083387059,1361735.414496196,nan,nan,nan,nan,nan,nan
SG-006a,SG-006a,rectangular,default,E_y_1_3,closed_form,E_y,1,3,43,2.3367088607594937,5.5488974132646353e-06,5.5488974132646353e-06,0,0,444943.50255354139,1340485.7696305257,nan,nan,nan,nan,nan,nan
SG-006a,SG-006a,rectangular,default,E_y_1_3,closed_form,E_y,1,3,44,2.3829113924050631,5.6586128821617963e-06,5.6586128821617963e-06,0,1,438135.32103945245,1319889.128792427,9321607.6798992939,-0.10503642819576445,8.0108528468801959e-07,8.0108528468801959e-07,1.1094369105063538e-05,1.1094369105063538e-05
SG-006a,SG-006a,rectangular,default,E_y_1_3,closed_form,E_y,1,3,45,2.429113924050633,5.7683283510589572e-06,5.7683283510589572e-06,0,1,431532.34666531894,1299915.8471433839,9324721.8850714937,-0.071858824679155803,7.9961330808042168e-07,7.9961330808042168e-07,4.0672400731928472e-06,4.0672400731928472e-06
SG-006a,SG-006a,rectangular,default,E_y_1_3,closed_form,E_y,1,3,46,2.4753164556962024,5.8780438199561182e-06,5.8780438199561182e-06,0,1,425125.43937618827,1280538.0475031247,9327696.9440208748,-0.040153283572734906,7.9821396357955019e-07,7.9821396357955019e-07,3.0089093664086896e-06,3.0089093664086896e-06
SG-006a,SG-006a,rectangular,default,E_y_1_3,closed_form,E_y,1,3,47,2.5215189873417723,5.9877592888532792e-06,5.9877592888532792e-06,0,1,418905.99398110301,1261729.4905327042,9330541.0384784788,-0.0098339899117625921,7.9688243499031923e-07,7.9688243499031923e-07,2.5136224918452312e-06,2.5136224918452312e-06
SG-006a,SG-006a,rectangular,default,E_y_1_3,closed_form,E_y,1,3,48,2.5677215189873417,6.0974747577504401e-06,6.0974747577504401e-06,1,1,412865.9015928022,1243465.4561924911,9333261.7565544695,0.019178707884019434,7.9561430741002194e-07,7.9561430741002194e-07,2.2138991930050073e-06,2.2138991930050073e-06
SG-006a,SG-006a,rectangular,default,E_y_1_3,closed_form,E_y,1,3,49,2.6139240506329111,6.2071902266476003e-06,6.2071902266476003e-06,1,1,406997.51435595215,1225722.6353489067,9335866.1437654346,0.046958821678344254,7.9440552700132169e-07,7.9440552700132169e-07,2.0087134192750015e-06,2.0087134192750015e-06
SG-006a,SG-006a,rectangular,default,E_y_1_3,closed_form,E_y,1,3,50,2.660126582278481,6.3169056955447621e-06,6.3169056955447621e-06,1,1,401293.6131412898,1208479.0305304932,9338360.7490085941,0.073575196103359664,7.9325236547008464e-07,7.9325236547008464e-07,1.8575613195173965e-06,1.8575613195173965e-06
SG-006a,SG-006a,rectangular,default,E_y_1_3,closed_form,E_y,1,3,51,2.7063291139240504,6.4266211644419231e-06,6.4266211644419231e-06,1,1,395747.37791874266,1191713.8649448198,9340751.6660477053,0.099091935500127043,7.921513886205813e-07,7.921513886205813e-07,1.7406451154078461e-06,1.7406451154078461e-06
SG-006a,SG-006a,rectangular,default,E_y_1_3,closed_form,E_y,1,3,52,2.7525316455696203,6.536336633339084e-06,6.536336633339084e-06,1,1,390352.36055387359,1175407.4989649819,9343044.5710052773,0.12356879026338077,7.9109942845432843e-07,7.9109942845432843e-07,1.6469995348211848e-06,1.6469995348211848e-06
SG-006a,SG-006a,rectangular,default,E_y_1_3,closed_form,E_y,1,3,53,2.7987341772151897,6.646052102236245e-06,6.646052102236245e-06,1,1,385102.45979951211,1159541.3533799045,9345244.7562951781,0.14706150694327533,7.9009355835712486e-07,7.9009355835712486e-07,1.5700006660213684e-06,1.5700006660213684e-06
SG-006a,SG-006a,rectangular,default,E_y_1_3,closed_form,E_y,1,3,54,2.8449367088607596,6.7557675711334068e-06,6.7557675711334068e-06,1,1,379991.89827864995,1144097.8387778571,9347357.1613772567,0.16962214593826402,7.8913107098442428e-07,7.8913107098442428e-07,1.5053824803642805e-06,1.5053824803642805e-06
SG-006a,SG-006a,rectangular,default,E_y_1_3,closed_form,E_y,1,3,55,2.891139240506329,6.8654830400305669e-06,6.8654830400305669e-06,1,1,375015.20127604593,1129060.2904988884,9349386.4006700851,0.19129937016267035,7.8820945851035157e-07,7.8820945851035157e-07,1.4502586215183861e-06,1.4502586215183861e-06
SG-006a,SG-006a,rectangular,default,E_y_1_3,closed_form,E_y,1,3,56,2.9373417721518984,6.9751985089277271e-06,6.9751985089277271e-06,1,1,370167.17717486445,1114412.908650463,9351336.7889184635,0.21213870768097476,7.8732639495219155e-07,7.8732639495219155e-07,1.4025981477375894e-06,1.4025981477375894e-06
SG-006a,SG-006a,rectangular,default,E_y_1_3,closed_form,E_y,1,3,57,2.9835443037974683,7.0849139778248889e-06,7.0849139778248889e-06,1,1,365442.89939138608,1100140.7027323926,9353212.3642778564,0.23218279095764555,7.8647972032156984e-07,7.8647972032156984e-07,1.3609256608168077e-06,1.3609256608168077e-06
SG-006a,SG-006a,rectangular,default,E_y_1_3,closed_form,E_y,1,3,58,3.0297468354430377,7.1946294467220498e-06,7.1946294467220498e-06,1,1,360837.68967563927,1086229.4404630663,9355016.9093478993,0.25147157507200524,7.8566742638697129e-07,7.8566742638697129e-07,1.3241405390088182e-06,1.3241405390088182e-06
SG-006a,SG-006a,rectangular,default,E_y_1_3,closed_form,E_y,1,3,59,3.0759493670886076,7.3043449156192108e-06,7.3043449156192108e-06,1,1,356347.10265896353,1072665.6004397494,9356753.9703608789,0.27004253698577618,7.848876438607073e-07,7.848876438607073e-07,1.2914031488090497e-06,1.2914031488090497e-06
SG-006a,SG-006a,rectangular,default,E_y_1_3,closed_form,E_y,1,3,60,3.122151898734177,7.4140603845163718e-06,7.4140603845163718e-06,1,1,351966.91154121415,1059436.3283019478,9358426.8747080825,0.2879308577202917,7.8413863084774952e-07,7.8413863084774952e-07,1.2620605686186119e-06,1.2620605686186119e-06
SG-006a,SG-006a,rectangular,default,E_y_1_3,closed_form,E_y,1,3,61,3.1683544303797468,7.5237758534135336e-06,7.5237758534135336e-06,1,1,347693.09482073947,1046529.3960990986,9360038.7469667401,0.30516958909820663,7.8341876241465351e-07,7.8341876241465351e-07,1.2355965803244983e-06,1.2355965803244983e-06
SG-006a,SG-006a,rectangular,default,E_y_1_3,closed_form,E_y,1,3,62,3.2145569620253163,7.6334913223106946e-06,7.6334913223106946e-06,1,1,343521.82397956017,1033933.1645926116,9361592.5235725529,0.32178980652650319,7.8272652115466091e-07,7.8272652115466091e-07,1.2115970890441337e-06,1.2115970890441337e-06
SG-006a,SG-006a,rectangular,default,E_y_1_3,closed_form,E_y,1,3,63,3.2607594936708861,7.7432067912078555e-06,7.7432067912078555e-06,1,1,339449.4520444849,1021636.5482479703,9363090.9662672263,0.33782074914063503,7.8206048864044037e-07,7.8206048864044037e-07,1.18972564835573e-06,1.18972564835573e-06
SG-006a,SG-006a,rectangular,default,E_y_1_3,closed_form,E_y,1,3,64,3.3069620253164556,7.8529222601050165e-06,7.8529222601050165e-06,1,1,335472.50295232527,1009628.9826955785,9364536.6744366083,0.3532899484903676,7.8141933766919255e-07,7.8141933766919255e-07,1.1697057796304469e-06,1.1697057796304469e-06
SG-006a,SG-006a,rectangular,default,E_y_1_3,closed_form,E_y,1,3,65,3.353164556962025,7.9626377290021758e-06,7.9626377290021758e-06,1,1,331587.66165402951,997900.39445959544,9365932.0964429621,0.36822334682608471,7.8080182521631512e-07,7.8080182521631512e-07,1.1513079655083291e-06,1.1513079655083291e-06
SG-006a,SG-006a,rectangular,default,E_y_1_3,closed_form,E_y,1,3,66,3.3993670886075948,8.0723531978993384e-06,8.0723531978993384e-06,1,1,327791.76489852095,986441.17277245701,9367279.5400440712,0.38264540593465995,7.8020678602376108e-07,7.8020678602376108e-07,1.1343399255079165e-06,1.1343399255079165e-06
SG-006a,SG-006a,rectangular,default,E_y_1_3,closed_form,E_y,1,3,67,3.4455696202531643,8.1820686667964977e-06,8.1820686667964977e-06,1,1,324081.79264239338,975242.14330932801,9368581.1819824334,0.39657920737832314,7.7963312675786982e-07,7.7963312675786982e-07,1.118639238893848e-06,1.118639238893848e-06
SG-006a,SG-006a,rectangular,default,E_y_1_3,closed_form,E_y,1,3,68,3.4917721518987341,8.2917841356936604e-06,8.2917841356936604e-06,1,1,320454.860036431,964294.54369161755,9369839.0768192951,0.41004654490380549,7.7907982067895858e-07,7.7907982067895858e-07,1.1040676741102678e-06,1.1040676741102678e-06
SG-006a,SG-006a,rectangular,default,E_y_1_3,closed_form,E_y,1,3,69,3.5379746835443036,8.4014996045908214e-06,8.4014996045908214e-06,1,1,316908.20994426648,953590.00062210055,9371055.16508081,0.42306800971306358,7.7854590277153278e-07,7.7854590277153278e-07,1.0905067776151531e-06,1.0905067776151531e-06
SG-006a,SG-006a,rectangular,default,E_y_1_3,closed_form,E_y,1,3,70,3.5841772151898734,8.5112150734879823e-06,8.5112150734879823e-06,1,1,313439.20595240092,943120.5085262371,9372231.2807769217,0.43566306921887565,7.7803046528969954e-07,7.7803046528969954e-07,1.0778544048161163e-06,1.0778544048161163e-06
SG-006a,SG-006a,rectangular,default,E_y_1_3,closed_form,E_y,1,3,71,3.6303797468354428,8.6209305423851433e-06,8.6209305423851433e-06,1,1,310045.32583434484,932878.4095852013,9373369.1583476178,0.44785013984801159,7.7753265367739707e-07,7.7753265367739707e-07,1.066021964540142e-06,1.066021964540142e-06
SG-006a,SG-006a,rectangular,default,E_y_1_3,closed_form,E_y,1,3,72,3.6765822784810127,8.7306460112823043e-06,8.7306460112823043e-06,1,1,306724.15543482598,922856.37505595642,9374470.4390859138,0.45964665440085617,7.7705166282745858e-07,7.7705166282745858e-07,1.0549322101026293e-06,1.0549322101026293e-06
SG-006a,SG-006a,rectangular,default,E_y_1_3,closed_form,E_y,1,3,73,3.7227848101265821,8.8403614801794652e-06,8.8403614801794652e-06,1,1,303473.38294290227,913047.38778261701,9375536.6770821605,0.47106912442737103,7.7658673364740417e-07,7.7658673364740417e-07,1.0445174535014492e-06,1.0445174535014492e-06
SG-006a,SG-006a,rectangular,default,E_y_1_3,closed_form,E_y,1,3,74,3.7689873417721516,8.9500769490766245e-06,8.9500769490766245e-06,1,1,300290.79352542874,903444.72581139556,9376569.3447300717,0.48213319803673277,7.7613714990326847e-07,7.7613714990326847e-07,1.03471811033552e-06,1.03471811033552e-06
SG-006a,SG-006a,rectangular,default,E_y_1_3,closed_form,E_y,1,3,75,3.8151898734177214,9.0597924179737872e-06,9.0597924179737872e-06,1,1,297174.26429469959,894041.94702873065,9377569.8378310278,0.49285371351843638,7.757022353157832e-07,7.757022353157832e-07,1.0254815055509523e-06,1.0254815055509523e-06
SG-006a,SG-006a,rectangular,default,E_y_1_3,closed_form,E_y,1,3,76,3.8613924050632908,9.1695078868709481e-06,9.1695078868709481e-06,1,1,294121.75958623807,884832.87474882964,9378539.48032986,0.50324474911848838,7.7528135088589463e-07,7.7528135088589463e-07,1.0167608866089707e-06,1.0167608866089707e-06
SG-006a,SG-006a,rectangular,default,E_y_1_3,closed_form,E_y,1,3,77,3.9075949367088607,9.2792233557681091e-06,9.2792233557681091e-06,1,1,291131.32652465953,875811.58418285649,9379479.5287122075,0.51331966928213968,7.7487389242895277e-07,7.7487389242895277e-07,1.0085146028885026e-06,1.0085146028885026e-06
SG-006a,SG-006a,rectangular,default,E_y_1_3,closed_form,E_y,1,3,78,3.9537974683544301,9.3889388246652701e-06,9.3889388246652701e-06,1,1,288201.09085731168,866972.38972748769,9380391.1760908533,0.52309116764727126,7.7447928829899754e-07,7.7447928829899754e-07,1.0007054192826457e-06,1.0007054192826457e-06
SG-006a,SG-006a,rectangular,default,E_y_1_3,closed_form,E_y,1,3,79,4,9.498654293562431e-06,9.498654293562431e-06,1,1,285329.25303701457,858309.8330155235,9381275.5560059361,0.53257130704669464,7.7409699728642392e-07,7.7409699728642392e-07,9.9329993886037781e-07,9.9329993886037781e-07
SG-006a,SG-006a,rectangular,default,E_x_1_3,closed_form,E_x,1,3,0,0.34999999999999998,8.3113225068671265e-07,8.3113225068671265e-07,0,0,1358172.7328714607,4022714.6059264345,nan,nan,nan,nan,nan,nan
SG-006a,SG-006a,rectangular,default,E_x_1_3,closed_form,E_x,1,3,1,0.39620253164556962,9.4084771958387373e-07,9.4084771958387373e-07,0,0,1296668.9120190309,3842761.4831489422,nan,nan,nan,nan,nan,nan
SG-006a,SG-006a,rectangular,default,E_x_1_3,closed_form,E_x,1,3,2,0.44240506329113921,1.0505631884810347e-06,1.0505631884810347e-06,0,0,1240494.0796175629,3678219.1082524671,nan,nan,nan,nan,nan,nan
SG-006a,SG-006a,rectangular,default,E_x_1_3,closed_form,E_x,1,3,3,0.4886075949367088,1.1602786573781955e-06,1.1602786573781955e-06,0,0,1188984.400613666,3527189.1567187551,nan,nan,nan,nan,nan,nan
SG-006a,SG-006a,rectangular,default,E_x_1_3,closed_form,E_x,1,3,4,0.53481012658227844,1.2699941262753566e-06,1.2699941262753566e-06,0,0,1141581.9032079333,3388072.792368399,nan,nan,nan,nan,nan,nan
SG-006a,SG-006a,rectangular,default,E_x_1_3,closed_form,E_x,1,3,5,0.58101265822784809,1.3797095951725176e-06,1.3797095951725176e-06,0,0,1097814.1851158601,3259513.8475886956,nan,nan,nan,nan,nan,nan
SG-006a,SG-006a,rectangular,default,E_x_1_3,closed_form,E_x,1,3,6,0.62721518987341773,1.4894250640696788e-06,1.4894250640696788e-06,0,0,1057278.6157714052,3140354.4666633946,nan,nan,nan,nan,nan,nan
SG-006a,SG-006a,rectangular,default,E_x_1_3,closed_form,E_x,1,3,7,0.67341772151898727,1.5991405329668395e-06,1.5991405329668395e-06,0,0,1019629.9137990228,3029600.1353550078,nan,nan,nan,nan,nan,nan
SG-006a,SG-006a,rectangular,default,E_x_1_3,closed_form,E_x,1,3,8,0.71962025316455691,1.7088560018640005e-06,1.7088560018640005e-06,0,0,984570.28735199326,2926391.8584334939,nan,nan,nan,nan,nan,nan
SG-006a,SG-006a,rectangular,default,E_x_1_3,closed_form,E_x,1,3,9,0.76582278481012656,1.8185714707611615e-06,1.8185714707611615e-06,0,0,951841.54095961642,2829983.8367611468,nan,nan,nan,nan,nan,nan
SG-006a,SG-006a,rectangular,default,E_x_1_3,closed_form,E_x,1,3,10,0.81202531645569609,1.9282869396583225e-06,1.9282869396583225e-06,0,0,921218.70601487742,2739725.4161285148,nan,nan,nan,nan,nan,nan
SG-006a,SG-006a,rectangular,default,E_x_1_3,closed_form,E_x,1,3,11,0.85822784810126573,2.0380024085554834e-06,2.0380024085554834e-06,0,0,892504.86246575916,2655046.3836267623,nan,nan,nan,nan,nan,nan
SG-006a,SG-006a,rectangular,default,E_x_1_3,closed_form,E_x,1,3,12,0.90443037974683538,2.1477178774526444e-06,2.1477178774526444e-06,0,0,865526.8996625772,2575444.9090143628,nan,nan,nan,nan,nan,nan
SG-006a,SG-006a,rectangular,default,E_x_1_3,closed_form,E_x,1,3,13,0.95063291139240502,2.2574333463498054e-06,2.2574333463498054e-06,0,0,840132.02347506338,2500477.5921355644,nan,nan,nan,nan,nan,nan
SG-006a,SG-006a,rectangular,default,E_x_1_3,closed_form,E_x,1,3,14,0.99683544303797456,2.3671488152469663e-06,2.3671488152469663e-06,0,0,816184.86077724129,2429751.199400642,nan,nan,nan,nan,nan,nan
SG-006a,SG-006a,rectangular,default,E_x_1_3,closed_form,E_x,1,3,15,1.0430379746835441,2.4768642841441269e-06,2.4768642841441269e-06,0,0,793565.0454115913,2362915.7640994573,nan,nan,nan,nan,nan,nan
SG-006a,SG-006a,rectangular,default,E_x_1_3,closed_form,E_x,1,3,16,1.089240506329114,2.5865797530412887e-06,2.5865797530412887e-06,0,0,772165.19474506215,2299658.7949726954,nan,nan,nan,nan,nan,nan
SG-006a,SG-006a,rectangular,default,E_x_1_3,closed_form,E_x,1,3,17,1.1354430379746834,2.6962952219384492e-06,2.6962952219384492e-06,0,0,751889.20502212388,2239700.3907735711,nan,nan,nan,nan,nan,nan
SG-006a,SG-006a,rectangular,default,E_x_1_3,closed_form,E_x,1,3,18,1.1816455696202532,2.8060106908356106e-06,2.8060106908356106e-06,0,0,732650.80841600639,2182789.0996700511,nan,nan,nan,nan,nan,nan
SG-006a,SG-006a,rectangular,default,E_x_1_3,closed_form,E_x,1,3,19,1.2278481012658227,2.9157261597327712e-06,2.9157261597327712e-06,0,0,714372.34607548336,2128698.3942847257,nan,nan,nan,nan,nan,nan
SG-006a,SG-006a,rectangular,default,E_x_1_3,closed_form,E_x,1,3,20,1.2740506329113923,3.0254416286299322e-06,3.0254416286299322e-06,0,0,696983.72036417387,2077223.6581637913,nan,nan,nan,nan,nan,nan
SG-006a,SG-006a,rectangular,default,E_x_1_3,closed_form,E_x,1,3,21,1.320253164556962,3.1351570975270935e-06,3.1351570975270935e-06,0,0,680421.49648566428,2028179.5991498875,nan,nan,nan,nan,nan,nan
SG-006a,SG-006a,rectangular,default,E_x_1_3,closed_form,E_x,1,3,22,1.3664556962025314,3.2448725664242541e-06,3.2448725664242541e-06,0,0,664628.12922252796,1981398.0207306209,nan,nan,nan,nan,nan,nan
SG-006a,SG-006a,rectangular,default,E_x_1_3,closed_form,E_x,1,3,23,1.4126582278481012,3.3545880353214155e-06,3.3545880353214155e-06,0,0,649551.29492211866,1936725.8948669555,nan,nan,nan,nan,nan,nan
SG-006a,SG-006a,rectangular,default,E_x_1_3,closed_form,E_x,1,3,24,1.4588607594936707,3.464303504218576e-06,3.464303504218576e-06,0,0,635143.3123874634,1894023.6897708746,nan,nan,nan,nan,nan,nan
SG-006a,SG-006a,rectangular,default,E_x_1_3,closed_form,E_x,1,3,25,1.5050632911392405,3.5740189731157374e-06,3.5740189731157374e-06,0,0,621360.63916850626,1853163.914132172,nan,nan,nan,nan,nan,nan
SG-006a,SG-006a,rectangular,default,E_x_1_3,closed_form,E_x,1,3,26,1.55126582278481,3.683734442012898e-06,3.683734442012898e-06,0,0,608163.4320435999,1814029.8457984233,nan,nan,nan,nan,nan,nan
SG-006a,SG-006a,rectangular,default,E_x_1_3,closed_form,E_x,1,3,27,1.5974683544303798,3.7934499109100598e-06,3.7934499109100598e-06,0,0,595515.16234627389,1776514.4182057632,nan,nan,nan,nan,nan,nan
SG-006a,SG-006a,rectangular,default,E_x_1_3,closed_form,E_x,1,3,28,1.6436708860759492,3.9031653798072199e-06,3.9031653798072199e-06,0,0,583382.27831544797,1740519.2421864099,nan,nan,nan,nan,nan,nan
SG-006a,SG-006a,rectangular,default,E_x_1_3,closed_form,E_x,1,3,29,1.6898734177215187,4.0128808487043809e-06,4.0128808487043809e-06,0,0,571733.90789668122,1705953.7443334975,nan,nan,nan,nan,nan,nan
SG-006a,SG-006a,rectangular,default,E_x_1_3,closed_form,E_x,1,3,30,1.7360759493670885,4.1225963176015427e-06,4.1225963176015427e-06,0,0,560541.596451352,1672734.4060355288,nan,nan,nan,nan,nan,nan
SG-006a,SG-006a,rectangular,default,E_x_1_3,closed_form,E_x,1,3,31,1.782278481012658,4.2323117864987028e-06,4.2323117864987028e-06,0,0,549779.07468208391,1640784.0897204503,nan,nan,nan,nan,nan,nan
SG-006a,SG-006a,rectangular,default,E_x_1_3,closed_form,E_x,1,3,32,1.8284810126582278,4.3420272553958646e-06,4.3420272553958646e-06,0,0,539422.05278981535,1610031.4408675707,nan,nan,nan,nan,nan,nan
SG-006a,SG-006a,rectangular,default,E_x_1_3,closed_form,E_x,1,3,33,1.8746835443037972,4.4517427242930248e-06,4.4517427242930248e-06,0,0,529448.03746731812,1580410.356029582,nan,nan,nan,nan,nan,nan
SG-006a,SG-006a,rectangular,default,E_x_1_3,closed_form,E_x,1,3,34,1.9208860759493671,4.5614581931901866e-06,4.5614581931901866e-06,0,0,519836.16882706835,1551859.5085171526,nan,nan,nan,nan,nan,nan
SG-006a,SG-006a,rectangular,default,E_x_1_3,closed_form,E_x,1,3,35,1.9670886075949365,4.6711736620873467e-06,4.6711736620873467e-06,0,0,510567.07477535948,1524321.924583589,nan,nan,nan,nan,nan,nan
SG-006a,SG-006a,rectangular,default,E_x_1_3,closed_form,E_x,1,3,36,2.0132911392405064,4.7808891309845085e-06,4.7808891309845085e-06,0,0,501622.74069323385,1497744.6039460921,nan,nan,nan,nan,nan,nan
SG-006a,SG-006a,rectangular,default,E_x_1_3,closed_form,E_x,1,3,37,2.0594936708860758,4.8906045998816695e-06,4.8906045998816695e-06,0,0,492986.39257949562,1472078.1793251419,nan,nan,nan,nan,nan,nan
SG-006a,SG-006a,rectangular,default,E_x_1_3,closed_form,E_x,1,3,38,2.1056962025316452,5.0003200687788296e-06,5.0003200687788296e-06,0,0,484642.3920608433,1447276.6104003496,nan,nan,nan,nan,nan,nan
SG-006a,SG-006a,rectangular,default,E_x_1_3,closed_form,E_x,1,3,39,2.1518987341772151,5.1100355376759914e-06,5.1100355376759914e-06,0,0,476576.14188652963,1423296.9081911037,nan,nan,nan,nan,nan,nan
SG-006a,SG-006a,rectangular,default,E_x_1_3,closed_form,E_x,1,3,40,2.1981012658227845,5.2197510065731515e-06,5.2197510065731515e-06,0,0,468774.00070604036,1400098.8863907929,nan,nan,nan,nan,nan,nan
SG-006a,SG-006a,rectangular,default,E_x_1_3,closed_form,E_x,1,3,41,2.2443037974683544,5.3294664754703134e-06,5.3294664754703134e-06,0,0,461223.20608310035,1377644.9366287442,nan,nan,nan,nan,nan,nan
SG-006a,SG-006a,rectangular,default,E_x_1_3,closed_form,E_x,1,3,42,2.2905063291139238,5.4391819443674735e-06,5.4391819443674735e-06,0,0,453911.8048320653,1355899.8250161177,nan,nan,nan,nan,nan,nan
SG-006a,SG-006a,rectangular,default,E_x_1_3,closed_form,E_x,1,3,43,2.3367088607594937,5.5488974132646353e-06,5.5488974132646353e-06,0,0,446828.58987684193,1334830.5076606241,nan,nan,nan,nan,nan,nan
SG-006a,SG-006a,rectangular,default,E_x_1_3,closed_form,E_x,1,3,44,2.3829113924050631,5.6586128821617963e-06,5.6586128821617963e-06,0,1,439963.04293080897,1314405.9631183574,9322296.3423599787,-0.097700624454626739,8.0149813743532495e-07,8.0149813743532495e-07,6.6565060094484385e-06,6.6565060094484385e-06
SG-006a,SG-006a,rectangular,default,E_x_1_3,closed_form,E_x,1,3,45,2.429113924050633,5.7683283510589572e-06,5.7683283510589572e-06,0,1,433305.28238112794,1294597.0399959569,9325379.5979626793,-0.064850374526731314,8.0000555277683201e-07,8.0000555277683201e-07,3.6698722612797668e-06,3.6698722612797668e-06
SG-006a,SG-006a,rectangular,default,E_x_1_3,closed_form,E_x,1,3,46,2.4753164556962024,5.8780438199561182e-06,5.8780438199561182e-06,0,1,426846.01583437488,1275376.3181285649,9328325.5376153886,-0.033452995998092983,7.9858698290693243e-07,7.9858698290693243e-07,2.8438596870486569e-06,2.8438596870486569e-06
SG-006a,SG-006a,rectangular,default,E_x_1_3,closed_form,E_x,1,3,47,2.5215189873417723,5.9877592888532792e-06,5.9877592888532792e-06,0,1,420576.4968442347,1256717.9819433088,9331142.2095029093,-0.0034240598782296697,7.9723749504482247e-07,7.9723749504482247e-07,2.4190203730962074e-06,2.4190203730962074e-06
SG-006a,SG-006a,rectangular,default,E_x_1_3,closed_form,E_x,1,3,48,2.5677215189873417,6.0974747577504401e-06,6.0974747577504401e-06,1,1,414488.48539749708,1238597.7047784065,9333837.0797327943,0.025314817838758767,7.9595256952944745e-07,7.9595256952944745e-07,2.1511221746524617e-06,2.1511221746524617e-06
SG-006a,SG-006a,rectangular,default,E_x_1_3,closed_form,E_x,1,3,49,2.6139240506329111,6.2071902266476003e-06,6.2071902266476003e-06,1,1,408574.21178296889,1220992.5430678565,9336417.082213223,0.052836488207910343,7.9472805819261288e-07,7.9472805819261288e-07,1.9633941422321889e-06,1.9633941422321889e-06
SG-006a,SG-006a,rectangular,default,E_x_1_3,closed_form,E_x,1,3,50,2.660126582278481,6.3169056955447621e-06,6.3169056955447621e-06,1,1,402826.34351016441,1203880.8394238693,9338888.6636069585,0.079208731472425409,7.9356014762586107e-07,7.9356014762586107e-07,1.8230012073753512e-06,1.8230012073753512e-06
SG-006a,SG-006a,rectangular,default,E_x_1_3,closed_form,E_x,1,3,51,2.7063291139240504,6.4266211644419231e-06,6.4266211644419231e-06,1,1,397237.95498160657,1187242.133756228,9341257.823910024,0.10449467478825217,7.9244532668507847e-07,7.9244532668507847e-07,1.7132535865761429e-06,1.7132535865761429e-06
SG-006a,SG-006a,rectangular,default,E_x_1_3,closed_form,E_x,1,3,52,2.7525316455696203,6.536336633339084e-06,6.536336633339084e-06,1,1,391802.49965499394,1171057.0816616209,9343530.1531358343,0.12875317034627443,7.9138035767531518e-07,7.9138035767531518e-07,1.6246592630999455e-06,1.6246592630999455e-06
SG-006a,SG-006a,rectangular,default,E_x_1_3,closed_form,E_x,1,3,53,2.7987341772151897,6.646052102236245e-06,6.646052102236245e-06,1,1,386513.78445996821,1155307.3793985364,9345710.864526784,0.15203913812549627,7.9036225074047795e-07,7.9036225074047795e-07,1.5513730536143609e-06,1.5513730536143609e-06
SG-006a,SG-006a,rectangular,default,E_x_1_3,closed_form,E_x,1,3,54,2.8449367088607596,6.7557675711334068e-06,6.7557675711334068e-06,1,1,381365.94625928579,1139975.6948359499,9347804.824664522,0.17440387700871152,7.8938824105134992e-07,7.8938824105134992e-07,1.4895750577967854e-06,1.4895750577967854e-06
SG-006a,SG-006a,rectangular,default,E_x_1_3,closed_form,E_x,1,3,55,2.891139240506329,6.8654830400305669e-06,6.8654830400305669e-06,1,1,376353.43016629614,1125045.6038281377,9349816.5808059201,0.19589534755395419,7.884557684431884e-07,7.884557684431884e-07,1.4366508754273452e-06,1.4366508754273452e-06
SG-006a,SG-006a,rectangular,default,E_x_1_3,closed_form,E_x,1,3,56,2.9373417721518984,6.9751985089277271e-06,6.9751985089277271e-06,1,1,371470.96955015429,1110501.5315245935,9351750.3857335318,0.21655842933563821,7.8756245920286256e-07,7.8756245920286256e-07,1.3907437453594406e-06,1.3907437453594406e-06
SG-006a,SG-006a,rectangular,default,E_x_1_3,closed_form,E_x,1,3,57,2.9835443037974683,7.0849139778248889e-06,7.0849139778248889e-06,1,1,366713.56757746416,1096328.6981741583,9353610.2203758005,0.2364351554355541,7.8670610974669157e-07,7.8670610974669157e-07,1.3504944156536886e-06,1.3504944156536886e-06
SG-006a,SG-006a,rectangular,default,E_x_1_3,closed_form,E_x,1,3,58,3.0297468354430377,7.1946294467220498e-06,7.1946294467220498e-06,1,1,362076.48015435546,1082513.0690269177,9355399.8144231774,0.25556492637351724,7.8588467196507974e-07,7.8588467196507974e-07,1.3148823529317439e-06,1.3148823529317439e-06
SG-006a,SG-006a,rectangular,default,E_x_1_3,closed_form,E_x,1,3,59,3.0759493670886076,7.3043449156192108e-06,7.3043449156192108e-06,1,1,357555.20014658314,1069041.3079768906,9357122.665140789,0.27398470551246967,7.8509624003977775e-07,7.8509624003977775e-07,1.2831247354125932e-06,1.2831247354125932e-06
SG-006a,SG-006a,rectangular,default,E_x_1_3,closed_form,E_x,1,3,60,3.122151898734177,7.4140603845163718e-06,7.4140603845163718e-06,1,1,353145.44276731589,1055900.7346236424,9358782.0545559339,0.29172919774898326,7.8433903856495583e-07,7.8433903856495583e-07,1.2546099315764406e-06,1.2546099315764406e-06
SG-006a,SG-006a,rectangular,default,E_x_1_3,closed_form,E_x,1,3,61,3.1683544303797468,7.5237758534135336e-06,7.5237758534135336e-06,1,1,348843.13203303289,1043079.2844622183,9360381.0651791003,0.30883101310350375,7.8361141182497981e-07,7.8361141182497981e-07,1.2288523700351324e-06,1.2288523700351324e-06
SG-006a,SG-006a,rectangular,default,E_x_1_3,closed_form,E_x,1,3,62,3.2145569620253163,7.6334913223106946e-06,7.6334913223106946e-06,1,1,344644.38819753722,1030565.4719386805,9361922.5943999346,0.32532081665109164,7.8291181410038794e-07,7.8291181410038794e-07,1.2054611250741722e-06,1.2054611250741722e-06
SG-006a,SG-006a,rectangular,default,E_x_1_3,closed_form,E_x,1,3,63,3.2607594936708861,7.7432067912078555e-06,7.7432067912078555e-06,1,1,340545.5160826568,1018348.3561334546,9363409.3676844314,0.34122746608093529,7.8223880088958358e-07,7.8223880088958358e-07,1.1841175529338415e-06,1.1841175529338415e-06
SG-006a,SG-006a,rectangular,default,E_x_1_3,closed_form,E_x,1,3,64,3.3069620253164556,7.8529222601050165e-06,7.8529222601050165e-06,1,1,336542.99423185945,1006417.5088569759,9364843.9506861959,0.35657813803749261,7.8159102094755267e-07,7.8159102094755267e-07,1.1645590529236125e-06,1.1645590529236125e-06
SG-006a,SG-006a,rectangular,default,E_x_1_3,closed_form,E_x,1,3,65,3.353164556962025,7.9626377290021758e-06,7.9626377290021758e-06,1,1,332633.46481986518,994762.98496208852,9366228.7603728492,0.3713984442770179,7.809672090548516e-07,7.809672090548516e-07,1.1465670667030733e-06,1.1465670667030733e-06
SG-006a,SG-006a,rectangular,default,E_x_1_3,closed_form,E_x,1,3,66,3.3993670886075948,8.0723531978993384e-06,8.0723531978993384e-06,1,1,328813.72425748571,983375.29469556268,9367566.0752581097,0.38571253856679605,7.8036617944043818e-07,7.8036617944043818e-07,1.1299580689773201e-06,1.1299580689773201e-06
SG-006a,SG-006a,rectangular,default,E_x_1_3,closed_form,E_x,1,3,67,3.4455696202531643,8.1820686667964977e-06,8.1820686667964977e-06,1,1,325080.71443644265,972245.37792718026,9368858.0448208842,0.39954321516090402,7.7978681979089465e-07,7.7978681979089465e-07,1.1145767074953133e-06,1.1145767074953133e-06
SG-006a,SG-006a,rectangular,default,E_x_1_3,closed_form,E_x,1,3,68,3.4917721518987341,8.2917841356936604e-06,8.2917841356936604e-06,1,1,321431.51456387254,961364.58010929299,9370106.6981844306,0.41291199960274666,7.792280857863944e-07,7.792280857863944e-07,1.1002905122606136e-06,1.1002905122606136e-06
SG-006a,SG-006a,rectangular,default,E_x_1_3,closed_form,E_x,1,3,69,3.5379746835443036,8.4014996045908214e-06,8.4014996045908214e-06,1,1,317863.33354070026,950724.62983279931,9371313.9521213323,0.42583923252981465,7.7868899611057227e-07,7.7868899611057227e-07,1.086985767199518e-06,1.086985767199518e-06
SG-006a,SG-006a,rectangular,default,E_x_1_3,closed_form,E_x,1,3,70,3.5841772151898734,8.5112150734879823e-06,8.5112150734879823e-06,1,1,314373.50284207903,940317.61785720277,9372481.6184435599,0.43834414709067204,7.7816862788740353e-07,7.7816862788740353e-07,1.0745642544383613e-06,1.0745642544383613e-06
SG-006a,SG-006a,rectangular,default,E_x_1_3,closed_form,E_x,1,3,71,3.6303797468354428,8.6209305423851433e-06,8.6209305423851433e-06,1,1,310959.46986173379,930135.97750303452,9373611.4108310491,0.45044494052428857,7.7766611250340458e-07,7.7766611250340458e-07,1.0629406615890598e-06,1.0629406615890598e-06
SG-006a,SG-006a,rectangular,default,E_x_1_3,closed_form,E_x,1,3,72,3.6765822784810127,8.7306460112823043e-06,8.7306460112823043e-06,1,1,307618.79168531881,920172.466304478,9374704.9511470739,0.46215884039959682,7.7718063177803215e-07,7.7718063177803215e-07,1.0520404984172904e-06,1.0520404984172904e-06
SG-006a,SG-006a,rectangular,default,E_x_1_3,closed_form,E_x,1,3,73,3.7227848101265821,8.8403614801794652e-06,8.8403614801794652e-06,1,1,304349.12926087237,910420.1488287067,9375763.775284078,0.47350216596578654,7.7671141444917164e-07,7.7671141444917164e-07,1.0417984088919878e-06,1.0417984088919878e-06
SG-006a,SG-006a,rectangular,default,E_x_1_3,closed_form,E_x,1,3,74,3.7689873417721516,8.9500769490766245e-06,8.9500769490766245e-06,1,1,301148.24193713185,900872.38057628623,9376789.3385794498,0.48449038502116537,7.7625773294413783e-07,7.7625773294413783e-07,1.032156793047287e-06,1.032156793047287e-06
SG-006a,SG-006a,rectangular,default,E_x_1_3,closed_form,E_x,1,3,75,3.8151898734177214,9.0597924179737872e-06,9.0597924179737872e-06,1,1,298013.9823429102,891522.79288409872,9377783.0208370965,0.49513816667135002,7.7581890040972519e-07,7.7581890040972519e-07,1.0230646737468851e-06,1.0230646737468851e-06
SG-006a,SG-006a,rectangular,default,E_x_1_3,closed_form,E_x,1,3,76,3.8613924050632908,9.1695078868709481e-06,9.1695078868709481e-06,1,1,294944.29158294323,882365.27875871432,9378746.1309872326,0.50545943031219842,7.7539426797759924e-07,7.7539426797759924e-07,1.0144767586265858e-06,1.0144767586265858e-06
SG-006a,SG-006a,rectangular,default,E_x_1_3,closed_form,E_x,1,3,77,3.9075949367088607,9.2792233557681091e-06,9.2792233557681091e-06,1,1,291937.19472761883,873393.97957397869,9379679.9114139676,0.51546739114379936,7.7498322224375036e-07,7.7498322224375036e-07,1.0063526587744257e-06,1.0063526587744257e-06
SG-006a,SG-006a,rectangular,default,E_x_1_3,closed_form,E_x,1,3,78,3.9537974683544301,9.3889388246652701e-06,9.3889388246652701e-06,1,1,288990.79657582921,864603.27257193509,9380585.5419774652,0.52517460249317982,7.7458518294289717e-07,7.7458518294289717e-07,9.986562341766317e-07,9.986562341766317e-07
SG-006a,SG-006a,rectangular,default,E_x_1_3,closed_form,E_x,1,3,79,4,9.498654293562431e-06,9.498654293562431e-06,1,1,286103.27767184121,855987.75911104376,9381464.1437550541,0.53459299519845471,7.7419960080063509e-07,7.7419960080063509e-07,9.9135504237376612e-07,9.9135504237376612e-07
SG-006a,SG-006a,rectangular,default,E_y_2_3,closed_form,E_y,2,3,0,0.34999999999999998,8.3113225068671265e-07,8.3113225068671265e-07,0,0,2681809.7372842897,4074518.1986143822,nan,nan,nan,nan,nan,nan
SG-006a,SG-006a,rectangular,default,E_y_2_3,closed_form,E_y,2,3,1,0.39620253164556962,9.4084771958387373e-07,9.4084771958387373e-07,0,0,2561840.9887659615,3890006.7360570924,nan,nan,nan,nan,nan,nan
SG-006a,SG-006a,rectangular,default,E_y_2_3,closed_form,E_y,2,3,2,0.44240506329113921,1.0505631884810347e-06,1.0505631884810347e-06,0,0,2452146.0721683111,3721482.238852689,nan,nan,nan,nan,nan,nan
SG-006a,SG-006a,rectangular,default,E_y_2_3,closed_form,E_y,2,3,3,0.4886075949367088,1.1602786573781955e-06,1.1602786573781955e-06,0,0,2351459.4378125034,3566953.2018409977,nan,nan,nan,nan,nan,nan
SG-006a,SG-006a,rectangular,default,E_y_2_3,closed_form,E_y,2,3,4,0.53481012658227844,1.2699941262753566e-06,1.2699941262753566e-06,0,0,2258715.1949122665,3424745.7096237997,nan,nan,nan,nan,nan,nan
SG-006a,SG-006a,rectangular,default,E_y_2_3,closed_form,E_y,2,3,5,0.58101265822784809,1.3797095951725176e-06,1.3797095951725176e-06,0,0,2173009.2317257971,3293442.5553475805,nan,nan,nan,nan,nan,nan
SG-006a,SG-006a,rectangular,default,E_y_2_3,closed_form,E_y,2,3,6,0.62721518987341773,1.4894250640696788e-06,1.4894250640696788e-06,0,0,2093569.6444422628,3171835.8473142157,nan,nan,nan,nan,nan,nan
SG-006a,SG-006a,rectangular,default,E_y_2_3,closed_form,E_y,2,3,7,0.67341772151898727,1.5991405329668395e-06,1.5991405329668395e-06,0,0,2019733.423570005,3058889.7413970688,nan,nan,nan,nan,nan,nan
SG-006a,SG-006a,rectangular,default,E_y_2_3,closed_form,E_y,2,3,8,0.71962025316455691,1.7088560018640005e-06,1.7088560018640005e-06,0,0,1950927.9056223293,2953710.8620559801,nan,nan,nan,nan,nan,nan
SG-006a,SG-006a,rectangular,default,E_y_2_3,closed_form,E_y,2,3,9,0.76582278481012656,1.8185714707611615e-06,1.8185714707611615e-06,0,0,1886655.8911740978,2855524.6228788495,nan,nan,nan,nan,nan,nan
SG-006a,SG-006a,rectangular,default,E_y_2_3,closed_form,E_y,2,3,10,0.81202531645569609,1.9282869396583225e-06,1.9282869396583225e-06,0,0,1826483.6107523434,2763656.118044632,nan,nan,nan,nan,nan,nan
SG-006a,SG-006a,rectangular,default,E_y_2_3,closed_form,E_y,2,3,11,0.85822784810126573,2.0380024085554834e-06,2.0380024085554834e-06,0,0,1770030.9224178414,2677514.5873972778,nan,nan,nan,nan,nan,nan
SG-006a,SG-006a,rectangular,default,E_y_2_3,closed_form,E_y,2,3,12,0.90443037974683538,2.1477178774526444e-06,2.1477178774526444e-06,0,0,1716963.2726762416,2596580.6989877322,nan,nan,nan,nan,nan,nan
SG-006a,SG-006a,rectangular,default,E_y_2_3,closed_form,E_y,2,3,13,0.95063291139240502,2.2574333463498054e-06,2.2574333463498054e-06,0,0,1666985.0614237098,2520396.07042519,nan,nan,nan,nan,nan,nan
SG-006a,SG-006a,rectangular,default,E_y_2_3,closed_form,E_y,2,3,14,0.99683544303797456,2.3671488152469663e-06,2.3671488152469663e-06,0,0,1619834.1329337612,2448554.5823317235,nan,nan,nan,nan,nan,nan
SG-006a,SG-006a,rectangular,default,E_y_2_3,closed_form,E_y,2,3,15,1.0430379746835441,2.4768642841441269e-06,2.4768642841441269e-06,0,0,1575277.1760663053,2380695.1362347738,nan,nan,nan,nan,nan,nan
SG-006a,SG-006a,rectangular,default,E_y_2_3,closed_form,E_y,2,3,16,1.089240506329114,2.5865797530412887e-06,2.5865797530412887e-06,0,0,1533105.8633151304,2316495.5842351862,nan,nan,nan,nan,nan,nan
SG-006a,SG-006a,rectangular,default,E_y_2_3,closed_form,E_y,2,3,17,1.1354430379746834,2.6962952219384492e-06,2.6962952219384492e-06,0,0,1493133.5938490473,2255667.6150663719,nan,nan,nan,nan,nan,nan
SG-006a,SG-006a,rectangular,default,E_y_2_3,closed_form,E_y,2,3,18,1.1816455696202532,2.8060106908356106e-06,2.8060106908356106e-06,0,0,1455192.7331133673,2197952.4252480194,nan,nan,nan,nan,nan,nan
SG-006a,SG-006a,rectangular,default,E_y_2_3,closed_form,E_y,2,3,19,1.2278481012658227,2.9157261597327712e-06,2.9157261597327712e-06,0,0,1419132.2628564837,2143117.0382264499,nan,nan,nan,nan,nan,nan
SG-006a,SG-006a,rectangular,default,E_y_2_3,closed_form,E_y,2,3,20,1.2740506329113923,3.0254416286299322e-06,3.0254416286299322e-06,0,0,1384815.7721091942,2090951.1610925216,nan,nan,nan,nan,nan,nan
SG-006a,SG-006a,rectangular,default,E_y_2_3,closed_form,E_y,2,3,21,1.320253164556962,3.1351570975270935e-06,3.1351570975270935e-06,0,0,1352119.7327665917,2041264.4894569928,nan,nan,nan,nan,nan,nan
SG-006a,SG-006a,rectangular,default,E_y_2_3,closed_form,E_y,2,3,22,1.3664556962025314,3.2448725664242541e-06,3.2448725664242541e-06,0,0,1320932.0138204142,1993884.3876675838,nan,nan,nan,nan,nan,nan
SG-006a,SG-006a,rectangular,default,E_y_2_3,closed_form,E_y,2,3,23,1.4126582278481012,3.3545880353214155e-06,3.3545880353214155e-06,0,0,1291150.5965779703,1948653.8847663561,nan,nan,nan,nan,nan,nan
SG-006a,SG-006a,rectangular,default,E_y_2_3,closed_form,E_y,2,3,24,1.4588607594936707,3.464303504218576e-06,3.464303504218576e-06,0,0,1262682.4598472498,1905429.9371623904,nan,nan,nan,nan,nan,nan
SG-006a,SG-006a,rectangular,default,E_y_2_3,closed_form,E_y,2,3,25,1.5050632911392405,3.5740189731157374e-06,3.5740189731157374e-06,0,0,1235442.6094214481,1864081.9175055185,nan,nan,nan,nan,nan,nan
SG-006a,SG-006a,rectangular,default,E_y_2_3,closed_form,E_y,2,3,26,1.55126582278481,3.683734442012898e-06,3.683734442012898e-06,0,0,1209353.230532282,1824490.2961307999,nan,nan,nan,nan,nan,nan
SG-006a,SG-006a,rectangular,default,E_y_2_3,closed_form,E_y,2,3,27,1.5974683544303798,3.7934499109100598e-06,3.7934499109100598e-06,0,0,1184342.9454705087,1786545.4870388219,nan,nan,nan,nan,nan,nan
SG-006a,SG-006a,rectangular,default,E_y_2_3,closed_form,E_y,2,3,28,1.6436708860759492,3.9031653798072199e-06,3.9031653798072199e-06,0,0,1160346.1614576066,1750146.8349463439,nan,nan,nan,nan,nan,nan
SG-006a,SG-006a,rectangular,default,E_y_2_3,closed_form,E_y,2,3,29,1.6898734177215187,4.0128808487043809e-06,4.0128808487043809e-06,0,0,1137302.4962223317,1715201.7236900437,nan,nan,nan,nan,nan,nan
SG-006a,SG-006a,rectangular,default,E_y_2_3,closed_form,E_y,2,3,30,1.7360759493670885,4.1225963176015427e-06,4.1225963176015427e-06,0,0,1115156.2706903524,1681624.7893540559,nan,nan,nan,nan,nan,nan
SG-006a,SG-006a,rectangular,default,E_y_2_3,closed_form,E_y,2,3,31,1.782278481012658,4.2323117864987028e-06,4.2323117864987028e-06,0,0,1093856.0598136338,1649337.2240462515,nan,nan,nan,nan,nan,nan
SG-006a,SG-006a,rectangular,default,E_y_2_3,closed_form,E_y,2,3,32,1.8284810126582278,4.3420272553958646e-06,4.3420272553958646e-06,0,0,1073354.2939117139,1618266.1583694459,nan,nan,nan,nan,nan,nan
SG-006a,SG-006a,rectangular,default,E_y_2_3,closed_form,E_y,2,3,33,1.8746835443037972,4.4517427242930248e-06,4.4517427242930248e-06,0,0,1053606.9040197213,1588344.1124019541,nan,nan,nan,nan,nan,nan
SG-006a,SG-006a,rectangular,default,E_y_2_3,closed_form,E_y,2,3,34,1.9208860759493671,4.5614581931901866e-06,4.5614581931901866e-06,0,0,1034573.0056781018,1559508.5064812051,nan,nan,nan,nan,nan,nan
SG-006a,SG-006a,rectangular,default,E_y_2_3,closed_form,E_y,2,3,35,1.9670886075949365,4.6711736620873467e-06,4.6711736620873467e-06,0,0,1016214.6163890592,1531701.2243260785,nan,nan,nan,nan,nan,nan
SG-006a,SG-006a,rectangular,default,E_y_2_3,closed_form,E_y,2,3,36,2.0132911392405064,4.7808891309845085e-06,4.7808891309845085e-06,0,0,998496.40263072809,1504868.2220797015,nan,nan,nan,nan,nan,nan
SG-006a,SG-006a,rectangular,default,E_y_2_3,closed_form,E_y,2,3,37,2.0594936708860758,4.8906045998816695e-06,4.8906045998816695e-06,0,0,981385.45288342785,1478959.177738487,nan,nan,nan,nan,nan,nan
SG-006a,SG-006a,rectangular,default,E_y_2_3,closed_form,E_y,2,3,38,2.1056962025316452,5.0003200687788296e-06,5.0003200687788296e-06,0,0,964851.07360023307,1453927.1761825299,nan,nan,nan,nan,nan,nan
SG-006a,SG-006a,rectangular,default,E_y_2_3,closed_form,E_y,2,3,39,2.1518987341772151,5.1100355376759914e-06,5.1100355376759914e-06,0,0,948864.60546073585,1429728.4256595888,nan,nan,nan,nan,nan,nan
SG-006a,SG-006a,rectangular,default,E_y_2_3,closed_form,E_y,2,3,40,2.1981012658227845,5.2197510065731515e-06,5.2197510065731515e-06,0,0,933399.25759386178,1406322.0021181214,nan,nan,nan,nan,nan,nan
SG-006a,SG-006a,rectangular,default,E_y_2_3,closed_form,E_y,2,3,41,2.2443037974683544,5.3294664754703134e-06,5.3294664754703134e-06,0,0,918429.95775249624,1383669.6182493011,nan,nan,nan,nan,nan,nan
SG-006a,SG-006a,rectangular,default,E_y_2_3,closed_form,E_y,2,3,42,2.2905063291139238,5.4391819443674735e-06,5.4391819443674735e-06,0,0,903933.21667741181,1361735.414496196,nan,nan,nan,nan,nan,nan
SG-006a,SG-006a,rectangular,default,E_y_2_3,closed_form,E_y,2,3,43,2.3367088607594937,5.5488974132646353e-06,5.5488974132646353e-06,0,0,889887.00510708278,1340485.7696305257,nan,nan,nan,nan,nan,nan
SG-006a,SG-006a,rectangular,default,E_y_2_3,closed_form,E_y,2,3,44,2.3829113924050631,5.6586128821617963e-06,5.6586128821617963e-06,0,1,876270.6420789049,1319889.128792427,9290666.3947927039,-0.4340715228918684,1.0089273699970601e-06,1.0089273699970601e-06,1.1094369105063538e-05,1.1094369105063538e-05
SG-006a,SG-006a,rectangular,default,E_y_2_3,closed_form,E_y,2,3,45,2.429113924050633,5.7683283510589572e-06,5.7683283510589572e-06,0,1,863064.69333063788,1299915.8471433839,9294717.7329532634,-0.39105112015644455,9.9733513396371643e-07,9.9733513396371643e-07,4.0672400731928472e-06,4.0672400731928472e-06
SG-006a,SG-006a,rectangular,default,E_y_2_3,closed_form,E_y,2,3,46,2.4753164556962024,5.8780438199561182e-06,5.8780438199561182e-06,0,1,850250.87875237653,1280538.0475031247,9298587.8154632691,-0.3499379215881151,9.866207667976657e-07,9.866207667976657e-07,3.0089093664086896e-06,3.0089093664086896e-06
SG-006a,SG-006a,rectangular,default,E_y_2_3,closed_form,E_y,2,3,47,2.5215189873417723,5.9877592888532792e-06,5.9877592888532792e-06,0,1,837811.98796220601,1261729.4905327042,9302287.3195441104,-0.31062083549897768,9.76689720116483e-07,9.76689720116483e-07,2.5136224918452312e-06,2.5136224918452312e-06
SG-006a,SG-006a,rectangular,default,E_y_2_3,closed_form,E_y,2,3,48,2.5677215189873417,6.0974747577504401e-06,6.0974747577504401e-06,0,1,825731.8031856044,1243465.4561924911,9305826.1459296625,-0.27299674264104773,9.6746065272211215e-07,9.6746065272211215e-07,2.2138991930050073e-06,2.2138991930050073e-06
SG-006a,SG-006a,rectangular,default,E_y_2_3,closed_form,E_y,2,3,49,2.6139240506329111,6.2071902266476003e-06,6.2071902266476003e-06,0,1,813995.02871190431,1225722.6353489067,9309213.4858015738,-0.23696981936443776,9.5886317873215674e-07,9.5886317873215674e-07,2.0087134192750015e-06,2.0087134192750015e-06
SG-006a,SG-006a,rectangular,default,E_y_2_3,closed_form,E_y,2,3,50,2.660126582278481,6.3169056955447621e-06,6.3169056955447621e-06,0,1,802587.22628257959,1208479.0305304932,9312457.8810741678,-0.20245092687856761,9.5083606534131799e-07,9.5083606534131799e-07,1.8575613195173965e-06,1.8575613195173965e-06
SG-006a,SG-006a,rectangular,default,E_y_2_3,closed_form,E_y,2,3,51,2.7063291139240504,6.4266211644419231e-06,6.4266211644419231e-06,0,1,791494.75583748531,1191713.8649448198,9315567.2787750456,-0.16935705934008369,9.4332577811140924e-07,9.4332577811140924e-07,1.7406451154078461e-06,1.7406451154078461e-06
SG-006a,SG-006a,rectangular,default,E_y_2_3,closed_form,E_y,2,3,52,2.7525316455696203,6.536336633339084e-06,6.536336633339084e-06,0,1,780704.72110774717,1175407.4989649819,9318549.0801745113,-0.13761084437963608,9.362852974979395e-07,9.362852974979395e-07,1.6469995348211848e-06,1.6469995348211848e-06
SG-006a,SG-006a,rectangular,default,E_y_2_3,closed_form,E_y,2,3,53,2.7987341772151897,6.646052102236245e-06,6.646052102236245e-06,0,1,770204.91959902423,1159541.3533799045,9321410.1852365471,-0.10714009044972277,9.2967314898437984e-07,9.2967314898437984e-07,1.5700006660213684e-06,1.5700006660213684e-06
SG-006a,SG-006a,rectangular,default,E_y_2_3,closed_form,E_y,2,3,54,2.8449367088607596,6.7557675711334068e-06,6.7557675711334068e-06,0,1,759983.79655729991,1144097.8387778571,9324157.0328946337,-0.077877376043978944,9.2345260285244924e-07,9.2345260285244924e-07,1.5053824803642805e-06,1.5053824803642805e-06
SG-006a,SG-006a,rectangular,default,E_y_2_3,closed_form,E_y,2,3,55,2.891139240506329,6.8654830400305669e-06,6.8654830400305669e-06,0,1,750030.40255209187,1129060.2904988884,9326795.6375954952,-0.049759676418990692,9.1759100972191539e-07,9.1759100972191539e-07,1.4502586215183861e-06,1.4502586215183861e-06
SG-006a,SG-006a,rectangular,default,E_y_2_3,closed_form,E_y,2,3,56,2.9373417721518984,6.9751985089277271e-06,6.9751985089277271e-06,0,1,740334.35434972891,1114412.908650463,9329331.6225015316,-0.022728023956277984,9.120592455477241e-07,9.120592455477241e-07,1.4025981477375894e-06,1.4025981477375894e-06
SG-006a,SG-006a,rectangular,default,E_y_2_3,closed_form,E_y,2,3,57,2.9835443037974683,7.0849139778248889e-06,7.0849139778248889e-06,1,1,730885.79878277215,1100140.7027323926,9331770.2496971823,0.0032728012562245451,9.0683124546414059e-07,9.0683124546414059e-07,1.3609256608168077e-06,1.3609256608168077e-06
SG-006a,SG-006a,rectangular,default,E_y_2_3,closed_form,E_y,2,3,58,3.0297468354430377,7.1946294467220498e-06,7.1946294467220498e-06,1,1,721675.37935127853,1086229.4404630663,9334116.4477048256,0.02829455365785884,9.0188361020810842e-07,9.0188361020810842e-07,1.3241405390088182e-06,1.3241405390088182e-06
SG-006a,SG-006a,rectangular,default,E_y_2_3,closed_form,E_y,2,3,59,3.0759493670886076,7.3043449156192108e-06,7.3043449156192108e-06,1,1,712694.20531792706,1072665.6004397494,9336374.8365810458,0.052385779959267409,8.971952721892376e-07,8.971952721892376e-07,1.2914031488090497e-06,1.2914031488090497e-06
SG-006a,SG-006a,rectangular,default,E_y_2_3,closed_form,E_y,2,3,60,3.122151898734177,7.4140603845163718e-06,7.4140603845163718e-06,1,1,703933.82308242831,1059436.3283019478,9338549.7508338485,0.075592054796084135,8.9274721085573419e-07,8.9274721085573419e-07,1.2620605686186119e-06,1.2620605686186119e-06
SG-006a,SG-006a,rectangular,default,E_y_2_3,closed_form,E_y,2,3,61,3.1683544303797468,7.5237758534135336e-06,7.5237758534135336e-06,1,1,695386.18964147894,1046529.3960990986,9340645.2603747156,0.097956196429464196,8.8852220901925003e-07,8.8852220901925003e-07,1.2355965803244983e-06,1.2355965803244983e-06
SG-006a,SG-006a,rectangular,default,E_y_2_3,closed_form,E_y,2,3,62,3.2145569620253163,7.6334913223106946e-06,7.6334913223106946e-06,1,1,687043.64795912034,1033933.1645926116,9342665.1896960754,0.1195184644015129,8.845046433831873e-07,8.845046433831873e-07,1.2115970890441337e-06,1.2115970890441337e-06
SG-006a,SG-006a,rectangular,default,E_y_2_3,closed_form,E_y,2,3,63,3.2607594936708861,7.7432067912078555e-06,7.7432067912078555e-06,1,1,678898.90408896981,1021636.5482479703,9344613.1354441326,0.14031674085016438,8.8068030376942737e-07,8.8068030376942737e-07,1.18972564835573e-06,1.18972564835573e-06
SG-006a,SG-006a,rectangular,default,E_y_2_3,closed_form,E_y,2,3,64,3.3069620253164556,7.8529222601050165e-06,7.8529222601050165e-06,1,1,670945.00590465055,1009628.9826955785,9346492.4825389422,0.16038669700962965,8.770362365332952e-07,8.770362365332952e-07,1.1697057796304469e-06,1.1697057796304469e-06
SG-006a,SG-006a,rectangular,default,E_y_2_3,closed_form,E_y,2,3,65,3.353164556962025,7.9626377290021758e-06,7.9626377290021758e-06,1,1,663175.32330805901,997900.39445959544,9348306.418977553,0.17976194626361658,8.7356060845280584e-07,8.7356060845280584e-07,1.1513079655083291e-06,1.1513079655083291e-06
SG-006a,SG-006a,rectangular,default,E_y_2_3,closed_form,E_y,2,3,66,3.3993670886075948,8.0723531978993384e-06,8.0723531978993384e-06,1,1,655583.52979704191,986441.17277245701,9350057.9494419396,0.19847418497840061,8.7024258801908287e-07,8.7024258801908287e-07,1.1343399255079165e-06,1.1343399255079165e-06
SG-006a,SG-006a,rectangular,default,E_y_2_3,closed_form,E_y,2,3,67,3.4455696202531643,8.1820686667964977e-06,8.1820686667964977e-06,1,1,648163.58528478676,975242.14330932801,9351749.9078209121,0.21655332221843041,8.6707224157342005e-07,8.6707224157342005e-07,1.118639238893848e-06,1.118639238893848e-06
SG-006a,SG-006a,rectangular,default,E_y_2_3,closed_form,E_y,2,3,68,3.4917721518987341,8.2917841356936604e-06,8.2917841356936604e-06,1,1,640909.72007286199,964294.54369161755,9353384.9687440414,0.23402759933584602,8.6404044215821788e-07,8.6404044215821788e-07,1.1040676741102678e-06,1.1040676741102678e-06
SG-006a,SG-006a,rectangular,default,E_y_2_3,closed_form,E_y,2,3,69,3.5379746835443036,8.4014996045908214e-06,8.4014996045908214e-06,1,1,633816.41988853295,953590.00062210055,9354965.6582158282,0.25092370032764844,8.6113878929372593e-07,8.6113878929372593e-07,1.0905067776151531e-06,1.0905067776151531e-06
SG-006a,SG-006a,rectangular,default,E_y_2_3,closed_form,E_y,2,3,70,3.5841772151898734,8.5112150734879823e-06,8.5112150734879823e-06,1,1,626878.41190480185,943120.5085262371,9356494.363429565,0.26726685376627979,8.5835953817553951e-07,8.5835953817553951e-07,1.0778544048161163e-06,1.0778544048161163e-06
SG-006a,SG-006a,rectangular,default,E_y_2_3,closed_form,E_y,2,3,71,3.6303797468354428,8.6209305423851433e-06,8.6209305423851433e-06,1,1,620090.65166868968,932878.4095852013,9357973.3418324683,0.28308092703065207,8.5569553702120857e-07,8.5569553702120857e-07,1.066021964540142e-06,1.066021964540142e-06
SG-006a,SG-006a,rectangular,default,E_y_2_3,closed_form,E_y,2,3,72,3.6765822784810127,8.7306460112823043e-06,8.7306460112823043e-06,1,1,613448.31086965196,922856.37505595642,9359404.7295067869,0.2983885134956884,8.5314017148760581e-07,8.5314017148760581e-07,1.0549322101026293e-06,1.0549322101026293e-06
SG-006a,SG-006a,rectangular,default,E_y_2_3,closed_form,E_y,2,3,73,3.7227848101265821,8.8403614801794652e-06,8.8403614801794652e-06,1,1,606946.76588580455,913047.38778261701,9360790.5489252545,0.31321101327479911,8.5068731524145267e-07,8.5068731524145267e-07,1.0445174535014492e-06,1.0445174535014492e-06
SG-006a,SG-006a,rectangular,default,E_y_2_3,closed_form,E_y,2,3,74,3.7689873417721516,8.9500769490766245e-06,8.9500769490766245e-06,1,1,600581.58705085749,903444.72581139556,9362132.7161338255,0.32756870805499683,8.4833128589956125e-07,8.4833128589956125e-07,1.03471811033552e-06,1.03471811033552e-06
SG-006a,SG-006a,rectangular,default,E_y_2_3,closed_form,E_y,2,3,75,3.8151898734177214,9.0597924179737872e-06,9.0597924179737872e-06,1,1,594348.52858939918,894041.94702873065,9363433.0474095326,0.34148083051307765,8.4606680566777802e-07,8.4606680566777802e-07,1.0254815055509523e-06,1.0254815055509523e-06
SG-006a,SG-006a,rectangular,default,E_y_2_3,closed_form,E_y,2,3,76,3.8613924050632908,9.1695078868709481e-06,9.1695078868709481e-06,1,1,588243.51917247614,884832.87474882964,9364693.2654369175,0.35496562875690796,8.4388896610213479e-07,8.4388896610213479e-07,1.0167608866089707e-06,1.0167608866089707e-06
SG-006a,SG-006a,rectangular,default,E_y_2_3,closed_form,E_y,2,3,77,3.9075949367088607,9.2792233557681091e-06,9.2792233557681091e-06,1,1,582262.65304931905,875811.58418285649,9365915.0050424524,0.36804042619510191,8.4179319649546189e-07,8.4179319649546189e-07,1.0085146028885026e-06,1.0085146028885026e-06
SG-006a,SG-006a,rectangular,default,E_y_2_3,closed_form,E_y,2,3,78,3.9537974683544301,9.3889388246652701e-06,9.3889388246652701e-06,1,1,576402.18171462335,866972.38972748769,9367099.8185227588,0.38072167720193489,8.3977523546022555e-07,8.3977523546022555e-07,1.0007054192826457e-06,1.0007054192826457e-06
SG-006a,SG-006a,rectangular,default,E_y_2_3,closed_form,E_y,2,3,79,4,9.498654293562431e-06,9.498654293562431e-06,1,1,570658.50607402914,858309.8330155235,9368249.180599248,0.39302501891191194,8.3783110533567473e-07,8.3783110533567473e-07,9.9329993886037781e-07,9.9329993886037781e-07
SG-006a,SG-006a,rectangular,default,E_x_2_3,closed_form,E_x,2,3,0,0.34999999999999998,8.3113225068671265e-07,8.3113225068671265e-07,0,0,2716345.4657429215,4022714.6059264345,nan,nan,nan,nan,nan,nan
SG-006a,SG-006a,rectangular,default,E_x_2_3,closed_form,E_x,2,3,1,0.39620253164556962,9.4084771958387373e-07,9.4084771958387373e-07,0,0,2593337.8240380618,3842761.4831489422,nan,nan,nan,nan,nan,nan
SG-006a,SG-006a,rectangular,default,E_x_2_3,closed_form,E_x,2,3,2,0.44240506329113921,1.0505631884810347e-06,1.0505631884810347e-06,0,0,2480988.1592351259,3678219.1082524671,nan,nan,nan,nan,nan,nan
SG-006a,SG-006a,rectangular,default,E_x_2_3,closed_form,E_x,2,3,3,0.4886075949367088,1.1602786573781955e-06,1.1602786573781955e-06,0,0,2377968.8012273321,3527189.1567187551,nan,nan,nan,nan,nan,nan
SG-006a,SG-006a,rectangular,default,E_x_2_3,closed_form,E_x,2,3,4,0.53481012658227844,1.2699941262753566e-06,1.2699941262753566e-06,0,0,2283163.8064158666,3388072.792368399,nan,nan,nan,nan,nan,nan
SG-006a,SG-006a,rectangular,default,E_x_2_3,closed_form,E_x,2,3,5,0.58101265822784809,1.3797095951725176e-06,1.3797095951725176e-06,0,0,2195628.3702317202,3259513.8475886956,nan,nan,nan,nan,nan,nan
SG-006a,SG-006a,rectangular,default,E_x_2_3,closed_form,E_x,2,3,6,0.62721518987341773,1.4894250640696788e-06,1.4894250640696788e-06,0,0,2114557.2315428103,3140354.4666633946,nan,nan,nan,nan,nan,nan
SG-006a,SG-006a,rectangular,default,E_x_2_3,closed_form,E_x,2,3,7,0.67341772151898727,1.5991405329668395e-06,1.5991405329668395e-06,0,0,2039259.8275980456,3029600.1353550078,nan,nan,nan,nan,nan,nan
SG-006a,SG-006a,rectangular,default,E_x_2_3,closed_form,E_x,2,3,8,0.71962025316455691,1.7088560018640005e-06,1.7088560018640005e-06,0,0,1969140.5747039865,2926391.8584334939,nan,nan,nan,nan,nan,nan
SG-006a,SG-006a,rectangular,default,E_x_2_3,closed_form,E_x,2,3,9,0.76582278481012656,1.8185714707611615e-06,1.8185714707611615e-06,0,0,1903683.0819192328,2829983.8367611468,nan,nan,nan,nan,nan,nan
SG-006a,SG-006a,rectangular,default,E_x_2_3,closed_form,E_x,2,3,10,0.81202531645569609,1.9282869396583225e-06,1.9282869396583225e-06,0,0,1842437.4120297548,2739725.4161285148,nan,nan,nan,nan,nan,nan
SG-006a,SG-006a,rectangular,default,E_x_2_3,closed_form,E_x,2,3,11,0.85822784810126573,2.0380024085554834e-06,2.0380024085554834e-06,0,0,1785009.7249315183,2655046.3836267623,nan,nan,nan,nan,nan,nan
SG-006a,SG-006a,rectangular,default,E_x_2_3,closed_form,E_x,2,3,12,0.90443037974683538,2.1477178774526444e-06,2.1477178774526444e-06,0,0,1731053.7993251544,2575444.9090143628,nan,nan,nan,nan,nan,nan
SG-006a,SG-006a,rectangular,default,E_x_2_3,closed_form,E_x,2,3,13,0.95063291139240502,2.2574333463498054e-06,2.2574333463498054e-06,0,0,1680264.0469501268,2500477.5921355644,nan,nan,nan,nan,nan,nan
SG-006a,SG-006a,rectangular,default,E_x_2_3,closed_form,E_x,2,3,14,0.99683544303797456,2.3671488152469663e-06,2.3671488152469663e-06,0,0,1632369.7215544826,2429751.199400642,nan,nan,nan,nan,nan,nan
SG-006a,SG-006a,rectangular,default,E_x_2_3,closed_form,E_x,2,3,15,1.0430379746835441,2.4768642841441269e-06,2.4768642841441269e-06,0,0,1587130.0908231826,2362915.7640994573,nan,nan,nan,nan,nan,nan
SG-006a,SG-006a,rectangular,default,E_x_2_3,closed_form,E_x,2,3,16,1.089240506329114,2.5865797530412887e-06,2.5865797530412887e-06,0,0,1544330.3894901243,2299658.7949726954,nan,nan,nan,nan,nan,nan
SG-006a,SG-006a,rectangular,default,E_x_2_3,closed_form,E_x,2,3,17,1.1354430379746834,2.6962952219384492e-06,2.6962952219384492e-06,0,0,1503778.4100442478,2239700.3907735711,nan,nan,nan,nan,nan,nan
SG-006a,SG-006a,rectangular,default,E_x_2_3,closed_form,E_x,2,3,18,1.1816455696202532,2.8060106908356106e-06,2.8060106908356106e-06,0,0,1465301.6168320128,2182789.0996700511,nan,nan,nan,nan,nan,nan
SG-006a,SG-006a,rectangular,default,E_x_2_3,closed_form,E_x,2,3,19,1.2278481012658227,2.9157261597327712e-06,2.9157261597327712e-06,0,0,1428744.6921509667,2128698.3942847257,nan,nan,nan,nan,nan,nan
SG-006a,SG-006a,rectangular,default,E_x_2_3,closed_form,E_x,2,3,20,1.2740506329113923,3.0254416286299322e-06,3.0254416286299322e-06,0,0,1393967.4407283477,2077223.6581637913,nan,nan,nan,nan,nan,nan
SG-006a,SG-006a,rectangular,default,E_x_2_3,closed_form,E_x,2,3,21,1.320253164556962,3.1351570975270935e-06,3.1351570975270935e-06,0,0,1360842.9929713286,2028179.5991498875,nan,nan,nan,nan,nan,nan
SG-006a,SG-006a,rectangular,default,E_x_2_3,closed_form,E_x,2,3,22,1.3664556962025314,3.2448725664242541e-06,3.2448725664242541e-06,0,0,1329256.2584450559,1981398.0207306209,nan,nan,nan,nan,nan,nan
SG-006a,SG-006a,rectangular,default,E_x_2_3,closed_form,E_x,2,3,23,1.4126582278481012,3.3545880353214155e-06,3.3545880353214155e-06,0,0,1299102.5898442373,1936725.8948669555,nan,nan,nan,nan,nan,nan
SG-006a,SG-006a,rectangular,default,E_x_2_3,closed_form,E_x,2,3,24,1.4588607594936707,3.464303504218576e-06,3.464303504218576e-06,0,0,1270286.6247749268,1894023.6897708746,nan,nan,nan,nan,nan,nan
SG-006a,SG-006a,rectangular,default,E_x_2_3,closed_form,E_x,2,3,25,1.5050632911392405,3.5740189731157374e-06,3.5740189731157374e-06,0,0,1242721.2783370125,1853163.914132172,nan,nan,nan,nan,nan,nan
SG-006a,SG-006a,rectangular,default,E_x_2_3,closed_form,E_x,2,3,26,1.55126582278481,3.683734442012898e-06,3.683734442012898e-06,0,0,1216326.8640871998,1814029.8457984233,nan,nan,nan,nan,nan,nan
SG-006a,SG-006a,rectangular,default,E_x_2_3,closed_form,E_x,2,3,27,1.5974683544303798,3.7934499109100598e-06,3.7934499109100598e-06,0,0,1191030.3246925478,1776514.4182057632,nan,nan,nan,nan,nan,nan
SG-006a,SG-006a,rectangular,default,E_x_2_3,closed_form,E_x,2,3,28,1.6436708860759492,3.9031653798072199e-06,3.9031653798072199e-06,0,0,1166764.5566308959,1740519.2421864099,nan,nan,nan,nan,nan,nan
SG-006a,SG-006a,rectangular,default,E_x_2_3,closed_form,E_x,2,3,29,1.6898734177215187,4.0128808487043809e-06,4.0128808487043809e-06,0,0,1143467.8157933624,1705953.7443334975,nan,nan,nan,nan,nan,nan
SG-006a,SG-006a,rectangular,default,E_x_2_3,closed_form,E_x,2,3,30,1.7360759493670885,4.1225963176015427e-06,4.1225963176015427e-06,0,0,1121083.192902704,1672734.4060355288,nan,nan,nan,nan,nan,nan
SG-006a,SG-006a,rectangular,default,E_x_2_3,closed_form,E_x,2,3,31,1.782278481012658,4.2323117864987028e-06,4.2323117864987028e-06,0,0,1099558.1493641678,1640784.0897204503,nan,nan,nan,nan,nan,nan
SG-006a,SG-006a,rectangular,default,E_x_2_3,closed_form,E_x,2,3,32,1.8284810126582278,4.3420272553958646e-06,4.3420272553958646e-06,0,0,1078844.1055796307,1610031.4408675707,nan,nan,nan,nan,nan,nan
SG-006a,SG-006a,rectangular,default,E_x_2_3,closed_form,E_x,2,3,33,1.8746835443037972,4.4517427242930248e-06,4.4517427242930248e-06,0,0,1058896.0749346362,1580410.356029582,nan,nan,nan,nan,nan,nan
SG-006a,SG-006a,rectangular,default,E_x_2_3,closed_form,E_x,2,3,34,1.9208860759493671,4.5614581931901866e-06,4.5614581931901866e-06,0,0,1039672.3376541367,1551859.5085171526,nan,nan,nan,nan,nan,nan
SG-006a,SG-006a,rectangular,default,E_x_2_3,closed_form,E_x,2,3,35,1.9670886075949365,4.6711736620873467e-06,4.6711736620873467e-06,0,0,1021134.149550719,1524321.924583589,nan,nan,nan,nan,nan,nan
SG-006a,SG-006a,rectangular,default,E_x_2_3,closed_form,E_x,2,3,36,2.0132911392405064,4.7808891309845085e-06,4.7808891309845085e-06,0,0,1003245.4813864677,1497744.6039460921,nan,nan,nan,nan,nan,nan
SG-006a,SG-006a,rectangular,default,E_x_2_3,closed_form,E_x,2,3,37,2.0594936708860758,4.8906045998816695e-06,4.8906045998816695e-06,0,0,985972.78515899123,1472078.1793251419,nan,nan,nan,nan,nan,nan
SG-006a,SG-006a,rectangular,default,E_x_2_3,closed_form,E_x,2,3,38,2.1056962025316452,5.0003200687788296e-06,5.0003200687788296e-06,0,0,969284.78412168659,1447276.6104003496,nan,nan,nan,nan,nan,nan
SG-006a,SG-006a,rectangular,default,E_x_2_3,closed_form,E_x,2,3,39,2.1518987341772151,5.1100355376759914e-06,5.1100355376759914e-06,0,0,953152.28377305926,1423296.9081911037,nan,nan,nan,nan,nan,nan
SG-006a,SG-006a,rectangular,default,E_x_2_3,closed_form,E_x,2,3,40,2.1981012658227845,5.2197510065731515e-06,5.2197510065731515e-06,0,0,937548.00141208072,1400098.8863907929,nan,nan,nan,nan,nan,nan
SG-006a,SG-006a,rectangular,default,E_x_2_3,closed_form,E_x,2,3,41,2.2443037974683544,5.3294664754703134e-06,5.3294664754703134e-06,0,0,922446.41216620069,1377644.9366287442,nan,nan,nan,nan,nan,nan
SG-006a,SG-006a,rectangular,default,E_x_2_3,closed_form,E_x,2,3,42,2.2905063291139238,5.4391819443674735e-06,5.4391819443674735e-06,0,0,907823.60966413061,1355899.8250161177,nan,nan,nan,nan,nan,nan
SG-006a,SG-006a,rectangular,default,E_x_2_3,closed_form,E_x,2,3,43,2.3367088607594937,5.5488974132646353e-06,5.5488974132646353e-06,0,0,893657.17975368386,1334830.5076606241,nan,nan,nan,nan,nan,nan
SG-006a,SG-006a,rectangular,default,E_x_2_3,closed_form,E_x,2,3,44,2.3829113924050631,5.6586128821617963e-06,5.6586128821617963e-06,0,1,879926.08586161793,1314405.9631183574,9291098.2481805366,-0.4294866455536428,1.0122401905702852e-06,1.0122401905702852e-06,6.6565060094484385e-06,6.6565060094484385e-06
SG-006a,SG-006a,rectangular,default,E_x_2_3,closed_form,E_x,2,3,45,2.429113924050633,5.7683283510589572e-06,5.7683283510589572e-06,0,1,866610.56476225588,1294597.0399959569,9295130.1358765494,-0.38667083881119263,1.0003912762893735e-06,1.0003912762893735e-06,3.6698722612797668e-06,3.6698722612797668e-06
SG-006a,SG-006a,rectangular,default,E_x_2_3,closed_form,E_x,2,3,46,2.4753164556962024,5.8780438199561182e-06,5.8780438199561182e-06,0,1,853692.03166874975,1275376.3181285649,9298981.9212657027,-0.34575024185396835,9.8944853472758445e-07,9.8944853472758445e-07,2.8438596870486569e-06,2.8438596870486569e-06
SG-006a,SG-006a,rectangular,default,E_x_2_3,closed_form,E_x,2,3,47,2.5215189873417723,5.9877592888532792e-06,5.9877592888532792e-06,0,1,841152.9936884694,1256717.9819433088,9302664.1971466187,-0.30661462922800958,9.793133702596445e-07,9.793133702596445e-07,2.4190203730962074e-06,2.4190203730962074e-06
SG-006a,SG-006a,rectangular,default,E_x_2_3,closed_form,E_x,2,3,48,2.5677215189873417,6.0974747577504401e-06,6.0974747577504401e-06,0,1,828976.97079499415,1238597.7047784065,9306186.7871547416,-0.26916167391933343,9.6990110043173882e-07,9.6990110043173882e-07,2.1511221746524617e-06,2.1511221746524617e-06
SG-006a,SG-006a,rectangular,default,E_x_2_3,closed_form,E_x,2,3,49,2.6139240506329111,6.2071902266476003e-06,6.2071902266476003e-06,0,1,817148.42356593779,1220992.5430678565,9309558.8119652942,-0.23329627778344555,9.6113855998268252e-07,9.6113855998268252e-07,1.9633941422321889e-06,1.9633941422321889e-06
SG-006a,SG-006a,rectangular,default,E_x_2_3,closed_form,E_x,2,3,50,2.660126582278481,6.3169056955447621e-06,6.3169056955447621e-06,0,1,805652.68702032883,1203880.8394238693,9312788.7489285003,-0.1989299672728993,9.5296218792417549e-07,9.5296218792417549e-07,1.8230012073753512e-06,1.8230012073753512e-06
SG-006a,SG-006a,rectangular,default,E_x_2_3,closed_form,E_x,2,3,51,2.7063291139240504,6.4266211644419231e-06,6.4266211644419231e-06,0,1,794475.90996321314,1187242.133756228,9315884.4858728442,-0.16598034728500549,9.4531648695287803e-07,9.4531648695287803e-07,1.7132535865761429e-06,1.7132535865761429e-06
SG-006a,SG-006a,rectangular,default,E_x_2_3,closed_form,E_x,2,3,52,2.7525316455696203,6.536336633339084e-06,6.536336633339084e-06,0,1,783604.99930998788,1171057.0816616209,9318853.3697204851,-0.13437060682782198,9.3815277271281186e-07,9.3815277271281186e-07,1.6246592630999455e-06,1.6246592630999455e-06
SG-006a,SG-006a,rectangular,default,E_x_2_3,closed_form,E_x,2,3,53,2.7987341772151897,6.646052102236245e-06,6.646052102236245e-06,0,1,773027.56891993643,1155307.3793985364,9321702.2504798602,-0.10402907096083579,9.3142815078209975e-07,9.3142815078209975e-07,1.5513730536143609e-06,1.5513730536143609e-06
SG-006a,SG-006a,rectangular,default,E_x_2_3,closed_form,E_x,2,3,54,2.8449367088607596,6.7557675711334068e-06,6.7557675711334068e-06,0,1,762731.89251857158,1139975.6948359499,9324437.5211120695,-0.074888794124949268,9.2510467410693575e-07,9.2510467410693575e-07,1.4895750577967854e-06,1.4895750577967854e-06
SG-006a,SG-006a,rectangular,default,E_x_2_3,closed_form,E_x,2,3,55,2.891139240506329,6.8654830400305669e-06,6.8654830400305669e-06,0,1,752706.86033259227,1125045.6038281377,9327065.1537082922,-0.046887190549430476,9.1914864456049512e-07,9.1914864456049512e-07,1.4366508754273452e-06,1.4366508754273452e-06
SG-006a,SG-006a,rectangular,default,E_x_2_3,closed_form,E_x,2,3,56,2.9373417721518984,6.9751985089277271e-06,6.9751985089277271e-06,0,1,742941.93910030858,1110501.5315245935,9329590.7323639691,-0.019965697922127844,9.1353003047170619e-07,9.1353003047170619e-07,1.3907437453594406e-06,1.3907437453594406e-06
SG-006a,SG-006a,rectangular,default,E_x_2_3,closed_form,E_x,2,3,57,2.9835443037974683,7.0849139778248889e-06,7.0849139778248889e-06,1,1,733427.13515492831,1096328.6981741583,9332019.4830905944,0.0059305290549162707,9.0822197811763026e-07,9.0822197811763026e-07,1.3504944156536886e-06,1.3504944156536886e-06
SG-006a,SG-006a,rectangular,default,E_x_2_3,closed_form,E_x,2,3,58,3.0297468354430377,7.1946294467220498e-06,7.1946294467220498e-06,1,1,724152.96030871093,1082513.0690269177,9334356.3010668457,0.030852898221315022,9.0320039984497038e-07,9.0320039984497038e-07,1.3148823529317439e-06,1.3148823529317439e-06
SG-006a,SG-006a,rectangular,default,E_x_2_3,closed_form,E_x,2,3,59,3.0759493670886076,7.3043449156192108e-06,7.3043449156192108e-06,1,1,715110.40029316628,1069041.3079768906,9336605.7754965685,0.054849635288448634,8.9844362506631136e-07,8.9844362506631136e-07,1.2831247354125932e-06,1.2831247354125932e-06
SG-006a,SG-006a,rectangular,default,E_x_2_3,closed_form,E_x,2,3,60,3.122151898734177,7.4140603845163718e-06,7.4140603845163718e-06,1,1,706290.88553463179,1055900.7346236424,9338772.2123112213,0.07796601731399741,8.9393210314235534e-07,8.9393210314235534e-07,1.2546099315764406e-06,1.2546099315764406e-06
SG-006a,SG-006a,rectangular,default,E_x_2_3,closed_form,E_x,2,3,61,3.1683544303797468,7.5237758534135336e-06,7.5237758534135336e-06,1,1,697686.26406606578,1043079.2844622183,9340859.6549281031,0.1002445864327593,8.8964814931412088e-07,8.8964814931412088e-07,1.2288523700351324e-06,1.2288523700351324e-06
SG-006a,SG-006a,rectangular,default,E_x_2_3,closed_form,E_x,2,3,62,3.2145569620253163,7.6334913223106946e-06,7.6334913223106946e-06,1,1,689288.77639507444,1030565.4719386805,9342871.9032526519,0.12172534572936843,8.8557572653671022e-07,8.8557572653671022e-07,1.2054611250741722e-06,1.2054611250741722e-06
SG-006a,SG-006a,rectangular,default,E_x_2_3,closed_form,E_x,2,3,63,3.2607594936708861,7.7432067912078555e-06,7.7432067912078555e-06,1,1,681091.03216531361,1018348.3561334546,9344812.5310927741,0.14244593893786095,8.8170025739817213e-07,8.8170025739817213e-07,1.1841175529338415e-06,1.1841175529338415e-06
SG-006a,SG-006a,rectangular,default,E_x_2_3,closed_form,E_x,2,3,64,3.3069620253164556,7.8529222601050165e-06,7.8529222601050165e-06,1,1,673085.98846371891,1006417.5088569759,9346684.9021353126,0.16244181547658504,8.7800846136492772e-07,8.7800846136492772e-07,1.1645590529236125e-06,1.1645590529236125e-06
SG-006a,SG-006a,rectangular,default,E_x_2_3,closed_form,E_x,2,3,65,3.353164556962025,7.9626377290021758e-06,7.9626377290021758e-06,1,1,665266.92963973037,994762.98496208852,9348492.184618935,0.18174638217043643,8.7448821344059305e-07,8.7448821344059305e-07,1.1465670667030733e-06,1.1465670667030733e-06
SG-006a,SG-006a,rectangular,default,E_x_2_3,closed_form,E_x,2,3,66,3.3993670886075948,8.0723531978993384e-06,8.0723531978993384e-06,1,1,657627.44851497142,983375.29469556268,9350237.3648237605,0.20039114287348236,8.7112842100442668e-07,8.7112842100442668e-07,1.1299580689773201e-06,1.1299580689773201e-06
SG-006a,SG-006a,rectangular,default,E_x_2_3,closed_form,E_x,2,3,67,3.4455696202531643,8.1820686667964977e-06,8.1820686667964977e-06,1,1,650161.4288728853,972245.37792718026,9351923.2594856918,0.21840582708256132,8.6791891614460419e-07,8.6791891614460419e-07,1.1145767074953133e-06,1.1145767074953133e-06
SG-006a,SG-006a,rectangular,default,E_x_2_3,closed_form,E_x,2,3,68,3.4917721518987341,8.2917841356936604e-06,8.2917841356936604e-06,1,1,642863.02912774507,961364.58010929299,9353552.5272324346,0.23581850852268424,8.6485036124739927e-07,8.6485036124739927e-07,1.1002905122606136e-06,1.1002905122606136e-06
SG-006a,SG-006a,rectangular,default,E_x_2_3,closed_form,E_x,2,3,69,3.5379746835443036,8.4014996045908214e-06,8.4014996045908214e-06,1,1,635726.66708140052,950724.62983279931,9355127.679128442,0.25265571458810221,8.6191416596730145e-07,8.6191416596730145e-07,1.086985767199518e-06,1.086985767199518e-06
SG-006a,SG-006a,rectangular,default,E_x_2_3,closed_form,E_x,2,3,70,3.5841772151898734,8.5112150734879823e-06,8.5112150734879823e-06,1,1,628747.00568415807,940317.61785720277,9356651.0884073712,0.2689425274361581,8.5910241400153486e-07,8.5910241400153486e-07,1.0745642544383613e-06,1.0745642544383613e-06
SG-006a,SG-006a,rectangular,default,E_x_2_3,closed_form,E_x,2,3,71,3.6303797468354428,8.6209305423851433e-06,8.6209305423851433e-06,1,1,621918.93972346757,930135.97750303452,9358124.9994628709,0.28470267745331851,8.5640779833829192e-07,8.5640779833829192e-07,1.0629406615890598e-06,1.0629406615890598e-06
SG-006a,SG-006a,rectangular,default,E_x_2_3,closed_form,E_x,2,3,72,3.6765822784810127,8.7306460112823043e-06,8.7306460112823043e-06,1,1,615237.58337063761,920172.466304478,9359551.5361617431,0.2999586297448969,8.5382356385135727e-07,8.5382356385135727e-07,1.0520404984172904e-06,1.0520404984172904e-06
SG-006a,SG-006a,rectangular,default,E_x_2_3,closed_form,E_x,2,3,73,3.7227848101265821,8.8403614801794652e-06,8.8403614801794652e-06,1,1,608698.25852174475,910420.1488287067,9360932.7095372062,0.31473166423630211,8.5134345628273059e-07,8.5134345628273059e-07,1.0417984088919878e-06,1.0417984088919878e-06
SG-006a,SG-006a,rectangular,default,E_x_2_3,closed_form,E_x,2,3,74,3.7689873417721516,8.9500769490766245e-06,8.9500769490766245e-06,1,1,602296.48387426371,900872.38057628623,9362270.4249146637,0.32904194992028502,8.4896167679571688e-07,8.4896167679571688e-07,1.032156793047287e-06,1.032156793047287e-06
SG-006a,SG-006a,rectangular,default,E_x_2_3,closed_form,E_x,2,3,75,3.8151898734177214,9.0597924179737872e-06,9.0597924179737872e-06,1,1,596027.96468582039,891522.79288409872,9363566.4885173365,0.34290861373364639,8.4667284139886118e-07,8.4667284139886118e-07,1.0230646737468851e-06,1.0230646737468851e-06
SG-006a,SG-006a,rectangular,default,E_x_2_3,closed_form,E_x,2,3,76,3.8613924050632908,9.1695078868709481e-06,9.1695078868709481e-06,1,1,589888.58316588646,882365.27875871432,9364822.6135947648,0.35634980450297332,8.4447194464015288e-07,8.4447194464015288e-07,1.0144767586265858e-06,1.0144767586265858e-06
SG-006a,SG-006a,rectangular,default,E_x_2_3,closed_form,E_x,2,3,77,3.9075949367088607,9.2792233557681091e-06,9.2792233557681091e-06,1,1,583874.38945523766,873393.97957397869,9366040.4261131845,0.36938275235862694,8.4235432705440916e-07,8.4235432705440916e-07,1.0063526587744257e-06,1.0063526587744257e-06
SG-006a,SG-006a,rectangular,default,E_x_2_3,closed_form,E_x,2,3,78,3.9537974683544301,9.3889388246652701e-06,9.3889388246652701e-06,1,1,577981.59315165842,864603.27257193509,9367221.4700432941,0.38202382398063112,8.403156459173582e-07,8.403156459173582e-07,9.986562341766317e-07,9.986562341766317e-07
SG-006a,SG-006a,rectangular,default,E_x_2_3,closed_form,E_x,2,3,79,4,9.498654293562431e-06,9.498654293562431e-06,1,1,572206.55534368241,855987.75911104376,9368367.2122776024,0.39428857400675638,8.3835184891984921e-07,8.3835184891984921e-07,9.9135504237376612e-07,9.9135504237376612e-07
SG-006a,SG-006a,rectangular,default,E_y_3_2,closed_form,E_y,3,2,0,0.34999999999999998,8.3113225068671265e-07,8.3113225068671265e-07,0,0,4022714.6059264345,2716345.4657429215,nan,nan,nan,nan,nan,nan
SG-006a,SG-006a,rectangular,default,E_y_3_2,closed_form,E_y,3,2,1,0.39620253164556962,9.4084771958387373e-07,9.4084771958387373e-07,0,0,3842761.4831489422,2593337.8240380618,nan,nan,nan,nan,nan,nan
SG-006a,SG-006a,rectangular,default,E_y_3_2,closed_form,E_y,3,2,2,0.44240506329113921,1.0505631884810347e-06,1.0505631884810347e-06,0,0,3678219.1082524671,2480988.1592351259,nan,nan,nan,nan,nan,nan
SG-006a,SG-006a,rectangular,default,E_y_3_2,closed_form,E_y,3,2,3,0.4886075949367088,1.1602786573781955e-06,1.1602786573781955e-06,0,0,3527189.1567187551,2377968.8012273321,nan,nan,nan,nan,nan,nan
SG-006a,SG-006a,rectangular,default,E_y_3_2,closed_form,E_y,3,2,4,0.53481012658227844,1.2699941262753566e-06,1.2699941262753566e-06,0,0,3388072.792368399,2283163.8064158666,nan,nan,nan,nan,nan,nan
SG-006a,SG-006a,rectangular,default,E_y_3_2,closed_form,E_y,3,2,5,0.58101265822784809,1.3797095951725176e-06,1.3797095951725176e-06,0,0,3259513.8475886956,2195628.3702317202,nan,nan,nan,nan,nan,nan
SG-006a,SG-006a,rectangular,default,E_y_3_2,closed_form,E_y,3,2,6,0.62721518987341773,1.4894250640696788e-06,1.4894250640696788e-06,0,0,3140354.4666633946,2114557.2315428103,nan,nan,nan,nan,nan,nan
SG-006a,SG-006a,rectangular,default,E_y_3_2,closed_form,E_y,3,2,7,0.67341772151898727,1.5991405329668395e-06,1.5991405329668395e-06,0,0,3029600.1353550078,2039259.8275980456,nan,nan,nan,nan,nan,nan
SG-006a,SG-006a,rectangular,default,E_y_3_2,closed_form,E_y,3,2,8,0.71962025316455691,1.7088560018640005e-06,1.7088560018640005e-06,0,0,2926391.8584334939,1969140.5747039865,nan,nan,nan,nan,nan,nan
SG-006a,SG-006a,rectangular,default,E_y_3_2,closed_form,E_y,3,2,9,0.76582278481012656,1.8185714707611615e-06,1.8185714707611615e-06,0,0,2829983.8367611468,1903683.0819192328,nan,nan,nan,nan,nan,nan
SG-006a,SG-006a,rectangular,default,E_y_3_2,closed_form,E_y,3,2,10,0.81202531645569609,1.9282869396583225e-06,1.9282869396583225e-06,0,0,2739725.4161285148,1842437.4120297548,nan,nan,nan,nan,nan,nan
SG-006a,SG-006a,rectangular,default,E_y_3_2,closed_form,E_y,3,2,11,0.85822784810126573,2.0380024085554834e-06,2.0380024085554834e-06,0,0,2655046.3836267623,1785009.7249315183,nan,nan,nan,nan,nan,nan
SG-006a,SG-006a,rectangular,default,E_y_3_2,closed_form,E_y,3,2,12,0.90443037974683538,2.1477178774526444e-06,2.1477178774526444e-06,0,0,2575444.9090143628,1731053.7993251544,nan,nan,nan,nan,nan,nan
SG-006a,SG-006a,rectangular,default,E_y_3_2,closed_form,E_y,3,2,13,0.95063291139240502,2.2574333463498054e-06,2.2574333463498054e-06,0,0,2500477.5921355644,1680264.0469501268,nan,nan,nan,nan,nan,nan
SG-006a,SG-006a,rectangular,default,E_y_3_2,closed_form,E_y,3,2,14,0.99683544303797456,2.3671488152469663e-06,2.3671488152469663e-06,0,0,2429751.199400642,1632369.7215544826,nan,nan,nan,nan,nan,nan
SG-006a,SG-006a,rectangular,default,E_y_3_2,closed_form,E_y,3,2,15,1.0430379746835441,2.4768642841441269e-06,2.4768642841441269e-06,0,0,2362915.7640994573,1587130.0908231826,nan,nan,nan,nan,nan,nan
SG-006a,SG-006a,rectangular,default,E_y_3_2,closed_form,E_y,3,2,16,1.089240506329114,2.5865797530412887e-06,2.5865797530412887e-06,0,0,2299658.7949726954,1544330.3894901243,nan,nan,nan,nan,nan,nan
SG-006a,SG-006a,rectangular,default,E_y_3_2,closed_form,E_y,3,2,17,1.1354430379746834,2.6962952219384492e-06,2.6962952219384492e-06,0,0,2239700.3907735711,1503778.4100442478,nan,nan,nan,nan,nan,nan
SG-006a,SG-006a,rectangular,default,E_y_3_2,closed_form,E_y,3,2,18,1.1816455696202532,2.8060106908356106e-06,2.8060106908356106e-06,0,0,2182789.0996700511,1465301.6168320128,nan,nan,nan,nan,nan,nan
SG-006a,SG-006a,rectangular,default,E_y_3_2,closed_form,E_y,3,2,19,1.2278481012658227,2.9157261597327712e-06,2.9157261597327712e-06,0,0,2128698.3942847257,1428744.6921509667,nan,nan,nan,nan,nan,nan
SG-006a,SG-006a,rectangular,default,E_y_3_2,closed_form,E_y,3,2,20,1.2740506329113923,3.0254416286299322e-06,3.0254416286299322e-06,0,0,2077223.6581637913,1393967.4407283477,nan,nan,nan,nan,nan,nan
SG-006a,SG-006a,rectangular,default,E_y_3_2,closed_form,E_y,3,2,21,1.320253164556962,3.1351570975270935e-06,3.1351570975270935e-06,0,0,2028179.5991498875,1360842.9929713286,nan,nan,nan,nan,nan,nan
SG-006a,SG-006a,rectangular,default,E_y_3_2,closed_form,E_y,3,2,22,1.3664556962025314,3.2448725664242541e-06,3.2448725664242541e-06,0,0,1981398.0207306209,1329256.2584450559,nan,nan,nan,nan,nan,nan
SG-006a,SG-006a,rectangular,default,E_y_3_2,closed_form,E_y,3,2,23,1.4126582278481012,3.3545880353214155e-06,3.3545880353214155e-06,0,0,1936725.8948669555,1299102.5898442373,nan,nan,nan,nan,nan,nan
SG-006a,SG-006a,rectangular,default,E_y_3_2,closed_form,E_y,3,2,24,1.4588607594936707,3.464303504218576e-06,3.464303504218576e-06,0,0,1894023.6897708746,1270286.6247749268,nan,nan,nan,nan,nan,nan
SG-006a,SG-006a,rectangular,default,E_y_3_2,closed_form,E_y,3,2,25,1.5050632911392405,3.5740189731157374e-06,3.5740189731157374e-06,0,0,1853163.914132172,1242721.2783370125,nan,nan,nan,nan,nan,nan
SG-006a,SG-006a,rectangular,default,E_y_3_2,closed_form,E_y,3,2,26,1.55126582278481,3.683734442012898e-06,3.683734442012898e-06,0,0,1814029.8457984233,1216326.8640871998,nan,nan,nan,nan,nan,nan
SG-006a,SG-006a,rectangular,default,E_y_3_2,closed_form,E_y,3,2,27,1.5974683544303798,3.7934499109100598e-06,3.7934499109100598e-06,0,0,1776514.4182057632,1191030.3246925478,nan,nan,nan,nan,nan,nan
SG-006a,SG-006a,rectangular,default,E_y_3_2,closed_form,E_y,3,2,28,1.6436708860759492,3.9031653798072199e-06,3.9031653798072199e-06,0,0,1740519.2421864099,1166764.5566308959,nan,nan,nan,nan,nan,nan
SG-006a,SG-006a,rectangular,default,E_y_3_2,closed_form,E_y,3,2,29,1.6898734177215187,4.0128808487043809e-06,4.0128808487043809e-06,0,0,1705953.7443334975,1143467.8157933624,nan,nan,nan,nan,nan,nan
SG-006a,SG-006a,rectangular,default,E_y_3_2,closed_form,E_y,3,2,30,1.7360759493670885,4.1225963176015427e-06,4.1225963176015427e-06,0,0,1672734.4060355288,1121083.192902704,nan,nan,nan,nan,nan,nan
SG-006a,SG-006a,rectangular,default,E_y_3_2,closed_form,E_y,3,2,31,1.782278481012658,4.2323117864987028e-06,4.2323117864987028e-06,0,0,1640784.0897204503,1099558.1493641678,nan,nan,nan,nan,nan,nan
SG-006a,SG-006a,rectangular,default,E_y_3_2,closed_form,E_y,3,2,32,1.8284810126582278,4.3420272553958646e-06,4.3420272553958646e-06,0,0,1610031.4408675707,1078844.1055796307,nan,nan,nan,nan,nan,nan
SG-006a,SG-006a,rectangular,default,E_y_3_2,closed_form,E_y,3,2,33,1.8746835443037972,4.4517427242930248e-06,4.4517427242930248e-06,0,0,1580410.356029582,1058896.0749346362,nan,nan,nan,nan,nan,nan
SG-006a,SG-006a,rectangular,default,E_y_3_2,closed_form,E_y,3,2,34,1.9208860759493671,4.5614581931901866e-06,4.5614581931901866e-06,0,0,1551859.5085171526,1039672.3376541367,nan,nan,nan,nan,nan,nan
SG-006a,SG-006a,rectangular,default,E_y_3_2,closed_form,E_y,3,2,35,1.9670886075949365,4.6711736620873467e-06,4.6711736620873467e-06,0,0,1524321.924583589,1021134.149550719,nan,nan,nan,nan,nan,nan
SG-006a,SG-006a,rectangular,default,E_y_3_2,closed_form,E_y,3,2,36,2.0132911392405064,4.7808891309845085e-06,4.7808891309845085e-06,0,0,1497744.6039460921,1003245.4813864677,nan,nan,nan,nan,nan,nan
SG-006a,SG-006a,rectangular,default,E_y_3_2,closed_form,E_y,3,2,37,2.0594936708860758,4.8906045998816695e-06,4.8906045998816695e-06,0,0,1472078.1793251419,985972.78515899123,nan,nan,nan,nan,nan,nan
SG-006a,SG-006a,rectangular,default,E_y_3_2,closed_form,E_y,3,2,38,2.1056962025316452,5.0003200687788296e-06,5.0003200687788296e-06,0,0,1447276.6104003496,969284.78412168659,nan,nan,nan,nan,nan,nan
SG-006a,SG-006a,rectangular,default,E_y_3_2,closed_form,E_y,3,2,39,2.1518987341772151,5.1100355376759914e-06,5.1100355376759914e-06,0,0,1423296.9081911037,953152.28377305926,nan,nan,nan,nan,nan,nan
SG-006a,SG-006a,rectangular,default,E_y_3_2,closed_form,E_y,3,2,40,2.1981012658227845,5.2197510065731515e-06,5.2197510065731515e-06,0,0,1400098.8863907929,937548.00141208072,nan,nan,nan,nan,nan,nan
SG-006a,SG-006a,rectangular,default,E_y_3_2,closed_form,E_y,3,2,41,2.2443037974683544,5.3294664754703134e-06,5.3294664754703134e-06,0,0,1377644.9366287442,922446.41216620069,nan,nan,nan,nan,nan,nan
SG-006a,SG-006a,rectangular,default,E_y_3_2,closed_form,E_y,3,2,42,2.2905063291139238,5.4391819443674735e-06,5.4391819443674735e-06,0,0,1355899.8250161177,907823.60966413061,nan,nan,nan,nan,nan,nan
SG-006a,SG-006a,rectangular,default,E_y_3_2,closed_form,E_y,3,2,43,2.3367088607594937,5.5488974132646353e-06,5.5488974132646353e-06,0,0,1334830.5076606241,893657.17975368386,nan,nan,nan,nan,nan,nan
SG-006a,SG-006a,rectangular,default,E_y_3_2,closed_form,E_y,3,2,44,2.3829113924050631,5.6586128821617963e-06,5.6586128821617963e-06,0,1,1314405.9631183574,879926.08586161793,9291098.2481805366,-0.4294866455536428,6.6565060094484385e-06,6.6565060094484385e-06,1.0122401905702852e-06,1.0122401905702852e-06
SG-006a,SG-006a,rectangular,default,E_y_3_2,closed_form,E_y,3,2,45,2.429113924050633,5.7683283510589572e-06,5.7683283510589572e-06,0,1,1294597.0399959569,866610.56476225588,9295130.1358765494,-0.38667083881119263,3.6698722612797668e-06,3.6698722612797668e-06,1.0003912762893735e-06,1.0003912762893735e-06
SG-006a,SG-006a,rectangular,default,E_y_3_2,closed_form,E_y,3,2,46,2.4753164556962024,5.8780438199561182e-06,5.8780438199561182e-06,0,1,1275376.3181285649,853692.03166874975,9298981.9212657027,-0.34575024185396835,2.8438596870486569e-06,2.8438596870486569e-06,9.8944853472758445e-07,9.8944853472758445e-07
SG-006a,SG-006a,rectangular,default,E_y_3_2,closed_form,E_y,3,2,47,2.5215189873417723,5.9877592888532792e-06,5.9877592888532792e-06,0,1,1256717.9819433088,841152.9936884694,9302664.1971466187,-0.30661462922800958,2.4190203730962074e-06,2.4190203730962074e-06,9.793133702596445e-07,9.793133702596445e-07
SG-006a,SG-006a,rectangular,default,E_y_3_2,closed_form,E_y,3,2,48,2.5677215189873417,6.0974747577504401e-06,6.0974747577504401e-06,0,1,1238597.7047784065,828976.97079499415,9306186.7871547416,-0.26916167391933343,2.1511221746524617e-06,2.1511221746524617e-06,9.6990110043173882e-07,9.6990110043173882e-07
SG-006a,SG-006a,rectangular,default,E_y_3_2,closed_form,E_y,3,2,49,2.6139240506329111,6.2071902266476003e-06,6.2071902266476003e-06,0,1,1220992.5430678565,817148.42356593779,9309558.8119652942,-0.23329627778344555,1.9633941422321889e-06,1.9633941422321889e-06,9.6113855998268252e-07,9.6113855998268252e-07
SG-006a,SG-006a,rectangular,default,E_y_3_2,closed_form,E_y,3,2,50,2.660126582278481,6.3169056955447621e-06,6.3169056955447621e-06,0,1,1203880.8394238693,805652.68702032883,9312788.7489285003,-0.1989299672728993,1.8230012073753512e-06,1.8230012073753512e-06,9.5296218792417549e-07,9.5296218792417549e-07
SG-006a,SG-006a,rectangular,default,E_y_3_2,closed_form,E_y,3,2,51,2.7063291139240504,6.4266211644419231e-06,6.4266211644419231e-06,0,1,1187242.133756228,794475.90996321314,9315884.4858728442,-0.16598034728500549,1.7132535865761429e-06,1.7132535865761429e-06,9.4531648695287803e-07,9.4531648695287803e-07
SG-006a,SG-006a,rectangular,default,E_y_3_2,closed_form,E_y,3,2,52,2.7525316455696203,6.536336633339084e-06,6.536336633339084e-06,0,1,1171057.0816616209,783604.99930998788,9318853.3697204851,-0.13437060682782198,1.6246592630999455e-06,1.6246592630999455e-06,9.3815277271281186e-07,9.3815277271281186e-07
SG-006a,SG-006a,rectangular,default,E_y_3_2,closed_form,E_y,3,2,53,2.7987341772151897,6.646052102236245e-06,6.646052102236245e-06,0,1,1155307.3793985364,773027.56891993643,9321702.2504798602,-0.10402907096083579,1.5513730536143609e-06,1.5513730536143609e-06,9.3142815078209975e-07,9.3142815078209975e-07
SG-006a,SG-006a,rectangular,default,E_y_3_2,closed_form,E_y,3,2,54,2.8449367088607596,6.7557675711334068e-06,6.7557675711334068e-06,0,1,1139975.6948359499,762731.89251857158,9324437.5211120695,-0.074888794124949268,1.4895750577967854e-06,1.4895750577967854e-06,9.2510467410693575e-07,9.2510467410693575e-07
SG-006a,SG-006a,rectangular,default,E_y_3_2,closed_form,E_y,3,2,55,2.891139240506329,6.8654830400305669e-06,6.8654830400305669e-06,0,1,1125045.6038281377,752706.86033259227,9327065.1537082922,-0.046887190549430476,1.4366508754273452e-06,1.4366508754273452e-06,9.1914864456049512e-07,9.1914864456049512e-07
SG-006a,SG-006a,rectangular,default,E_y_3_2,closed_form,E_y,3,2,56,2.9373417721518984,6.9751985089277271e-06,6.9751985089277271e-06,0,1,1110501.5315245935,742941.93910030858,9329590.7323639691,-0.019965697922127844,1.3907437453594406e-06,1.3907437453594406e-06,9.1353003047170619e-07,9.1353003047170619e-07
SG-006a,SG-006a,rectangular,default,E_y_3_2,closed_form,E_y,3,2,57,2.9835443037974683,7.0849139778248889e-06,7.0849139778248889e-06,1,1,1096328.6981741583,733427.13515492831,9332019.4830905944,0.0059305290549162707,1.3504944156536886e-06,1.3504944156536886e-06,9.0822197811763026e-07,9.0822197811763026e-07
SG-006a,SG-006a,rectangular,default,E_y_3_2,closed_form,E_y,3,2,58,3.0297468354430377,7.1946294467220498e-06,7.1946294467220498e-06,1,1,1082513.0690269177,724152.96030871093,9334356.3010668457,0.030852898221315022,1.3148823529317439e-06,1.3148823529317439e-06,9.0320039984497038e-07,9.0320039984497038e-07
SG-006a,SG-006a,rectangular,default,E_y_3_2,closed_form,E_y,3,2,59,3.0759493670886076,7.3043449156192108e-06,7.3043449156192108e-06,1,1,1069041.3079768906,715110.40029316628,9336605.7754965685,0.054849635288448634,1.2831247354125932e-06,1.2831247354125932e-06,8.9844362506631136e-07,8.9844362506631136e-07
SG-006a,SG-006a,rectangular,default,E_y_3_2,closed_form,E_y,3,2,60,3.122151898734177,7.4140603845163718e-06,7.4140603845163718e-06,1,1,1055900.7346236424,706290.88553463179,9338772.2123112213,0.07796601731399741,1.2546099315764406e-06,1.2546099315764406e-06,8.9393210314235534e-07,8.9393210314235534e-07
SG-006a,SG-006a,rectangular,default,E_y_3_2,closed_form,E_y,3,2,61,3.1683544303797468,7.5237758534135336e-06,7.5237758534135336e-06,1,1,1043079.2844622183,697686.26406606578,9340859.6549281031,0.1002445864327593,1.2288523700351324e-06,1.2288523700351324e-06,8.8964814931412088e-07,8.8964814931412088e-07
SG-006a,SG-006a,rectangular,default,E_y_3_2,closed_form,E_y,3,2,62,3.2145569620253163,7.6334913223106946e-06,7.6334913223106946e-06,1,1,1030565.4719386805,689288.77639507444,9342871.9032526519,0.12172534572936843,1.2054611250741722e-06,1.2054611250741722e-06,8.8557572653671022e-07,8.8557572653671022e-07
SG-006a,SG-006a,rectangular,default,E_y_3_2,closed_form,E_y,3,2,63,3.2607594936708861,7.7432067912078555e-06,7.7432067912078555e-06,1,1,1018348.3561334546,681091.03216531361,9344812.5310927741,0.14244593893786095,1.1841175529338415e-06,1.1841175529338415e-06,8.8170025739817213e-07,8.8170025739817213e-07
SG-006a,SG-006a,rectangular,default,E_y_3_2,closed_form,E_y,3,2,64,3.3069620253164556,7.8529222601050165e-06,7.8529222601050165e-06,1,1,1006417.5088569759,673085.98846371891,9346684.9021353126,0.16244181547658504,1.1645590529236125e-06,1.1645590529236125e-06,8.7800846136492772e-07,8.7800846136492772e-07
SG-006a,SG-006a,rectangular,default,E_y_3_2,closed_form,E_y,3,2,65,3.353164556962025,7.9626377290021758e-06,7.9626377290021758e-06,1,1,994762.98496208852,665266.92963973037,9348492.184618935,0.18174638217043643,1.1465670667030733e-06,1.1465670667030733e-06,8.7448821344059305e-07,8.7448821344059305e-07
SG-006a,SG-006a,rectangular,default,E_y_3_2,closed_form,E_y,3,2,66,3.3993670886075948,8.0723531978993384e-06,8.0723531978993384e-06,1,1,983375.29469556268,657627.44851497142,9350237.3648237605,0.20039114287348236,1.1299580689773201e-06,1.1299580689773201e-06,8.7112842100442668e-07,8.7112842100442668e-07
SG-006a,SG-006a,rectangular,default,E_y_3_2,closed_form,E_y,3,2,67,3.4455696202531643,8.1820686667964977e-06,8.1820686667964977e-06,1,1,972245.37792718026,650161.4288728853,9351923.2594856918,0.21840582708256132,1.1145767074953133e-06,1.1145767074953133e-06,8.6791891614460419e-07,8.6791891614460419e-07
SG-006a,SG-006a,rectangular,default,E_y_3_2,closed_form,E_y,3,2,68,3.4917721518987341,8.2917841356936604e-06,8.2917841356936604e-06,1,1,961364.58010929299,642863.02912774507,9353552.5272324346,0.23581850852268424,1.1002905122606136e-06,1.1002905122606136e-06,8.6485036124739927e-07,8.6485036124739927e-07
SG-006a,SG-006a,rectangular,default,E_y_3_2,closed_form,E_y,3,2,69,3.5379746835443036,8.4014996045908214e-06,8.4014996045908214e-06,1,1,950724.62983279931,635726.66708140052,9355127.679128442,0.25265571458810221,1.086985767199518e-06,1.086985767199518e-06,8.6191416596730145e-07,8.6191416596730145e-07
SG-006a,SG-006a,rectangular,default,E_y_3_2,closed_form,E_y,3,2,70,3.5841772151898734,8.5112150734879823e-06,8.5112150734879823e-06,1,1,940317.61785720277,628747.00568415807,9356651.0884073712,0.2689425274361581,1.0745642544383613e-06,1.0745642544383613e-06,8.5910241400153486e-07,8.5910241400153486e-07
SG-006a,SG-006a,rectangular,default,E_y_3_2,closed_form,E_y,3,2,71,3.6303797468354428,8.6209305423851433e-06,8.6209305423851433e-06,1,1,930135.97750303452,621918.93972346757,9358124.9994628709,0.28470267745331851,1.0629406615890598e-06,1.0629406615890598e-06,8.5640779833829192e-07,8.5640779833829192e-07
SG-006a,SG-006a,rectangular,default,E_y_3_2,closed_form,E_y,3,2,72,3.6765822784810127,8.7306460112823043e-06,8.7306460112823043e-06,1,1,920172.466304478,615237.58337063761,9359551.5361617431,0.2999586297448969,1.0520404984172904e-06,1.0520404984172904e-06,8.5382356385135727e-07,8.5382356385135727e-07
SG-006a,SG-006a,rectangular,default,E_y_3_2,closed_form,E_y,3,2,73,3.7227848101265821,8.8403614801794652e-06,8.8403614801794652e-06,1,1,910420.1488287067,608698.25852174475,9360932.7095372062,0.31473166423630211,1.0417984088919878e-06,1.0417984088919878e-06,8.5134345628273059e-07,8.5134345628273059e-07
SG-006a,SG-006a,rectangular,default,E_y_3_2,closed_form,E_y,3,2,74,3.7689873417721516,8.9500769490766245e-06,8.9500769490766245e-06,1,1,900872.38057628623,602296.48387426371,9362270.4249146637,0.32904194992028502,1.032156793047287e-06,1.032156793047287e-06,8.4896167679571688e-07,8.4896167679571688e-07
SG-006a,SG-006a,rectangular,default,E_y_3_2,closed_form,E_y,3,2,75,3.8151898734177214,9.0597924179737872e-06,9.0597924179737872e-06,1,1,891522.79288409872,596027.96468582039,9363566.4885173365,0.34290861373364639,1.0230646737468851e-06,1.0230646737468851e-06,8.4667284139886118e-07,8.4667284139886118e-07
SG-006a,SG-006a,rectangular,default,E_y_3_2,closed_form,E_y,3,2,76,3.8613924050632908,9.1695078868709481e-06,9.1695078868709481e-06,1,1,882365.27875871432,589888.58316588646,9364822.6135947648,0.35634980450297332,1.0144767586265858e-06,1.0144767586265858e-06,8.4447194464015288e-07,8.4447194464015288e-07
SG-006a,SG-006a,rectangular,default,E_y_3_2,closed_form,E_y,3,2,77,3.9075949367088607,9.2792233557681091e-06,9.2792233557681091e-06,1,1,873393.97957397869,583874.38945523766,9366040.4261131864,0.3693827523586537,1.0063526587744257e-06,1.0063526587744257e-06,8.4235432705440916e-07,8.4235432705440916e-07
SG-006a,SG-006a,rectangular,default,E_y_3_2,closed_form,E_y,3,2,78,3.9537974683544301,9.3889388246652701e-06,9.3889388246652701e-06,1,1,864603.27257193509,577981.59315165842,9367221.4700432941,0.38202382398063112,9.986562341766317e-07,9.986562341766317e-07,8.403156459173582e-07,8.403156459173582e-07
SG-006a,SG-006a,rectangular,default,E_y_3_2,closed_form,E_y,3,2,79,4,9.498654293562431e-06,9.498654293562431e-06,1,1,855987.75911104376,572206.55534368241,9368367.2122776024,0.39428857400675638,9.9135504237376612e-07,9.9135504237376612e-07,8.3835184891984921e-07,8.3835184891984921e-07
SG-006a,SG-006a,rectangular,default,E_x_3_2,closed_form,E_x,3,2,0,0.34999999999999998,8.3113225068671265e-07,8.3113225068671265e-07,0,0,4074518.1986143822,2681809.7372842897,nan,nan,nan,nan,nan,nan
SG-006a,SG-006a,rectangular,default,E_x_3_2,closed_form,E_x,3,2,1,0.39620253164556962,9.4084771958387373e-07,9.4084771958387373e-07,0,0,3890006.7360570924,2561840.9887659615,nan,nan,nan,nan,nan,nan
SG-006a,SG-006a,rectangular,default,E_x_3_2,closed_form,E_x,3,2,2,0.44240506329113921,1.0505631884810347e-06,1.0505631884810347e-06,0,0,3721482.238852689,2452146.0721683111,nan,nan,nan,nan,nan,nan
SG-006a,SG-006a,rectangular,default,E_x_3_2,closed_form,E_x,3,2,3,0.4886075949367088,1.1602786573781955e-06,1.1602786573781955e-06,0,0,3566953.2018409977,2351459.4378125034,nan,nan,nan,nan,nan,nan
SG-006a,SG-006a,rectangular,default,E_x_3_2,closed_form,E_x,3,2,4,0.53481012658227844,1.2699941262753566e-06,1.2699941262753566e-06,0,0,3424745.7096237997,2258715.1949122665,nan,nan,nan,nan,nan,nan
SG-006a,SG-006a,rectangular,default,E_x_3_2,closed_form,E_x,3,2,5,0.58101265822784809,1.3797095951725176e-06,1.3797095951725176e-06,0,0,3293442.5553475805,2173009.2317257971,nan,nan,nan,nan,nan,nan
SG-006a,SG-006a,rectangular,default,E_x_3_2,closed_form,E_x,3,2,6,0.62721518987341773,1.4894250640696788e-06,1.4894250640696788e-06,0,0,3171835.8473142157,2093569.6444422628,nan,nan,nan,nan,nan,nan
SG-006a,SG-006a,rectangular,default,E_x_3_2,closed_form,E_x,3,2,7,0.67341772151898727,1.5991405329668395e-06,1.5991405329668395e-06,0,0,3058889.7413970688,2019733.423570005,nan,nan,nan,nan,nan,nan
SG-006a,SG-006a,rectangular,default,E_x_3_2,closed_form,E_x,3,2,8,0.71962025316455691,1.7088560018640005e-06,1.7088560018640005e-06,0,0,2953710.8620559801,1950927.9056223293,nan,nan,nan,nan,nan,nan
SG-006a,SG-006a,rectangular,default,E_x_3_2,closed_form,E_x,3,2,9,0.76582278481012656,1.8185714707611615e-06,1.8185714707611615e-06,0,0,2855524.6228788495,1886655.8911740978,nan,nan,nan,nan,nan,nan
SG-006a,SG-006a,rectangular,default,E_x_3_2,closed_form,E_x,3,2,10,0.81202531645569609,1.9282869396583225e-06,1.9282869396583225e-06,0,0,2763656.118044632,1826483.6107523434,nan,nan,nan,nan,nan,nan
SG-006a,SG-006a,rectangular,default,E_x_3_2,closed_form,E_x,3,2,11,0.85822784810126573,2.0380024085554834e-06,2.0380024085554834e-06,0,0,2677514.5873972778,1770030.9224178414,nan,nan,nan,nan,nan,nan
SG-006a,SG-006a,rectangular,default,E_x_3_2,closed_form,E_x,3,2,12,0.90443037974683538,2.1477178774526444e-06,2.1477178774526444e-06,0,0,2596580.6989877322,1716963.2726762416,nan,nan,nan,nan,nan,nan
SG-006a,SG-006a,rectangular,default,E_x_3_2,closed_form,E_x,3,2,13,0.95063291139240502,2.2574333463498054e-06,2.2574333463498054e-06,0,0,2520396.07042519,1666985.0614237098,nan,nan,nan,nan,nan,nan
SG-006a,SG-006a,rectangular,default,E_x_3_2,closed_form,E_x,3,2,14,0.99683544303797456,2.3671488152469663e-06,2.3671488152469663e-06,0,0,2448554.5823317235,1619834.1329337612,nan,nan,nan,nan,nan,nan
SG-006a,SG-006a,rectangular,default,E_x_3_2,closed_form,E_x,3,2,15,1.0430379746835441,2.4768642841441269e-06,2.4768642841441269e-06,0,0,2380695.1362347738,1575277.1760663053,nan,nan,nan,nan,nan,nan
SG-006a,SG-006a,rectangular,default,E_x_3_2,closed_form,E_x,3,2,16,1.089240506329114,2.5865797530412887e-06,2.5865797530412887e-06,0,0,2316495.5842351862,1533105.8633151304,nan,nan,nan,nan,nan,nan
SG-006a,SG-006a,rectangular,default,E_x_3_2,closed_form,E_x,3,2,17,1.1354430379746834,2.6962952219384492e-06,2.6962952219384492e-06,0,0,2255667.6150663719,1493133.5938490473,nan,nan,nan,nan,nan,nan
SG-006a,SG-006a,rectangular,default,E_x_3_2,closed_form,E_x,3,2,18,1.1816455696202532,2.8060106908356106e-06,2.8060106908356106e-06,0,0,2197952.4252480194,1455192.7331133673,nan,nan,nan,nan,nan,nan
SG-006a,SG-006a,rectangular,default,E_x_3_2,closed_form,E_x,3,2,19,1.2278481012658227,2.9157261597327712e-06,2.9157261597327712e-06,0,0,2143117.0382264499,1419132.2628564837,nan,nan,nan,nan,nan,nan
SG-006a,SG-006a,rectangular,default,E_x_3_2,closed_form,E_x,3,2,20,1.2740506329113923,3.0254416286299322e-06,3.0254416286299322e-06,0,0,2090951.1610925216,1384815.7721091942,nan,nan,nan,nan,nan,nan
SG-006a,SG-006a,rectangular,default,E_x_3_2,closed_form,E_x,3,2,21,1.320253164556962,3.1351570975270935e-06,3.1351570975270935e-06,0,0,2041264.4894569928,1352119.7327665917,nan,nan,nan,nan,nan,nan
SG-006a,SG-006a,rectangular,default,E_x_3_2,closed_form,E_x,3,2,22,1.3664556962025314,3.2448725664242541e-06,3.2448725664242541e-06,0,0,1993884.3876675838,1320932.0138204142,nan,nan,nan,nan,nan,nan
SG-006a,SG-006a,rectangular,default,E_x_3_2,closed_form,E_x,3,2,23,1.4126582278481012,3.3545880353214155e-06,3.3545880353214155e-06,0,0,1948653.8847663561,1291150.5965779703,nan,nan,nan,nan,nan,nan
SG-006a,SG-006a,rectangular,default,E_x_3_2,closed_form,E_x,3,2,24,1.4588607594936707,3.464303504218576e-06,3.464303504218576e-06,0,0,1905429.9371623904,1262682.4598472498,nan,nan,nan,nan,nan,nan
SG-006a,SG-006a,rectangular,default,E_x_3_2,closed_form,E_x,3,2,25,1.5050632911392405,3.5740189731157374e-06,3.5740189731157374e-06,0,0,1864081.9175055185,1235442.6094214481,nan,nan,nan,nan,nan,nan
SG-006a,SG-006a,rectangular,default,E_x_3_2,closed_form,E_x,3,2,26,1.55126582278481,3.683734442012898e-06,3.683734442012898e-06,0,0,1824490.2961307999,1209353.230532282,nan,nan,nan,nan,nan,nan
SG-006a,SG-006a,rectangular,default,E_x_3_2,closed_form,E_x,3,2,27,1.5974683544303798,3.7934499109100598e-06,3.7934499109100598e-06,0,0,1786545.4870388219,1184342.9454705087,nan,nan,nan,nan,nan,nan
SG-006a,SG-006a,rectangular,default,E_x_3_2,closed_form,E_x,3,2,28,1.6436708860759492,3.9031653798072199e-06,3.9031653798072199e-06,0,0,1750146.8349463439,1160346.1614576066,nan,nan,nan,nan,nan,nan
SG-006a,SG-006a,rectangular,default,E_x_3_2,closed_form,E_x,3,2,29,1.6898734177215187,4.0128808487043809e-06,4.0128808487043809e-06,0,0,1715201.7236900437,1137302.4962223317,nan,nan,nan,nan,nan,nan
SG-006a,SG-006a,rectangular,default,E_x_3_2,closed_form,E_x,3,2,30,1.7360759493670885,4.1225963176015427e-06,4.1225963176015427e-06,0,0,1681624.7893540559,1115156.2706903524,nan,nan,nan,nan,nan,nan
SG-006a,SG-006a,rectangular,default,E_x_3_2,closed_form,E_x,3,2,31,1.782278481012658,4.2323117864987028e-06,4.2323117864987028e-06,0,0,1649337.2240462515,1093856.0598136338,nan,nan,nan,nan,nan,nan
SG-006a,SG-006a,rectangular,default,E_x_3_2,closed_form,E_x,3,2,32,1.8284810126582278,4.3420272553958646e-06,4.3420272553958646e-06,0,0,1618266.1583694459,1073354.2939117139,nan,nan,nan,nan,nan,nan
SG-006a,SG-006a,rectangular,default,E_x_3_2,closed_form,E_x,3,2,33,1.8746835443037972,4.4517427242930248e-06,4.4517427242930248e-06,0,0,1588344.1124019541,1053606.9040197213,nan,nan,nan,nan,nan,nan
SG-006a,SG-006a,rectangular,default,E_x_3_2,closed_form,E_x,3,2,34,1.9208860759493671,4.5614581931901866e-06,4.5614581931901866e-06,0,0,1559508.5064812051,1034573.0056781018,nan,nan,nan,nan,nan,nan
SG-006a,SG-006a,rectangular,default,E_x_3_2,closed_form,E_x,3,2,35,1.9670886075949365,4.6711736620873467e-06,4.6711736620873467e-06,0,0,1531701.2243260785,1016214.6163890592,nan,nan,nan,nan,nan,nan
SG-006a,SG-006a,rectangular,default,E_x_3_2,closed_form,E_x,3,2,36,2.0132911392405064,4.7808891309845085e-06,4.7808891309845085e-06,0,0,1504868.2220797015,998496.40263072809,nan,nan,nan,nan,nan,nan
SG-006a,SG-006a,rectangular,default,E_x_3_2,closed_form,E_x,3,2,37,2.0594936708860758,4.8906045998816695e-06,4.8906045998816695e-06,0,0,1478959.177738487,981385.45288342785,nan,nan,nan,nan,nan,nan
SG-006a,SG-006a,rectangular,default,E_x_3_2,closed_form,E_x,3,2,38,2.1056962025316452,5.0003200687788296e-06,5.0003200687788296e-06,0,0,1453927.1761825299,964851.07360023307,nan,nan,nan,nan,nan,nan
SG-006a,SG-006a,rectangular,default,E_x_3_2,closed_form,E_x,3,2,39,2.1518987341772151,5.1100355376759914e-06,5.1100355376759914e-06,0,0,1429728.4256595888,948864.60546073585,nan,nan,nan,nan,nan,nan
SG-006a,SG-006a,rectangular,default,E_x_3_2,closed_form,E_x,3,2,40,2.1981012658227845,5.2197510065731515e-06,5.2197510065731515e-06,0,0,1406322.0021181214,933399.25759386178,nan,nan,nan,nan,nan,nan
SG-006a,SG-006a,rectangular,default,E_x_3_2,closed_form,E_x,3,2,41,2.2443037974683544,5.3294664754703134e-06,5.3294664754703134e-06,0,0,1383669.6182493011,918429.95775249624,nan,nan,nan,nan,nan,nan
SG-006a,SG-006a,rectangular,default,E_x_3_2,closed_form,E_x,3,2,42,2.2905063291139238,5.4391819443674735e-06,5.4391819443674735e-06,0,0,1361735.414496196,903933.21667741181,nan,nan,nan,nan,nan,nan
SG-006a,SG-006a,rectangular,default,E_x_3_2,closed_form,E_x,3,2,43,2.3367088607594937,5.5488974132646353e-06,5.5488974132646353e-06,0,0,1340485.7696305257,889887.00510708278,nan,nan,nan,nan,nan,nan
SG-006a,SG-006a,rectangular,default,E_x_3_2,closed_form,E_x,3,2,44,2.3829113924050631,5.6586128821617963e-06,5.6586128821617963e-06,0,1,1319889.128792427,876270.6420789049,9290666.3947927039,-0.4340715228918684,1.1094369105063538e-05,1.1094369105063538e-05,1.0089273699970601e-06,1.0089273699970601e-06
SG-006a,SG-006a,rectangular,default,E_x_3_2,closed_form,E_x,3,2,45,2.429113924050633,5.7683283510589572e-06,5.7683283510589572e-06,0,1,1299915.8471433839,863064.69333063788,9294717.7329532634,-0.39105112015644455,4.0672400731928472e-06,4.0672400731928472e-06,9.9733513396371643e-07,9.9733513396371643e-07
SG-006a,SG-006a,rectangular,default,E_x_3_2,closed_form,E_x,3,2,46,2.4753164556962024,5.8780438199561182e-06,5.8780438199561182e-06,0,1,1280538.0475031247,850250.87875237653,9298587.8154632691,-0.3499379215881151,3.0089093664086896e-06,3.0089093664086896e-06,9.866207667976657e-07,9.866207667976657e-07
SG-006a,SG-006a,rectangular,default,E_x_3_2,closed_form,E_x,3,2,47,2.5215189873417723,5.9877592888532792e-06,5.9877592888532792e-06,0,1,1261729.4905327042,837811.98796220601,9302287.3195441104,-0.31062083549897768,2.5136224918452312e-06,2.5136224918452312e-06,9.76689720116483e-07,9.76689720116483e-07
SG-006a,SG-006a,rectangular,default,E_x_3_2,closed_form,E_x,3,2,48,2.5677215189873417,6.0974747577504401e-06,6.0974747577504401e-06,0,1,1243465.4561924911,825731.8031856044,9305826.1459296625,-0.27299674264104773,2.2138991930050073e-06,2.2138991930050073e-06,9.6746065272211215e-07,9.6746065272211215e-07
SG-006a,SG-006a,rectangular,default,E_x_3_2,closed_form,E_x,3,2,49,2.6139240506329111,6.2071902266476003e-06,6.2071902266476003e-06,0,1,1225722.6353489067,813995.02871190431,9309213.4858015738,-0.23696981936443776,2.0087134192750015e-06,2.0087134192750015e-06,9.5886317873215674e-07,9.5886317873215674e-07
SG-006a,SG-006a,rectangular,default,E_x_3_2,closed_form,E_x,3,2,50,2.660126582278481,6.3169056955447621e-06,6.3169056955447621e-06,0,1,1208479.0305304932,802587.22628257959,9312457.8810741678,-0.20245092687856761,1.8575613195173965e-06,1.8575613195173965e-06,9.5083606534131799e-07,9.5083606534131799e-07
SG-006a,SG-006a,rectangular,default,E_x_3_2,closed_form,E_x,3,2,51,2.7063291139240504,6.4266211644419231e-06,6.4266211644419231e-06,0,1,1191713.8649448198,791494.75583748531,9315567.2787750456,-0.16935705934008369,1.7406451154078461e-06,1.7406451154078461e-06,9.4332577811140924e-07,9.4332577811140924e-07
SG-006a,SG-006a,rectangular,default,E_x_3_2,closed_form,E_x,3,2,52,2.7525316455696203,6.536336633339084e-06,6.536336633339084e-06,0,1,1175407.4989649819,780704.72110774717,9318549.0801745113,-0.13761084437963608,1.6469995348211848e-06,1.6469995348211848e-06,9.362852974979395e-07,9.362852974979395e-07
SG-006a,SG-006a,rectangular,default,E_x_3_2,closed_form,E_x,3,2,53,2.7987341772151897,6.646052102236245e-06,6.646052102236245e-06,0,1,1159541.3533799045,770204.91959902423,9321410.1852365471,-0.10714009044972277,1.5700006660213684e-06,1.5700006660213684e-06,9.2967314898437984e-07,9.2967314898437984e-07
SG-006a,SG-006a,rectangular,default,E_x_3_2,closed_form,E_x,3,2,54,2.8449367088607596,6.7557675711334068e-06,6.7557675711334068e-06,0,1,1144097.8387778571,759983.79655729991,9324157.0328946337,-0.077877376043978944,1.5053824803642805e-06,1.5053824803642805e-06,9.2345260285244924e-07,9.2345260285244924e-07
SG-006a,SG-006a,rectangular,default,E_x_3_2,closed_form,E_x,3,2,55,2.891139240506329,6.8654830400305669e-06,6.8654830400305669e-06,0,1,1129060.2904988884,750030.40255209187,9326795.6375954952,-0.049759676418990692,1.4502586215183861e-06,1.4502586215183861e-06,9.1759100972191539e-07,9.1759100972191539e-07
SG-006a,SG-006a,rectangular,default,E_x_3_2,closed_form,E_x,3,2,56,2.9373417721518984,6.9751985089277271e-06,6.9751985089277271e-06,0,1,1114412.908650463,740334.35434972891,9329331.6225015316,-0.022728023956277984,1.4025981477375894e-06,1.4025981477375894e-06,9.120592455477241e-07,9.120592455477241e-07
SG-006a,SG-006a,rectangular,default,E_x_3_2,closed_form,E_x,3,2,57,2.9835443037974683,7.0849139778248889e-06,7.0849139778248889e-06,1,1,1100140.7027323926,730885.79878277215,9331770.2496971823,0.0032728012562245451,1.3609256608168077e-06,1.3609256608168077e-06,9.0683124546414059e-07,9.0683124546414059e-07
SG-006a,SG-006a,rectangular,default,E_x_3_2,closed_form,E_x,3,2,58,3.0297468354430377,7.1946294467220498e-06,7.1946294467220498e-06,1,1,1086229.4404630663,721675.37935127853,9334116.4477048256,0.02829455365785884,1.3241405390088182e-06,1.3241405390088182e-06,9.0188361020810842e-07,9.0188361020810842e-07
SG-006a,SG-006a,rectangular,default,E_x_3_2,closed_form,E_x,3,2,59,3.0759493670886076,7.3043449156192108e-06,7.3043449156192108e-06,1,1,1072665.6004397494,712694.20531792706,9336374.8365810458,0.052385779959267409,1.2914031488090497e-06,1.2914031488090497e-06,8.971952721892376e-07,8.971952721892376e-07
SG-006a,SG-006a,rectangular,default,E_x_3_2,closed_form,E_x,3,2,60,3.122151898734177,7.4140603845163718e-06,7.4140603845163718e-06,1,1,1059436.3283019478,703933.82308242831,9338549.7508338485,0.075592054796084135,1.2620605686186119e-06,1.2620605686186119e-06,8.9274721085573419e-07,8.9274721085573419e-07
SG-006a,SG-006a,rectangular,default,E_x_3_2,closed_form,E_x,3,2,61,3.1683544303797468,7.5237758534135336e-06,7.5237758534135336e-06,1,1,1046529.3960990986,695386.18964147894,9340645.2603747156,0.097956196429464196,1.2355965803244983e-06,1.2355965803244983e-06,8.8852220901925003e-07,8.8852220901925003e-07
SG-006a,SG-006a,rectangular,default,E_x_3_2,closed_form,E_x,3,2,62,3.2145569620253163,7.6334913223106946e-06,7.6334913223106946e-06,1,1,1033933.1645926116,687043.64795912034,9342665.1896960754,0.1195184644015129,1.2115970890441337e-06,1.2115970890441337e-06,8.845046433831873e-07,8.845046433831873e-07
SG-006a,SG-006a,rectangular,default,E_x_3_2,closed_form,E_x,3,2,63,3.2607594936708861,7.7432067912078555e-06,7.7432067912078555e-06,1,1,1021636.5482479703,678898.90408896981,9344613.1354441326,0.14031674085016438,1.18972564835573e-06,1.18972564835573e-06,8.8068030376942737e-07,8.8068030376942737e-07
SG-006a,SG-006a,rectangular,default,E_x_3_2,closed_form,E_x,3,2,64,3.3069620253164556,7.8529222601050165e-06,7.8529222601050165e-06,1,1,1009628.9826955785,670945.00590465055,9346492.4825389422,0.16038669700962965,1.1697057796304469e-06,1.1697057796304469e-06,8.770362365332952e-07,8.770362365332952e-07
SG-006a,SG-006a,rectangular,default,E_x_3_2,closed_form,E_x,3,2,65,3.353164556962025,7.9626377290021758e-06,7.9626377290021758e-06,1,1,997900.39445959544,663175.32330805901,9348306.418977553,0.17976194626361658,1.1513079655083291e-06,1.1513079655083291e-06,8.7356060845280584e-07,8.7356060845280584e-07
SG-006a,SG-006a,rectangular,default,E_x_3_2,closed_form,E_x,3,2,66,3.3993670886075948,8.0723531978993384e-06,8.0723531978993384e-06,1,1,986441.17277245701,655583.52979704191,9350057.9494419396,0.19847418497840061,1.1343399255079165e-06,1.1343399255079165e-06,8.7024258801908287e-07,8.7024258801908287e-07
SG-006a,SG-006a,rectangular,default,E_x_3_2,closed_form,E_x,3,2,67,3.4455696202531643,8.1820686667964977e-06,8.1820686667964977e-06,1,1,975242.14330932801,648163.58528478676,9351749.9078209121,0.21655332221843041,1.118639238893848e-06,1.118639238893848e-06,8.6707224157342005e-07,8.6707224157342005e-07
SG-006a,SG-006a,rectangular,default,E_x_3_2,closed_form,E_x,3,2,68,3.4917721518987341,8.2917841356936604e-06,8.2917841356936604e-06,1,1,964294.54369161755,640909.72007286199,9353384.9687440414,0.23402759933584602,1.1040676741102678e-06,1.1040676741102678e-06,8.6404044215821788e-07,8.6404044215821788e-07
SG-006a,SG-006a,rectangular,default,E_x_3_2,closed_form,E_x,3,2,69,3.5379746835443036,8.4014996045908214e-06,8.4014996045908214e-06,1,1,953590.00062210055,633816.41988853295,9354965.6582158282,0.25092370032764844,1.0905067776151531e-06,1.0905067776151531e-06,8.6113878929372593e-07,8.6113878929372593e-07
SG-006a,SG-006a,rectangular,default,E_x_3_2,closed_form,E_x,3,2,70,3.5841772151898734,8.5112150734879823e-06,8.5112150734879823e-06,1,1,943120.5085262371,626878.41190480185,9356494.363429565,0.26726685376627979,1.0778544048161163e-06,1.0778544048161163e-06,8.5835953817553951e-07,8.5835953817553951e-07
SG-006a,SG-006a,rectangular,default,E_x_3_2,closed_form,E_x,3,2,71,3.6303797468354428,8.6209305423851433e-06,8.6209305423851433e-06,1,1,932878.4095852013,620090.65166868968,9357973.3418324683,0.28308092703065207,1.066021964540142e-06,1.066021964540142e-06,8.5569553702120857e-07,8.5569553702120857e-07
SG-006a,SG-006a,rectangular,default,E_x_3_2,closed_form,E_x,3,2,72,3.6765822784810127,8.7306460112823043e-06,8.7306460112823043e-06,1,1,922856.37505595642,613448.31086965196,9359404.7295067869,0.2983885134956884,1.0549322101026293e-06,1.0549322101026293e-06,8.5314017148760581e-07,8.5314017148760581e-07
SG-006a,SG-006a,rectangular,default,E_x_3_2,closed_form,E_x,3,2,73,3.7227848101265821,8.8403614801794652e-06,8.8403614801794652e-06,1,1,913047.38778261701,606946.76588580455,9360790.5489252545,0.31321101327479911,1.0445174535014492e-06,1.0445174535014492e-06,8.5068731524145267e-07,8.5068731524145267e-07
SG-006a,SG-006a,rectangular,default,E_x_3_2,closed_form,E_x,3,2,74,3.7689873417721516,8.9500769490766245e-06,8.9500769490766245e-06,1,1,903444.72581139556,600581.58705085749,9362132.7161338255,0.32756870805499683,1.03471811033552e-06,1.03471811033552e-06,8.4833128589956125e-07,8.4833128589956125e-07
SG-006a,SG-006a,rectangular,default,E_x_3_2,closed_form,E_x,3,2,75,3.8151898734177214,9.0597924179737872e-06,9.0597924179737872e-06,1,1,894041.94702873065,594348.52858939918,9363433.0474095326,0.34148083051307765,1.0254815055509523e-06,1.0254815055509523e-06,8.4606680566777802e-07,8.4606680566777802e-07
SG-006a,SG-006a,rectangular,default,E_x_3_2,closed_form,E_x,3,2,76,3.8613924050632908,9.1695078868709481e-06,9.1695078868709481e-06,1,1,884832.87474882964,588243.51917247614,9364693.2654369175,0.35496562875690796,1.0167608866089707e-06,1.0167608866089707e-06,8.4388896610213479e-07,8.4388896610213479e-07
SG-006a,SG-006a,rectangular,default,E_x_3_2,closed_form,E_x,3,2,77,3.9075949367088607,9.2792233557681091e-06,9.2792233557681091e-06,1,1,875811.58418285649,582262.65304931905,9365915.0050424524,0.36804042619510191,1.0085146028885026e-06,1.0085146028885026e-06,8.4179319649546189e-07,8.4179319649546189e-07
SG-006a,SG-006a,rectangular,default,E_x_3_2,closed_form,E_x,3,2,78,3.9537974683544301,9.3889388246652701e-06,9.3889388246652701e-06,1,1,866972.38972748769,576402.18171462335,9367099.8185227588,0.38072167720193489,1.0007054192826457e-06,1.0007054192826457e-06,8.3977523546022555e-07,8.3977523546022555e-07
SG-006a,SG-006a,rectangular,default,E_x_3_2,closed_form,E_x,3,2,79,4,9.498654293562431e-06,9.498654293562431e-06,1,1,858309.8330155235,570658.50607402914,9368249.180599248,0.39302501891191194,9.9329993886037781e-07,9.9329993886037781e-07,8.3783110533567473e-07,8.3783110533567473e-07
SG-006a,SG-006a,rectangular,default,E_y_3_3,closed_form,E_y,3,3,0,0.34999999999999998,8.3113225068671265e-07,8.3113225068671265e-07,0,0,4022714.6059264345,4074518.1986143822,nan,nan,nan,nan,nan,nan
SG-006a,SG-006a,rectangular,default,E_y_3_3,closed_form,E_y,3,3,1,0.39620253164556962,9.4084771958387373e-07,9.4084771958387373e-07,0,0,3842761.4831489422,3890006.7360570924,nan,nan,nan,nan,nan,nan
SG-006a,SG-006a,rectangular,default,E_y_3_3,closed_form,E_y,3,3,2,0.44240506329113921,1.0505631884810347e-06,1.0505631884810347e-06,0,0,3678219.1082524671,3721482.238852689,nan,nan,nan,nan,nan,nan
SG-006a,SG-006a,rectangular,default,E_y_3_3,closed_form,E_y,3,3,3,0.4886075949367088,1.1602786573781955e-06,1.1602786573781955e-06,0,0,3527189.1567187551,3566953.2018409977,nan,nan,nan,nan,nan,nan
SG-006a,SG-006a,rectangular,default,E_y_3_3,closed_form,E_y,3,3,4,0.53481012658227844,1.2699941262753566e-06,1.2699941262753566e-06,0,0,3388072.792368399,3424745.7096237997,nan,nan,nan,nan,nan,nan
SG-006a,SG-006a,rectangular,default,E_y_3_3,closed_form,E_y,3,3,5,0.58101265822784809,1.3797095951725176e-06,1.3797095951725176e-06,0,0,3259513.8475886956,3293442.5553475805,nan,nan,nan,nan,nan,nan
SG-006a,SG-006a,rectangular,default,E_y_3_3,closed_form,E_y,3,3,6,0.62721518987341773,1.4894250640696788e-06,1.4894250640696788e-06,0,0,3140354.4666633946,3171835.8473142157,nan,nan,nan,nan,nan,nan
SG-006a,SG-006a,rectangular,default,E_y_3_3,closed_form,E_y,3,3,7,0.67341772151898727,1.5991405329668395e-06,1.5991405329668395e-06,0,0,3029600.1353550078,3058889.7413970688,nan,nan,nan,nan,nan,nan
SG-006a,SG-006a,rectangular,default,E_y_3_3,closed_form,E_y,3,3,8,0.71962025316455691,1.7088560018640005e-06,1.7088560018640005e-06,0,0,2926391.8584334939,2953710.8620559801,nan,nan,nan,nan,nan,nan
SG-006a,SG-006a,rectangular,default,E_y_3_3,closed_form,E_y,3,3,9,0.76582278481012656,1.8185714707611615e-06,1.8185714707611615e-06,0,0,2829983.8367611468,2855524.6228788495,nan,nan,nan,nan,nan,nan
SG-006a,SG-006a,rectangular,default,E_y_3_3,closed_form,E_y,3,3,10,0.81202531645569609,1.9282869396583225e-06,1.9282869396583225e-06,0,0,2739725.4161285148,2763656.118044632,nan,nan,nan,nan,nan,nan
SG-006a,SG-006a,rectangular,default,E_y_3_3,closed_form,E_y,3,3,11,0.85822784810126573,2.0380024085554834e-06,2.0380024085554834e-06,0,0,2655046.3836267623,2677514.5873972778,nan,nan,nan,nan,nan,nan
SG-006a,SG-006a,rectangular,default,E_y_3_3,closed_form,E_y,3,3,12,0.90443037974683538,2.1477178774526444e-06,2.1477178774526444e-06,0,0,2575444.9090143628,2596580.6989877322,nan,nan,nan,nan,nan,nan
SG-006a,SG-006a,rectangular,default,E_y_3_3,closed_form,E_y,3,3,13,0.95063291139240502,2.2574333463498054e-06,2.2574333463498054e-06,0,0,2500477.5921355644,2520396.07042519,nan,nan,nan,nan,nan,nan
SG-006a,SG-006a,rectangular,default,E_y_3_3,closed_form,E_y,3,3,14,0.99683544303797456,2.3671488152469663e-06,2.3671488152469663e-06,0,0,2429751.199400642,2448554.5823317235,nan,nan,nan,nan,nan,nan
SG-006a,SG-006a,rectangular,default,E_y_3_3,closed_form,E_y,3,3,15,1.0430379746835441,2.4768642841441269e-06,2.4768642841441269e-06,0,0,2362915.7640994573,2380695.1362347738,nan,nan,nan,nan,nan,nan
SG-006a,SG-006a,rectangular,default,E_y_3_3,closed_form,E_y,3,3,16,1.089240506329114,2.5865797530412887e-06,2.5865797530412887e-06,0,0,2299658.7949726954,2316495.5842351862,nan,nan,nan,nan,nan,nan
SG-006a,SG-006a,rectangular,default,E_y_3_3,closed_form,E_y,3,3,17,1.1354430379746834,2.6962952219384492e-06,2.6962952219384492e-06,0,0,2239700.3907735711,2255667.6150663719,nan,nan,nan,nan,nan,nan
SG-006a,SG-006a,rectangular,default,E_y_3_3,closed_form,E_y,3,3,18,1.1816455696202532,2.8060106908356106e-06,2.8060106908356106e-06,0,0,2182789.0996700511,2197952.4252480194,nan,nan,nan,nan,nan,nan
SG-006a,SG-006a,rectangular,default,E_y_3_3,closed_form,E_y,3,3,19,1.2278481012658227,2.9157261597327712e-06,2.9157261597327712e-06,0,0,2128698.3942847257,2143117.0382264499,nan,nan,nan,nan,nan,nan
SG-006a,SG-006a,rectangular,default,E_y_3_3,closed_form,E_y,3,3,20,1.2740506329113923,3.0254416286299322e-06,3.0254416286299322e-06,0,0,2077223.6581637913,2090951.1610925216,nan,nan,nan,nan,nan,nan
SG-006a,SG-006a,rectangular,default,E_y_3_3,closed_form,E_y,3,3,21,1.320253164556962,3.1351570975270935e-06,3.1351570975270935e-06,0,0,2028179.5991498875,2041264.4894569928,nan,nan,nan,nan,nan,nan
SG-006a,SG-006a,rectangular,default,E_y_3_3,closed_form,E_y,3,3,22,1.3664556962025314,3.2448725664242541e-06,3.2448725664242541e-06,0,0,1981398.0207306209,1993884.3876675838,nan,nan,nan,nan,nan,nan
SG-006a,SG-006a,rectangular,default,E_y_3_3,closed_form,E_y,3,3,23,1.4126582278481012,3.3545880353214155e-06,3.3545880353214155e-06,0,0,1936725.8948669555,1948653.8847663561,nan,nan,nan,nan,nan,nan
SG-006a,SG-006a,rectangular,default,E_y_3_3,closed_form,E_y,3,3,24,1.4588607594936707,3.464303504218576e-06,3.464303504218576e-06,0,0,1894023.6897708746,1905429.9371623904,nan,nan,nan,nan,nan,nan
SG-006a,SG-006a,rectangular,default,E_y_3_3,closed_form,E_y,3,3,25,1.5050632911392405,3.5740189731157374e-06,3.5740189731157374e-06,0,0,1853163.914132172,1864081.9175055185,nan,nan,nan,nan,nan,nan
SG-006a,SG-006a,rectangular,default,E_y_3_3,closed_form,E_y,3,3,26,1.55126582278481,3.683734442012898e-06,3.683734442012898e-06,0,0,1814029.8457984233,1824490.2961307999,nan,nan,nan,nan,nan,nan
SG-006a,SG-006a,rectangular,default,E_y_3_3,closed_form,E_y,3,3,27,1.5974683544303798,3.7934499109100598e-06,3.7934499109100598e-06,0,0,1776514.4182057632,1786545.4870388219,nan,nan,nan,nan,nan,nan
SG-006a,SG-006a,rectangular,default,E_y_3_3,closed_form,E_y,3,3,28,1.6436708860759492,3.9031653798072199e-06,3.9031653798072199e-06,0,0,1740519.2421864099,1750146.8349463439,nan,nan,nan,nan,nan,nan
SG-006a,SG-006a,rectangular,default,E_y_3_3,closed_form,E_y,3,3,29,1.6898734177215187,4.0128808487043809e-06,4.0128808487043809e-06,0,0,1705953.7443334975,1715201.7236900437,nan,nan,nan,nan,nan,nan
SG-006a,SG-006a,rectangular,default,E_y_3_3,closed_form,E_y,3,3,30,1.7360759493670885,4.1225963176015427e-06,4.1225963176015427e-06,0,0,1672734.4060355288,1681624.7893540559,nan,nan,nan,nan,nan,nan
SG-006a,SG-006a,rectangular,default,E_y_3_3,closed_form,E_y,3,3,31,1.782278481012658,4.2323117864987028e-06,4.2323117864987028e-06,0,0,1640784.0897204503,1649337.2240462515,nan,nan,nan,nan,nan,nan
SG-006a,SG-006a,rectangular,default,E_y_3_3,closed_form,E_y,3,3,32,1.8284810126582278,4.3420272553958646e-06,4.3420272553958646e-06,0,0,1610031.4408675707,1618266.1583694459,nan,nan,nan,nan,nan,nan
SG-006a,SG-006a,rectangular,default,E_y_3_3,closed_form,E_y,3,3,33,1.8746835443037972,4.4517427242930248e-06,4.4517427242930248e-06,0,0,1580410.356029582,1588344.1124019541,nan,nan,nan,nan,nan,nan
SG-006a,SG-006a,rectangular,default,E_y_3_3,closed_form,E_y,3,3,34,1.9208860759493671,4.5614581931901866e-06,4.5614581931901866e-06,0,0,1551859.5085171526,1559508.5064812051,nan,nan,nan,nan,nan,nan
SG-006a,SG-006a,rectangular,default,E_y_3_3,closed_form,E_y,3,3,35,1.9670886075949365,4.6711736620873467e-06,4.6711736620873467e-06,0,0,1524321.924583589,1531701.2243260785,nan,nan,nan,nan,nan,nan
SG-006a,SG-006a,rectangular,default,E_y_3_3,closed_form,E_y,3,3,36,2.0132911392405064,4.7808891309845085e-06,4.7808891309845085e-06,0,0,1497744.6039460921,1504868.2220797015,nan,nan,nan,nan,nan,nan
SG-006a,SG-006a,rectangular,default,E_y_3_3,closed_form,E_y,3,3,37,2.0594936708860758,4.8906045998816695e-06,4.8906045998816695e-06,0,0,1472078.1793251419,1478959.177738487,nan,nan,nan,nan,nan,nan
SG-006a,SG-006a,rectangular,default,E_y_3_3,closed_form,E_y,3,3,38,2.1056962025316452,5.0003200687788296e-06,5.0003200687788296e-06,0,0,1447276.6104003496,1453927.1761825299,nan,nan,nan,nan,nan,nan
SG-006a,SG-006a,rectangular,default,E_y_3_3,closed_form,E_y,3,3,39,2.1518987341772151,5.1100355376759914e-06,5.1100355376759914e-06,0,0,1423296.9081911037,1429728.4256595888,nan,nan,nan,nan,nan,nan
SG-006a,SG-006a,rectangular,default,E_y_3_3,closed_form,E_y,3,3,40,2.1981012658227845,5.2197510065731515e-06,5.2197510065731515e-06,0,0,1400098.8863907929,1406322.0021181214,nan,nan,nan,nan,nan,nan
SG-006a,SG-006a,rectangular,default,E_y_3_3,closed_form,E_y,3,3,41,2.2443037974683544,5.3294664754703134e-06,5.3294664754703134e-06,0,0,1377644.9366287442,1383669.6182493011,nan,nan,nan,nan,nan,nan
SG-006a,SG-006a,rectangular,default,E_y_3_3,closed_form,E_y,3,3,42,2.2905063291139238,5.4391819443674735e-06,5.4391819443674735e-06,0,0,1355899.8250161177,1361735.414496196,nan,nan,nan,nan,nan,nan
SG-006a,SG-006a,rectangular,default,E_y_3_3,closed_form,E_y,3,3,43,2.3367088607594937,5.5488974132646353e-06,5.5488974132646353e-06,0,0,1334830.5076606241,1340485.7696305257,nan,nan,nan,nan,nan,nan
SG-006a,SG-006a,rectangular,default,E_y_3_3,closed_form,E_y,3,3,44,2.3829113924050631,5.6586128821617963e-06,5.6586128821617963e-06,0,1,1314405.9631183574,1319889.128792427,9238867.3148616403,-0.98246334738536012,6.6565060094484385e-06,6.6565060094484385e-06,1.1094369105063538e-05,1.1094369105063538e-05
SG-006a,SG-006a,rectangular,default,E_y_3_3,closed_form,E_y,3,3,45,2.429113924050633,5.7683283510589572e-06,5.7683283510589572e-06,0,1,1294597.0399959569,1299915.8471433839,9244494.4104144201,-0.9230382792852948,3.6698722612797668e-06,3.6698722612797668e-06,4.0672400731928472e-06,4.0672400731928472e-06
SG-006a,SG-006a,rectangular,default,E_y_3_3,closed_form,E_y,3,3,46,2.4753164556962024,5.8780438199561182e-06,5.8780438199561182e-06,0,1,1275376.3181285649,1280538.0475031247,9249869.0350651983,-0.86624565161374867,2.8438596870486569e-06,2.8438596870486569e-06,3.0089093664086896e-06,3.0089093664086896e-06
SG-006a,SG-006a,rectangular,default,E_y_3_3,closed_form,E_y,3,3,47,2.5215189873417723,5.9877592888532792e-06,5.9877592888532792e-06,0,1,1256717.9819433088,1261729.4905327042,9255006.1164963413,-0.81193224481099391,2.4190203730962074e-06,2.4190203730962074e-06,2.5136224918452312e-06,2.5136224918452312e-06
SG-006a,SG-006a,rectangular,default,E_y_3_3,closed_form,E_y,3,3,48,2.5677215189873417,6.0974747577504401e-06,6.0974747577504401e-06,0,1,1238597.7047784065,1243465.4561924911,9259919.4918086585,-0.75995582684949603,2.1511221746524617e-06,2.1511221746524617e-06,2.2138991930050073e-06,2.2138991930050073e-06
SG-006a,SG-006a,rectangular,default,E_y_3_3,closed_form,E_y,3,3,49,2.6139240506329111,6.2071902266476003e-06,6.2071902266476003e-06,0,1,1220992.5430678565,1225722.6353489067,9264622.0020446759,-0.71018422110236912,1.9633941422321889e-06,1.9633941422321889e-06,2.0087134192750015e-06,2.0087134192750015e-06
SG-006a,SG-006a,rectangular,default,E_y_3_3,closed_form,E_y,3,3,50,2.660126582278481,6.3169056955447621e-06,6.3169056955447621e-06,0,1,1203880.8394238693,1208479.0305304932,9269125.5772613436,-0.6624944651817738,1.8230012073753512e-06,1.8230012073753512e-06,1.8575613195173965e-06,1.8575613195173965e-06
SG-006a,SG-006a,rectangular,default,E_y_3_3,closed_form,E_y,3,3,51,2.7063291139240504,6.4266211644419231e-06,6.4266211644419231e-06,0,1,1187242.133756228,1191713.8649448198,9273441.3132200558,-0.61677205074044084,1.7132535865761429e-06,1.7132535865761429e-06,1.7406451154078461e-06,1.7406451154078461e-06
SG-006a,SG-006a,rectangular,default,E_y_3_3,closed_form,E_y,3,3,52,2.7525316455696203,6.536336633339084e-06,6.536336633339084e-06,0,1,1171057.0816616209,1175407.4989649819,9277579.5406275727,-0.57291023545132191,1.6246592630999455e-06,1.6246592630999455e-06,1.6469995348211848e-06,1.6469995348211848e-06
SG-006a,SG-006a,rectangular,default,E_y_3_3,closed_form,E_y,3,3,53,2.7987341772151897,6.646052102236245e-06,6.646052102236245e-06,0,1,1155307.3793985364,1159541.3533799045,9281549.887745766,-0.53080941943809756,1.5513730536143609e-06,1.5513730536143609e-06,1.5700006660213684e-06,1.5700006660213684e-06
SG-006a,SG-006a,rectangular,default,E_y_3_3,closed_form,E_y,3,3,54,2.8449367088607596,6.7557675711334068e-06,6.7557675711334068e-06,0,1,1139975.6948359499,1144097.8387778571,9285361.337088149,-0.49037657934770235,1.4895750577967854e-06,1.4895750577967854e-06,1.5053824803642805e-06,1.5053824803642805e-06
SG-006a,SG-006a,rectangular,default,E_y_3_3,closed_form,E_y,3,3,55,2.891139240506329,6.8654830400305669e-06,6.8654830400305669e-06,0,1,1125045.6038281377,1129060.2904988884,9289022.2768346183,-0.45152475405505671,1.4366508754273452e-06,1.4366508754273452e-06,1.4502586215183861e-06,1.4502586215183861e-06
SG-006a,SG-006a,rectangular,default,E_y_3_3,closed_form,E_y,3,3,56,2.9373417721518984,6.9751985089277271e-06,6.9751985089277271e-06,0,1,1110501.5315245935,1114412.908650463,9292540.5475208461,-0.41417257668503854,1.3907437453594406e-06,1.3907437453594406e-06,1.4025981477375894e-06,1.4025981477375894e-06
SG-006a,SG-006a,rectangular,default,E_y_3_3,closed_form,E_y,3,3,57,2.9835443037974683,7.0849139778248889e-06,7.0849139778248889e-06,0,1,1096328.6981741583,1100140.7027323926,9295923.4844933785,-0.37824384824611407,1.3504944156536886e-06,1.3504944156536886e-06,1.3609256608168077e-06,1.3609256608168077e-06
SG-006a,SG-006a,rectangular,default,E_y_3_3,closed_form,E_y,3,3,58,3.0297468354430377,7.1946294467220498e-06,7.1946294467220498e-06,0,1,1082513.0690269177,1086229.4404630663,9299177.9565648437,-0.34366714869902798,1.3148823529317439e-06,1.3148823529317439e-06,1.3241405390088182e-06,1.3241405390088182e-06
SG-006a,SG-006a,rectangular,default,E_y_3_3,closed_form,E_y,3,3,59,3.0759493670886076,7.3043449156192108e-06,7.3043449156192108e-06,0,1,1069041.3079768906,1072665.6004397494,9302310.4012539033,-0.31037548175158053,1.2831247354125932e-06,1.2831247354125932e-06,1.2914031488090497e-06,1.2914031488090497e-06
SG-006a,SG-006a,rectangular,default,E_y_3_3,closed_form,E_y,3,3,60,3.122151898734177,7.4140603845163718e-06,7.4140603845163718e-06,0,1,1055900.7346236424,1059436.3283019478,9305326.8569513243,-0.27830595007764269,1.2546099315764406e-06,1.2546099315764406e-06,1.2620605686186119e-06,1.2620605686186119e-06
SG-006a,SG-006a,rectangular,default,E_y_3_3,closed_form,E_y,3,3,61,3.1683544303797468,7.5237758534135336e-06,7.5237758534135336e-06,0,1,1043079.2844622183,1046529.3960990986,9308232.9923154861,-0.24739945801845173,1.2288523700351324e-06,1.2288523700351324e-06,1.2355965803244983e-06,1.2355965803244983e-06
SG-006a,SG-006a,rectangular,default,E_y_3_3,closed_form,E_y,3,3,62,3.2145569620253163,7.6334913223106946e-06,7.6334913223106946e-06,0,1,1030565.4719386805,1033933.1645926116,9311034.1331673544,-0.21760043914016733,1.2054611250741722e-06,1.2054611250741722e-06,1.2115970890441337e-06,1.2115970890441337e-06
SG-006a,SG-006a,rectangular,default,E_y_3_3,closed_form,E_y,3,3,63,3.2607594936708861,7.7432067912078555e-06,7.7432067912078555e-06,0,1,1018348.3561334546,1021636.5482479703,9313735.2871255968,-0.18885660630059922,1.1841175529338415e-06,1.1841175529338415e-06,1.18972564835573e-06,1.18972564835573e-06
SG-006a,SG-006a,rectangular,default,E_y_3_3,closed_form,E_y,3,3,64,3.3069620253164556,7.8529222601050165e-06,7.8529222601050165e-06,0,1,1006417.5088569759,1009628.9826955785,9316341.1661967114,-0.16111872212490977,1.1645590529236125e-06,1.1645590529236125e-06,1.1697057796304469e-06,1.1697057796304469e-06
SG-006a,SG-006a,rectangular,default,E_y_3_3,closed_form,E_y,3,3,65,3.353164556962025,7.9626377290021758e-06,7.9626377290021758e-06,0,1,994762.98496208852,997900.39445959544,9318856.2075123228,-0.13434038800721124,1.1465670667030733e-06,1.1465670667030733e-06,1.1513079655083291e-06,1.1513079655083291e-06
SG-006a,SG-006a,rectangular,default,E_y_3_3,closed_form,E_y,3,3,66,3.3993670886075948,8.0723531978993384e-06,8.0723531978993384e-06,0,1,983375.29469556268,986441.17277245701,9321284.5923856422,-0.10847784994870122,1.1299580689773201e-06,1.1299580689773201e-06,1.1343399255079165e-06,1.1343399255079165e-06
SG-006a,SG-006a,rectangular,default,E_y_3_3,closed_form,E_y,3,3,67,3.4455696202531643,8.1820686667964977e-06,8.1820686667964977e-06,0,1,972245.37792718026,975242.14330932801,9323630.2638412751,-0.08348981971469735,1.1145767074953133e-06,1.1145767074953133e-06,1.118639238893848e-06,1.118639238893848e-06
SG-006a,SG-006a,rectangular,default,E_y_3_3,closed_form,E_y,3,3,68,3.4917721518987341,8.2917841356936604e-06,8.2917841356936604e-06,0,1,961364.58010929299,964294.54369161755,9325896.9427568801,-0.059337309944101295,1.1002905122606136e-06,1.1002905122606136e-06,1.1040676741102678e-06,1.1040676741102678e-06
SG-006a,SG-006a,rectangular,default,E_y_3_3,closed_form,E_y,3,3,69,3.5379746835443036,8.4014996045908214e-06,8.4014996045908214e-06,0,1,950724.62983279931,953590.00062210055,9328088.142741099,-0.03598348198140959,1.086985767199518e-06,1.086985767199518e-06,1.0905067776151531e-06,1.0905067776151531e-06
SG-006a,SG-006a,rectangular,default,E_y_3_3,closed_form,E_y,3,3,70,3.5841772151898734,8.5112150734879823e-06,8.5112150734879823e-06,0,1,940317.61785720277,943120.5085262371,9330207.1838597897,-0.013393505321409734,1.0745642544383613e-06,1.0745642544383613e-06,1.0778544048161163e-06,1.0778544048161163e-06
SG-006a,SG-006a,rectangular,default,E_y_3_3,closed_form,E_y,3,3,71,3.6303797468354428,8.6209305423851433e-06,8.6209305423851433e-06,1,1,930135.97750303452,932878.4095852013,9332257.2053115051,0.0084655723350558522,1.0629406615890598e-06,1.0629406615890598e-06,1.066021964540142e-06,1.066021964540142e-06
SG-006a,SG-006a,rectangular,default,E_y_3_3,closed_form,E_y,3,3,72,3.6765822784810127,8.7306460112823043e-06,8.7306460112823043e-06,1,1,920172.466304478,922856.37505595642,9334241.1771433242,0.02962494532041483,1.0520404984172904e-06,1.0520404984172904e-06,1.0549322101026293e-06,1.0549322101026293e-06
SG-006a,SG-006a,rectangular,default,E_y_3_3,closed_form,E_y,3,3,73,3.7227848101265821,8.8403614801794652e-06,8.8403614801794652e-06,1,1,910420.1488287067,913047.38778261701,9336161.9110892843,0.050114161353831094,1.0417984088919878e-06,1.0417984088919878e-06,1.0445174535014492e-06,1.0445174535014492e-06
SG-006a,SG-006a,rectangular,default,E_y_3_3,closed_form,E_y,3,3,74,3.7689873417721516,8.9500769490766245e-06,8.9500769490766245e-06,1,1,900872.38057628623,903444.72581139556,9338022.0706058871,0.069961224752106504,1.032156793047287e-06,1.032156793047287e-06,1.03471811033552e-06,1.03471811033552e-06
SG-006a,SG-006a,rectangular,default,E_y_3_3,closed_form,E_y,3,3,75,3.8151898734177214,9.0597924179737872e-06,9.0597924179737872e-06,1,1,891522.79288409872,894041.94702873065,9339824.1801719945,0.089192692170795229,1.0230646737468851e-06,1.0230646737468851e-06,1.0254815055509523e-06,1.0254815055509523e-06
SG-006a,SG-006a,rectangular,default,E_y_3_3,closed_form,E_y,3,3,76,3.8613924050632908,9.1695078868709481e-06,9.1695078868709481e-06,1,1,882365.27875871432,884832.87474882964,9341570.633914249,0.10783376148761901,1.0144767586265858e-06,1.0144767586265858e-06,1.0167608866089707e-06,1.0167608866089707e-06
SG-006a,SG-006a,rectangular,default,E_y_3_3,closed_form,E_y,3,3,77,3.9075949367088607,9.2792233557681091e-06,9.2792233557681091e-06,1,1,873393.97957397869,875811.58418285649,9343263.7036133837,0.1259083543833425,1.0063526587744257e-06,1.0063526587744257e-06,1.0085146028885026e-06,1.0085146028885026e-06
SG-006a,SG-006a,rectangular,default,E_y_3_3,closed_form,E_y,3,3,78,3.9537974683544301,9.3889388246652701e-06,9.3889388246652701e-06,1,1,864603.27257193509,866972.38972748769,9344905.5461418331,0.14343919312639802,9.986562341766317e-07,9.986562341766317e-07,1.0007054192826457e-06,1.0007054192826457e-06
SG-006a,SG-006a,rectangular,default,E_y_3_3,closed_form,E_y,3,3,79,4,9.498654293562431e-06,9.498654293562431e-06,1,1,855987.75911104376,858309.8330155235,9346498.2103783209,0.16044787202061037,9.9135504237376612e-07,9.9135504237376612e-07,9.9329993886037781e-07,9.9329993886037781e-07
SG-006a,SG-006a,rectangular,default,E_x_3_3,closed_form,E_x,3,3,0,0.34999999999999998,8.3113225068671265e-07,8.3113225068671265e-07,0,0,4074518.1986143822,4022714.6059264345,nan,nan,nan,nan,nan,nan
SG-006a,SG-006a,rectangular,default,E_x_3_3,closed_form,E_x,3,3,1,0.39620253164556962,9.4084771958387373e-07,9.4084771958387373e-07,0,0,3890006.7360570924,3842761.4831489422,nan,nan,nan,nan,nan,nan
SG-006a,SG-006a,rectangular,default,E_x_3_3,closed_form,E_x,3,3,2,0.44240506329113921,1.0505631884810347e-06,1.0505631884810347e-06,0,0,3721482.238852689,3678219.1082524671,nan,nan,nan,nan,nan,nan
SG-006a,SG-006a,rectangular,default,E_x_3_3,closed_form,E_x,3,3,3,0.4886075949367088,1.1602786573781955e-06,1.1602786573781955e-06,0,0,3566953.2018409977,3527189.1567187551,nan,nan,nan,nan,nan,nan
SG-006a,SG-006a,rectangular,default,E_x_3_3,closed_form,E_x,3,3,4,0.53481012658227844,1.2699941262753566e-06,1.2699941262753566e-06,0,0,3424745.7096237997,3388072.792368399,nan,nan,nan,nan,nan,nan
SG-006a,SG-006a,rectangular,default,E_x_3_3,closed_form,E_x,3,3,5,0.58101265822784809,1.3797095951725176e-06,1.3797095951725176e-06,0,0,3293442.5553475805,3259513.8475886956,nan,nan,nan,nan,nan,nan
SG-006a,SG-006a,rectangular,default,E_x_3_3,closed_form,E_x,3,3,6,0.62721518987341773,1.4894250640696788e-06,1.4894250640696788e-06,0,0,3171835.8473142157,3140354.4666633946,nan,nan,nan,nan,nan,nan
SG-006a,SG-006a,rectangular,default,E_x_3_3,closed_form,E_x,3,3,7,0.67341772151898727,1.5991405329668395e-06,1.5991405329668395e-06,0,0,3058889.7413970688,3029600.1353550078,nan,nan,nan,nan,nan,nan
SG-006a,SG-006a,rectangular,default,E_x_3_3,closed_form,E_x,3,3,8,0.71962025316455691,1.7088560018640005e-06,1.7088560018640005e-06,0,0,2953710.8620559801,2926391.8584334939,nan,nan,nan,nan,nan,nan
SG-006a,SG-006a,rectangular,default,E_x_3_3,closed_form,E_x,3,3,9,0.76582278481012656,1.8185714707611615e-06,1.8185714707611615e-06,0,0,2855524.6228788495,2829983.8367611468,nan,nan,nan,nan,nan,nan
SG-006a,SG-006a,rectangular,default,E_x_3_3,closed_form,E_x,3,3,10,0.81202531645569609,1.9282869396583225e-06,1.9282869396583225e-06,0,0,2763656.118044632,2739725.4161285148,nan,nan,nan,nan,nan,nan
SG-006a,SG-006a,rectangular,default,E_x_3_3,closed_form,E_x,3,3,11,0.85822784810126573,2.0380024085554834e-06,2.0380024085554834e-06,0,0,2677514.5873972778,2655046.3836267623,nan,nan,nan,nan,nan,nan
SG-006a,SG-006a,rectangular,default,E_x_3_3,closed_form,E_x,3,3,12,0.90443037974683538,2.1477178774526444e-06,2.1477178774526444e-06,0,0,2596580.6989877322,2575444.9090143628,nan,nan,nan,nan,nan,nan
SG-006a,SG-006a,rectangular,default,E_x_3_3,closed_form,E_x,3,3,13,0.95063291139240502,2.2574333463498054e-06,2.2574333463498054e-06,0,0,2520396.07042519,2500477.5921355644,nan,nan,nan,nan,nan,nan
SG-006a,SG-006a,rectangular,default,E_x_3_3,closed_form,E_x,3,3,14,0.99683544303797456,2.3671488152469663e-06,2.3671488152469663e-06,0,0,2448554.5823317235,2429751.199400642,nan,nan,nan,nan,nan,nan
SG-006a,SG-006a,rectangular,default,E_x_3_3,closed_form,E_x,3,3,15,1.0430379746835441,2.4768642841441269e-06,2.4768642841441269e-06,0,0,2380695.1362347738,2362915.7640994573,nan,nan,nan,nan,nan,nan
SG-006a,SG-006a,rectangular,default,E_x_3_3,closed_form,E_x,3,3,16,1.089240506329114,2.5865797530412887e-06,2.5865797530412887e-06,0,0,2316495.5842351862,2299658.7949726954,nan,nan,nan,nan,nan,nan
SG-006a,SG-006a,rectangular,default,E_x_3_3,closed_form,E_x,3,3,17,1.1354430379746834,2.6962952219384492e-06,2.6962952219384492e-06,0,0,2255667.6150663719,2239700.3907735711,nan,nan,nan,nan,nan,nan
SG-006a,SG-006a,rectangular,default,E_x_3_3,closed_form,E_x,3,3,18,1.1816455696202532,2.8060106908356106e-06,2.8060106908356106e-06,0,0,2197952.4252480194,2182789.0996700511,nan,nan,nan,nan,nan,nan
SG-006a,SG-006a,rectangular,default,E_x_3_3,closed_form,E_x,3,3,19,1.2278481012658227,2.9157261597327712e-06,2.9157261597327712e-06,0,0,2143117.0382264499,2128698.3942847257,nan,nan,nan,nan,nan,nan
SG-006a,SG-006a,rectangular,default,E_x_3_3,closed_form,E_x,3,3,20,1.2740506329113923,3.0254416286299322e-06,3.0254416286299322e-06,0,0,2090951.1610925216,2077223.6581637913,nan,nan,nan,nan,nan,nan
SG-006a,SG-006a,rectangular,default,E_x_3_3,closed_form,E_x,3,3,21,1.320253164556962,3.1351570975270935e-06,3.1351570975270935e-06,0,0,2041264.4894569928,2028179.5991498875,nan,nan,nan,nan,nan,nan
SG-006a,SG-006a,rectangular,default,E_x_3_3,closed_form,E_x,3,3,22,1.3664556962025314,3.2448725664242541e-06,3.2448725664242541e-06,0,0,1993884.3876675838,1981398.0207306209,nan,nan,nan,nan,nan,nan
SG-006a,SG-006a,rectangular,default,E_x_3_3,closed_form,E_x,3,3,23,1.4126582278481012,3.3545880353214155e-06,3.3545880353214155e-06,0,0,1948653.8847663561,1936725.8948669555,nan,nan,nan,nan,nan,nan
SG-006a,SG-006a,rectangular,default,E_x_3_3,closed_form,E_x,3,3,24,1.4588607594936707,3.464303504218576e-06,3.464303504218576e-06,0,0,1905429.9371623904,1894023.6897708746,nan,nan,nan,nan,nan,nan
SG-006a,SG-006a,rectangular,default,E_x_3_3,closed_form,E_x,3,3,25,1.5050632911392405,3.5740189731157374e-06,3.5740189731157374e-06,0,0,1864081.9175055185,1853163.914132172,nan,nan,nan,nan,nan,nan
SG-006a,SG-006a,rectangular,default,E_x_3_3,closed_form,E_x,3,3,26,1.55126582278481,3.683734442012898e-06,3.683734442012898e-06,0,0,1824490.2961307999,1814029.8457984233,nan,nan,nan,nan,nan,nan
SG-006a,SG-006a,rectangular,default,E_x_3_3,closed_form,E_x,3,3,27,1.5974683544303798,3.7934499109100598e-06,3.7934499109100598e-06,0,0,1786545.4870388219,1776514.4182057632,nan,nan,nan,nan,nan,nan
SG-006a,SG-006a,rectangular,default,E_x_3_3,closed_form,E_x,3,3,28,1.6436708860759492,3.9031653798072199e-06,3.9031653798072199e-06,0,0,1750146.8349463439,1740519.2421864099,nan,nan,nan,nan,nan,nan
SG-006a,SG-006a,rectangular,default,E_x_3_3,closed_form,E_x,3,3,29,1.6898734177215187,4.0128808487043809e-06,4.0128808487043809e-06,0,0,1715201.7236900437,1705953.7443334975,nan,nan,nan,nan,nan,nan
SG-006a,SG-006a,rectangular,default,E_x_3_3,closed_form,E_x,3,3,30,1.7360759493670885,4.1225963176015427e-06,4.1225963176015427e-06,0,0,1681624.7893540559,1672734.4060355288,nan,nan,nan,nan,nan,nan
SG-006a,SG-006a,rectangular,default,E_x_3_3,closed_form,E_x,3,3,31,1.782278481012658,4.2323117864987028e-06,4.2323117864987028e-06,0,0,1649337.2240462515,1640784.0897204503,nan,nan,nan,nan,nan,nan
SG-006a,SG-006a,rectangular,default,E_x_3_3,closed_form,E_x,3,3,32,1.8284810126582278,4.3420272553958646e-06,4.3420272553958646e-06,0,0,1618266.1583694459,1610031.4408675707,nan,nan,nan,nan,nan,nan
SG-006a,SG-006a,rectangular,default,E_x_3_3,closed_form,E_x,3,3,33,1.8746835443037972,4.4517427242930248e-06,4.4517427242930248e-06,0,0,1588344.1124019541,1580410.356029582,nan,nan,nan,nan,nan,nan
SG-006a,SG-006a,rectangular,default,E_x_3_3,closed_form,E_x,3,3,34,1.9208860759493671,4.5614581931901866e-06,4.5614581931901866e-06,0,0,1559508.5064812051,1551859.5085171526,nan,nan,nan,nan,nan,nan
SG-006a,SG-006a,rectangular,default,E_x_3_3,closed_form,E_x,3,3,35,1.9670886075949365,4.6711736620873467e-06,4.6711736620873467e-06,0,0,1531701.2243260785,1524321.924583589,nan,nan,nan,nan,nan,nan
SG-006a,SG-006a,rectangular,default,E_x_3_3,closed_form,E_x,3,3,36,2.0132911392405064,4.7808891309845085e-06,4.7808891309845085e-06,0,0,1504868.2220797015,1497744.6039460921,nan,nan,nan,nan,nan,nan
SG-006a,SG-006a,rectangular,default,E_x_3_3,closed_form,E_x,3,3,37,2.0594936708860758,4.8906045998816695e-06,4.8906045998816695e-06,0,0,1478959.177738487,1472078.1793251419,nan,nan,nan,nan,nan,nan
SG-006a,SG-006a,rectangular,default,E_x_3_3,closed_form,E_x,3,3,38,2.1056962025316452,5.0003200687788296e-06,5.0003200687788296e-06,0,0,1453927.1761825299,1447276.6104003496,nan,nan,nan,nan,nan,nan
SG-006a,SG-006a,rectangular,default,E_x_3_3,closed_form,E_x,3,3,39,2.1518987341772151,5.1100355376759914e-06,5.1100355376759914e-06,0,0,1429728.4256595888,1423296.9081911037,nan,nan,nan,nan,nan,nan
SG-006a,SG-006a,rectangular,default,E_x_3_3,closed_form,E_x,3,3,40,2.1981012658227845,5.2197510065731515e-06,5.2197510065731515e-06,0,0,1406322.0021181214,1400098.8863907929,nan,nan,nan,nan,nan,nan
SG-006a,SG-006a,rectangular,default,E_x_3_3,closed_form,E_x,3,3,41,2.2443037974683544,5.3294664754703134e-06,5.3294664754703134e-06,0,0,1383669.6182493011,1377644.9366287442,nan,nan,nan,nan,nan,nan
SG-006a,SG-006a,rectangular,default,E_x_3_3,closed_form,E_x,3,3,42,2.2905063291139238,5.4391819443674735e-06,5.4391819443674735e-06,0,0,1361735.414496196,1355899.8250161177,nan,nan,nan,nan,nan,nan
SG-006a,SG-006a,rectangular,default,E_x_3_3,closed_form,E_x,3,3,43,2.3367088607594937,5.5488974132646353e-06,5.5488974132646353e-06,0,0,1340485.7696305257,1334830.5076606241,nan,nan,nan,nan,nan,nan
SG-006a,SG-006a,rectangular,default,E_x_3_3,closed_form,E_x,3,3,44,2.3829113924050631,5.6586128821617963e-06,5.6586128821617963e-06,0,1,1319889.128792427,1314405.9631183574,9238867.3148616403,-0.98246334738536012,1.1094369105063538e-05,1.1094369105063538e-05,6.6565060094484385e-06,6.6565060094484385e-06
SG-006a,SG-006a,rectangular,default,E_x_3_3,closed_form,E_x,3,3,45,2.429113924050633,5.7683283510589572e-06,5.7683283510589572e-06,0,1,1299915.8471433839,1294597.0399959569,9244494.4104144201,-0.9230382792852948,4.0672400731928472e-06,4.0672400731928472e-06,3.6698722612797668e-06,3.6698722612797668e-06
SG-006a,SG-006a,rectangular,default,E_x_3_3,closed_form,E_x,3,3,46,2.4753164556962024,5.8780438199561182e-06,5.8780438199561182e-06,0,1,1280538.0475031247,1275376.3181285649,9249869.0350651983,-0.86624565161374867,3.0089093664086896e-06,3.0089093664086896e-06,2.8438596870486569e-06,2.8438596870486569e-06
SG-006a,SG-006a,rectangular,default,E_x_3_3,closed_form,E_x,3,3,47,2.5215189873417723,5.9877592888532792e-06,5.9877592888532792e-06,0,1,1261729.4905327042,1256717.9819433088,9255006.1164963413,-0.81193224481099391,2.5136224918452312e-06,2.5136224918452312e-06,2.4190203730962074e-06,2.4190203730962074e-06
SG-006a,SG-006a,rectangular,default,E_x_3_3,closed_form,E_x,3,3,48,2.5677215189873417,6.0974747577504401e-06,6.0974747577504401e-06,0,1,1243465.4561924911,1238597.7047784065,9259919.4918086585,-0.75995582684949603,2.2138991930050073e-06,2.2138991930050073e-06,2.1511221746524617e-06,2.1511221746524617e-06
SG-006a,SG-006a,rectangular,default,E_x_3_3,closed_form,E_x,3,3,49,2.6139240506329111,6.2071902266476003e-06,6.2071902266476003e-06,0,1,1225722.6353489067,1220992.5430678565,9264622.0020446759,-0.71018422110236912,2.0087134192750015e-06,2.0087134192750015e-06,1.9633941422321889e-06,1.9633941422321889e-06
SG-006a,SG-006a,rectangular,default,E_x_3_3,closed_form,E_x,3,3,50,2.660126582278481,6.3169056955447621e-06,6.3169056955447621e-06,0,1,1208479.0305304932,1203880.8394238693,9269125.5772613436,-0.6624944651817738,1.8575613195173965e-06,1.8575613195173965e-06,1.8230012073753512e-06,1.8230012073753512e-06
SG-006a,SG-006a,rectangular,default,E_x_3_3,closed_form,E_x,3,3,51,2.7063291139240504,6.4266211644419231e-06,6.4266211644419231e-06,0,1,1191713.8649448198,1187242.133756228,9273441.3132200558,-0.61677205074044084,1.7406451154078461e-06,1.7406451154078461e-06,1.7132535865761429e-06,1.7132535865761429e-06
SG-006a,SG-006a,rectangular,default,E_x_3_3,closed_form,E_x,3,3,52,2.7525316455696203,6.536336633339084e-06,6.536336633339084e-06,0,1,1175407.4989649819,1171057.0816616209,9277579.5406275727,-0.57291023545132191,1.6469995348211848e-06,1.6469995348211848e-06,1.6246592630999455e-06,1.6246592630999455e-06
SG-006a,SG-006a,rectangular,default,E_x_3_3,closed_form,E_x,3,3,53,2.7987341772151897,6.646052102236245e-06,6.646052102236245e-06,0,1,1159541.3533799045,1155307.3793985364,9281549.887745766,-0.53080941943809756,1.5700006660213684e-06,1.5700006660213684e-06,1.5513730536143609e-06,1.5513730536143609e-06
SG-006a,SG-006a,rectangular,default,E_x_3_3,closed_form,E_x,3,3,54,2.8449367088607596,6.7557675711334068e-06,6.7557675711334068e-06,0,1,1144097.8387778571,1139975.6948359499,9285361.337088149,-0.49037657934770235,1.5053824803642805e-06,1.5053824803642805e-06,1.4895750577967854e-06,1.4895750577967854e-06
SG-006a,SG-006a,rectangular,default,E_x_3_3,closed_form,E_x,3,3,55,2.891139240506329,6.8654830400305669e-06,6.8654830400305669e-06,0,1,1129060.2904988884,1125045.6038281377,9289022.2768346183,-0.45152475405505671,1.4502586215183861e-06,1.4502586215183861e-06,1.4366508754273452e-06,1.4366508754273452e-06
SG-006a,SG-006a,rectangular,default,E_x_3_3,closed_form,E_x,3,3,56,2.9373417721518984,6.9751985089277271e-06,6.9751985089277271e-06,0,1,1114412.908650463,1110501.5315245935,9292540.5475208461,-0.41417257668503854,1.4025981477375894e-06,1.4025981477375894e-06,1.3907437453594406e-06,1.3907437453594406e-06
SG-006a,SG-006a,rectangular,default,E_x_3_3,closed_form,E_x,3,3,57,2.9835443037974683,7.0849139778248889e-06,7.0849139778248889e-06,0,1,1100140.7027323926,1096328.6981741583,9295923.4844933785,-0.37824384824611407,1.3609256608168077e-06,1.3609256608168077e-06,1.3504944156536886e-06,1.3504944156536886e-06
SG-006a,SG-006a,rectangular,default,E_x_3_3,closed_form,E_x,3,3,58,3.0297468354430377,7.1946294467220498e-06,7.1946294467220498e-06,0,1,1086229.4404630663,1082513.0690269177,9299177.9565648437,-0.34366714869902798,1.3241405390088182e-06,1.3241405390088182e-06,1.3148823529317439e-06,1.3148823529317439e-06
SG-006a,SG-006a,rectangular,default,E_x_3_3,closed_form,E_x,3,3,59,3.0759493670886076,7.3043449156192108e-06,7.3043449156192108e-06,0,1,1072665.6004397494,1069041.3079768906,9302310.4012539033,-0.31037548175158053,1.2914031488090497e-06,1.2914031488090497e-06,1.2831247354125932e-06,1.2831247354125932e-06
SG-006a,SG-006a,rectangular,default,E_x_3_3,closed_form,E_x,3,3,60,3.122151898734177,7.4140603845163718e-06,7.4140603845163718e-06,0,1,1059436.3283019478,1055900.7346236424,9305326.8569513243,-0.27830595007764269,1.2620605686186119e-06,1.2620605686186119e-06,1.2546099315764406e-06,1.2546099315764406e-06
SG-006a,SG-006a,rectangular,default,E_x_3_3,closed_form,E_x,3,3,61,3.1683544303797468,7.5237758534135336e-06,7.5237758534135336e-06,0,1,1046529.3960990986,1043079.2844622183,9308232.9923154861,-0.24739945801845173,1.2355965803244983e-06,1.2355965803244983e-06,1.2288523700351324e-06,1.2288523700351324e-06
SG-006a,SG-006a,rectangular,default,E_x_3_3,closed_form,E_x,3,3,62,3.2145569620253163,7.6334913223106946e-06,7.6334913223106946e-06,0,1,1033933.1645926116,1030565.4719386805,9311034.1331673544,-0.21760043914016733,1.2115970890441337e-06,1.2115970890441337e-06,1.2054611250741722e-06,1.2054611250741722e-06
SG-006a,SG-006a,rectangular,default,E_x_3_3,closed_form,E_x,3,3,63,3.2607594936708861,7.7432067912078555e-06,7.7432067912078555e-06,0,1,1021636.5482479703,1018348.3561334546,9313735.2871255968,-0.18885660630059922,1.18972564835573e-06,1.18972564835573e-06,1.1841175529338415e-06,1.1841175529338415e-06
SG-006a,SG-006a,rectangular,default,E_x_3_3,closed_form,E_x,3,3,64,3.3069620253164556,7.8529222601050165e-06,7.8529222601050165e-06,0,1,1009628.9826955785,1006417.5088569759,9316341.1661967114,-0.16111872212490977,1.1697057796304469e-06,1.1697057796304469e-06,1.1645590529236125e-06,1.1645590529236125e-06
SG-006a,SG-006a,rectangular,default,E_x_3_3,closed_form,E_x,3,3,65,3.353164556962025,7.9626377290021758e-06,7.9626377290021758e-06,0,1,997900.39445959544,994762.98496208852,9318856.2075123228,-0.13434038800721124,1.1513079655083291e-06,1.1513079655083291e-06,1.1465670667030733e-06,1.1465670667030733e-06
SG-006a,SG-006a,rectangular,default,E_x_3_3,closed_form,E_x,3,3,66,3.3993670886075948,8.0723531978993384e-06,8.0723531978993384e-06,0,1,986441.17277245701,983375.29469556268,9321284.5923856422,-0.10847784994870122,1.1343399255079165e-06,1.1343399255079165e-06,1.1299580689773201e-06,1.1299580689773201e-06
SG-006a,SG-006a,rectangular,default,E_x_3_3,closed_form,E_x,3,3,67,3.4455696202531643,8.1820686667964977e-06,8.1820686667964977e-06,0,1,975242.14330932801,972245.37792718026,9323630.2638412751,-0.08348981971469735,1.118639238893848e-06,1.118639238893848e-06,1.1145767074953133e-06,1.1145767074953133e-06
SG-006a,SG-006a,rectangular,default,E_x_3_3,closed_form,E_x,3,3,68,3.4917721518987341,8.2917841356936604e-06,8.2917841356936604e-06,0,1,964294.54369161755,961364.58010929299,9325896.9427568801,-0.059337309944101295,1.1040676741102678e-06,1.1040676741102678e-06,1.1002905122606136e-06,1.1002905122606136e-06
SG-006a,SG-006a,rectangular,default,E_x_3_3,closed_form,E_x,3,3,69,3.5379746835443036,8.4014996045908214e-06,8.4014996045908214e-06,0,1,953590.00062210055,950724.62983279931,9328088.142741099,-0.03598348198140959,1.0905067776151531e-06,1.0905067776151531e-06,1.086985767199518e-06,1.086985767199518e-06
SG-006a,SG-006a,rectangular,default,E_x_3_3,closed_form,E_x,3,3,70,3.5841772151898734,8.5112150734879823e-06,8.5112150734879823e-06,0,1,943120.5085262371,940317.61785720277,9330207.1838597897,-0.013393505321409734,1.0778544048161163e-06,1.0778544048161163e-06,1.0745642544383613e-06,1.0745642544383613e-06
SG-006a,SG-006a,rectangular,default,E_x_3_3,closed_form,E_x,3,3,71,3.6303797468354428,8.6209305423851433e-06,8.6209305423851433e-06,1,1,932878.4095852013,930135.97750303452,9332257.2053115051,0.0084655723350558522,1.066021964540142e-06,1.066021964540142e-06,1.0629406615890598e-06,1.0629406615890598e-06
SG-006a,SG-006a,rectangular,default,E_x_3_3,closed_form,E_x,3,3,72,3.6765822784810127,8.7306460112823043e-06,8.7306460112823043e-06,1,1,922856.37505595642,920172.466304478,9334241.1771433242,0.02962494532041483,1.0549322101026293e-06,1.0549322101026293e-06,1.0520404984172904e-06,1.0520404984172904e-06
SG-006a,SG-006a,rectangular,default,E_x_3_3,closed_form,E_x,3,3,73,3.7227848101265821,8.8403614801794652e-06,8.8403614801794652e-06,1,1,913047.38778261701,910420.1488287067,9336161.9110892843,0.050114161353831094,1.0445174535014492e-06,1.0445174535014492e-06,1.0417984088919878e-06,1.0417984088919878e-06
SG-006a,SG-006a,rectangular,default,E_x_3_3,closed_form,E_x,3,3,74,3.7689873417721516,8.9500769490766245e-06,8.9500769490766245e-06,1,1,903444.72581139556,900872.38057628623,9338022.0706058871,0.069961224752106504,1.03471811033552e-06,1.03471811033552e-06,1.032156793047287e-06,1.032156793047287e-06
SG-006a,SG-006a,rectangular,default,E_x_3_3,closed_form,E_x,3,3,75,3.8151898734177214,9.0597924179737872e-06,9.0597924179737872e-06,1,1,894041.94702873065,891522.79288409872,9339824.1801719945,0.089192692170795229,1.0254815055509523e-06,1.0254815055509523e-06,1.0230646737468851e-06,1.0230646737468851e-06
SG-006a,SG-006a,rectangular,default,E_x_3_3,closed_form,E_x,3,3,76,3.8613924050632908,9.1695078868709481e-06,9.1695078868709481e-06,1,1,884832.87474882964,882365.27875871432,9341570.633914249,0.10783376148761901,1.0167608866089707e-06,1.0167608866089707e-06,1.0144767586265858e-06,1.0144767586265858e-06
SG-006a,SG-006a,rectangular,default,E_x_3_3,closed_form,E_x,3,3,77,3.9075949367088607,9.2792233557681091e-06,9.2792233557681091e-06,1,1,875811.58418285649,873393.97957397869,9343263.7036133837,0.1259083543833425,1.0085146028885026e-06,1.0085146028885026e-06,1.0063526587744257e-06,1.0063526587744257e-06
SG-006a,SG-006a,rectangular,default,E_x_3_3,closed_form,E_x,3,3,78,3.9537974683544301,9.3889388246652701e-06,9.3889388246652701e-06,1,1,866972.38972748769,864603.27257193509,9344905.5461418331,0.14343919312639802,1.0007054192826457e-06,1.0007054192826457e-06,9.986562341766317e-07,9.986562341766317e-07
SG-006a,SG-006a,rectangular,default,E_x_3_3,closed_form,E_x,3,3,79,4,9.498654293562431e-06,9.498654293562431e-06,1,1,858309.8330155235,855987.75911104376,9346498.2103783209,0.16044787202061037,9.9329993886037781e-07,9.9329993886037781e-07,9.9135504237376612e-07,9.9135504237376612e-07
