{
  "case_id": "SG-006d",
  "article_target": "Figure 6d, slab-limit symmetric guide using the one-dimensional y-directed characteristic equations from the current repository transcription, with the explicit n4 variants visible in the scanned panel",
  "panel_id": "SG-006d",
  "geometry_model": "slab",
  "solver_models": [
    "closed_form",
    "exact"
  ],
  "wavelength": 1.0e-6,
  "n1": 1.5,
  "n2": 1.4851485148514851,
  "n3": 1.4851485148514851,
  "n4": 1.4851485148514851,
  "n5": 1.4851485148514851,
  "b_over_A4_min": 0.05,
  "b_over_A4_max": 4.0,
  "point_count": 160,
  "modes": [
    "E_y:1:1",
    "E_x:1:1",
    "E_y:1:2",
    "E_x:1:2",
    "E_y:1:3",
    "E_x:1:3"
  ],
  "material_variants": [
    "n4<n1:1.4985014985014986:1.4985014985014986:1.4985014985014986:1.4985014985014986",
    "n4=n1/1.1:1.3636363636363635:1.3636363636363635:1.3636363636363635:1.3636363636363635",
    "n4=n1/1.5:1.0:1.0:1.0:1.0"
  ]
}
